NUISANCE_PARAMETERS
TauIDSF_DM0  0.961529 +0.0434239 -0.0434239
TauIDSF_DM1  0.935501 +0.0377727 -0.0377727
TauIDSF_DM10  0.866591 +0.0384236 -0.0384236
TauIDSF_DM11  0.770771 +0.0507304 -0.0507304
BTag  -0.165931 +0.721165 -0.721165
ElectronID  -0.557981 +0.962941 -0.962941
ElectronReco  0.558391 +0.892056 -0.892056
ElectronScale  -0.783091 +0.817997 -0.817997
ElectronTrigger  -0.781777 +0.641004 -0.641004
EmuTrigger  -1.62371 +0.713082 -0.713082
FakeClosure_etau  0.468871 +0.944501 -0.944501
FakeClosure_mutau  -0.153374 +0.858326 -0.858326
FakeClosure_tautau_c0_hi  0.0676269 +0.945973 -0.945973
FakeClosure_tautau_c1_hi  -0.254567 +0.471838 -0.471838
FakeClosure_tautau_c1_lo  0.493861 +0.830646 -0.830646
FakeClosure_tautau_c2_hi  1.07763 +0.869298 -0.869298
FakeClosure_tautau_c2_lo  -0.189675 +0.98935 -0.98935
FakeFrac_etau  2.60015 +0.622804 -0.622804
FakeFrac_mutau  1.47968 +0.679226 -0.679226
FakeMCSub_etau  0.0315243 +0.982699 -0.982699
FakeMCSub_mutau  -0.489812 +0.984405 -0.984405
FakeOSSS_etau  0.141396 +0.86045 -0.86045
FakeOSSS_mutau  -0.292504 +0.942796 -0.942796
FakeOSSS_tautau_c0  -0.0125903 +0.624794 -0.624794
FakeOSSS_tautau_c1  0.261265 +0.923906 -0.923906
FakeOSSS_tautau_c2  0.0852286 +0.983035 -0.983035
FakeTT_etau  0.30007 +0.917634 -0.917634
FakeTT_mutau  -0.223427 +0.866695 -0.866695
FakeWTT_tautau  0.0940151 +0.933176 -0.933176
FakeWmT_etau  1.56458 +0.618351 -0.618351
FakeWmT_mutau  -0.408586 +0.668039 -0.668039
JES  -0.529532 +0.633022 -0.633022
L1Prefiring  0.0771442 +0.981606 -0.981606
Lumi  -0.0174537 +0.979712 -0.979712
MCStatNorm_WJets_tautau  -0.832999 +0.641601 -0.641601
MET_Unclustered  1.04686 +0.31875 -0.31875
MuonID  0.166236 +0.986687 -0.986687
MuonIso  0.459314 +0.979646 -0.979646
MuonScale  0.381975 +0.94591 -0.94591
MuonTrigger  0.0720506 +0.992663 -0.992663
PDF  -0.19095 +0.957701 -0.957701
PS_FSR  0.388797 +0.389952 -0.389952
PS_ISR  0.349985 +0.802856 -0.802856
Pileup  0.252205 +0.465449 -0.465449
QCDOSSS_emu  -0.75577 +0.796348 -0.796348
QCDScale  0.49811 +0.577706 -0.577706
TauES_DM0  -0.245037 +0.300513 -0.300513
TauES_DM1  -0.0877135 +0.195038 -0.195038
TauES_DM10  0.175052 +0.333059 -0.333059
TauES_DM11  1.08812 +0.732987 -0.732987
TauFakeEle  0.100118 +0.545121 -0.545121
TauFakeMu  1.02206 +0.491504 -0.491504
TauTrigger_DM0  -0.384272 +0.943228 -0.943228
TauTrigger_DM1  -0.500813 +0.899783 -0.899783
TauTrigger_DM10  -0.551704 +0.950557 -0.950557
TauTrigger_DM11  -0.149336 +0.987788 -0.987788
TopPt  1.16765 +0.296875 -0.296875
XS_DYll  0.28189 +0.923729 -0.923729
XS_DYlowmass  -0.109902 +0.974595 -0.974595
XS_DYtautau_out  -0.153242 +0.925373 -0.925373
XS_SingleTop  0.129212 +0.981928 -0.981928
XS_WJets  -0.730079 +0.910906 -0.910906
XS_WW  0.164641 +0.842661 -0.842661
XS_WZ  0.0487146 +0.990878 -0.990878
XS_ZZ  0.0202638 +0.992332 -0.992332
gamma_stat_emu_CRtt_bin_0  1.00449 +0.00430724 -0.00430724
gamma_stat_emu_CRtt_bin_1  0.998414 +0.00484692 -0.00484692
gamma_stat_emu_CRtt_bin_2  0.995032 +0.00558504 -0.00558504
gamma_stat_emu_CRtt_bin_3  0.996079 +0.00544749 -0.00544749
gamma_stat_emu_CRtt_bin_4  1.00345 +0.00650697 -0.00650697
gamma_stat_emu_SR_bin_0  1.01128 +0.0379515 -0.0379515
gamma_stat_emu_SR_bin_1  0.957207 +0.0474612 -0.0474612
gamma_stat_emu_SR_bin_10  1.01755 +0.0145709 -0.0145709
gamma_stat_emu_SR_bin_11  0.983999 +0.0173524 -0.0173524
gamma_stat_emu_SR_bin_12  1.00259 +0.0199837 -0.0199837
gamma_stat_emu_SR_bin_13  0.963032 +0.0167318 -0.0167318
gamma_stat_emu_SR_bin_14  1.01268 +0.0117041 -0.0117041
gamma_stat_emu_SR_bin_2  0.974156 +0.030713 -0.030713
gamma_stat_emu_SR_bin_3  1.00737 +0.0165573 -0.0165573
gamma_stat_emu_SR_bin_4  1.00525 +0.0103048 -0.0103048
gamma_stat_emu_SR_bin_5  0.996552 +0.00843077 -0.00843077
gamma_stat_emu_SR_bin_6  0.99452 +0.00794738 -0.00794738
gamma_stat_emu_SR_bin_7  1.00361 +0.00832854 -0.00832854
gamma_stat_emu_SR_bin_8  1.00423 +0.00983371 -0.00983371
gamma_stat_emu_SR_bin_9  0.981837 +0.0120685 -0.0120685
gamma_stat_etau_SR_dm0_bin_0  1.30311 +0.295292 -0.295292
gamma_stat_etau_SR_dm0_bin_1  0.96482 +0.163005 -0.163005
gamma_stat_etau_SR_dm0_bin_10  0.986228 +0.0404127 -0.0404127
gamma_stat_etau_SR_dm0_bin_11  0.968265 +0.0464301 -0.0464301
gamma_stat_etau_SR_dm0_bin_12  0.944601 +0.0543055 -0.0543055
gamma_stat_etau_SR_dm0_bin_13  1.01399 +0.0498657 -0.0498657
gamma_stat_etau_SR_dm0_bin_14  0.948545 +0.0441205 -0.0441205
gamma_stat_etau_SR_dm0_bin_2  0.870468 +0.172141 -0.172141
gamma_stat_etau_SR_dm0_bin_3  0.934776 +0.109123 -0.109123
gamma_stat_etau_SR_dm0_bin_4  1.08107 +0.078876 -0.078876
gamma_stat_etau_SR_dm0_bin_5  0.950024 +0.055595 -0.055595
gamma_stat_etau_SR_dm0_bin_6  0.992594 +0.0528636 -0.0528636
gamma_stat_etau_SR_dm0_bin_7  1.02545 +0.0400957 -0.0400957
gamma_stat_etau_SR_dm0_bin_8  0.985449 +0.0415494 -0.0415494
gamma_stat_etau_SR_dm0_bin_9  0.988482 +0.0438478 -0.0438478
gamma_stat_etau_SR_dm10_bin_0  0.941182 +0.20053 -0.20053
gamma_stat_etau_SR_dm10_bin_1  1.91898 +0.324723 -0.324723
gamma_stat_etau_SR_dm10_bin_10  1.02946 +0.0314683 -0.0314683
gamma_stat_etau_SR_dm10_bin_11  1.0002 +0.0316089 -0.0316089
gamma_stat_etau_SR_dm10_bin_12  1.01697 +0.0404221 -0.0404221
gamma_stat_etau_SR_dm10_bin_13  0.98795 +0.0341074 -0.0341074
gamma_stat_etau_SR_dm10_bin_14  0.996869 +0.0309535 -0.0309535
gamma_stat_etau_SR_dm10_bin_2  0.823487 +0.127856 -0.127856
gamma_stat_etau_SR_dm10_bin_3  0.858444 +0.0988711 -0.0988711
gamma_stat_etau_SR_dm10_bin_4  0.958019 +0.0631964 -0.0631964
gamma_stat_etau_SR_dm10_bin_5  1.05615 +0.0510693 -0.0510693
gamma_stat_etau_SR_dm10_bin_6  0.968093 +0.0298868 -0.0298868
gamma_stat_etau_SR_dm10_bin_7  1.01239 +0.026746 -0.026746
gamma_stat_etau_SR_dm10_bin_8  1.00996 +0.0285083 -0.0285083
gamma_stat_etau_SR_dm10_bin_9  0.963593 +0.0331702 -0.0331702
gamma_stat_etau_SR_dm11_bin_0  0.711179 +0.272162 -0.272162
gamma_stat_etau_SR_dm11_bin_1  1.47044 +0.486308 -0.486308
gamma_stat_etau_SR_dm11_bin_10  1.06077 +0.0586438 -0.0586438
gamma_stat_etau_SR_dm11_bin_11  0.998155 +0.0647007 -0.0647007
gamma_stat_etau_SR_dm11_bin_12  1.00816 +0.0721539 -0.0721539
gamma_stat_etau_SR_dm11_bin_13  0.966376 +0.0596016 -0.0596016
gamma_stat_etau_SR_dm11_bin_14  0.963141 +0.0396516 -0.0396516
gamma_stat_etau_SR_dm11_bin_2  0.840746 +0.280813 -0.280813
gamma_stat_etau_SR_dm11_bin_3  0.888292 +0.1983 -0.1983
gamma_stat_etau_SR_dm11_bin_4  0.971804 +0.119946 -0.119946
gamma_stat_etau_SR_dm11_bin_5  1.06344 +0.0861141 -0.0861141
gamma_stat_etau_SR_dm11_bin_6  0.95828 +0.0597896 -0.0597896
gamma_stat_etau_SR_dm11_bin_7  1.00909 +0.0536562 -0.0536562
gamma_stat_etau_SR_dm11_bin_8  0.978867 +0.0572227 -0.0572227
gamma_stat_etau_SR_dm11_bin_9  1.01778 +0.0692992 -0.0692992
gamma_stat_etau_SR_dm1_bin_0  1.14891 +0.184874 -0.184874
gamma_stat_etau_SR_dm1_bin_1  1.00803 +0.0646272 -0.0646272
gamma_stat_etau_SR_dm1_bin_10  0.999371 +0.0222992 -0.0222992
gamma_stat_etau_SR_dm1_bin_11  1.01649 +0.023134 -0.023134
gamma_stat_etau_SR_dm1_bin_12  1.0422 +0.025615 -0.025615
gamma_stat_etau_SR_dm1_bin_13  0.983896 +0.0206053 -0.0206053
gamma_stat_etau_SR_dm1_bin_14  1.01663 +0.0189723 -0.0189723
gamma_stat_etau_SR_dm1_bin_2  0.963992 +0.0749953 -0.0749953
gamma_stat_etau_SR_dm1_bin_3  1.05376 +0.0648912 -0.0648912
gamma_stat_etau_SR_dm1_bin_4  1.04325 +0.0454544 -0.0454544
gamma_stat_etau_SR_dm1_bin_5  0.981446 +0.0304175 -0.0304175
gamma_stat_etau_SR_dm1_bin_6  0.984595 +0.0224082 -0.0224082
gamma_stat_etau_SR_dm1_bin_7  0.98534 +0.0194262 -0.0194262
gamma_stat_etau_SR_dm1_bin_8  0.998029 +0.0205432 -0.0205432
gamma_stat_etau_SR_dm1_bin_9  1.01246 +0.0240709 -0.0240709
gamma_stat_mutau_SR_dm0_bin_0  0.950888 +0.135193 -0.135193
gamma_stat_mutau_SR_dm0_bin_1  0.985983 +0.088318 -0.088318
gamma_stat_mutau_SR_dm0_bin_10  1.02271 +0.0273627 -0.0273627
gamma_stat_mutau_SR_dm0_bin_11  0.996988 +0.0258937 -0.0258937
gamma_stat_mutau_SR_dm0_bin_12  1.02649 +0.0296067 -0.0296067
gamma_stat_mutau_SR_dm0_bin_13  1.01527 +0.0269444 -0.0269444
gamma_stat_mutau_SR_dm0_bin_14  0.996911 +0.0216 -0.0216
gamma_stat_mutau_SR_dm0_bin_2  1.12612 +0.0865894 -0.0865894
gamma_stat_mutau_SR_dm0_bin_3  0.921967 +0.0519839 -0.0519839
gamma_stat_mutau_SR_dm0_bin_4  0.991266 +0.0398422 -0.0398422
gamma_stat_mutau_SR_dm0_bin_5  0.994297 +0.0283944 -0.0283944
gamma_stat_mutau_SR_dm0_bin_6  1.0261 +0.0218452 -0.0218452
gamma_stat_mutau_SR_dm0_bin_7  0.99411 +0.0189358 -0.0189358
gamma_stat_mutau_SR_dm0_bin_8  1.01716 +0.0232126 -0.0232126
gamma_stat_mutau_SR_dm0_bin_9  0.96202 +0.0267213 -0.0267213
gamma_stat_mutau_SR_dm10_bin_0  1.02054 +0.0560095 -0.0560095
gamma_stat_mutau_SR_dm10_bin_1  1.06045 +0.16454 -0.16454
gamma_stat_mutau_SR_dm10_bin_10  1.03375 +0.0236425 -0.0236425
gamma_stat_mutau_SR_dm10_bin_11  1.01084 +0.0221718 -0.0221718
gamma_stat_mutau_SR_dm10_bin_12  0.984108 +0.0205128 -0.0205128
gamma_stat_mutau_SR_dm10_bin_13  0.991033 +0.0182855 -0.0182855
gamma_stat_mutau_SR_dm10_bin_14  0.99153 +0.0171222 -0.0171222
gamma_stat_mutau_SR_dm10_bin_2  0.965159 +0.0633937 -0.0633937
gamma_stat_mutau_SR_dm10_bin_3  1.08036 +0.0635674 -0.0635674
gamma_stat_mutau_SR_dm10_bin_4  1.01712 +0.044105 -0.044105
gamma_stat_mutau_SR_dm10_bin_5  1.00067 +0.0277894 -0.0277894
gamma_stat_mutau_SR_dm10_bin_6  1.01308 +0.0205005 -0.0205005
gamma_stat_mutau_SR_dm10_bin_7  0.998983 +0.0175772 -0.0175772
gamma_stat_mutau_SR_dm10_bin_8  0.999513 +0.0198365 -0.0198365
gamma_stat_mutau_SR_dm10_bin_9  0.986113 +0.0255323 -0.0255323
gamma_stat_mutau_SR_dm11_bin_0  1.3687 +0.240472 -0.240472
gamma_stat_mutau_SR_dm11_bin_1  0.794176 +0.184906 -0.184906
gamma_stat_mutau_SR_dm11_bin_10  0.973672 +0.0440752 -0.0440752
gamma_stat_mutau_SR_dm11_bin_11  1.04063 +0.0485713 -0.0485713
gamma_stat_mutau_SR_dm11_bin_12  1.00677 +0.0528377 -0.0528377
gamma_stat_mutau_SR_dm11_bin_13  0.970536 +0.0398333 -0.0398333
gamma_stat_mutau_SR_dm11_bin_14  0.970907 +0.0384421 -0.0384421
gamma_stat_mutau_SR_dm11_bin_2  1.04731 +0.19132 -0.19132
gamma_stat_mutau_SR_dm11_bin_3  0.935906 +0.118787 -0.118787
gamma_stat_mutau_SR_dm11_bin_4  0.949782 +0.0780363 -0.0780363
gamma_stat_mutau_SR_dm11_bin_5  1.00757 +0.0503185 -0.0503185
gamma_stat_mutau_SR_dm11_bin_6  0.988443 +0.0391828 -0.0391828
gamma_stat_mutau_SR_dm11_bin_7  1.01857 +0.0375779 -0.0375779
gamma_stat_mutau_SR_dm11_bin_8  1.03276 +0.041504 -0.041504
gamma_stat_mutau_SR_dm11_bin_9  1.05527 +0.0534869 -0.0534869
gamma_stat_mutau_SR_dm1_bin_0  0.995105 +0.0903474 -0.0903474
gamma_stat_mutau_SR_dm1_bin_1  0.942594 +0.0946326 -0.0946326
gamma_stat_mutau_SR_dm1_bin_10  1.01158 +0.0161535 -0.0161535
gamma_stat_mutau_SR_dm1_bin_11  0.993117 +0.016948 -0.016948
gamma_stat_mutau_SR_dm1_bin_12  1.00785 +0.0203528 -0.0203528
gamma_stat_mutau_SR_dm1_bin_13  0.983605 +0.0172296 -0.0172296
gamma_stat_mutau_SR_dm1_bin_14  1.00722 +0.0157363 -0.0157363
gamma_stat_mutau_SR_dm1_bin_2  1.09063 +0.0830772 -0.0830772
gamma_stat_mutau_SR_dm1_bin_3  1.01328 +0.047825 -0.047825
gamma_stat_mutau_SR_dm1_bin_4  1.00086 +0.0308205 -0.0308205
gamma_stat_mutau_SR_dm1_bin_5  1.00661 +0.0198399 -0.0198399
gamma_stat_mutau_SR_dm1_bin_6  0.981284 +0.0135696 -0.0135696
gamma_stat_mutau_SR_dm1_bin_7  1.01756 +0.0123276 -0.0123276
gamma_stat_mutau_SR_dm1_bin_8  0.998392 +0.0142939 -0.0142939
gamma_stat_mutau_SR_dm1_bin_9  0.992395 +0.0180001 -0.0180001
gamma_stat_tautau_SR0_bin_0  1.06609 +0.100602 -0.100602
gamma_stat_tautau_SR0_bin_1  1.00375 +0.0622036 -0.0622036
gamma_stat_tautau_SR0_bin_10  1.00669 +0.0101123 -0.0101123
gamma_stat_tautau_SR0_bin_11  0.995822 +0.0121598 -0.0121598
gamma_stat_tautau_SR0_bin_12  1.00521 +0.0113519 -0.0113519
gamma_stat_tautau_SR0_bin_13  0.987254 +0.0108516 -0.0108516
gamma_stat_tautau_SR0_bin_2  2.1286 +0.496059 -0.496059
gamma_stat_tautau_SR0_bin_3  1.03069 +0.454636 -0.454636
gamma_stat_tautau_SR0_bin_4  1.07964 +0.480535 -0.480535
gamma_stat_tautau_SR0_bin_5  0.499146 +0.166315 -0.166315
gamma_stat_tautau_SR0_bin_6  0.958341 +0.0465891 -0.0465891
gamma_stat_tautau_SR0_bin_7  0.973168 +0.0214891 -0.0214891
gamma_stat_tautau_SR0_bin_8  0.998775 +0.0159982 -0.0159982
gamma_stat_tautau_SR0_bin_9  1.00724 +0.00999991 -0.00999991
gamma_stat_tautau_SR1_bin_0  0.399352 +0.524761 -0.524761
gamma_stat_tautau_SR1_bin_1  0.973874 +0.0864948 -0.0864948
gamma_stat_tautau_SR1_bin_10  1.0528 +0.173371 -0.173371
gamma_stat_tautau_SR1_bin_11  0.789074 +0.333522 -0.333522
gamma_stat_tautau_SR1_bin_12  0.735106 +0.291544 -0.291544
gamma_stat_tautau_SR1_bin_13  1.43591 +0.629186 -0.629186
gamma_stat_tautau_SR1_bin_2  1.0482 +0.0581942 -0.0581942
gamma_stat_tautau_SR1_bin_3  1.02829 +0.0513048 -0.0513048
gamma_stat_tautau_SR1_bin_4  1.04699 +0.0422949 -0.0422949
gamma_stat_tautau_SR1_bin_5  0.999102 +0.0346216 -0.0346216
gamma_stat_tautau_SR1_bin_6  0.981354 +0.030085 -0.030085
gamma_stat_tautau_SR1_bin_7  0.995788 +0.0291091 -0.0291091
gamma_stat_tautau_SR1_bin_8  1.00569 +0.0484717 -0.0484717
gamma_stat_tautau_SR1_bin_9  0.997448 +0.0669033 -0.0669033
gamma_stat_tautau_SR2_bin_0  9.95792e-08 +2347.72 -2347.72
gamma_stat_tautau_SR2_bin_1  0.961145 +0.120135 -0.120135
gamma_stat_tautau_SR2_bin_10  1.37202 +0.364341 -0.364341
gamma_stat_tautau_SR2_bin_11  0.882853 +0.277967 -0.277967
gamma_stat_tautau_SR2_bin_12  0.365523 +0.351948 -0.351948
gamma_stat_tautau_SR2_bin_13  0.899089 +0.403262 -0.403262
gamma_stat_tautau_SR2_bin_2  0.99397 +0.0550737 -0.0550737
gamma_stat_tautau_SR2_bin_3  1.02946 +0.0334337 -0.0334337
gamma_stat_tautau_SR2_bin_4  0.993127 +0.0255694 -0.0255694
gamma_stat_tautau_SR2_bin_5  0.957652 +0.0279714 -0.0279714
gamma_stat_tautau_SR2_bin_6  0.986337 +0.041999 -0.041999
gamma_stat_tautau_SR2_bin_7  1.17524 +0.0949228 -0.0949228
gamma_stat_tautau_SR2_bin_8  1.14122 +0.148073 -0.148073
gamma_stat_tautau_SR2_bin_9  0.751682 +0.134718 -0.134718
mu_Z  1.05547 +0.0462799 -0.044134
mu_ttbar  1.15342 +0.0481827 -0.0481827


CORRELATION_MATRIX
249   249
-0.661746   -0.637747   -0.022928   -0.00214422   0.0220954   -0.0396626   -0.112188   -0.14911   -0.0959957   -0.0266451   -0.00318755   -0.00443428   -0.00888568   -0.0101465   0.0163663   -0.00031186   0.0091994   0.0142418   -0.0104511   -0.0194026   -0.0138721   0.015239   0.0181705   0.00961656   -0.00957785   -0.00962952   -0.0104712   0.0103989   0.0108213   -0.000596387   0.0186575   0.0409834   0.0474916   0.0277138   0.0158474   0.0142373   0.00120309   -0.00653544   -0.0796131   -0.0324887   -0.0212611   -0.00223067   0.0192617   0.0312595   -0.0119462   0.00089076   0.0623615   0.0465448   0.0469689   0.0680332   0.0333977   0.0238066   0.000221284   -0.0059427   -0.000248333   -0.0133553   -0.0179548   0.0225809   -0.0130345   0.00475113   0.00225875   -0.0073161   -0.00526179   0.0337717   0.0350265   0.0246144   0.00710105   0.0114416   0.00366555   0.00381318   0.0173045   -0.00627229   -0.0131297   -0.0211051   0.00447124   0.00928455   0.0253317   0.0068773   0.04231   0.0301187   0.028943   0.0152409   -0.00209792   -0.00516936   -0.000274275   0.00957945   0.00417848   0.0065258   0.00316724   0.126659   0.104519   -0.116274   -0.225641   -0.220693   -0.127617   -0.0653564   -0.0251439   -0.0133418   -0.0340059   -0.0269157   -0.0484802   -0.021805   0.00430572   0.0557751   -0.0117372   -0.00504542   0.00508183   0.0312816   0.0556282   0.0315263   0.0276923   -0.00615929   -0.0129568   -0.002727   -0.00937839   -0.0164826   0.0390158   0.00415738   0.00763317   0.00346502   0.00281993   -0.000819533   -0.0110888   -0.00252562   0.0234396   0.0270017   0.0147878   0.0083427   0.00350063   0.015352   0.0159453   0.015217   0.00665934   -0.0222849   0.0272772   -0.0316615   -0.0153996   -0.00164643   0.0349643   0.0726109   0.0593565   -0.0132761   0.0131181   -0.00258943   0.00503602   -0.00254941   -0.00173383   0.0143182   0.00647897   0.0231965   0.0510647   -0.00867118   -0.100837   -0.0830931   -0.0456806   -0.0217874   -0.0215681   -0.0638095   -0.0324394   -0.0351389   -0.0195308   -0.0326647   -0.00675139   -0.00465636   0.0206105   0.0763439   0.0494239   0.0610215   -0.0228755   0.0156238   0.0262569   0.0241477   -0.0145019   -0.0673527   -0.0769243   -0.133024   -0.022617   0.00363874   -0.0630157   -0.0051912   0.0120832   0.0160925   0.0169173   -0.00969676   -0.00242217   -0.0091042   -0.149235   -0.0786061   -0.0170147   -0.157293   -0.00587578   0.0141023   0.0376958   -0.0579966   -0.184406   -0.326707   -0.256115   0.0811805   0.0148907   0.0249221   0.0663557   0.052053   -0.431131   -0.232205   -0.0488067   0.00348582   -0.0887142   -0.0878741   -0.0747752   -0.00454307   0.0616114   0.0371202   0.0209599   -0.0495937   -0.0506402   -0.0591865   0.0319634   0.0493238   -0.0419315   -0.0354192   -0.0499226   -0.0160365   -0.000429093   -0.0375279   0.00348373   -0.150487   -0.0355026   -0.0506458   0.0248673   -0.00335255   -0.0245728   0.0155162   -0.0822057   -0.00213339   0.00465581   0.0161442   -0.0422281   -0.0635954   -0.0232958   0.650101   0.000887034   0.0646828   0.112983   0.106889   0.131775   0.464057   0.64862   0.697527   1   
-0.743623   -0.696685   -0.0231475   0.00206761   0.0226245   -0.0360538   -0.106868   -0.159667   -0.0988719   -0.0299022   0.00213233   -0.00715439   -0.0103593   -0.000481361   0.0267239   -0.000566589   0.0106805   0.0153546   -0.0220203   -0.0296879   -0.0335607   -0.00944115   0.0113045   -0.00330847   -0.00867431   -0.0154342   -0.012391   0.00982382   0.0199673   0.00015549   0.0105544   0.047948   0.0633011   0.0363846   0.0145419   0.0150837   0.00238456   -0.00936642   -0.0776543   -0.0357163   -0.018719   -0.00645182   0.0184863   0.0328129   0.0877054   0.0268474   -0.0569383   -0.161494   -0.12812   -0.0505965   -0.0418602   -0.0160977   -0.0216207   -0.0317893   -0.0273683   -0.0425903   0.0368814   0.00108989   -0.00800246   0.00110218   0.00340981   -0.0114252   -0.00999742   0.0371657   0.0333754   0.0281991   0.0109489   0.0127466   0.00266724   0.00268304   0.0163787   -0.0123902   -0.00847932   -0.0231607   -0.000112379   0.00940497   0.022792   0.00262641   0.0391345   0.0293484   0.0253822   0.0150252   0.00235994   -0.00619503   4.65579e-05   0.00222663   -0.00477925   0.0035268   0.0037298   0.00839726   0.0266484   0.0171196   0.0661093   0.0518218   0.0854753   0.0632994   0.0148669   0.0141819   -0.00116288   0.00463751   -0.00428039   -0.0214733   0.00451255   -0.0285595   0.0402666   0.0229486   -0.0490721   -0.0642553   -0.0255514   -0.0320022   -0.00480155   -0.0206143   -0.0259442   -0.0154747   -0.0266839   -0.0408071   0.0487485   -0.00163994   -0.00258083   0.00579821   0.0103499   0.0080733   -0.00670708   0.002279   0.030227   0.0336304   0.0175682   0.00812102   0.005649   0.017517   0.0188982   0.0207452   0.0119994   -0.0169108   0.0407452   -0.0171998   -0.00728144   0.00425854   0.0447154   0.0826018   0.0672142   -0.0120413   0.0181073   0.00159151   0.00782989   -0.000108965   -2.60483e-05   0.0206878   0.00892601   0.0067605   0.0223775   0.0206143   -0.0129379   0.0309517   0.0544417   0.0248453   -0.000102087   -0.0337925   -0.00555155   -0.0133657   0.00395729   -0.0446824   0.00328274   0.00299956   0.0135153   0.076909   0.0599144   0.0796072   -0.0141653   0.021096   0.0249475   0.0315831   -0.00789273   -0.0787553   -0.0884955   -0.167589   -0.0536043   0.00842857   -0.0515517   -0.00632827   0.0121831   0.0169887   0.0177453   -0.00827443   -0.00366627   -0.0112572   -0.169076   -0.0885869   -0.0189052   -0.151073   -0.011197   0.00176145   0.0307245   -0.0670204   -0.20843   -0.360666   -0.276496   0.0254356   0.0465356   0.0236189   0.0387744   -0.306198   0.032285   -0.255797   -0.0575265   0.043584   -0.132171   -0.0942374   -0.0761103   -0.00479714   0.0301628   0.0452868   0.0269279   -0.0171753   -0.0516824   -0.065125   0.0268323   0.0755175   -0.0545798   -0.0370229   -0.0592812   -0.0450738   -0.0207415   -0.0366851   -0.0220902   -0.158524   -0.0377717   -0.064718   0.0122509   0.00449601   0.000255326   -0.000193111   -0.0811289   0.0035799   -0.0322586   -0.0365847   -0.0449292   -0.0683174   -0.0340865   0.722987   -0.0299725   0.0362245   0.143421   0.117236   0.165011   0.528554   0.752742   1   0.697527   
-0.702034   -0.669018   -0.0241601   -0.000253614   0.00840343   -0.058885   -0.100814   -0.133649   -0.054237   -0.00888974   0.00440486   -0.00591601   -0.0183424   0.0270191   0.01682   -0.00111747   0.007761   0.00841071   -0.0218923   -0.030384   -0.0429508   -0.0172738   0.0098317   -0.00496826   -0.00606206   -0.0270985   -0.011306   0.0106538   0.0176159   0.00195468   0.00506286   0.0325979   0.03983   0.0227402   0.00712804   0.0229877   -0.00514765   -0.0167195   -0.0695972   -0.024448   -0.0120531   -0.00355041   0.00970985   0.0309812   0.00962513   -0.00446526   0.0497661   0.0348468   0.0380444   0.0501139   0.00970698   -0.00929994   0.000371585   -0.00865104   -0.00423272   -0.0263693   -0.00023355   0.0213417   -0.0300165   0.00129639   0.0100976   -0.0169132   -0.0174986   0.0352138   0.0177711   0.0265817   0.0101744   0.0147584   0.00366127   0.00332595   0.0165894   -0.00299215   0.00202311   -0.0250265   0.105102   0.00314679   -0.17292   -0.230691   -0.130352   -0.0677018   -0.0401824   -0.00912689   -0.0133014   -0.0224618   -0.0088197   -0.0111936   0.0461939   -0.0297826   -0.00151695   0.0246255   0.0326272   -0.00598655   0.0573066   0.0510461   0.0812488   0.0538981   0.00369528   0.0107007   -0.00132524   0.00605101   0.00176758   -0.0163092   0.00908493   -0.020665   0.0117385   0.00923799   0.0160815   0.0481257   0.0556088   0.0298793   0.0365861   -0.00691733   -0.00507834   0.00297232   -0.00704618   -0.0170667   0.0371109   0.00665098   0.0074883   -0.000487921   0.00696736   0.0161806   -0.00569627   0.00925135   0.0199474   0.0258457   0.0129457   0.00466083   0.00644807   0.0104073   0.0203132   0.0254937   0.0105318   0.000464386   0.0870023   -0.0235377   -0.10928   -0.139892   -0.083896   -0.0429949   -0.00523635   -0.0444866   -0.00847913   -0.0154889   -0.0133343   -0.0145627   0.0157679   -0.000700962   0.00191289   0.0142734   0.0342661   0.0403763   -0.0226718   0.0369205   0.0395678   0.0100395   -0.00819986   -0.0420802   -0.00535211   -0.0202715   0.00370256   -0.0723018   0.00446287   0.00376468   0.0514001   0.0569406   0.0572922   0.0619121   -0.0290201   0.0167359   0.0333655   0.0235167   -0.00804988   -0.0887073   -0.0865699   -0.149565   0.00349522   0.00699058   -0.0451753   -0.00390578   0.00776637   0.0123287   0.0120276   -0.00291945   -0.00123722   -0.00842102   -0.148379   -0.0891704   -0.0147694   -0.121914   -0.0100865   -0.00219484   0.048588   -0.0636882   -0.193676   -0.327761   -0.243886   0.00886234   0.0278099   0.0225663   -0.351866   0.00712913   0.0387853   -0.205235   -0.042386   0.147823   -0.119272   -0.108022   -0.059107   -0.00336163   0.0195181   0.0430008   0.0252248   -0.13739   -0.0877647   -0.0562021   0.0121515   0.0549195   -0.125417   -0.0912714   -0.0607088   -0.00713589   0.00472798   -0.0307655   -0.0317901   -0.157422   -0.0308425   -0.0363971   0.0141034   -0.00904787   0.0323419   0.0108375   -0.0676987   -0.00118674   -0.0455328   -0.0630565   -0.0425943   -0.0457829   -0.0163564   0.686735   -0.0277058   0.0858323   0.122413   0.105553   0.155586   0.49481   1   0.752742   0.64862   
-0.486329   -0.46256   -0.00581207   3.45742e-05   0.0296284   -0.0340791   -0.105586   -0.087609   -0.0471824   0.0281872   0.00207612   -0.00365442   0.00124226   0.0111993   0.046039   -0.00104961   0.0180307   0.0223963   -0.0335078   -0.0121525   -0.0179261   -0.0189676   0.0152648   0.00645842   -0.00454332   -0.00324995   0.00901056   0.0064073   0.0141093   0.00042481   -0.00305312   0.0155593   0.0326939   0.0387721   0.0132507   0.0113837   0.0109579   -0.00570766   -0.0503814   -0.0185699   -0.00980255   0.00122548   0.0169531   0.0260453   -0.0209524   0.00885347   0.0340366   0.0273291   0.012322   0.0206674   0.0210214   0.0174121   -0.00270659   -0.0054468   0.0128207   0.00569758   0.00813965   0.0336053   -0.0094494   0.0764024   -0.00203462   -0.225833   -0.314825   -0.215663   -0.113476   -0.0388309   -0.0271451   -0.0248044   -0.0213505   -0.0385791   -0.017979   0.0303515   -0.056888   -0.0585817   -0.00237929   -0.00604809   0.0135016   -0.0155566   0.0199622   0.0308994   0.0330319   0.0141136   -0.0176912   -0.00703425   0.00792497   0.0248549   0.0229725   0.0180811   0.00462539   0.0250878   0.0170617   -0.00765036   0.040825   0.0321726   0.0287048   0.0319263   0.00876958   0.0128942   0.0158194   0.0141873   0.00382354   -0.0163882   0.00817969   -0.0159328   0.00342975   0.00318556   -2.77039e-05   0.0384673   0.0367582   -0.00817598   0.0314472   0.00561205   0.0030288   -0.00152128   -0.00569958   -0.0226826   0.0438047   0.00469565   0.00816078   -0.0202616   -0.0281949   -0.103758   -0.142302   -0.127196   -0.0779131   -0.0087068   0.00423485   -0.0114621   -0.028029   -0.0195057   -0.00957549   -0.0190169   -0.0171752   -0.0462473   0.0493473   -0.0180947   -0.0159754   -0.00557598   0.0546007   0.0484724   0.030901   -0.00385136   0.0238506   -0.00130851   0.0110547   0.00711813   0.00334804   0.0215983   0.00955303   -0.00223279   0.0264381   0.0181382   -0.0149007   0.0296266   0.0393686   0.0241481   0.0146177   -0.0161964   -0.00674749   -0.0129928   -0.00318316   -0.0411638   0.00319051   0.00290719   0.0335493   0.0581765   0.0270874   0.0659641   -0.0227467   0.00977257   0.00510824   0.0174748   -0.00821017   -0.06216   -0.0591452   -0.100598   -0.00644037   0.0125485   -0.0279368   -0.0036911   0.00689483   0.0103633   0.00947295   -0.00752779   -6.98219e-05   -0.00443636   -0.107053   -0.0568702   -0.0108481   -0.0580889   -0.0109109   -0.00179729   0.0282249   -0.0457205   -0.133302   -0.22234   -0.167097   0.0105748   0.0210408   -0.601548   0.0689791   0.0320466   0.021352   -0.29288   -0.0286449   0.0806843   0.0221519   -0.00914329   -0.0343151   -0.00202728   0.0445829   0.0299953   0.0174083   -0.0314119   -0.0426131   -0.0333775   0.00524136   -0.0333345   -0.092359   -0.0365883   -0.0424336   -0.0587766   -0.0226866   -0.0145567   -0.0112757   -0.126147   0.00852846   -0.0317191   0.0165733   -0.00049943   -0.0874833   0.0586325   -0.0358711   0.0248739   -0.00935615   -0.0568073   -0.0367245   -0.00612405   -0.0124563   0.479029   0.00279566   0.0454183   0.087492   0.0805152   0.114008   1   0.49481   0.528554   0.464057   
-0.296314   -0.193521   -0.00849333   -0.00627339   0.004171   -0.00540266   -0.0190431   -0.0236437   -0.0170337   0.00144929   -0.00579951   -0.00558577   -0.00493882   -0.0124084   0.00238746   3.45979e-05   0.00169575   0.00067481   -0.00343178   -0.0081024   -0.00750793   -0.00325495   -0.00189164   0.00494551   -0.00153149   -0.00790299   -0.0024447   -0.000440232   0.00117299   0.000302661   0.0024831   0.00167099   0.00524562   0.0024151   0.0021455   -0.00281252   -0.000223778   -0.0023791   -0.0188655   -0.00732933   -0.00314717   0.00175364   -0.00351207   0.0103436   0.00701901   0.0114164   0.00291812   0.00848484   0.0292737   0.0134319   -0.0142742   0.0354039   -0.00738627   -0.00379512   -0.0051113   -0.0167922   -0.00632788   0.0158032   0.016111   0.000470263   0.00906377   0.00369644   0.00292816   -0.0169684   0.0178685   0.00139641   0.0028307   0.000418722   0.00506232   -0.011267   0.00406113   -0.00326509   -0.00139175   -0.0757015   0.00859645   -0.017811   0.0174755   -0.00321251   -0.00746403   0.0183976   0.012224   0.0128277   0.00148429   -0.00085498   -0.00285819   0.00400972   0.00335061   -0.000218799   0.00281076   0.00689951   0.00873129   0.0204404   0.0240426   0.00546621   0.00425655   0.0110855   -0.00976164   -0.00863404   -0.00254254   0.00506906   -0.0103136   -0.000559816   -0.0207934   -0.0338931   9.85056e-05   0.00168797   0.0224424   -0.000331159   0.00222274   -0.00940972   -3.12528e-05   0.00145702   -0.00951127   0.00346135   -0.00450546   -0.00426441   -0.00448223   0.00228283   0.0118214   -0.00046931   0.00340939   -0.00553614   0.0110783   0.00716148   0.00225896   0.00680881   0.00795506   -1.27201e-05   0.00399052   0.00201873   0.00748969   0.00368552   0.00404968   -0.00634457   0.00726604   -0.00854261   0.00593631   -0.00365293   -0.00099448   0.0172973   0.0353145   -0.00401638   -0.00238487   -0.000243421   -0.00430672   -0.00199358   0.0141605   0.0117566   0.00290718   -0.00167354   0.0136995   -0.00843666   -0.0007781   -0.0105441   0.00733766   -0.0125157   0.0162315   -0.0105059   -0.0054255   -0.0118089   -0.00601764   0.00154796   0.00321326   0.00242939   0.00892547   0.0144668   -0.00314468   -0.0164538   -0.0264985   -0.0257649   -0.0158499   -0.00661724   0.303231   0.0581339   0.00363211   -0.0472236   0.0065559   0.0074899   -0.0138474   -0.0325621   -0.0048557   -0.00395974   -0.00639784   -0.023925   0.00161926   0.0169701   0.489206   0.0205079   0.0664183   0.00211306   -0.000491208   -0.000721122   0.00400233   -0.0146213   -0.0402202   -0.0700787   -0.052839   -0.0121464   -0.0109267   0.0129646   0.00798651   0.0108662   0.013019   -0.0317246   0.0886807   -0.0284086   0.00931283   -0.0059958   -0.00659783   0.00349133   -0.00338791   -0.0193531   0.023964   -0.0114732   -0.0232273   0.066756   -0.084265   -0.0108147   -0.0223443   -0.0155645   -0.0183519   -0.0269458   -0.00488063   -0.00719011   -0.00592951   -0.0522599   -0.0115489   -0.0169486   -0.0157558   -0.00325948   -0.0101641   0.00130145   -0.0137394   -0.00720467   -0.00841147   -0.0118812   -0.0131502   -0.0228533   -0.00873797   0.228157   0.0245315   -0.056955   -0.0396451   0.0160628   1   0.114008   0.155586   0.165011   0.131775   
-0.0977568   -0.108233   -0.00362444   -0.00153788   0.00323088   -0.00686291   -0.0162952   -0.0150361   -0.00619638   0.00135115   -0.000350977   -0.00049918   -0.00169819   0.00471437   0.004755   -0.000206581   0.00179597   0.0026167   -0.00464983   -0.0013149   -0.00378006   -0.00291693   0.00261507   -0.00136242   -0.00114341   -0.00226044   -0.000799686   0.00226541   0.0024894   0.000138186   0.000823509   0.00560503   0.00687825   0.00473193   0.00143417   0.00237843   -0.000346238   -0.00223335   -0.0110666   -0.00386976   -0.00198268   -0.000837577   0.00219684   0.00473175   -0.000387609   0.0146004   0.0331725   0.0302552   0.0176119   0.0119292   0.00396504   -0.00313991   -0.00277013   -0.0051827   -0.00393098   -0.0075876   -0.00313591   0.00211454   0.00200198   -0.000278613   0.00602245   0.0049034   0.00621582   0.00985788   0.00488541   0.0055741   0.00117104   -8.60678e-06   -0.00169456   -0.00288486   -0.00175831   -0.00462271   0.000328483   -0.00414697   0.00125141   0.0125324   0.0209984   0.0151738   0.0131557   0.00954123   0.00398846   0.000985487   -0.000761572   -0.00332856   -0.00135585   -0.00398277   -0.00437087   -0.000670849   -7.62622e-05   0.00600005   0.00741643   0.00990813   0.0197568   0.0141645   0.0109768   0.00676208   -0.0015599   -0.00175256   -0.00231232   -0.00323269   -0.00533196   -0.00336528   -0.000289984   -0.00787433   -0.0194778   -0.0130689   -0.0326953   -0.0354891   -0.0154574   -0.0162909   -0.00533453   -0.00372322   -0.00298708   -0.000410027   -0.0015962   -0.00158609   0.00928624   -0.00131206   0.000827419   -0.00106962   0.000671535   -0.0110514   -0.0178778   -0.00789581   0.0017288   0.00512842   0.00543822   0.00167601   0.00285091   0.00498097   0.00841639   0.00825589   0.00263372   -0.00297928   0.00179032   -0.0172546   -0.0269762   -0.0327508   -0.00552693   -0.00281542   -0.000165697   -0.00661252   0.000702134   0.00608814   0.010227   0.00929545   0.00457248   0.00432351   0.00388944   0.00856939   -0.00110346   -0.0124087   -0.027386   -0.00795107   -0.00855591   0.00205429   -0.00136518   -0.0129913   -0.00360405   -0.00215408   0.00414994   -0.00414931   0.000353599   0.000514578   0.0134443   0.00791208   0.00846862   -0.0103498   -0.0270903   -0.0208724   -0.0156623   0.00632593   -0.00122392   -0.00444346   -0.000786253   -0.0143936   0.00735135   0.00532848   -0.000601107   0.0028805   -0.00168999   -0.00240035   -0.0030587   0.00637753   -0.000239149   -0.000596006   -0.00726525   -0.012612   -0.000264733   -0.0241797   -0.00130931   -0.00234549   0.0310718   -0.0075696   -0.0234123   -0.0390336   -0.0298598   -0.00804179   -0.00395221   -0.00396492   0.00162291   -0.0118067   -0.00117379   -0.0436462   -0.0158968   0.0278536   -0.00783034   -0.00307619   -0.0115711   0.007217   0.0312657   0.00572754   0.01686   0.0274604   -0.00923157   -0.00814024   -0.00755157   -0.00202112   -0.00568072   -0.0263388   -0.00839021   -0.00651573   -0.00760424   -0.00312786   -0.00270867   -0.0240877   -0.0036119   -0.0247294   -0.0311876   0.0262083   0.00650868   -0.00215206   -0.00726132   0.00189232   -0.00298059   -0.0104344   -0.00668538   -0.00488129   -0.0135905   -0.139528   -0.221927   0.00758284   -0.0612994   1   0.0160628   0.0805152   0.105553   0.117236   0.106889   
-0.0319017   -0.0439451   -0.00314908   -0.00420153   0.000710088   -0.0140058   -0.0310107   -0.0289233   -0.0146158   -0.00877174   -0.000442374   0.000394655   -0.000169703   0.0202546   0.00269362   -0.000546549   0.00109802   0.00168237   -0.00410543   0.00667326   -0.000719731   -0.00655167   0.00583788   -0.00828504   -0.000637957   -0.00350897   -0.00155129   0.00156765   0.00451613   0.000394971   0.0025551   0.0183596   0.0175728   0.0109949   -0.00181318   0.00366515   -0.00353704   -0.00477747   -0.0144612   -0.00455055   -0.00334938   -0.00455962   0.0057015   0.00172913   -0.0156416   -0.00042191   0.0271735   0.0288987   0.0146561   0.0097566   -0.00131898   -0.0170105   -0.00954424   -0.00552296   3.9816e-05   -0.00434691   -0.00544328   0.00288144   0.0149877   -0.00884769   0.00324934   0.00278247   0.00797367   0.0154698   -0.0017863   0.00828413   0.00344947   0.00205447   0.000874804   0.00129321   0.00229758   -0.0103248   0.00857878   -0.000225091   -0.0104868   0.0116655   0.019605   0.0151503   0.00589592   0.0041421   -0.00434362   -0.0026338   -0.00263659   -0.00219523   0.00468191   -0.00287114   -0.00615918   -0.00398386   1.58446e-05   0.000640023   -0.00292245   0.0053757   0.0247681   0.021089   0.0189879   0.00883499   -0.00587797   -0.00777104   0.000492514   -0.00174697   0.00138379   -0.00197858   0.000633099   -0.0145328   -0.00192733   0.001341   0.00312186   0.00688417   -0.00680608   -0.0174449   0.00152235   -0.0010126   -0.0138128   -0.0067731   -0.0057587   -0.0108131   0.00172972   0.000680555   0.00099901   -0.00357357   0.000404385   -0.0078308   -0.011984   -0.00531159   -0.00237986   0.011413   0.00925328   0.00356811   0.00385842   0.00694874   0.0102862   0.00943847   0.0067219   0.01083   0.00281293   -0.0120754   -0.0189213   -0.00652697   0.0135474   -0.000157303   -0.00502622   0.00203139   -0.00329218   0.000879703   0.00890908   0.0164573   0.00285825   0.0109169   0.00588355   0.0190659   0.0153538   0.00257603   -0.00482526   0.00885042   -0.00468142   -0.00605906   -0.0040246   -0.0194776   -0.00509091   -0.00323892   0.00272172   -0.0175614   0.0013958   0.00213892   0.0203146   0.0908587   0.0966391   -0.00058159   -0.14732   -0.111169   0.0538905   0.0535048   0.00616589   0.032953   0.033461   -0.0214014   -0.0620984   -0.0177156   0.00158388   -0.0314626   0.0220232   0.0541518   0.051092   -0.0771698   -0.000169082   -0.000371522   0.0139865   -0.0163348   -0.00419652   -0.0301031   -0.00119945   -0.00393016   -0.125393   -0.0102984   -0.0388003   -0.0652207   -0.0523621   -0.0231929   0.00144521   -0.0115554   -0.0463973   -0.0934199   -0.00729077   -0.0552158   -0.0103309   0.0889968   -0.0349821   0.014527   -0.00715857   0.00491508   0.0294619   -0.0498768   0.00268668   0.128484   -0.00683887   -0.00847805   -0.0172029   0.039407   -0.0179911   -0.0203393   -0.00445243   -0.0130849   -0.0133024   -0.00807513   -0.000797786   -0.00941215   -0.0101594   -0.0309486   -0.0205427   0.00371464   0.00504838   0.00700933   -0.0185426   0.000912192   0.00068726   -0.0127119   -0.00376772   -0.0165445   -0.0160023   -0.219282   -0.0446379   0.103884   1   -0.0612994   -0.0396451   0.087492   0.122413   0.143421   0.112983   
-0.162483   -0.300968   -0.00620834   0.00124137   -0.00553451   -2.29437e-05   0.0316768   0.0402209   0.0482214   0.018389   0.00307251   -0.00190845   -0.016548   -0.000731478   -0.00557242   -0.000140521   0.00372575   -0.000793359   -0.0108608   -0.0243284   -0.0295001   -0.0182571   -0.0101451   0.00243587   -0.00632258   -0.00173615   -0.000759854   0.00335262   0.00405642   0.00117092   -0.00469219   -0.0261106   -0.0281009   -0.0179952   0.00606651   0.00460151   -0.00239527   -0.00993729   -0.00521727   0.00275237   0.00573115   0.00643437   -0.00945789   0.0107319   0.0695397   0.0478573   0.0181021   -0.0178687   -0.04889   -0.0599439   -0.0313961   -0.00554873   0.00418701   -0.00896249   -0.0152838   -0.0205774   0.0194536   0.00490152   -0.0743782   0.0372687   0.0277963   -0.00168859   -0.0162537   -0.00421632   -0.00219902   0.00111954   0.00183932   0.00172331   -0.0054313   -0.00740499   -0.00830144   0.0295562   0.000288976   0.0053406   0.073476   0.0371854   -0.0106486   -0.0125339   0.0240782   0.0320229   0.0141649   0.00580788   0.0017494   -0.0089541   -0.00962954   -0.00865653   0.0307208   0.000891049   0.00225563   0.0199385   0.0208842   -0.0276505   -0.0202529   -0.0252678   -0.0268182   -0.0220852   -0.00402753   0.00359403   -0.0115072   -0.00739925   -0.0135784   -0.016684   0.00662727   0.0159964   -0.0430421   -0.107458   -0.0583492   0.0285719   0.0404181   0.0363905   0.0180716   0.0119946   0.0251271   0.0164675   0.00971318   0.016929   0.016232   0.011014   0.0179064   -0.0130475   -0.0257148   -0.0112125   -0.0143815   -0.00309226   -0.011555   -0.0119936   -0.0065328   0.000955372   -0.00204157   -0.00714438   -0.000920267   0.00102391   -0.0041345   0.00378881   -0.0572751   -0.0906551   -0.0350059   -0.00178467   -0.0201171   -0.0260217   -0.00864302   0.00834118   0.0159574   0.0101735   0.00270764   0.00144044   -0.0155788   0.0179644   0.00708055   0.0253176   0.0168898   0.0432545   0.019164   0.0345876   0.0205126   0.00800237   -0.00186688   -0.00556224   -0.00207316   -0.0104188   -0.0106408   -0.0203647   0.00173384   0.00117641   -0.104674   -0.0977225   -0.0274934   -0.00976479   0.0223244   0.157236   0.206261   0.00302215   0.0231653   0.0121618   0.00139676   0.00351595   -0.0155381   -0.0227889   -0.191705   -0.0156345   -0.00435923   0.011508   0.0174604   -0.0134835   4.22866e-05   0.00314468   0.021872   0.00486625   -3.44222e-05   -0.00906681   -0.0223428   -0.00966487   0.169061   -0.00191502   0.0164267   0.0298654   0.034383   0.021579   -0.023668   0.0350738   0.0916489   0.258432   0.105324   0.0190728   0.0162001   0.0192403   0.0149699   -0.0549257   0.000198931   0.00149775   0.0158964   0.0425315   0.0186507   -0.468422   -0.0330363   -0.00309178   -0.00830737   -0.287688   0.0246515   -0.000571257   -0.0255966   -0.0262508   0.0436305   0.0120503   -0.0294435   -0.0659412   -0.00866734   0.0165606   -0.00936127   0.0215279   0.0301577   0.0157239   0.0269962   -0.00198338   -0.0444428   -0.0470838   -0.0142783   -0.0127685   0.0144033   0.102306   -0.196621   1   0.103884   0.00758284   -0.056955   0.0454183   0.0858323   0.0362245   0.0646828   
-0.0516238   0.00810568   0.00283589   0.00231824   0.00854783   0.00578015   0.00279989   0.0169125   0.0242657   0.00873243   0.00608048   0.00761758   0.00463458   0.0347501   0.00906552   -0.000766862   0.00367172   0.00372044   -0.00443778   0.021129   0.0122625   0.00387213   0.0157287   -0.0128349   0.00376453   0.00185782   0.00445358   0.0163341   0.00241322   0.000372203   -0.00119794   0.0205056   0.0214698   0.020054   -0.00441812   0.0100822   -0.000523874   -0.00370594   0.0017589   -0.000427457   -0.00313466   -0.0116924   0.00619246   -0.00185385   0.00544862   0.0574693   0.109366   0.105662   0.0639125   0.0395745   0.0136717   -0.0111516   0.00246895   -0.00484055   -0.00390633   -0.0106484   -0.00726949   0.0136219   0.026041   0.00335056   0.0311344   0.0223629   0.0250475   0.0309495   0.0051071   0.0149624   0.00137423   -0.00814129   -0.0128152   -0.0146379   -0.0188237   -0.0144133   0.0174597   -0.00903838   0.0117942   0.0518839   0.0737541   0.0592734   0.0442267   0.0373557   0.00883515   0.00146737   0.000330929   -0.0107225   -0.00671578   -0.0216456   -0.00937174   -0.00491158   -0.000683248   0.0194805   0.0260145   0.0218816   0.0421135   0.0352534   0.0276782   0.0160021   -0.0101629   -0.00293681   -0.00123382   -0.00742831   -0.0101983   -0.0134753   0.00634791   -0.00540119   -0.0601252   -0.151689   -0.19946   -0.174863   -0.126812   -0.107888   -0.0343576   -0.00946073   0.00657241   0.0125159   0.0138341   0.0149415   0.0115281   -0.00448125   0.00086084   -0.0227382   -0.0331584   -0.0664903   -0.0635512   -0.0393179   -0.0223601   0.00531851   0.0112738   0.00634079   0.0169383   0.0191583   0.0337968   0.0236598   0.0102423   0.0102418   -0.0232917   -0.0957118   -0.152517   -0.136872   -0.0607211   -0.0603252   -0.0322433   -0.0177008   0.038887   0.0367653   0.0394203   0.0446856   0.00233494   0.00763993   0.00878732   -0.00753361   -0.0369098   -0.102285   -0.115686   -0.0813839   -0.0769301   -0.0453843   -0.0147225   -0.0280287   0.00322446   -0.000717281   0.0185806   -0.0255979   6.6323e-05   0.00154638   0.0233895   -0.00463307   -0.0025164   0.039516   0.016298   -0.0165655   -0.0580196   -0.00294311   -0.00319538   -0.0261793   -0.00985396   -0.0258235   -0.00253933   0.0174228   0.0556192   0.0026419   -0.00194651   -0.00377117   -0.00581245   0.0109736   -0.00108253   -0.00125208   -0.0326487   -0.0185308   -1.87401e-05   -0.00888659   0.00890837   -0.0412312   -0.0236262   0.0196255   0.0398951   0.0760457   0.0536563   -0.00650686   -0.199484   -0.0311141   -0.0334182   -0.0527131   -0.0242631   -0.0918545   -0.00599815   0.137115   -0.0287441   0.0164468   -0.0152455   0.0258606   0.101007   0.0836415   0.0956256   0.0647967   0.00724098   -0.0164984   -0.0465707   0.00339737   0.0383894   -0.103198   0.0110681   0.00642507   -0.0127254   0.0112884   0.013903   0.0175139   0.0165377   -0.0837353   -0.111551   0.168506   0.0373788   -0.0310906   0.0186299   0.0253022   0.0236643   0.00624883   0.00216909   0.0360807   -0.0477363   0.112463   1   -0.196621   -0.0446379   -0.221927   0.0245315   0.00279566   -0.0277058   -0.0299725   0.000887034   
-0.820207   -0.794763   -0.024353   -0.00402243   0.0103288   -0.0373136   -0.0724773   -0.0898813   -0.0452391   0.00662836   -0.00402768   -0.0109613   -0.0203164   -0.0208132   0.016437   -7.9442e-05   0.0122096   0.0105486   -0.0251394   -0.0473628   -0.0485216   -0.0200629   -0.00695305   0.0133391   -0.00671968   -0.0134922   -0.00764599   0.00298838   0.0128018   0.0010619   0.000522918   -0.0083326   0.000552557   -0.00454526   0.0194704   0.00584257   0.00106102   -0.0105684   -0.0563612   -0.0191431   -0.00546722   0.011642   6.01661e-05   0.0348275   0.034467   0.039143   0.0592575   0.0316325   0.019467   0.0213114   0.0123225   0.028371   -0.0056909   -0.0193872   -0.0224069   -0.0392072   -0.000970269   0.0155483   -0.0393122   0.0147422   0.0129903   -0.000209252   -0.00573596   0.0148902   0.0301741   0.0151641   0.00572858   0.00186093   -0.00348319   -0.0111757   -0.00120136   0.00240704   -0.0223352   -0.0270042   0.0350374   0.0171924   0.01716   -0.000365466   0.0362564   0.0319836   0.0295255   0.0159482   -0.00329384   -0.0119831   -0.0119975   -0.00628445   -0.00205626   0.00847576   0.00376061   0.0308583   0.0407556   0.0227705   0.0487121   0.0284088   0.0319726   0.0288863   0.015386   0.0125741   -0.0094735   -0.00358397   -0.021938   -0.0111802   0.00320307   -0.0132326   0.00160723   -0.0108261   0.0030448   0.0295224   0.0369673   0.0236692   0.0177111   -0.00204848   -0.00777098   -0.000901497   -0.00898447   -0.0124228   0.0275995   0.00532056   0.014108   0.00797067   0.00398406   0.010599   0.00541548   0.00763744   0.0144627   0.0134779   0.00906484   0.00416557   0.00115107   0.00297844   0.0113174   0.0102996   0.00247405   -0.0284229   0.0238724   -0.0194188   0.00517745   0.00322236   0.00741504   0.036786   0.042656   -0.0201524   0.00908741   -0.00518922   -0.00673466   -0.0150175   -0.00282062   0.0105857   0.00585598   -0.00901016   0.0136169   0.0221479   -0.0126344   0.0116405   0.0350225   0.0188823   0.00568715   -0.0296262   -0.0119892   -0.0205686   -0.00862953   -0.0200962   0.00130205   0.0012402   0.0351143   0.0035175   -0.0576025   -0.0488631   -0.0767729   -0.03473   -0.0286388   0.0114623   -0.0122091   -0.0893895   -0.0987312   -0.113057   0.0582978   0.042852   -0.0473499   0.000898758   0.00645275   0.0015436   0.00274359   0.0102661   -0.000749145   -0.00575223   -0.16591   -0.0947969   -0.016942   -0.141949   -0.0143495   -0.00688273   0.103568   -0.0634661   -0.161885   -0.280076   -0.202444   0.0229559   -0.00583764   0.0262303   0.0933513   0.137994   0.0404503   -0.13702   -0.133455   -0.0395218   -0.00599098   -0.0898479   -0.054075   0.0136778   0.0684062   -0.0414706   -0.00728797   -0.217833   -0.0649035   -0.0643953   0.0223532   -0.0999202   -0.0405346   -0.0341893   -0.0675624   -0.0198075   0.00574268   -0.0231094   -0.0401452   -0.177782   -0.0195369   -0.0287398   -0.0622127   -0.0149042   0.0156878   0.0099745   -0.0468454   -0.0125608   -0.0594752   -0.0663651   -0.0447057   -0.030843   -0.0122506   1   0.112463   0.102306   -0.219282   -0.139528   0.228157   0.479029   0.686735   0.722987   0.650101   
0.0195549   0.0228246   0.00338109   0.000437361   -6.16535e-05   0.0029467   0.0021694   0.00627189   0.00419379   0.00139956   0.00109494   0.00095482   0.00312613   0.00409514   0.000888329   -3.47887e-05   0.000301714   0.000708804   -0.000311603   0.00146622   -0.00067307   -0.00100191   -0.000625223   -0.000359568   0.000849828   0.00196488   0.000366686   0.00207681   0.000460413   0.000110335   -0.000785667   -0.00127435   -0.00338949   -0.00252229   -0.00212263   -0.00124104   -0.000625217   -0.000561244   0.00545036   0.00246772   0.00141252   0.00036542   -0.00155242   -0.00251128   0.00609896   0.0100576   0.00828952   0.00821518   0.00422799   0.00173862   0.000246536   -0.000807993   0.00292476   0.00286588   0.00242537   0.00444308   0.0034495   0.000490353   -0.00102796   0.000163538   -0.00180106   -0.0038732   -0.00227287   -0.00275922   -0.00356721   -0.00177713   -0.00113537   -0.00177224   -0.00136619   -0.000893237   -0.00214598   -0.000704723   0.000886353   -0.000492032   -0.00467149   -0.0074728   -0.0104339   -0.00701511   -0.00529847   -0.000614516   -0.00100581   -0.00129977   -0.000701348   -0.000781487   -0.00055247   -0.00201418   -1.87387e-05   -0.00165645   -0.000610216   -0.00117357   -0.00268485   -0.0033123   -0.00522209   -0.00116935   0.000604807   0.00046093   -0.00111874   0.00305283   0.00308166   0.0015021   0.00237508   -0.0012603   0.000149056   0.000261335   -0.00733516   -0.00239357   0.0039626   0.00662757   0.00426584   0.00179393   -0.00528753   -0.00938092   -0.0250549   -0.0366505   -0.0420603   -0.0437624   -0.0098237   -0.0058484   -0.0229241   0.00103288   0.00337975   0.0032366   0.00349344   0.00162552   0.00115617   0.000425554   -2.04599e-05   0.00665977   0.00189333   0.0023799   0.00142747   0.00212432   -0.00205296   0.00172357   0.00868525   0.0133337   0.0116971   0.0102501   0.00717806   0.00216874   -0.00155797   0.00274243   -0.00207986   -0.00184508   -0.00127557   0.00229941   0.00784791   9.85617e-05   -0.00046612   0.0211458   0.00963156   0.00309524   0.00378977   0.00402617   0.00408198   -0.00439701   -0.0024991   -0.00461059   -0.0231654   -0.0231473   -0.0279534   0.0164364   -0.00494987   -0.00479546   -0.00418392   -0.010879   -0.0104335   -0.00739048   -0.00133289   0.00150802   0.0026857   0.00158778   0.00163938   0.00366015   0.00637347   0.00974448   0.00306568   0.00152723   0.000254278   0.00346015   0.000781857   -0.000289841   -0.000267725   0.00267147   4.3926e-05   -0.000105966   0.00671741   0.00100881   0.00107062   -0.0296095   0.000462077   -0.00924978   0.0114236   0.00238716   0.00806403   0.0154375   0.0117682   0.00688451   -0.0480748   -0.000590798   -0.000286719   0.00454724   0.00574403   0.00652119   0.00214842   0.00793581   -0.00518679   0.012043   -0.00407056   0.000303652   -0.000706074   -0.00452583   5.58344e-05   -0.0152017   0.00257139   -0.00773244   -0.00245988   -0.00123991   0.00102834   -0.278799   0.00498748   0.00704499   -0.0835126   0.00217994   0.000181646   0.0152331   0.00672705   -0.195091   -0.00104009   0.00565014   0.00281816   0.0648856   0.00414044   0.00292379   -5.36499e-06   0.00242672   0.00419612   0.0123083   1   -0.0122506   -0.0477363   0.0144033   -0.0160023   -0.0135905   -0.00873797   -0.0124563   -0.0163564   -0.0340865   -0.0232958   
0.0406016   0.0551346   0.00922512   0.00466347   0.00316463   0.00842952   0.0093112   0.010066   0.00145568   0.000691064   0.00416548   0.00397586   0.00777411   0.00609688   0.00434243   -3.76262e-05   -0.000174669   0.00287452   0.000544479   0.00801696   0.00755874   0.00376216   0.00276307   -0.0028062   0.00200166   0.00439555   0.00324597   0.00597598   -0.00113119   -0.000137662   -0.00101367   0.00118008   7.17203e-05   0.00238543   -0.00597796   -2.02768e-05   0.00115009   0.000239499   0.0140901   0.00406153   0.00186092   -0.00126986   -0.00128626   -0.00729446   0.00177841   0.0241921   0.0214348   0.0131851   0.000737645   -0.00119239   -0.00209814   -0.0108669   -0.0584142   -0.0646168   -0.0660542   -0.0709883   -0.0401073   -0.0095814   0.000942418   0.00627877   -0.00329908   -0.00499491   -0.00265125   -0.00260362   -0.00309341   0.00172595   0.00262435   0.0243273   0.0174397   0.0187568   0.0215459   0.0152275   0.00490907   0.00418756   0.00180812   0.00371246   0.00624008   0.00827528   0.00434354   0.0041223   0.00258485   0.00124609   -0.0287338   -0.011479   -0.00352839   0.00447572   0.012866   0.00247271   0.000234175   0.00835509   -0.00358151   0.00283471   0.00215058   0.00610428   0.00187914   0.00133056   -0.00796609   -0.0317514   -0.0330457   -0.0364753   -0.0363749   0.0186684   -0.00318613   -0.00777114   0.0170937   0.0224588   0.01283   0.00801321   0.00483076   0.00286842   0.00283175   0.00212088   0.00757087   0.00316277   0.0033326   0.00484482   0.00559588   -0.000162515   -0.00435871   -0.0110627   -0.0138042   -0.0193892   -0.0153646   -0.0119003   -0.00828537   -0.00353761   -0.00161926   -0.00273448   -0.00407718   -0.00252911   -0.00631118   -0.00895613   -0.00407883   -0.000607595   -0.00888611   -0.00776985   -0.0107018   -0.00727099   -0.000995926   -0.0047865   -0.00681902   0.000800304   -0.00101204   -0.00237879   -0.00147629   -0.00157868   -0.00549825   -0.00283545   -0.00300385   -0.00239501   -0.000368255   0.00220148   0.00714079   0.00630863   0.00260485   0.00156346   0.00220234   0.0118655   0.00630211   0.00591935   0.00172976   -0.00169317   3.76379e-05   -0.000547677   -0.0144528   -0.0205627   -0.0207449   -0.015359   -0.00627066   -0.00247546   0.0012397   0.00511764   0.00488932   0.0119692   0.01882   0.0196603   -0.00495788   0.00418849   0.00698753   0.00837268   0.00337864   0.000820461   0.000543275   0.00494461   4.61466e-05   -0.000139291   0.00528143   0.00881388   0.000284122   -0.109275   0.000920812   0.00164225   0.0167182   0.00953271   0.0243184   0.0458038   0.033526   -0.0550599   0.00390909   -0.00632656   -0.00241998   -0.0451275   -0.00568202   0.00373612   0.00192784   0.00861199   0.00853332   0.016061   -0.00837687   -0.0053717   0.0161966   -0.0139473   -0.0152662   0.00660732   0.0108997   -0.0221346   0.00526714   0.018022   -0.478308   0.008708   0.0163365   -0.20886   0.00584871   0.0050344   0.00740865   0.0449147   -0.202822   0.0216569   0.0110464   -0.00567919   -0.0288711   0.00948723   0.00863966   0.0109358   0.0108061   0.014559   0.0112569   1   0.0123083   -0.030843   0.0360807   -0.0127685   -0.0165445   -0.00488129   -0.0228533   -0.00612405   -0.0457829   -0.0683174   -0.0635954   
0.0468264   0.0527087   0.00610378   0.00171657   -0.000150141   0.00956026   0.0151775   0.0214929   0.0146574   0.00285009   0.00145913   0.00161441   0.00451695   0.00696809   -0.000263791   -4.86352e-05   -0.00154322   0.000178917   0.00496849   0.00928991   0.00929122   0.0099664   0.00316595   0.00551006   0.00201207   0.002837   0.000385166   0.000901943   2.76818e-05   8.87407e-05   -0.037728   -0.023449   -0.0158766   0.0655168   0.0368255   0.00874598   0.0103713   0.0249184   -0.0156995   -0.017377   -0.0217557   -0.0278484   0.0628437   0.0571177   -0.00171216   -0.000419988   -0.00283307   0.00067078   -0.000561501   -0.00274673   -0.00351923   -0.00439071   0.00200873   0.00312799   0.00235342   0.00446093   -0.00108466   -0.00149399   0.000188508   -0.00152563   -0.000456852   0.00151052   0.00385132   -0.00025351   -0.00424779   -0.00224831   -0.000710727   -0.00151142   -0.000900073   0.000345485   -0.00201081   -0.00141182   0.00275551   0.000575094   -0.00394749   -0.000652087   -0.000578523   0.00354551   -0.00258671   -0.000398334   -0.00307904   -0.00218348   0.00084226   0.000664767   0.00064178   -0.00197038   0.000489984   -0.00250631   -0.000730207   -0.00369782   -0.00386329   0.000229382   -0.00391084   -0.000405783   0.000361454   -0.00114367   -0.00245166   0.00260792   0.0042226   0.00221692   0.00489616   0.000497786   -0.000672892   -0.00164293   0.00191862   0.00288569   0.0010831   -0.00314285   -0.00269686   -0.00172021   -0.00199437   0.000729066   0.00294674   0.000730821   0.00115623   0.00257389   -0.00260945   -0.000262481   -0.00273414   -0.00241749   -0.00056921   -0.00136375   0.000455433   -0.000338488   -0.000935366   -0.00140119   -0.00143992   -0.0010625   -0.000542293   -0.000534601   -0.00266963   -0.00212509   -0.000476206   0.00321519   -0.00406237   0.00597289   0.000804288   0.000507212   -0.000959499   -0.0059278   -0.00694258   0.00130542   -0.00175471   0.000115768   -0.000635761   0.000943309   -0.000985734   -0.00118449   -0.00138736   0.0022793   -0.00126173   -0.00266474   0.00525627   0.000355089   -0.00469711   -0.00384689   -0.000467552   0.00533268   0.00220771   0.00326786   0.000692116   0.00209325   -0.000127489   -0.000191706   -0.00452356   -0.00983277   -0.00424059   -0.00334114   0.00470536   -0.000508396   -0.00163485   0.000422268   0.000629277   0.00733083   0.0112416   0.0124601   -0.00392782   0.000318814   0.00670692   0.000395417   -0.00133665   -0.00154336   -0.00144279   0.00200593   0.000674023   0.00120519   0.0129827   -0.00191431   0.00117892   -0.0520334   0.00435249   -0.000122545   -0.0037721   0.00384181   0.00435215   -0.00255833   -0.00237857   0.000199898   -0.00194719   0.0039908   -0.00991817   -0.0109337   0.00361087   0.0244545   0.00619221   0.0131506   -0.00915056   0.0182506   0.000839801   -0.000209886   -0.00664175   -0.0035955   -0.00334781   0.0123614   -0.0444622   -0.0095045   -0.00495483   0.00712174   0.0109309   0.0082653   -0.102056   0.00468854   0.00134138   0.00687746   0.0136793   -0.360267   0.00635064   0.00853521   0.00102772   -0.000188733   0.00287689   -0.00133925   0.0140855   0.00497597   0.0206169   0.0236807   1   0.0112569   0.00419612   -0.0447057   0.00216909   -0.0142783   -0.00376772   -0.00668538   -0.0131502   -0.0367245   -0.0425943   -0.0449292   -0.0422281   
0.0505025   0.0673167   0.00599876   0.0266588   0.0165759   0.0562298   0.0841387   0.063421   0.0542629   0.0121956   0.0107812   0.00408523   0.0126129   -0.0381277   0.0101995   0.000940417   -0.208073   -0.335368   -0.396598   0.0533643   0.0682795   0.0933802   0.0419372   0.0378518   -0.000489907   -0.00328934   -0.0324936   -0.0443907   0.0192856   -0.00121038   0.00821592   0.0159202   0.020808   0.00534619   0.0150432   0.00620069   0.00531022   0.00736674   0.0138525   -0.00240303   -0.00337894   0.000328872   0.000201709   -0.00583732   0.0413582   0.00450346   0.0186262   -0.037156   -0.0143772   0.0316216   0.0106314   0.0209697   0.00177729   0.00160802   -0.00865259   0.000772519   0.0049972   -0.00878936   0.0264205   0.00485249   -0.00516593   -0.000957585   -0.0231292   -2.94522e-05   0.0190143   -0.00525693   -0.00373381   -0.00902375   -0.00664462   0.00858779   0.00859984   -0.00320955   -0.0166712   0.0015762   0.00994912   0.012593   -0.000936601   -0.0072161   0.00501639   -0.0263375   -0.00344862   0.00492463   0.00389747   0.00214787   -0.00967761   0.00181231   4.1378e-05   -0.00739186   -0.00198206   0.025667   0.0892682   0.0487432   -0.0338497   -0.0626939   -0.0106158   -0.00334821   0.00588332   0.00346515   -0.0181329   -0.0061987   -0.00602336   -0.00912026   0.000563215   0.0406558   -0.00634917   0.0172889   0.00878894   -0.0294536   0.00994288   0.0332634   -0.0134389   -0.0160731   -0.0104911   0.0041006   -0.000351725   0.00564314   0.000825867   -0.000622031   0.00115711   0.0116348   -0.00153053   0.0178677   0.00297351   -0.00256082   0.0130848   -0.0151148   -0.0211385   0.00115957   -0.00110486   0.00939832   -0.00885272   0.00392276   -0.000231026   -0.0232486   -0.0124824   -0.0189559   -0.00392707   -0.00476028   -0.031328   0.0469302   0.0486504   -0.00206318   -0.00143214   -0.000121523   -0.000280124   -0.00870724   0.00672352   -0.00863484   -0.00411654   0.0099847   0.00825786   0.000956458   -0.0168018   -0.0411723   0.00433362   0.00234129   -0.0185385   0.0143434   0.00915286   0.00976169   0.0109843   0.0251634   -0.00394348   -0.00389162   -0.045851   0.0202601   0.00148184   -0.0062571   0.00441079   -0.000518398   -0.00640173   0.000707465   -0.00193426   0.0305222   0.00703312   0.011788   -0.0211709   -0.011075   -0.0188346   -0.0018216   0.0028873   0.00137812   0.00249362   -0.00410112   0.0017379   0.00476625   0.0155756   0.0108502   0.00163931   -0.0181112   -0.000657453   0.0152998   -0.00399608   0.0103496   0.00599278   -0.00600281   -0.0999056   0.0926153   0.0456658   -0.000296173   0.00116386   -0.0663298   -0.187907   0.00187502   -0.0077545   -0.169446   -0.14977   -0.117062   -0.0270679   0.0016628   0.0321795   -0.00489948   0.00401369   0.0609751   -0.00954445   0.00332035   -0.0242158   0.0918265   0.0162821   0.00210866   -0.0366053   0.00458848   -0.00385851   0.0306656   -0.248899   0.0985963   0.00870719   0.00488281   -0.0141705   -0.00157687   -0.00123083   0.00388866   0.0615637   0.0314499   0.179297   1   0.0236807   0.014559   0.00242672   -0.0663651   0.00624883   -0.0470838   -0.0127119   -0.0104344   -0.0118812   -0.0568073   -0.0630565   -0.0365847   0.0161442   
0.0466031   0.0616492   0.00647447   0.0111452   0.0247837   0.0514107   0.0629604   0.0550295   0.0237619   0.0269444   0.00393715   0.00621666   0.00961303   -0.00683182   0.0167436   0.000214882   -0.00239379   0.00763712   0.0238982   -0.212061   -0.101259   -0.0589684   -0.102393   -0.137279   0.00438247   0.00230148   0.00642213   0.0118916   -0.184717   -0.0182393   -0.000112174   0.0266674   0.0459914   0.0364355   0.0382002   0.00670556   0.0122608   0.0133589   0.00167263   0.000776994   -0.00340551   -0.00189176   0.00626571   -0.00728129   0.0149523   0.0326862   0.00221243   -0.0115797   -0.00806236   0.00137253   0.0125878   0.00799316   -0.0001089   -0.00126273   0.00163846   0.00734112   0.0101259   0.000651909   0.0205278   0.00760939   0.00715336   0.00611193   0.00624077   0.00202617   0.0100241   0.0056628   -0.00220728   -0.00506797   -0.00389119   -0.00632627   -0.00485518   -0.000466024   -0.00295981   -0.000497684   0.0121784   0.00737083   0.00573084   -0.0146371   -0.0100489   -0.00808397   0.00598134   0.000964556   -0.00131172   -0.00165073   -0.00533838   0.00333985   0.00999874   0.00661293   -0.00124403   0.0322618   0.0457127   0.0118923   -0.0222671   -0.0259154   -0.0282666   -0.00826272   0.000439642   -0.00466809   -0.0039695   -0.00596794   -0.0143694   -0.0145206   0.00379376   0.024891   0.00918228   0.0127922   -0.00649042   -0.00460473   -0.00397152   -0.00854014   0.00353969   0.00198645   -0.00372036   -0.00444959   -0.000984884   -0.00800658   0.00454344   -0.00241576   -0.0033004   0.00660326   0.00966763   -0.0015408   0.000714892   -0.00301106   0.00273308   0.00985282   0.00890578   -0.000258602   -0.00167925   0.00251281   0.00122501   -0.00413446   -0.00215242   -0.0064103   0.0205722   0.000407696   -0.00482052   -0.00493043   0.0117324   0.0122806   0.00394531   0.000374042   0.00465984   -0.00436926   0.00158992   -0.00232229   0.00654608   -0.00319564   -0.00223817   -0.00783501   0.0135131   0.00730552   -0.00305175   -0.00578428   0.00288663   0.00852724   0.00736842   0.00333036   0.000870304   0.00242555   -0.00172338   0.0012406   -0.000810912   -0.00117168   -0.0229096   0.00141493   -0.0139165   0.00429509   -0.000268027   0.0116958   0.0127482   0.0080933   0.00174141   0.010847   0.00753124   0.00834428   -0.0241127   0.00287858   0.00475642   0.000998959   0.000347278   -0.000767137   -0.000489243   -8.42553e-05   -0.00231504   -0.00214739   0.00758577   -0.00548351   0.00149902   0.0117969   0.00389234   0.00858896   -0.00305659   -0.0344364   -0.0360562   -0.0390003   -0.01378   0.0413861   0.0229009   -0.0428698   -0.0294365   -0.0809011   -0.130808   -0.0739872   0.00662702   -0.0351598   0.0608933   0.0154231   -0.0033606   0.00151464   0.0195435   0.000950824   0.00389178   0.048384   -0.055378   0.00484458   -0.0104041   0.0507707   0.0147685   0.0120847   -0.0274498   -0.000721406   -0.00321235   0.0279526   -0.215182   0.0994316   0.00545143   0.000649156   -0.0103687   -0.00226443   0.0104208   -3.2578e-05   0.0539806   0.0399129   1   0.179297   0.0206169   0.0108061   -5.36499e-06   -0.0594752   0.0236643   -0.0444428   0.00068726   -0.00298059   -0.00841147   -0.00935615   -0.0455328   -0.0322586   0.00465581   
0.0142932   0.0469938   -0.138784   -0.191007   -0.328261   0.0245072   0.0199076   0.0331753   0.037015   0.044929   -0.00425268   0.0144252   -0.04332   -0.120921   0.0388294   -0.000205258   0.00920494   0.0201932   -0.014362   0.0114293   0.0164014   0.0222459   0.0246765   -0.000274283   0.00295286   0.00932481   0.0102156   0.0389252   0.00169896   -0.00116323   -0.00347919   0.00187986   0.00874012   0.0164833   -0.00259969   0.0138655   0.0117836   0.00336803   0.0117455   0.000288093   0.00254042   -0.00506086   0.00957889   0.000305964   -0.0166869   -0.00372952   0.0075308   -0.00920074   -0.0185269   -0.00149554   0.00752117   0.00228745   0.000970999   -0.00184452   0.00642719   0.0114484   0.0113344   0.0139069   -0.00540814   0.00168176   0.00201152   -0.00745633   -0.00424208   0.0146017   0.0136316   0.0179441   -0.000574519   -0.000349213   -0.00523238   -0.00429774   0.00021527   -0.0088501   0.00856436   -0.00400015   -0.00191445   0.000966928   0.00563483   -0.0245418   -0.000501521   0.00314979   0.0116532   0.0054833   -0.000558292   -0.00439043   -0.00402467   0.00594278   0.010122   0.00549048   -0.000755358   0.00466465   0.00484144   -0.0178321   0.00592662   0.00182265   0.00152674   0.0116796   -0.000688696   -0.0020723   0.0014284   -0.00153331   0.00100502   -0.00423145   0.00346444   -0.00432136   0.000101785   0.000103843   -0.0107929   0.0115848   0.0121771   -0.0101051   0.0137459   0.000728126   -0.00291412   -0.00520928   -0.00395018   -0.012165   0.0318883   0.000313344   -0.00667376   -0.00339457   0.00419556   -0.00645243   -0.0102591   -0.00503535   0.0128016   0.0248463   0.0162195   -0.000103914   -0.00335004   0.00785472   0.00276972   -0.00253472   -0.00104059   0.00189746   0.0313325   -0.0149115   -0.0141795   -0.0109131   0.0251749   0.030846   0.0170985   0.00581256   0.0157003   -0.00545447   0.00281759   -0.00636295   -0.00542562   0.0051604   -0.0023126   -0.00255537   0.00812743   0.00144775   -0.0219046   0.00992354   0.0227502   0.0163814   0.00616606   0.000581239   0.00593365   3.08422e-05   0.0031116   -0.0204274   0.00168996   -0.000273745   -0.00986531   0.0080743   -0.0180127   0.0233084   -0.0134855   0.00375324   -0.0109011   0.00705066   0.000433139   0.00323296   0.00791728   0.0075371   0.00287318   0.00762721   0.00753675   0.0012405   -0.000871364   -0.00122088   -0.00236359   0.00128367   -0.000159739   0.00125137   0.00660172   0.00554658   -0.00134393   -0.0266522   0.00150182   0.00261707   0.0036165   0.000532608   0.000907786   0.0194208   -0.0143909   0.00412044   0.019588   -0.00467567   0.0193419   -0.00597472   0.00548606   -0.200158   0.0089218   0.0349072   0.00832507   -0.0193961   -0.0468435   -0.00102681   -0.0093818   -0.00461881   -0.00419903   0.0148294   0.0149661   -0.00386694   -0.00311896   -0.0139812   0.0126446   0.0185889   0.0149849   0.00684804   0.00770705   0.00844667   0.024945   0.0290857   0.00533927   0.0026336   0.00333476   -0.00200141   0.00864806   0.00651087   0.111742   1   0.0399129   0.0314499   0.00497597   0.0109358   0.00292379   -0.0125608   0.0253022   -0.00198338   0.000912192   0.00189232   -0.00720467   0.0248739   -0.00118674   0.0035799   -0.00213339   
0.0523845   0.0525598   -0.0113634   -0.0188471   -0.0359314   -0.0694957   -0.0339798   0.00770756   -0.0294831   -0.0621099   0.00854983   0.00845061   0.00697755   -0.0156575   -0.06041   4.84885e-05   0.00290898   0.00918526   0.00281735   0.0200177   0.0282673   0.0321856   0.019929   0.00274197   0.00670271   0.0108503   0.00410011   0.0224309   -0.00522777   -0.00131456   -0.0027293   -0.00396329   -0.00480587   0.00167342   -0.00684188   0.00494206   0.00665553   0.00572325   0.020628   0.00538281   0.00516617   -0.000515615   0.0016278   -0.00505554   -0.0153457   -0.00217316   0.013988   0.0120547   -0.000336721   0.0039642   0.00441168   0.00694029   0.000113624   -0.0011912   0.00187055   0.00458181   -0.00345411   0.00703405   -0.00692477   0.00529987   0.00182209   -0.00105198   0.00252151   0.0068764   0.00693794   0.00583374   -0.000256815   -0.00189559   -0.00304181   -0.002505   -0.00206275   -0.00323287   0.00361748   0.000958601   -0.00182897   0.00177713   0.00598617   -0.00442806   0.00369366   0.00658507   0.0113889   0.00319878   0.00025845   -0.00147949   -0.0026489   0.000586658   0.00598823   0.00454812   -0.000386962   -0.00442613   -0.00700027   0.00249397   0.0138626   0.0117921   0.0102556   0.0101029   0.00194766   -0.000388274   0.00215119   -0.000969242   0.00124563   0.00256585   -0.000355533   -0.00722648   -0.00881536   -0.00542919   -0.00270084   0.00830702   0.0157915   0.00145683   0.00606004   0.0032001   0.00113901   -0.00113885   0.000246954   -0.00228602   0.0128617   0.00148077   -0.000827815   -0.00142181   0.00184759   -0.00710084   -0.00491013   -0.00485118   0.0077258   0.0114106   0.0064792   -0.000940623   -0.00223426   0.00428242   -0.00018821   -0.00279258   -0.000227333   9.26577e-05   0.00617531   -0.00532067   -0.00622333   -0.00336264   0.0095486   0.0134895   0.00488256   0.00485601   0.00613308   -0.00293503   0.000345152   -0.00313627   -0.00422538   0.00136852   -0.00144516   -0.00435549   -0.00404882   -0.00571648   0.00428448   0.00874746   0.014907   0.0103197   0.00533869   0.00405823   0.00204941   0.00306065   0.000231213   -0.00261459   0.000605566   -0.000114856   0.00410885   0.00602257   -0.0140119   0.00280957   -0.00979648   -0.00556868   -0.0132573   -0.000664159   -0.00129361   0.0056071   0.0069823   0.0189814   0.0226749   0.00130982   -0.00258337   0.000396526   -0.000730717   -0.000909924   -0.0013206   -0.00114446   -0.00010385   0.000600097   0.0170336   0.0138848   0.000923495   0.0225308   -0.000571214   1.68829e-05   0.00342356   -0.0048724   -0.0223829   -0.0435911   -0.0472253   -0.011278   -7.43701e-05   0.0109356   0.0393545   0.060311   0.0504591   -0.0796265   0.00727067   -0.00353202   -0.0134124   0.0111863   -0.018907   0.00218885   0.00212952   -0.000851424   0.00441198   -0.0168347   0.0272352   0.00833519   -0.000220637   -0.0423556   0.0129551   0.00904657   0.0203012   0.00512271   0.00771811   -0.0375647   0.0359058   0.0574801   0.00420595   0.00614616   -0.00955168   -0.00120993   0.00616148   0.00178025   1   0.111742   0.0539806   0.0615637   0.0140855   0.00863966   0.00414044   -0.0468454   0.0186299   0.0269962   -0.0185426   -0.00726132   -0.0137394   -0.0358711   -0.0676987   -0.0811289   -0.0822057   
-0.0112306   -0.00878615   -1.02881e-05   0.00836897   0.00200201   -0.00441746   0.0049138   -0.00343408   0.00353511   0.000298455   0.0053344   0.00296007   -0.00377451   0.000444688   0.00167601   -7.3046e-05   0.00341825   0.00309232   -0.00320229   -0.00161199   0.000629512   0.00404886   0.00358954   -0.00352282   -0.000237798   0.000242066   0.00419867   0.0047368   0.000148263   5.63182e-05   -0.000766702   -0.00132776   0.00236207   0.0038926   0.000331068   0.00876726   0.00315674   -0.00396895   0.000919623   -0.00147967   0.00052326   -0.000749185   0.00203253   0.00120936   0.00930616   0.00488488   0.0201091   0.0126789   0.0111298   0.00895497   0.00772485   0.00105126   0.00272803   0.00295992   0.00358517   0.00576573   0.0149785   0.00396314   -0.000793997   -0.0058613   -0.0099629   -0.0245559   -0.0348643   -0.0179042   -0.0084259   -0.00186792   -0.00387003   -0.00169063   -0.00235005   -0.00119927   0.00151865   -0.00108558   -0.00402852   -0.00468183   -0.0183425   -0.0193249   -0.00766407   -0.00456655   0.00695091   -0.00087258   -0.00328673   0.00206836   -0.00338257   -0.00161829   -0.000206351   0.00373403   -0.011868   -0.00148865   0.000440469   -0.00442989   0.0022583   -0.0107521   0.00440621   -0.000867576   -0.00228324   -0.000707059   0.00070606   0.00127322   -0.00231737   0.00206318   0.00343732   -0.00182627   0.00259949   0.00257671   -0.0264594   -0.0285693   -0.0149989   -0.00119874   -0.0095393   -0.00941111   -0.0112877   -0.0308698   0.0472759   -0.0218476   -0.0713744   -0.0783189   -0.0116362   -0.0087121   -0.0379082   0.000376549   -0.0189655   -0.0182068   -0.0249494   -0.0139792   -0.00772152   -9.39121e-05   0.0210394   0.23331   0.0934323   0.0592124   0.055184   0.0271684   -0.00460133   -0.00166393   0.048599   0.0222709   0.0353387   0.029618   0.0230644   0.0178655   0.0158552   -0.000139282   -0.0857405   -0.0839272   -0.0550361   0.00333647   0.0616197   0.00658336   0.0141077   0.0352058   0.00428304   -0.00950005   -0.0433811   -0.0167874   0.0177224   -0.0140429   -0.0154736   0.167779   -0.0395475   -0.0505593   -0.05318   0.0161538   -0.0254518   -0.0176369   -0.00154313   0.000586924   0.0023321   0.00144909   -0.00650822   0.00111628   0.00168301   -0.00264432   -0.00181398   -0.00212909   -0.00167765   -0.00179364   0.00546493   -0.000195787   -0.00179235   -0.00464678   -0.00119852   0.000655263   0.00144419   0.00395861   0.00056441   0.000519446   0.00312417   0.0125148   -0.000641511   -0.00519889   -0.000364903   -0.0180016   -0.0106934   0.00111411   0.00077207   0.00408715   0.00536799   0.0191758   -0.0978283   -0.0333698   0.0328661   0.00690596   -0.00500138   -0.0258691   -0.00219788   0.00680849   0.0126061   -0.0529374   0.00127267   0.000105023   -0.000581266   0.00308519   0.000782562   -0.0128537   -0.00321306   -0.00367902   0.00168055   -0.00207541   -0.020679   -0.123942   -0.00058703   0.00623214   0.153211   0.0015727   0.000335609   -0.00330439   0.00605436   0.38771   0.000229429   0.00442363   -0.00933613   1   0.00178025   0.00651087   -3.2578e-05   0.00388866   -0.00133925   0.00948723   0.0648856   0.0099745   -0.0310906   0.0157239   0.00700933   -0.00215206   0.00130145   0.0586325   0.0108375   -0.000193111   0.0155162   
-0.01179   -0.0173638   0.00320265   0.00216836   0.00361507   0.00718461   0.00693542   0.0027283   -0.000180738   0.00433406   0.00274201   0.00221903   0.00411713   0.00615111   0.00241326   -3.30403e-05   -0.000977162   -0.000263903   -0.000221682   0.00851483   0.00616097   0.00394688   0.00314058   -0.00248248   0.000762626   -0.000908466   0.00138296   0.00533246   -0.001935   -0.000251406   0.000160951   0.00634903   0.00796355   0.0108002   -0.00308154   4.94641e-05   0.00146488   0.00223302   0.00253738   -0.000505395   -0.00093078   -0.00307758   -0.000898925   -0.00208502   -0.00789224   0.013253   0.00475459   -0.00259493   -0.00812219   -0.00797302   -0.00858765   -0.0108137   0.0823545   0.0182012   -0.0310905   -0.0687233   -0.0470222   -0.00558434   -0.0157736   -0.0319151   0.0222787   0.0275148   0.0286808   0.0210356   0.0214266   0.0217721   0.0213933   -0.0999771   -0.0874911   -0.0922714   -0.122778   -0.083514   0.0249501   0.026862   -0.00884769   -0.0137015   -0.0302851   -0.0423866   -0.0235185   -0.0031219   0.00110403   0.0027469   0.211929   0.0755841   0.0113533   -0.044125   -0.0607654   0.0175608   0.00208176   0.0241882   0.00453233   0.0151664   0.021065   0.0233574   0.014896   0.00774365   -0.00725411   -0.0395404   -0.0633484   -0.0859363   -0.0896404   0.0256575   -0.00473193   -0.0118133   0.00873576   0.00251268   -0.00842555   -0.00448239   0.000659503   -0.00387334   0.00166552   0.000978784   -0.00175347   -0.00323274   -0.0024734   -0.00140031   0.00863279   -0.000535689   -0.00415511   0.023778   0.0441332   0.0493883   0.0419266   0.0283944   0.021038   0.0134407   0.00640008   0.00221884   0.00425023   0.00519349   0.00473303   0.0100513   0.00258516   0.00649427   0.0158374   0.00616966   -0.0141914   -0.0202255   -0.011758   -0.0143133   -0.0118187   -0.00486501   -0.00609187   -0.00726925   -0.00644734   -0.00644906   0.00207751   -0.00432895   -0.00327147   -0.00259382   -0.00286257   -0.000519013   0.00769495   0.0110537   0.00714037   0.0032288   0.00312203   -0.00194625   -0.000385789   0.000341486   -0.00159013   -0.00369351   0.000298342   -4.27238e-06   0.0107479   0.00283177   -0.00168374   -0.00215474   -0.00790574   0.00289101   0.0105974   0.00233159   -0.00492768   -0.00155089   0.00410385   0.00789617   0.0162703   -0.00196189   -0.00895553   -0.00776321   -0.00400879   -0.00113332   0.0012745   0.00577168   -0.000136374   -0.000131564   -0.00238709   0.00218698   -0.00112585   -0.0577593   0.000753163   -0.00471746   -0.0183873   0.00919005   0.0159033   0.0292298   0.0198785   -0.0963305   -0.0112742   -0.0236083   -0.0720585   -0.0271119   0.0302661   -0.018166   0.00915963   0.0160102   0.00591981   0.0166867   0.00924756   5.90257e-05   -0.0266159   -0.00219424   -0.00971419   -0.0358536   0.00058225   -0.0139447   0.00803748   0.00553839   -0.214458   0.0124395   0.00665615   -0.105681   0.00835652   0.00360953   0.00584811   0.0147586   0.10191   0.00569062   0.00463052   -0.00556932   1   -0.00933613   0.00616148   0.00864806   0.0104208   -0.00123083   0.00287689   -0.0288711   0.00281816   0.0156878   0.0373788   0.0301577   0.00504838   0.00650868   -0.0101641   -0.0874833   0.0323419   0.000255326   -0.0245728   
0.00769524   2.66753e-05   0.000411784   -0.000451358   0.000252655   0.000979505   -0.0011598   -0.00126436   -0.00381761   0.00120232   -0.000995159   -0.000966651   0.00092451   -0.00588239   0.000443391   0.000138494   -0.000266536   -1.12628e-05   -2.281e-05   -0.00299158   -0.0013191   -0.000670154   -0.00210792   0.00297496   -0.000507417   0.000408244   -0.000432133   -0.00147979   -0.00039494   -0.000144276   -0.000120319   -0.00392059   -0.00385288   -0.0030592   0.00111047   -0.00260335   0.000290409   0.00169377   0.000327902   0.000353722   0.000643469   0.00201454   -0.000877674   0.000338275   -0.00392186   -0.0091918   -0.0188243   -0.016978   -0.0103513   -0.00573428   -0.0011261   0.00295826   -0.00131177   -0.000346663   -6.24932e-05   0.00116564   -0.000763757   -0.00187669   -0.00275481   0.00013575   -0.00435615   -0.00250321   -0.00171713   -0.00404057   0.000353378   -0.00180814   -0.000290421   0.000412631   0.0013231   0.00109742   0.00151138   0.00123341   -0.00285658   0.00137997   -0.000304183   -0.00225741   -0.000249762   0.000421756   -0.000709536   -0.00147123   0.00234678   0.000627392   0.000531967   0.0019838   0.000822523   0.00363655   0.00302435   0.00267988   0.000176823   -0.00299369   -0.00600416   -0.00263041   -0.00558031   -0.00345515   -0.00311575   -0.000940978   0.00216256   -0.000243288   0.000323852   0.000409636   0.000473626   0.00292134   -0.00129606   -0.00020247   0.0150416   0.0328776   0.0285733   0.0300363   0.0185342   0.0192269   0.00371236   0.000231593   -0.00371802   -0.00113042   0.000691214   -0.00706235   -0.00416431   -0.00473805   0.0321311   0.00645058   0.00316648   0.00237588   0.00510348   0.00898784   0.00175586   -0.00674385   0.00043119   -0.00324552   0.00172443   -8.95833e-05   0.00147369   0.00744452   0.00108129   -0.0028115   -0.00251194   0.00591734   0.00953415   -0.000895325   -0.0031404   -0.00231262   0.00213865   -0.00575019   -0.00445215   -0.00350765   -0.00399487   -0.00715575   -0.00450403   -0.00732238   -0.00338272   0.00796022   0.00939814   0.0189637   0.0253602   0.00710554   0.0136839   -0.0168078   0.000566355   -0.0156622   0.00587268   0.0015629   0.00718905   0.000331232   -0.000353216   0.00162838   -0.00391758   0.00202871   -0.00124245   -0.00510919   -0.00217724   0.00248129   0.00789514   0.00121093   2.6602e-05   0.00411211   0.00154533   0.00429863   -0.000898379   -0.0020378   -0.0074986   -5.52767e-05   0.000551029   0.000556351   0.000880934   -0.00172235   0.000124401   0.000279167   0.00417547   0.000705036   -9.55946e-05   -0.000153021   -0.00225259   0.00823524   0.00307825   -0.00262142   -0.0039942   -0.00808548   -0.00575199   -0.00294524   0.0426522   0.00293978   0.0125107   0.00759888   0.00617457   0.00609302   0.0011358   -0.0249217   0.0081025   0.00534673   0.00373843   -0.00311525   -0.0133425   -0.0104099   -0.0116065   -0.00410641   0.000863921   0.00222939   0.00546953   0.00230678   0.00114401   0.00717899   -0.00112564   -0.00302041   -0.00184539   -0.00085835   -0.00144651   -0.00204329   -0.00251706   0.00988077   0.0135559   1   -0.00556932   0.00442363   -0.00120993   -0.00200141   -0.00226443   -0.00157687   -0.000188733   -0.00567919   0.00565014   -0.0149042   0.168506   0.0215279   0.00371464   0.0262083   -0.00325948   -0.00049943   -0.00904787   0.00449601   -0.00335255   
0.0651812   0.0711008   0.00351748   0.0031776   0.000575563   -0.00868036   -0.0165263   -0.018105   -0.00891634   -0.00210683   0.00309505   0.00174869   0.00162676   0.00823829   0.00312927   -0.000136756   0.00297343   0.00374996   -0.00692719   -0.00471761   -0.00776054   -0.00660477   -0.000620315   -0.00106956   -0.00062067   0.00104963   0.00137597   0.0050548   0.00312547   0.000432962   -0.000731102   -0.00259051   -0.00380648   -0.00277477   0.000312014   0.00229766   0.00059551   -0.00216051   -0.000631722   0.00163114   0.00265685   0.0015883   0.00113572   -0.000201096   0.00409132   0.00629322   0.0195481   0.0149102   0.0038072   0.0110973   0.00440667   -0.00237014   -0.000879188   0.00082035   0.00805123   0.0014956   0.00215353   0.00596313   -0.0014146   0.000888676   0.00229912   0.00933261   0.00475179   0.0105263   -0.00011424   0.00291004   -0.000986299   -0.00053572   -0.00221225   -0.000941636   0.00101476   -0.00437701   0.00469609   -0.00779988   0.00133057   0.00305508   0.00899178   0.0115014   0.00751202   0.00511411   0.000325833   -0.00115547   -0.00690841   -0.00208788   -0.00193708   0.000148979   0.00654454   -0.00189977   0.00317545   -0.000169319   0.0108647   0.00774334   0.022932   -0.000381895   -0.00644016   -0.0028232   0.00458482   0.00289682   -0.00204222   0.00469002   0.00639247   0.00437918   -0.000829839   -0.000634062   -0.000817087   -0.0140992   -0.0186435   -0.0111406   -0.00929505   -0.00752578   -0.000134197   -0.000502717   0.00132943   0.000808118   0.00167131   0.00396035   0.0125082   -0.000323549   -0.00133504   -0.00378877   -0.00574465   -0.00707414   -0.00810363   -0.00487761   -0.00271266   0.00159017   0.00141797   3.76582e-05   7.34554e-05   0.00174631   0.00135214   0.000830257   5.16052e-05   0.00470863   0.00114883   -0.00734919   -0.0113099   -0.0107577   -0.00289299   -0.00310277   -0.00265258   0.00231111   0.00404238   0.00169081   0.00279629   0.00246534   -0.000860534   0.000768952   -1.11098e-05   -0.000512416   -0.00928142   -0.0142505   -0.0173829   -0.00855717   -0.00788362   -0.00465141   -0.00288859   -0.00289896   -0.000625108   -0.00203906   0.0006668   -0.00351594   -0.000263571   -0.000264449   0.0021992   -0.00801852   -0.0108859   -0.00290463   -0.00389729   -0.000537395   -0.00285735   -0.000537618   0.00074484   0.00421864   0.00749867   0.0155268   0.0147356   0.00126236   0.00810023   0.0019531   -0.0017237   -0.00262934   -0.00317267   0.00221636   -0.000263891   -5.52719e-05   0.0170033   0.00579342   0.00233477   0.0191335   0.000961126   0.0107397   0.00335696   -0.0113866   -0.0284511   -0.04823   -0.0347297   0.059391   0.00932175   -0.00238405   -0.00241335   0.00291156   0.0173542   -0.0232856   0.0088983   0.0232261   -0.00376172   -0.00348491   -0.00673887   0.00528165   0.0201155   0.00942935   0.0157694   -0.0197797   -0.00260876   0.00949384   -0.00756622   0.00512554   0.004195   -0.00199236   -0.00154821   0.00347613   0.000567144   -0.00393247   -0.00725852   0.00349861   0.00590022   -0.0019664   1   0.0135559   0.00463052   0.000229429   -0.00955168   0.00333476   -0.0103687   -0.0141705   0.00102772   0.0110464   -0.00104009   -0.0622127   -0.111551   -0.00936127   -0.0205427   -0.0311876   -0.0157558   0.0165733   0.0141034   0.0122509   0.0248673   
0.0433549   0.0476313   0.00620088   -0.00115371   -0.0012162   0.00660084   0.00374302   0.0115125   0.00521694   0.00102783   0.000471634   0.000867394   0.00623797   0.00632926   0.000163061   -2.59339e-05   -0.000511676   -0.00018334   0.00113796   0.00345249   -0.000399142   -0.00234491   -0.00222951   0.000144406   0.00168489   0.0031606   -0.000275962   0.00156022   0.000253257   0.000146337   -0.0011048   -0.0017621   -0.00614139   -0.00521741   -0.00392272   -0.00445113   -0.00190621   0.000321114   0.0101009   0.00468306   0.00234813   0.00101152   -0.0036747   -0.00529589   0.0106164   0.0183193   0.0101045   0.0104103   0.00342851   -0.000780484   -0.00203147   -0.0014908   0.00475145   0.00467588   0.00342097   0.00700462   0.00392655   -0.000553963   -0.000601735   -0.000835128   -0.00470528   -0.00580918   -0.00108749   -0.00538906   -0.00689456   -0.004436   -0.00183015   -0.00376713   -0.00248944   -0.00196733   -0.00513829   -0.00258674   0.00127469   -9.72511e-05   0.000684752   -0.00424055   -0.0146806   -0.0110421   -0.0121824   -0.0026087   -0.00205207   -0.00305302   -0.000681064   -0.000938996   -0.00114311   -0.00405177   0.00497108   -0.00277949   -0.00126241   -0.00270096   -0.00625976   -0.00225072   -0.00945289   -0.0017437   0.000650287   0.000120135   -0.00185661   0.00594257   0.00642914   0.00263877   0.00394712   -0.00154312   -0.000512279   -0.000372993   -0.00934742   -0.00225151   0.0103492   0.0126461   0.0133773   0.0127895   0.0030369   -0.000580202   -0.0526529   -0.0645269   -0.0650661   -0.0707535   -0.0182302   -0.00225672   -0.0115263   0.00355514   0.0122267   0.0107256   0.0136184   0.00958495   0.0101948   0.012341   0.0104742   -0.0236918   -0.00611393   -0.00067259   -0.00180909   0.0051807   0.0173903   0.0122778   -0.00495154   0.0158745   0.0120557   0.00985268   0.00909165   0.00308913   -3.44718e-05   0.0128883   0.0292917   0.0172545   0.00475249   -0.0125393   -0.0166905   0.0131482   -0.000566784   0.0352994   0.0165174   0.00721416   0.0176847   0.0131871   0.00449836   -0.00271832   0.0023461   -0.050368   -0.0382996   -0.0386608   -0.0488676   0.0307425   0.00189417   0.000521596   -0.00676486   -0.018958   -0.0182901   -0.0138971   -9.45115e-05   0.000891408   0.00214719   0.00221875   0.00282166   0.00807431   0.012741   0.0196937   0.00444639   0.0023842   0.00157801   0.00695238   0.00161438   -0.000713294   -0.000882901   0.00360889   1.30469e-05   -0.000148086   0.0125161   -0.000813512   0.0020516   -0.0564018   0.0012489   -0.0157701   0.0206773   0.00428121   0.0147131   0.0268706   0.0198019   0.0100141   -0.0822772   0.0028119   -0.0160404   0.00201966   0.0119916   0.0238555   0.00443537   0.00865699   -0.00973839   0.0333058   -0.00481918   0.000547938   0.000474191   -0.00928321   -0.000241626   -0.0184784   0.00641081   -0.0145858   -0.00494609   -0.00394686   0.00831271   -0.498248   0.00992148   0.00917552   -0.156848   0.00305029   0.000768561   0.0307858   0.0120503   1   -0.0019664   0.00988077   0.00569062   0.38771   0.00614616   0.0026336   0.000649156   0.00488281   0.00853521   0.0216569   -0.195091   -0.0287398   -0.0837353   0.0165606   -0.0309486   -0.0247294   -0.0169486   -0.0317191   -0.0363971   -0.064718   -0.0506458   
0.0251863   0.0335677   0.00516682   0.00216824   0.0014955   0.00456814   0.00435177   0.00540519   0.000361246   -0.000206023   0.00192887   0.00196055   0.00438491   0.00294053   0.00230724   -1.95575e-05   -0.000116045   0.00148535   0.000573548   0.00396506   0.00390943   0.00154738   0.00124294   -0.00121999   0.00107424   0.00260824   0.00157299   0.0026593   -0.000426312   -7.11658e-05   -0.000519449   0.000377964   -0.000502198   0.000416796   -0.00320875   -0.000439302   0.000338022   0.000207788   0.00784964   0.00236147   0.0010492   -0.000442016   -0.00080118   -0.00410565   0.00124934   0.0120792   0.0106081   0.00614349   0.00143278   0.00119887   0.00437864   0.00271948   -0.0355539   -0.036507   -0.034199   -0.0349304   -0.0188058   0.00294416   0.00827492   0.0069301   -0.0046537   -0.00696841   -0.0059436   -0.00417364   -0.00302152   0.00168919   0.00424197   0.0289   0.0215377   0.0219617   0.0263347   0.0177435   0.0037931   0.00447178   0.00245888   0.00475508   0.00727932   0.00894623   0.00513758   0.00358589   0.00311012   0.00175176   -0.0381577   -0.0165377   -0.00597128   0.00201083   0.00963936   0.00241053   0.000670668   0.00267979   -0.00253205   0.000917265   -1.67601e-05   0.00179699   0.000327378   0.000890659   -0.00264938   -0.0171916   -0.0141442   -0.0156688   -0.0154551   0.00882889   -0.000421274   -0.00168111   0.00914837   0.0127424   0.00733902   0.00340974   0.00157619   0.000724789   0.000719861   0.00120502   0.00459913   0.00194749   0.0019535   0.00256308   0.00212631   -5.60978e-05   -0.00213948   -0.00928198   -0.0130055   -0.0177143   -0.0142887   -0.0109142   -0.00745736   -0.00349977   -0.00160204   -0.00205211   -0.00307874   -0.00217312   -0.00447757   -0.00670352   -0.00265413   -0.00133856   -0.00487165   -0.00240989   -0.0033703   -0.00171531   0.000498865   -0.00184786   -0.00338218   0.000952045   0.000216879   -0.00057261   -0.000189339   -9.45225e-05   -0.00230697   -0.00111247   -0.0014186   -0.000864827   0.000484238   0.00146581   0.00464251   0.0027658   0.000749431   0.000569042   0.00125448   0.00736305   0.00367993   0.00367601   0.00104755   -0.000157383   2.54437e-05   -0.000260866   -0.00895727   -0.0117921   -0.0116425   -0.00828951   -0.00244917   -0.00200116   -0.00113084   0.00240814   0.00350026   0.00726977   0.0107675   0.0109581   -0.00416794   0.00251991   0.00433534   0.0054122   0.00225258   0.000545858   0.000140822   0.00202714   3.09695e-05   -4.71158e-05   0.00379392   0.00517078   0.000383355   -0.0589682   0.00176782   0.00118241   0.01114   0.00456965   0.0124449   0.02326   0.0170202   -0.0262503   0.00351949   -0.00329898   0.00228831   -0.0254537   -0.00594999   0.00436053   0.000444164   0.00319286   0.00336197   0.0103237   -0.00530144   -0.00303777   0.00994023   -0.00785014   -0.00782215   0.00788691   0.0064826   -0.0115546   0.00172101   0.00639287   -0.260643   0.0049434   0.0089558   -0.0952722   0.00157786   0.00245283   0.00385032   0.0250001   1   0.0120503   0.00590022   -0.00251706   0.10191   0.00605436   0.00420595   0.00533927   0.00545143   0.00870719   0.00635064   -0.202822   0.00672705   -0.0195369   0.0165377   -0.00866734   -0.0101594   -0.0036119   -0.0115489   0.00852846   -0.0308425   -0.0377717   -0.0355026   
0.184681   0.215852   0.0237404   0.0105338   0.00551077   0.0406365   0.0661123   0.0802438   0.0515824   0.0105234   0.00816023   0.00913955   0.0153573   0.0332408   0.00273122   -0.00035263   -0.00562085   0.00211245   0.0190095   0.0487074   0.0493951   0.0457395   0.021477   0.0162076   0.00860283   0.00935426   0.00526731   0.00797455   -0.00176761   0.000169861   -0.133207   -0.073082   -0.0443448   -0.0728875   0.0589045   -0.0130565   -0.0158349   -0.0309525   -0.0594536   -0.0647342   -0.076801   -0.102   -0.0794665   -0.0963978   0.0033762   0.00899659   -0.0137514   -0.00580281   -0.00789245   -0.0154322   -0.0127551   -0.0222923   0.00791075   0.0111167   0.0100459   0.0180712   0.00579642   -0.00420508   0.00821799   -0.0056279   0.00247525   0.00477934   0.0129053   0.000929796   -0.0160563   -0.00403488   -0.00292532   -0.0053955   -0.00453324   -0.00114811   -0.00888074   -0.00498829   0.0152406   0.00242644   -0.0127774   -0.00218822   -0.00179379   0.00884985   -0.00933078   0.00025924   -0.0130367   -0.00824994   0.00237185   0.000629448   0.00197322   -0.00695852   0.00198935   -0.00932902   -0.00277575   -0.00600575   -0.00432289   -0.00587247   -0.0157399   -0.00144496   -0.00308047   -0.00515921   -0.011289   0.00769823   0.0150203   0.00756895   0.0162159   -0.00527368   0.00126124   0.00171191   0.0170344   0.0152684   -0.00106792   -0.0106848   -0.016684   -0.0138578   -0.00392155   0.00228831   0.0105681   0.000990189   0.00265475   0.00508646   -0.00515999   -0.00192532   -0.0131651   -0.0098005   -6.09751e-05   -0.00256032   0.00117574   0.000353268   -0.00488176   -0.00168925   -0.00137867   -0.0036961   -0.00230801   -0.00314116   -0.00872229   -0.00798914   -0.00262976   0.0172706   -0.0046222   0.0212613   0.00216879   0.000913549   0.00463464   -0.0216674   -0.0259359   0.00730021   -0.00373336   -0.000270151   -0.00189504   0.00282691   -0.00434289   -0.00253984   -0.00510849   0.00907324   0.00380787   -0.000809236   0.0105957   0.00489657   -0.0171473   -0.0136604   -0.00114684   0.0178015   0.00943601   0.00963261   0.00275065   -0.003496   0.000273799   -0.000514014   -0.0203558   -0.043635   -0.0196028   -0.00909782   0.0158349   0.00390823   0.000982314   0.00555355   0.00510557   0.0258252   0.0434184   0.0448025   -0.0200812   0.00408628   0.036642   0.00261216   -0.00584853   -0.00681698   -0.00677081   0.00965145   0.000437283   0.00415142   0.049262   -0.00843557   0.00553239   -0.190585   0.00144763   0.00170887   -0.0150837   0.0062309   0.0120803   -0.0102621   -0.00919035   0.0102191   -0.00375849   -0.00506642   -0.0568524   -0.0919631   -0.0175594   0.06072   0.0280804   0.0815063   -0.0042161   0.0609274   -0.0027309   -0.000881944   -0.022775   -0.0130657   -0.0127326   0.0464525   -0.163836   -0.0360967   -0.00220798   0.046596   0.0413252   0.0352781   -0.436012   0.017992   0.00432326   0.0289812   0.0647264   1   0.0250001   0.0307858   0.00349861   -0.00204329   0.0147586   -0.00330439   0.0574801   0.0290857   0.0994316   0.0985963   -0.360267   0.0449147   0.0152331   -0.177782   0.0175139   -0.0659412   -0.00941215   -0.0240877   -0.0522599   -0.126147   -0.157422   -0.158524   -0.150487   
0.0313572   0.0410815   0.00400407   0.00866373   0.0151494   0.0340162   0.0439779   0.0369869   0.0182707   0.0157594   0.00312695   0.00385879   0.00612071   -0.00733614   0.0097872   0.000204538   -0.0163339   -0.0194101   -0.0247037   -0.113278   -0.055101   -0.030394   -0.0528788   -0.0686742   0.000773475   -0.000185258   0.000411008   0.00299234   -0.0921737   -0.00905302   0.000716725   0.0167322   0.028242   0.0214138   0.0229298   0.00456949   0.00743713   0.00814414   0.00207701   0.000103267   -0.00232957   -0.00117636   0.00352225   -0.00475067   0.0127345   0.0190448   0.00285497   -0.00990297   -0.0056095   0.00353006   0.00806988   0.00614642   0.000138941   -0.000531866   8.41784e-05   0.0041147   0.00652137   -0.000581381   0.0141574   0.00444128   0.00356053   0.0035406   0.00147702   0.00111379   0.00727386   0.00266935   -0.00159553   -0.00363814   -0.00277151   -0.00278043   -0.00197106   -0.000479669   -0.00314668   -8.45335e-05   0.00807269   0.0054236   0.00313148   -0.00876071   -0.0051512   -0.0070974   0.002649   0.000908422   -0.000407436   -0.000759725   -0.00389514   0.00201025   0.0054515   0.00290994   -0.00087256   0.0203674   0.0338729   0.0109693   -0.0153982   -0.020087   -0.0170607   -0.00518312   0.000753234   -0.00241424   -0.00403898   -0.00393782   -0.00867764   -0.00909548   0.002263   0.017907   0.00487079   0.00878054   -0.0027934   -0.00517698   -0.00182897   -0.0018547   0.000705945   -0.000431246   -0.00306476   -0.00208847   -0.000577481   -0.00390131   0.0023262   -0.00146528   -0.00175386   0.00478098   0.00521974   0.0011623   0.000927944   -0.00159163   0.00246444   0.00381671   0.00292089   -1.19978e-05   -0.000992645   0.00206501   -0.00011829   -0.00191056   -0.0012812   -0.00558318   0.0104511   -0.00146845   -0.00276045   -0.0030542   0.00349164   0.0106546   0.00648977   -5.93796e-05   0.00237905   -0.0023982   0.000840069   -0.00209921   0.00437954   -0.00260585   -0.00160459   -0.0034711   0.00844117   0.00459762   -0.0036393   -0.00706055   0.00174499   0.0048079   0.0023159   0.00310842   0.00136547   0.00210659   7.36218e-05   0.00285113   -0.000799803   -0.00100223   -0.0170299   0.0022402   -0.00752025   0.00153613   0.000292104   0.00667171   0.00699157   0.00444145   0.000869773   0.00885709   0.0048776   0.00579196   -0.0154944   0.000550581   0.00110278   0.000421518   0.000436283   -0.000337851   -9.14397e-05   -0.000363574   -0.00112421   -0.000811232   0.00572647   -0.00210726   0.0010179   0.00537741   0.00219022   0.00625208   -0.00205796   -0.0189984   -0.0201693   -0.0235438   -0.0163034   0.0318416   0.0168553   -0.024227   -0.0176947   -0.0527157   -0.0912731   -0.0395019   0.00304545   -0.0346813   0.0222811   -0.00305709   -0.00350389   0.00103423   0.0141047   0.0001797   0.00264388   0.0323137   -0.0320263   0.00313066   -0.00796916   0.0375685   0.00968119   0.00696348   -0.0175777   -2.9464e-05   -0.00229035   0.0184631   1   0.0647264   0.00385032   0.000768561   -0.00725852   -0.00144651   0.00584811   0.000335609   0.0359058   0.024945   -0.215182   -0.248899   0.0136793   0.00740865   0.000181646   -0.0401452   0.013903   -0.0294435   -0.000797786   -0.00270867   -0.00592951   -0.0112757   -0.0317901   -0.0220902   0.00348373   
0.0256316   0.0293567   -0.0207183   -0.0275561   -0.062065   -0.0179755   -0.013114   0.00169462   -0.013556   -0.0115783   0.00320162   0.00537413   -0.00389441   -0.021685   -0.00850416   -1.79292e-05   0.00222292   0.00587288   -1.99707e-05   0.0103032   0.0144329   0.0165836   0.0115113   0.00055422   0.00328896   0.0056698   0.00295443   0.0138573   -0.00214309   -0.000670301   -0.00154454   -0.00128861   -0.000998858   0.00260169   -0.00340096   0.00411629   0.00397733   0.00244635   0.0104785   0.00246408   0.00257556   -0.000986702   0.00169437   -0.00239544   -0.00821212   -0.0020246   0.00714241   0.00452387   -0.00176691   0.00156965   0.00235001   0.00246428   0.000309485   -0.000593769   0.0014973   0.00303278   -0.000181407   0.00456327   -0.00376177   0.00213584   0.00116583   -0.00130586   0.00025553   0.00475331   0.00409529   0.00448356   -0.000157263   -0.000700098   -0.00189052   -0.00138074   -0.000766092   -0.00229472   0.00291247   -1.52862e-05   -0.00111812   0.000921307   0.00320737   -0.00399103   0.00222418   0.00346275   0.00556929   0.00189793   0.000106268   -0.00118241   -0.00148631   0.000683441   0.00323471   0.00207087   -0.00022005   -0.00161768   -0.00227677   -0.00127545   0.00701417   0.00549014   0.00495239   0.00548424   0.00045606   -0.000385744   0.000955054   -0.000473307   0.00101119   0.00056914   0.00039953   -0.00345065   -0.0036524   -0.0024685   -0.00209965   0.00517291   0.0079167   -0.000373018   0.00412325   0.00121312   0.000339095   -0.000875809   -0.000342731   -0.00221334   0.00874886   0.000717154   -0.00115859   -0.00126313   0.0010266   -0.00307162   -0.00308849   -0.00220727   0.0045265   0.00716041   0.00413415   -0.000390777   -0.00128008   0.00244234   8.57908e-05   -0.00130408   -0.000202021   0.00082977   0.00586334   -0.00393848   -0.00385256   -0.00238747   0.00656638   0.00873786   0.00401696   0.00279522   0.00427448   -0.00167346   0.000382949   -0.00208672   -0.00272242   0.00135697   -0.000811778   -0.00155679   -0.000442755   -0.00159149   -0.00139365   0.00477508   0.00845501   0.00559899   0.00236825   0.00166479   0.00169015   0.00106933   0.000616636   -0.00425583   0.000501313   -4.74727e-05   0.00103811   0.00253967   -0.0078602   0.00352301   -0.0057302   -0.00206509   -0.00702587   0.000136458   -0.000395365   0.00267199   0.00403004   0.00918968   0.0108336   0.0013777   0.000227637   0.000370307   -0.000533808   -0.000640777   -0.000986064   -0.000133197   -8.36119e-05   0.000360604   0.00850654   0.00668301   0.000300437   0.00690959   6.63226e-05   0.000182555   0.00217748   -0.00218539   -0.0105712   -0.017546   -0.0218779   -0.00446013   0.00168468   0.00469371   0.0183909   0.0253745   0.0227223   -0.0541229   0.00422315   0.00550435   -0.00638376   0.000209335   -0.0120799   0.000881566   -8.55841e-05   -0.000805474   0.0015128   -0.00765571   0.0136926   0.00324011   -0.000917557   -0.0199824   0.00690198   0.00595038   0.0112001   0.00312531   0.00427483   1   0.0184631   0.0289812   0.00245283   0.00305029   -0.00393247   -0.00085835   0.00360953   0.0015727   -0.0375647   0.00844667   0.0279526   0.0306656   0.00687746   0.0050344   0.00217994   -0.0231094   0.0112884   0.0120503   -0.00807513   -0.00312786   -0.00719011   -0.0145567   -0.0307655   -0.0366851   -0.0375279   
-0.0040928   0.00342542   0.00288535   0.000974484   0.00228418   0.000910702   -0.00158531   0.00839815   0.0111469   0.00686575   0.00263056   0.00186327   0.00363768   0.00878482   0.00490669   -0.000142232   0.00165715   0.00386535   -0.00454641   -0.000372098   -0.0048071   -0.00279853   0.000702266   -0.000903103   0.000404961   0.00322365   0.000576472   0.00669178   0.0028304   0.000322487   -0.00138472   -0.0021755   -0.0053541   -0.00306913   -0.0022527   0.00037692   -0.000337512   -0.00290637   0.00339652   0.00286044   0.00179568   -0.000525882   0.000252706   -0.000442806   -0.000499482   0.00436749   0.0102395   0.0150187   0.0113153   0.00922342   0.00296223   -0.00220692   0.0029449   0.00251375   0.00340892   0.00352287   -0.000189772   0.0031193   -0.00616244   0.0112118   0.014115   0.0121489   0.0141916   0.013497   0.00461344   0.00462668   0.00129746   0.0021669   0.000796893   0.0016122   0.00178256   0.00666114   0.00588723   0.000151404   -0.025378   -0.0286038   -0.022212   -0.0109966   -0.00140678   0.00608645   0.0022645   -0.000351872   -0.000131585   -0.00136209   0.000389092   -0.00363749   -0.00980834   -0.00156636   -0.000300137   0.00511312   0.000765999   -0.0106952   -0.0100062   -0.00281213   0.00377664   0.00333041   -0.00285091   0.000124826   0.00154436   6.89237e-05   0.000967682   -0.00277919   0.00116041   0.00150662   0.00563968   0.0140543   0.00911772   0.0115481   -0.00447774   -0.0278595   -0.0439158   -0.0484132   -0.0533015   -0.0323161   -0.022149   -0.00823177   0.00821997   -0.0333417   -0.113917   -0.0104975   -0.0101477   -0.0067203   -0.00967199   -0.0172927   -0.0312746   -0.0496897   -0.0595618   -0.0109781   -0.0340348   -0.0316737   -0.0296936   -0.0310626   -0.0956787   -0.0368036   0.0477313   0.0289286   0.0209219   0.0194602   0.00984928   -0.01099   -0.0282873   -0.0309924   -0.0627908   -0.00631256   0.0170877   0.0609418   0.0806105   -0.061905   -0.0175553   0.000762677   0.00672203   0.00730629   0.00339493   -0.00582111   -0.00268688   -0.0187776   -0.0217506   0.0426055   -0.00548443   0.0119244   0.0142688   -0.00852667   -0.0306192   -0.030409   -0.00570058   -0.0152601   -0.0149318   -0.00688294   -0.00560711   0.00802277   0.0125368   0.00660693   0.00396571   -0.00109071   0.00266816   0.0022923   0.00353452   0.00342239   -0.00278744   0.00478215   0.00103596   -8.85301e-06   0.000166533   0.00442257   -0.000209306   -0.000725574   0.00324315   0.00289759   0.00105357   -0.0128158   -0.00103818   0.00346665   0.0216984   0.00137551   0.00611547   0.0149012   0.0122702   -0.000773161   0.0217709   0.00863657   0.0325596   0.0254871   0.00415051   -0.0193949   0.00141269   0.028576   -0.0156466   0.010143   -0.0151518   -9.64767e-05   -0.00787116   -0.00383361   -0.000367741   -0.0442007   -0.00268951   -0.00144206   -0.00194502   0.00514185   -0.00786481   -0.178381   0.00150175   0.0158538   1   0.00427483   -0.00229035   0.00432326   0.00157786   -0.156848   0.000567144   -0.00184539   0.00835652   0.153211   0.00771811   0.00770705   -0.00321235   -0.00385851   0.00134138   0.00584871   -0.0835126   0.00574268   -0.0127254   0.0436305   -0.0133024   -0.00760424   -0.00488063   -0.0226866   0.00472798   -0.0207415   -0.000429093   
0.0225033   0.0392507   0.00345495   0.0054791   0.00064304   -0.00185983   0.00457296   0.00522615   0.00735148   0.00139233   0.00471087   0.0034093   0.00144564   0.00572498   0.00219846   -4.52788e-05   0.00165157   0.00426794   -0.00319833   0.000676915   -0.0011162   0.00205475   0.00106099   -0.0032459   0.00117576   0.0034477   0.00279381   0.00704965   0.000936975   0.00023226   -0.00140277   -0.00371447   -0.00555139   -0.0029669   -0.00299877   0.00378836   0.00150355   -0.00470265   0.0080429   0.00331552   0.00287709   -0.000271861   0.00152316   -0.002811   0.00873677   0.00874107   0.0246453   0.0290893   0.00894795   -0.0079508   -0.0602913   -0.110506   -0.126952   -0.0555096   -0.0266184   0.00396965   0.0111842   -0.114323   -0.0816733   0.00220683   0.0084786   0.0199857   0.0244817   0.0130269   -0.0140516   -0.0423373   -0.0706118   -0.0842359   -0.0350048   -0.0212243   -0.0156353   -0.00371655   -0.0487958   -0.0712034   -0.0080063   -0.0179476   -0.0107459   0.00523414   0.0051913   -0.00611187   -0.0224513   -0.0241931   -0.0135368   0.0261074   0.0417958   0.0770216   0.0645805   -0.0530593   -0.0137496   0.00453976   0.00640547   -0.000648032   0.00499248   0.00353489   -0.00915739   -0.0150208   -0.0320569   -0.030288   -0.00470726   0.0100147   0.0215469   -0.00639572   -0.0260116   -0.0245845   0.00361781   0.00443457   0.00919511   0.0162543   0.0125693   0.0140955   0.00848359   -0.000263909   0.0033542   0.00340566   0.00366523   0.00662908   0.00661535   6.78571e-05   -0.0027805   0.00264741   0.00516502   0.0143293   0.0117679   0.0118273   0.00663577   0.00213838   0.000387812   0.00223197   0.00268651   0.00283971   0.00217466   0.00389927   -0.000325354   0.00678487   -0.0293503   -0.0362312   -0.0243932   -0.0105428   0.000792812   0.00330596   0.00248732   0.00157096   -0.00235775   -0.00170337   -0.000916323   -0.00239887   -0.0177055   -0.00220265   -0.00147547   0.00149113   0.000456974   0.00253802   -0.00805372   0.00153294   0.00103456   -9.815e-05   -0.00291778   0.00309575   0.00403653   0.000848066   0.00344522   -0.00411086   -0.000242745   -0.000817365   -0.0134662   -0.0196568   -0.0172621   -0.0141554   -0.00846197   0.000240533   0.00681694   0.00752971   0.000169627   0.00373163   0.00737244   0.00721259   -0.00458346   0.00478898   0.0139645   0.00975374   0.00392955   0.00113038   0.000622571   0.00597371   0.000244593   -0.000777963   -0.00419775   0.00156326   -0.00127964   -0.0357805   -0.0183271   0.00854615   0.0206194   0.00283129   0.00759665   0.0180934   0.0155628   0.0377795   -0.00341652   0.0289309   0.0473171   0.00670118   -0.0127195   -0.00263717   -0.00319989   0.0157392   0.00113913   -0.0178647   -0.015213   -0.00319852   0.0432294   -0.00646004   -0.00576703   -0.00777191   0.00172185   -0.00854052   0.00935421   0.0461525   -0.203003   -0.00861086   0.00593232   1   0.0158538   0.00312531   -2.9464e-05   0.017992   -0.0952722   0.00917552   0.00347613   -0.00302041   -0.105681   0.00623214   0.00512271   0.00684804   -0.000721406   0.00458848   0.00468854   -0.20886   0.00704499   -0.0198075   0.00642507   -0.0262508   -0.0130849   -0.00651573   -0.0269458   -0.0587766   -0.00713589   -0.0450738   -0.0160365   
0.0677121   0.0805643   0.00332474   -0.00148074   -0.00636944   0.0170163   0.0295614   0.0356755   0.0193352   0.00439328   0.00380031   0.00481797   0.00568809   0.00303388   0.000282464   -4.70073e-05   -0.00662763   -0.00507504   -0.000483063   -0.0161577   0.00271117   0.00947397   -0.00671963   -0.0157143   0.00381482   0.00417807   0.00235539   0.00594682   -0.0296059   -0.00299739   -0.0400872   -0.0171237   -0.00403632   -0.0133319   0.0234345   -0.00136752   -0.00124498   -0.00627711   -0.0143805   -0.0184371   -0.0239144   -0.0313261   -0.0196862   -0.0281997   0.00250095   0.00747892   -0.00197142   -0.00366912   -0.00442882   -0.00325849   -0.000957683   -0.00413646   0.00240586   0.00300895   0.00335351   0.00722897   0.00335802   -0.000437078   0.00554112   0.000108324   0.00188094   0.00208846   0.00434807   0.00149793   -0.0017828   0.000472985   -0.00134835   -0.00278545   -0.00248982   -0.00141797   -0.0033263   -0.00213168   0.00409849   0.000642241   -0.00187142   0.000958947   0.000980937   -0.000856456   -0.0039862   -0.00129485   -0.0017753   -0.0017697   0.00060334   -0.000230702   -0.000809327   -0.0012611   0.00291564   -0.00138127   -0.00112075   0.00363056   0.00757333   0.00108332   -0.00778726   -0.00512849   -0.0048195   -0.00182954   -0.0029735   0.00157053   0.00360858   0.00104451   0.00254747   -0.00389225   0.00100607   0.0046584   0.00550962   0.00646959   -0.00157769   -0.00363935   -0.00369203   -0.00474174   -0.00011968   0.000880541   0.00229333   -0.000526331   0.000556826   -7.50025e-05   0.00104104   -0.000837194   -0.00461546   -0.00176466   0.00171377   -0.00133513   -0.000124749   -0.000972725   0.00027407   0.00223038   0.00140088   -0.00118823   -0.0012431   0.000265221   -0.00256007   -0.00322274   -0.00117075   0.00352574   0.00280337   0.00506362   -0.00108048   -0.00117144   0.00382309   -0.00142683   -0.00502129   0.00268905   0.000484578   -0.00114713   -0.000208182   -0.000152095   -0.000553768   -0.00124926   -0.00215207   0.00126581   0.003264   0.000404698   0.00205411   0.000425511   -0.00273754   -0.00138247   0.00096643   0.00652847   0.00347903   0.00375759   0.000920599   -0.000823054   -5.96045e-05   -0.000454252   -0.0107222   -0.0114201   -0.00951838   -0.00132522   0.00365697   0.00259585   0.000713532   0.00303835   0.00160993   0.0106825   0.015004   0.0166169   -0.0084216   0.00167701   0.0110439   0.000936111   -0.00167545   -0.0021976   -0.00217299   0.0026618   -0.000194253   0.00109478   0.01769   -0.00185547   0.00193887   -0.0544149   0.00110492   0.00230657   -0.00470752   -0.00362622   -0.00362076   -0.0120157   -0.0113588   0.0109626   0.00415096   -0.00736305   -0.0175844   -0.0364268   -0.026073   -0.00512207   0.00994512   0.0146784   0.00371901   0.0180723   -0.0046819   0.000150965   -0.00306124   -0.00406617   -0.00286934   0.0221823   -0.0551247   -0.00938046   -0.00315525   0.0201299   0.0163555   0.0136217   1   0.00593232   0.00150175   0.0112001   -0.0175777   -0.436012   0.0089558   0.00992148   -0.00154821   -0.00112564   0.00665615   -0.00058703   0.0203012   0.0149849   -0.0274498   -0.0366053   -0.102056   0.0163365   0.00498748   -0.0675624   0.0110681   -0.0255966   -0.00445243   -0.00839021   -0.0183519   -0.0424336   -0.0607088   -0.0592812   -0.0499226   
0.047681   0.0631694   0.0105635   0.00973524   0.00739976   0.00594651   0.00649446   0.00244887   0.00018419   0.00515841   0.00724934   0.0072938   0.00638596   0.00857013   0.00911129   -7.74602e-05   0.00331435   0.0047909   -0.00542006   0.00769297   0.00896746   0.00282334   0.00603063   -0.00332685   0.00116728   0.00421455   0.00706307   0.0129089   -0.00101376   -0.000328584   -0.0016999   -0.00225596   0.00041298   0.00711499   -0.0021026   0.00338249   0.00429716   0.00210434   0.0126462   0.00310724   0.00285101   -0.00147754   0.000189668   -0.00488493   -0.0150186   -0.0138342   -0.0234655   -0.0227896   -0.0212905   -0.0176933   -0.00360482   -0.00460207   0.000675008   -0.00157396   -0.000696524   0.00197554   0.000763413   0.00185635   -0.00128301   0.0063079   0.0138741   0.0115169   0.00921248   0.00602165   0.00335654   0.00581866   -0.000948504   -0.00405678   -0.00601914   -0.00596112   -0.00777247   -0.000372608   0.00614025   0.000425248   0.0300981   0.0457069   0.0527687   0.0337854   0.0220355   0.012889   0.00617988   0.0024443   0.00512126   -1.3854e-05   -0.00299997   0.00142732   0.0167079   0.00368192   -0.000413342   -0.0026367   -0.0106796   -0.0205964   -0.0113494   -0.00707676   -0.0137215   -0.00535428   -0.00323013   -0.000803454   0.000711798   -0.00249912   0.000324227   0.00376605   0.000711671   -0.00182026   0.0102216   0.0177211   0.0207883   0.0274468   0.0138089   0.00860414   0.0162549   0.00617028   0.0457384   0.00640756   -0.0154452   -0.0205161   0.00918091   0.0062045   0.0114319   -0.0414016   -0.0235298   -0.0116805   -0.00768873   -0.00400748   0.00533692   0.00995817   0.0139314   0.0660567   -0.00648627   -0.0234398   -0.0496784   -0.0616168   -0.00294364   0.0040763   -0.0298933   -0.00317881   0.019558   0.0188956   0.0152497   0.0107938   -0.00543774   -0.00681901   -0.154848   -0.179882   -0.171646   -0.169133   -0.127732   -0.026345   -0.024968   0.01782   0.013607   0.0115541   -0.00188136   0.0131254   0.0195359   0.00763572   0.0074289   0.0634495   -0.00379398   -0.0147554   -0.0195475   0.0099206   -0.000288718   0.00162602   -0.0136422   -0.0166492   -0.0189934   -0.00428281   -0.00354936   0.00130744   -0.00328256   0.00127978   0.00407678   0.00957147   0.0168651   0.0183724   -0.0034625   0.00517736   0.00804861   0.0028609   0.000445369   -0.000447888   -0.000339611   0.00636359   0.000663974   0.000179199   0.0125471   0.0152597   0.000435538   -0.0849232   0.00153842   -0.00258669   0.00300635   0.0077292   0.0199162   0.0349809   0.0273001   -0.00568314   -0.0136945   -0.0197489   -0.015681   -0.0146386   -0.000940799   -0.0381784   0.00461316   0.0187355   0.0355607   0.00327786   -0.00980105   0.000490445   -5.74716e-05   -0.00687909   -0.000602075   0.0107723   0.0127158   -0.0160862   -0.00143729   -0.0107205   0.0576895   1   0.0136217   -0.00861086   -0.178381   0.00595038   0.00696348   0.0352781   0.0049434   -0.498248   -0.00199236   0.00717899   0.0124395   -0.123942   0.00904657   0.0185889   0.0120847   0.00210866   0.0082653   0.008708   -0.278799   -0.0341893   -0.103198   -0.000571257   -0.0203393   -0.0263388   -0.0155645   -0.0365883   -0.0912714   -0.0370229   -0.0354192   
0.0503338   0.0543299   0.0127271   0.00282277   0.00581474   0.0182353   0.00605034   0.0121743   0.00374157   0.00668939   0.00265327   0.00382758   0.0153967   0.000525424   0.0076209   0.000200243   -0.000331304   0.000838138   0.00211166   0.00581774   0.00706652   0.00454276   0.00112695   0.00511752   0.000530194   0.00617801   -0.000134389   0.00700248   -0.000329052   -0.00078191   -2.87524e-05   -0.00251379   -0.005548   -0.00143101   -0.0025883   -0.00898431   -0.000144865   0.00940725   0.0144472   0.00454984   0.00186544   0.000220488   -0.00513352   -0.00598171   -0.000801337   0.00997233   -0.00696663   -0.00946839   -0.00834792   0.00282123   0.0183509   0.0375551   0.0395974   0.0200217   0.0127639   0.011917   -0.00362799   0.0344026   0.0276951   -0.00685685   0.0136504   0.01938   0.0223369   0.00793457   0.00766321   0.00608346   0.0046567   -0.0339015   -0.0446246   -0.0503548   -0.0750524   -0.0511444   0.0100224   0.00954234   0.0148152   0.052137   0.049975   0.0243213   0.000782255   -0.00102146   -0.000792779   -0.00722471   -0.0707256   -0.0877188   -0.0989172   -0.14496   -0.0969028   -0.0139908   -0.00809126   -0.00190656   -0.00479909   -0.00182535   -0.0242571   -0.0140176   -0.000189097   0.00590015   0.00997403   0.0221277   0.0131595   0.00416736   0.00242824   0.000479047   0.00735058   0.00975499   -0.0143605   -0.018975   -0.0293908   -0.030469   -0.00689514   -0.00892341   -0.0075822   0.001859   -0.00257368   -0.00718966   -0.00558219   -0.0051336   -0.00220273   -0.00117944   -0.00611694   0.00930373   0.0224539   0.0142617   0.0176117   0.00583416   0.0135615   0.00922595   0.00339867   -0.00288844   -0.00292804   0.0027386   -0.00608671   -0.0042749   0.00030477   -0.00110921   0.0442768   0.0650073   0.0436683   0.0278107   0.0163106   0.0118898   -0.00124685   0.00716961   0.00472156   -0.00158504   -0.00186136   -0.00174094   0.0220972   -0.000147728   -0.00388308   -0.00326134   -0.0118648   -0.023243   0.0102504   -0.00667329   -0.00493437   -0.000720171   0.00390744   0.00263083   -0.00320834   0.00387415   -0.00681314   0.0126567   -0.00153911   -0.00146812   -0.0141875   -0.0112402   -0.022596   -0.0133602   -0.0036407   -0.00133089   0.00031638   0.00620532   0.00327081   0.0158023   0.0200876   0.0256688   -0.000740973   0.00146509   -0.00720575   0.00305532   0.00176792   0.000905125   0.00208111   0.00295947   -0.000168559   0.000341158   0.0139122   0.0141658   0.00194246   -0.102003   0.003997   -0.00377518   0.00813561   0.0105205   0.0323984   0.0516903   0.0361775   0.00726692   -0.0134093   -0.0167801   -0.0710866   0.00348097   -0.00245704   -0.00550661   0.00546929   -0.0255516   -0.0223637   0.0541055   -0.00815253   -0.00362251   0.000457475   -0.0138433   -0.0148778   0.00157   0.0174683   -0.0197026   0.00486445   -0.00735913   1   0.0576895   0.0163555   -0.203003   -0.00786481   0.00690198   0.00968119   0.0413252   -0.260643   0.00831271   0.004195   0.00114401   -0.214458   -0.020679   0.0129551   0.0126446   0.0147685   0.0162821   0.0109309   -0.478308   0.00102834   -0.0405346   0.0383894   0.0246515   -0.0179911   -0.00568072   -0.0223443   -0.092359   -0.125417   -0.0545798   -0.0419315   
-0.0187193   0.0613165   -0.00255776   0.00309256   -0.0016476   0.0227616   0.021783   -0.0633137   -0.0774428   -0.0711584   -0.00274517   -0.00306797   -0.00385592   -0.0166547   -0.0252363   0.000351473   -0.0148008   -0.0152671   0.0357195   0.0232999   0.0362756   0.0379071   0.0111335   -0.00681908   -0.00197079   -0.0101474   -0.00883368   -0.0154518   -0.00979397   -0.00174008   0.01821   0.0620319   0.072167   0.0489969   -0.0037693   0.00580497   0.00235525   0.0106455   -0.016732   -0.0203492   -0.0212633   -0.0173889   0.00450512   -0.00817042   0.0549127   -0.0292152   -0.125628   -0.0430655   0.160218   0.228324   0.118664   0.00376169   -0.00699149   0.000629393   -0.006556   0.000265034   0.013689   -0.0229597   0.0878132   -0.0173947   -0.0322644   -0.013138   0.0158485   0.0389166   0.0293192   0.00200217   -0.00568773   -0.0169347   -0.00774845   0.00422217   0.0020515   -0.00650749   -0.0114968   -0.0040579   0.00486417   -0.0419297   -0.0475074   0.0212893   0.0446726   0.0193191   -0.000908097   -0.00531315   -0.00201132   -0.00107852   -0.00610661   -0.00299164   0.0144799   -0.0195378   -0.0043685   0.0147191   -0.00749329   -0.0761053   -0.0782946   0.0627633   0.181544   0.140042   0.0335847   -0.00998419   -0.0158055   -0.00141131   0.00148934   0.00311356   0.0157524   0.0650708   0.00834943   -0.0477864   -0.0960886   -0.0535544   0.0750529   0.13889   0.0619952   -0.0132254   -0.0140296   0.000457131   0.00206049   0.024975   0.0212427   -0.00871409   -0.0155545   -0.00241598   -0.0124581   0.0042364   0.00529633   0.0033872   0.0037895   -0.0157901   -0.0183785   -2.17362e-05   0.000252478   0.00319139   -0.0056054   0.00255001   -0.00165794   -0.00974553   -0.00471162   -0.00678981   -0.0317515   0.0182478   0.0685255   0.116308   0.0765143   0.00126811   -0.0220611   -0.00496778   -0.00123303   0.00353988   0.014669   -0.0124211   -0.00413781   -0.029373   -0.0403385   -0.013263   0.0417799   0.0497828   0.0621501   0.0192618   -0.00936985   -0.0021424   -0.00298981   0.00107871   0.00502396   -0.000517161   -0.00724805   -0.00507187   -0.0305456   -0.0066344   -0.0135513   -0.0813762   -0.043822   0.118165   0.28061   0.104311   0.011569   -0.00678443   -0.012394   -0.0324434   -0.0395992   -0.0253194   -0.0227883   0.0141351   -0.00623377   -0.0200434   -0.0134248   0.0157322   0.00569449   0.00695941   -0.0139752   -0.00620249   0.00776066   -0.0519141   0.012441   0.0069662   0.0287011   0.0172069   -0.00422032   -0.0249162   -0.037351   0.0826673   -0.0103136   -0.0195621   -0.220994   -0.318835   -0.209416   0.0816859   0.075353   -0.064886   -0.0878061   -0.0457249   0.00782825   0.00102796   -0.102636   0.0227501   0.00300056   -0.208751   0.0191387   -0.00809314   -0.0231434   1   -0.00735913   -0.0107205   0.0201299   0.0461525   0.00514185   -0.0199824   0.0375685   0.046596   0.00639287   -0.00394686   0.00512554   0.00230678   0.00553839   -0.00207541   -0.0423556   -0.0139812   0.0507707   0.0918265   0.00712174   0.018022   -0.00123991   -0.0999202   0.00339737   -0.287688   0.039407   -0.00202112   -0.0108147   -0.0333345   0.0549195   0.0755175   0.0493238   
0.165136   0.0782994   0.00541179   0.00472024   -0.00673794   -0.0106376   0.00167731   0.00198293   -0.00839675   0.00585138   0.0151311   0.00292467   0.00871447   -0.000854838   0.0162132   0.000263565   0.00339695   0.000604409   -0.00532749   -0.0105511   -0.00170639   -0.00553552   0.0033309   -0.00292447   0.0102283   0.00877106   -0.00317025   -0.0121985   0.00324802   0.000258498   -0.000745723   0.00436119   0.00268431   0.000774319   0.00212175   0.000206604   0.0108402   -0.00102271   -0.00198869   -0.00283866   -0.00182737   -0.00309591   0.0529794   -0.0014466   0.00979084   0.00736384   -0.00467439   -0.00075609   0.0178097   0.0185457   -0.000808791   0.0092067   -0.00207337   -0.00194174   -0.00297872   -0.00194207   0.00212259   -0.00281368   0.00345624   -0.00471826   0.00225254   -0.00664845   0.00437187   0.00922498   0.00516685   0.00321304   -0.000614776   -0.0024934   -0.00169097   -0.000959446   -0.00272582   -0.00327008   0.00883606   0.0411257   0.00724963   0.00368357   -0.0027206   0.000933081   0.0138897   0.0159056   0.000315507   0.00106788   -0.00250448   -0.00131856   -0.000804407   -0.000815602   -0.00181331   0.00392547   -0.000581411   0.00332822   0.00308928   -0.00828303   0.00301962   0.00502703   0.0073963   -0.011889   -0.00359731   0.00458413   -0.00112084   -0.00372038   0.00679846   0.000318323   0.00341492   0.00621911   0.00276392   -0.00710352   -0.0198572   -0.00625055   0.00904907   -0.00168481   -0.00165575   -0.00122731   -0.00531953   -0.00149758   0.00138678   0.0031015   0.00457165   -0.000774707   -0.00135103   -0.000460745   -0.00584303   -0.00182099   -0.000396598   0.00221899   0.00365276   -0.000879042   0.00104593   0.00171809   0.000787959   0.00217211   0.00210515   0.00284363   -0.000375684   0.00266946   -0.00277092   -0.00718172   -0.00985524   -0.00430618   0.00570406   -0.0118759   -0.00204794   0.00406248   0.000641648   0.00131028   0.00190193   0.00383993   0.00160925   0.00105271   -0.00130717   0.004387   -0.00360966   -0.000345242   -0.00163113   0.0120137   0.000386611   0.00614156   -0.00364924   -0.000744537   -0.000631665   -0.00222885   0.00117871   -0.00450041   0.00170705   -0.00105715   -0.00316456   -0.00339169   0.00574945   0.00623199   0.00343135   -0.0131771   -0.023043   0.00249416   0.0260141   0.01443   0.00800853   0.0121801   -0.00534722   -0.00127964   0.0184032   -0.000497776   0.000783287   0.00440567   0.00412997   -0.0135645   0.000203962   0.00181403   0.0508697   0.00646804   0.00812949   0.00376187   0.00314262   0.00657291   -0.152804   -0.00444342   -0.00864018   -0.0095149   -0.00743615   0.0301282   0.00961575   -0.0127339   -0.0328756   -0.0593292   -0.0305005   0.0141056   0.0141776   0.0186788   0.000524359   0.0033136   0.00170513   0.00169281   0.00134053   -0.00439744   0.00722857   0.0454042   -0.000292255   0.0100541   1   -0.0231434   0.00486445   -0.00143729   -0.00315525   0.00935421   -0.00194502   -0.000917557   -0.00796916   -0.00220798   0.00172101   -0.00494609   -0.00756622   0.00546953   0.00803748   0.00168055   -0.000220637   -0.00311896   -0.0104041   -0.0242158   -0.00495483   0.00526714   -0.00245988   0.0223532   -0.0465707   -0.00830737   -0.0172029   -0.00755157   -0.084265   0.00524136   0.0121515   0.0268323   0.0319634   
-0.242287   -0.215621   -0.00741366   -0.00485745   0.00124782   0.0056274   0.0108127   0.0134416   0.0100362   0.00586355   -0.00418139   -0.00304016   -0.00421531   -0.00986131   -0.000374269   5.0171e-05   -0.00275192   -0.00246631   0.00392671   0.000579252   0.00327542   0.00450774   0.00111409   0.00106573   -3.43748e-05   -0.00281926   -0.00341629   -0.00475488   -0.00147785   -0.000107241   0.0019369   0.00470849   0.00722356   0.00577926   -0.00127982   -0.00157007   -0.000689289   0.00192921   -0.00882666   -0.00492158   -0.00516689   -0.0034792   -0.000879237   0.00559982   0.00378427   0.000167365   -0.0041709   -0.00654085   -0.00258752   -2.59747e-05   -0.00107086   0.0073972   -0.00261141   -0.0021221   -0.00192982   -0.00679325   -0.005939   0.00201343   -0.00723025   0.00104172   -0.00301032   -0.0046739   -0.0049296   -0.00393283   0.00195828   -0.000554832   0.00253879   0.00470813   0.00459902   0.00188228   0.00495948   0.00252555   -0.0080823   -0.0066759   0.00162648   -0.00504262   -0.00652917   -0.00541554   -0.00193056   0.00104554   0.00390071   0.00257141   -0.00041345   0.00106769   0.00231186   0.00315739   -0.000283626   0.003191   0.00168065   -0.00046581   0.00369192   0.00296508   -0.000652829   -0.00380465   -0.00108785   -0.000396938   0.00184563   -0.00473078   -0.00415272   -0.0012942   -0.00827778   -0.0153838   -0.0022929   -0.00524196   -0.00675956   0.000720801   0.00368338   0.00106739   0.00282939   0.00332704   0.000877007   0.000739085   -0.00119362   0.00168474   -0.00116569   -0.0057302   -0.0141575   0.00156937   0.00638428   0.00143868   -0.000222888   -0.00090582   0.000436176   0.00013929   0.000801899   0.000547167   0.00112142   0.000808789   0.00167965   0.000175506   0.00399496   0.00255291   0.0018301   -0.00848533   0.00143035   -0.000234849   0.00122032   -0.00029678   -0.00163917   0.00344862   0.0061558   -0.00632028   0.00116495   0.00227092   0.00107943   0.00138346   0.00251616   0.00301869   0.0028122   -0.0122562   0.00210842   0.00238528   0.00354336   -0.00104101   0.00248724   0.00175697   0.00179573   -0.00855527   -0.00413222   -0.00345989   -0.00266635   -0.0140364   0.000395204   0.000720967   0.00340153   0.00380097   0.0017827   -0.00181424   -0.00195839   0.00215705   0.00229481   0.00491895   -0.0055887   -0.0269716   -0.0286681   -0.0410648   -0.00644596   0.00844952   -0.0093452   -0.00126668   0.00346533   0.00338381   0.00380829   -0.000571751   2.1884e-06   -0.00126053   -0.0585532   -0.0279738   -0.00620124   -0.0442137   -0.00413969   -0.0350297   0.0104677   0.0071449   0.0159617   0.0290386   0.0200171   -0.0954064   -0.10162   0.00378211   0.0107479   0.00820195   -0.00444198   -0.000752775   -0.0296023   -0.0165594   -0.00400782   -0.0051837   -0.00521545   -0.00168517   -0.00149788   -0.0064122   -0.00996473   -0.0163272   -0.0156295   1   0.0100541   -0.00809314   -0.0197026   -0.0160862   -0.00938046   -0.00854052   -0.00144206   0.00324011   0.00313066   -0.0360967   -0.0115546   -0.0145858   0.00949384   0.00222939   -0.0139447   -0.00367902   0.00833519   -0.00386694   0.00484458   0.00332035   -0.0095045   -0.0221346   -0.00773244   -0.0643953   -0.0164984   -0.00309178   -0.00847805   -0.00814024   0.066756   -0.0333775   -0.0562021   -0.065125   -0.0591865   
0.0697491   0.0801296   0.00717324   0.00711816   0.00732402   0.0256212   0.0358507   0.0330459   0.0179081   0.00588977   0.00280292   0.00382836   0.00581475   -0.0050962   0.00458664   0.00018763   0.0184584   -0.00271412   -0.00923372   0.0349807   -0.000646768   -0.0875108   -0.000335226   -0.0879178   0.00137509   0.00585762   0.00546689   0.00788389   0.0258127   0.00175982   0.0934619   0.0198205   -0.0596127   0.0448502   -0.40847   0.00522597   0.0105442   0.0212884   0.00762627   -0.0802058   -0.032002   -0.0516639   0.0348849   0.0281   0.00877819   0.0103675   -0.00418093   -0.0135436   -0.0117931   -0.00571078   0.000458857   0.00196231   0.000219877   0.00081957   0.000224165   0.00687366   0.00757491   -0.00325779   0.00932923   -0.00112004   -0.00169125   0.00295177   0.00275252   -0.0018476   0.00173725   -0.00120657   -0.00173144   -0.0034354   -0.00205161   -0.000999164   -0.00230444   -0.00277838   -0.00158749   0.00231762   -0.00705959   0.00375286   0.01817   0.0166919   0.00745531   2.93743e-05   0.00297724   0.000745436   0.0014423   0.00176746   -0.00107785   0.00155165   -0.00236151   0.00282314   -0.000598194   -0.00378359   -0.000283032   0.00297172   -0.00667522   -0.00690202   -0.00826047   -0.00317565   0.000870333   -0.000792129   -0.000447654   -0.00147056   -0.00123069   -0.000386759   -0.00105277   0.00257333   0.00391107   0.00741876   -0.00172166   -0.0102715   -0.0091112   -0.00558349   -0.0050681   -0.000757845   -0.00205228   -0.00204463   0.00253381   -0.000751196   -0.000818506   -0.00171019   -0.00297366   0.00141502   0.000895919   -0.00115903   0.000679004   -0.00165023   0.000279553   -0.000474238   -0.000297882   -0.00150489   -0.00164039   0.00037308   -0.00286059   -0.00363935   -0.00156465   -0.00298526   -0.00315167   0.00204943   0.00817457   0.0105368   0.00827704   0.00977172   0.00399229   0.0036183   0.00196978   0.000271054   0.00156177   -9.06224e-05   0.000242478   -0.00169887   -0.00155031   -0.00356486   -0.00459425   -0.00655753   -0.000168582   -0.00527047   -0.000983556   0.00215476   0.00169369   0.0133984   0.00239554   0.00394197   0.000771577   0.00891348   -0.000598401   -0.000782866   -0.0243298   -0.00571967   -0.011408   -0.00174392   0.00641881   0.000444311   -0.000797384   -0.0057022   -0.00607791   0.0327031   0.0162953   0.0417009   -0.0154438   -0.000822788   0.0109529   0.00138147   -0.00118722   -0.00131018   -0.00138984   0.000769987   -0.000248595   0.000361343   0.0274456   -0.151517   0.00143424   -0.0182485   0.00271679   0.00607483   -0.00131113   0.00688657   -0.0803063   0.0218463   0.0195532   0.00737861   0.00779949   -0.00824932   0.0165678   -0.0475473   -0.0222095   0.000222625   0.0142041   -0.0293867   0.0122121   0.00724995   -0.00230084   0.000379185   -0.00221851   -0.00406748   -0.00159286   0.0499666   1   -0.0156295   -0.000292255   0.0191387   0.0174683   0.0127158   -0.0551247   0.00172185   -0.00268951   0.0136926   -0.0320263   -0.163836   0.0064826   0.00641081   -0.00260876   0.000863921   0.00058225   -0.00321306   0.0272352   0.0149661   -0.055378   -0.00954445   -0.0444622   0.0108997   0.00257139   -0.0649035   0.00724098   -0.0330363   -0.00683887   -0.00923157   -0.0232273   -0.0426131   -0.0877647   -0.0516824   -0.0506402   
0.204147   0.332483   0.0127545   0.00823262   0.0256544   0.00122885   -0.0689183   -0.0453838   -0.0520918   0.0342142   -0.003142   0.00143901   0.0422808   -0.052003   0.0408497   0.00144364   0.00335741   0.0180716   -0.000722943   -7.43901e-05   0.0232472   0.0336934   0.00418938   0.027786   0.00579945   0.0117979   0.00233165   0.00316898   -0.00488677   -0.00332803   -0.00253439   -0.0187297   -0.0138215   -0.0160295   0.00391157   -0.0210617   0.0104117   0.0273353   0.0176909   0.002384   0.00423865   0.0127014   0.00594906   -0.00371476   -0.108521   -0.0151976   0.0888628   0.0375643   -0.0508641   -0.0454593   -0.0100006   0.0447372   -0.00574543   0.00484935   0.0119762   0.0308456   -0.0219627   -0.00659001   0.0450517   -0.0293073   -0.0171096   0.0377842   0.024433   -0.0204259   0.0149103   -0.00745057   -0.00326575   -0.00354539   0.00635535   0.0079308   0.010805   -0.041331   -0.022468   0.00851652   -0.0736692   0.0259752   0.096178   0.0105143   -0.0739456   -0.102328   -0.0125539   -0.00109292   0.00266727   0.0171304   0.00300973   0.0209941   -0.0434541   0.0213585   -0.00360877   -0.0635648   -0.0308008   0.1277   0.0755678   -0.0306413   -0.095831   -0.0608911   0.00374531   -0.00337434   0.00758311   -0.00512986   -0.00076674   0.0392916   -0.0321795   -0.0730666   -0.0170231   0.111214   0.121197   -0.00994867   -0.0691935   -0.0980154   -0.0662791   -0.00503703   -0.031163   -0.0190063   -0.00737154   -0.0306185   -0.0363597   -0.00793177   -0.00242621   0.0289425   0.0259481   -0.0126268   0.00326585   -0.0160964   0.0196031   0.0199459   0.0140667   0.00264559   0.00212162   0.0208662   0.00366464   -0.00826057   0.00318936   -0.0371586   0.0106468   0.0124707   0.014007   -0.00629059   -0.0224347   0.0116129   0.00081427   -0.00704172   0.00844353   -0.00204284   0.0140999   0.00440827   0.0196917   -0.018554   -0.00688402   0.00215738   -0.0199113   -0.0777037   -0.0263607   -0.0779271   -0.0246393   0.0140461   0.0191679   0.0335676   0.0116624   0.0327196   0.0161987   0.105745   -0.00113443   -0.00144272   -0.241989   0.0108704   0.0341855   0.158125   0.173028   -0.0188464   -0.201512   -0.0111887   0.0230425   0.0800897   0.0379025   -0.0809745   -0.417779   0.0367185   0.135556   -0.0108266   0.0115675   0.0156018   0.0123518   -0.020369   -0.00240901   -0.008146   -0.0587926   -0.0162319   -0.00358006   -0.00591354   -0.00611492   -0.0165547   -0.182099   -0.0161575   -0.0334651   -0.0547966   -0.0503713   -0.0543008   0.10634   -0.0354534   0.0274916   -0.184839   -0.0353581   -0.117483   -0.0930697   -0.256387   0.0274171   0.0695005   -0.00138413   0.00307859   -0.0477551   0.0218474   -0.000378844   1   0.0499666   -0.0163272   0.0454042   -0.208751   0.00157   0.0107723   0.0221823   -0.00777191   -0.0442007   -0.00765571   0.0323137   0.0464525   0.00788691   -0.0184784   -0.0197797   -0.00410641   -0.0358536   -0.0128537   -0.0168347   0.0148294   0.048384   0.0609751   0.0123614   0.00660732   -0.0152017   -0.217833   0.0647967   -0.468422   0.128484   0.0274604   -0.0114732   -0.0314119   -0.13739   -0.0171753   -0.0495937   
-0.0889386   -0.0982804   -0.00419962   -0.00380976   -0.000596738   0.00452088   0.00838633   0.00945429   0.00461095   0.00135303   -0.0031007   -0.00222303   -0.00269762   -0.00594733   -0.00218759   6.32198e-05   -0.00194674   -0.00258364   0.00373001   0.00166284   0.00295511   0.00305368   -0.000240967   0.000918928   -5.01736e-05   -0.00182236   -0.00187709   -0.0046077   -0.00190414   -0.000181876   0.000574314   0.00266768   0.00401199   0.00244411   0.000942413   -0.001462   -0.00043282   0.00141   -0.00359222   -0.00232263   -0.00239874   -0.00079163   -0.00103732   0.00200267   -0.000509984   -0.00601003   -0.0140205   -0.0125417   -0.00491006   -0.00154477   -0.00211254   0.00193541   -0.00205402   -0.000943129   -0.000731736   -0.00263182   -0.00283788   -0.00151526   -0.00590904   -0.00163138   -0.00427958   -0.00409083   -0.00366447   -0.00435644   -0.0004315   -0.00217753   0.000863352   0.00358922   0.00343067   0.00235313   0.00410059   0.00200267   -0.00456086   -0.00172133   -0.00120969   -0.00652482   -0.00902443   -0.00630567   -0.00591297   -0.00341905   -0.000331399   0.000124139   -0.000563155   0.00193656   0.00246691   0.00291886   0.000145135   0.00119309   0.000674177   -0.00126456   -0.00449761   -0.00300489   -0.00579548   -0.00477216   -0.00287554   -0.00203516   0.00111333   -0.00119782   -0.0010673   0.000590979   -0.00191375   -0.00267182   -0.00207455   -0.00275619   0.00271444   0.0114581   0.0158847   0.0126354   0.0121818   0.00977011   0.00286917   0.000512299   -0.000803709   -0.000654816   -0.00172045   -0.00308096   -0.00639554   0.000445488   0.00133132   0.00156663   0.00266257   0.00305327   0.00429639   0.00257133   0.00156031   -0.000846519   -0.00066146   -6.3507e-05   -0.000373536   -0.00175631   -0.000697097   -0.000643793   -3.76558e-05   -0.00443529   0.00133032   0.00681665   0.00988336   0.0102163   0.00535116   0.00497504   0.0038699   -0.00247801   -0.00300813   -0.0016541   -0.00267659   -0.00214761   0.00105003   -2.35026e-05   0.00037639   -0.00189293   0.00281826   0.00622267   0.010923   0.00693355   0.00643486   0.00330909   0.00208757   -0.00170552   -0.00229986   -0.00125037   -0.00283344   -0.000202456   -0.000102825   6.1941e-05   0.0014058   0.00826276   0.0082512   0.00160803   -0.00266947   -0.00608041   -0.00180983   0.00146179   -0.000670016   -0.00900822   -0.0108788   -0.0194579   -0.0103866   0.00265721   -0.00860602   -0.000666285   0.00129669   0.00136286   0.00192888   -0.000480616   0.000134446   -0.000283438   -0.0215452   -0.0107603   -0.00239171   -0.018743   -0.00288181   -0.00780984   0.00747077   0.00520848   0.0125692   0.0209868   0.014398   -0.0301473   -0.0136676   0.00192978   0.000428572   0.000387874   -0.000269747   0.0139067   -0.0153783   -0.0135451   0.00151202   0.00240633   0.000228006   -0.0034098   -0.0100879   -0.00977989   1   -0.000378844   -0.00159286   -0.00996473   0.00722857   0.00300056   -0.0148778   -0.000602075   -0.00286934   -0.00576703   -0.000367741   0.0015128   0.00264388   -0.0127326   -0.00782215   -0.000241626   0.0157694   -0.0116065   -0.00971419   0.000782562   0.00441198   -0.00419903   0.00389178   0.00401369   -0.00334781   -0.0152662   5.58344e-05   -0.00728797   0.0956256   0.0186507   0.00268668   0.01686   0.023964   0.0174083   0.0252248   0.0269279   0.0209599   
-0.0391568   -0.0843702   -0.00450083   -0.00459558   -0.0016787   -0.00136161   0.000594681   0.00259326   0.00163918   -0.00131413   -0.0030142   -0.00177164   -0.00416047   0.0012705   -0.002491   -0.000120852   -0.00167881   -0.00202605   0.00149787   0.00323691   0.00162939   -0.00122676   0.000400054   -0.00219396   -0.00107389   -0.00279097   -0.00145   -0.00429978   -0.000880313   -1.43237e-05   0.0011124   0.00532519   0.00594573   0.00384831   0.000435838   7.92652e-05   -0.00133253   -0.00103428   -0.0069205   -0.0026006   -0.00207706   -0.00105595   -0.000132079   0.00167925   -0.000745186   0.00266357   -0.0102496   -0.0145051   -0.000854217   0.0123912   0.00312442   -0.00112828   -0.0057271   -0.00210264   -0.000166053   -0.000313477   -0.00346208   0.000356596   -0.00257777   -0.00121444   -0.00164073   -0.00398695   -0.00254978   -0.000256666   0.000537538   0.00170535   0.000904212   0.00166062   0.00249048   0.00201256   0.00325441   -0.00134583   0.00017123   0.00144651   -0.00323535   0.0025582   -0.00294815   -0.00940319   -0.00652766   0.00362436   -0.000638634   -0.000962753   -0.00215849   0.00130815   0.00375649   0.00234953   -0.00251411   -0.00123111   0.000195738   0.00273517   -0.0033296   -0.00568174   -0.00823152   0.00235342   0.0122562   0.00715961   0.000772772   -0.00445552   -0.00203773   0.000619087   0.000764127   0.0002464   0.00202063   -0.00227207   2.39705e-05   0.00536491   0.0137574   0.017403   0.0130406   0.00910959   0.0067236   0.00054907   -0.00534898   -0.00290595   -0.00279549   -0.0043759   -0.00532755   0.000145148   0.000405777   0.00017731   0.00165593   0.00173549   0.00202544   0.00269005   0.00117666   0.00167007   0.00177672   0.000504119   0.000999112   -0.000103325   0.0026354   0.00219863   0.00134276   0.000706576   -0.000185728   0.0017206   0.00540342   0.011431   0.0127037   0.0051308   0.00175493   -0.00116437   -0.00523129   -0.000677688   0.000485913   0.00294239   0.000640257   0.00211847   0.00179982   0.0030963   0.00600561   0.00850027   0.00845457   0.0112099   0.00581127   0.00223475   0.000953738   -0.00527868   -0.00338607   -0.00256606   -0.00179265   -0.00497117   -7.07592e-05   0.000414096   0.00757724   0.0165934   0.0187542   0.0044983   -0.0100994   -0.0283896   -0.029454   -0.0102335   0.0120946   0.00325058   0.00426054   -0.0179919   -0.0212221   0.00281255   -0.0137541   -0.0114902   0.0154388   0.0191814   0.013602   -0.0294933   0.000209911   0.000430193   0.00292915   -0.0113701   0.000389195   -0.0199484   -0.00284717   -0.00431239   -0.146691   0.00133925   0.000418415   0.000403017   -0.00085167   -0.00284748   -0.0147162   0.000731972   -0.00638825   -0.00991318   0.00186669   0.00533933   -0.024038   0.0179775   0.0039471   0.00538911   -0.00136045   -0.00206014   -0.00309222   1   -0.00977989   0.0218474   -0.00406748   -0.0064122   -0.00439744   0.0227501   -0.0138433   -0.00687909   -0.00406617   -0.00646004   -0.00383361   -0.000805474   0.0001797   -0.0130657   -0.00785014   -0.00928321   0.00942935   -0.0104099   -0.00219424   0.00308519   -0.000851424   -0.00461881   0.000950824   -0.00489948   -0.0035955   -0.0139473   -0.00452583   -0.0414706   0.0836415   0.0425315   -0.0498768   0.00572754   -0.0193531   0.0299953   0.0430008   0.0452868   0.0371202   
-0.0949771   -0.145908   -0.00785773   -0.0060414   0.000875198   0.013466   0.015912   0.00775717   -0.00378261   -0.00647707   -0.00678402   -0.00513662   -0.00365379   -0.0205989   -0.00603864   0.000293991   -0.00624695   -0.00526025   0.0136853   0.00583015   0.0120988   0.0155396   0.00158064   0.00431718   -0.00291515   -0.00256523   -0.00500976   -0.0122822   -0.00496765   -0.00108244   0.0058927   0.0135259   0.0167343   0.0117717   0.00125853   -0.00330889   0.000881357   0.00521803   -0.0118207   -0.00862579   -0.00881538   -0.00323794   -0.00163877   0.00335108   -0.0280574   -0.0328682   -0.0173929   -0.00389086   0.00303279   0.0108637   0.00671758   0.014636   0.00954305   0.00606158   0.000796738   -0.00351196   -0.0234587   -0.00174614   0.196031   -0.0280291   -0.0291359   -0.011716   0.00923025   0.0268668   0.0284855   0.00350859   -0.00302125   -0.0012467   -7.93646e-05   3.80409e-05   -0.00440835   -0.0248486   -0.0151458   -0.00617167   0.00606703   -0.0262279   -0.0505969   -0.0151838   0.0332928   0.0416364   0.0296606   0.00771939   -0.00120791   0.00156891   -0.000330984   0.00326924   0.00809421   0.00528478   0.00131044   0.0129157   -0.0347929   -0.03154   0.0102876   0.0215141   0.00984414   0.000666712   0.00509776   0.0189336   0.00720213   0.0064104   -0.00325202   0.00778513   0.00323545   0.0220759   0.0195529   0.0381712   0.0231457   -0.00277503   -0.00264897   -0.00284232   -0.0132488   -0.00263245   0.00103595   0.000412301   -0.00282616   -0.0059993   -0.0109612   0.000114068   0.00315157   0.0122337   0.0139636   0.0129216   0.00645911   -0.00203297   -0.000325565   -0.00663999   -0.00599745   -0.000921699   -0.00223935   -0.00253887   -0.00393916   0.000200979   -0.00112479   -0.0153104   0.00947194   0.0234651   0.0194693   0.00371581   -0.0189725   -0.00755933   -0.00166666   -0.00858216   -0.00374684   -0.00325697   -0.00555315   -0.0059181   0.00712538   -0.00495754   -0.000700109   -0.00736803   0.0115569   0.0120811   0.00725064   -0.0170307   -0.0102326   -0.00263704   -0.00275832   -0.00267009   -0.0047924   -0.00130078   -0.00700673   -0.00269672   -0.00175006   -0.00103687   -0.0186853   -0.0249342   -0.007978   0.0166544   0.0283566   0.0103072   -0.00339662   -0.013442   -0.00327067   0.00148582   1.80634e-05   0.00965145   0.0240178   -0.00669538   -0.0491718   -0.00870074   0.000469834   0.00868658   0.0106237   -0.0124252   0.00113911   0.00173062   -0.00111656   0.00353173   -0.00293575   -0.0152991   0.0135127   -0.000626066   0.0882435   0.0128313   0.0235484   0.0358002   0.0206205   -0.0119552   0.002964   -0.0539866   0.0114622   -0.0138433   -0.083604   0.0310298   -0.00618201   -0.0606824   -0.0182672   -0.00421801   -0.00157652   -0.00346136   1   -0.00309222   -0.0100879   -0.0477551   -0.00221851   -0.00149788   0.00134053   -0.102636   0.000457475   -5.74716e-05   -0.00306124   0.0432294   -0.00787116   -8.55841e-05   0.0141047   -0.022775   0.00994023   0.000474191   0.0201155   -0.0133425   -0.0266159   -0.000581266   0.00212952   -0.0093818   0.0195435   0.0321795   -0.00664175   0.0161966   -0.000706074   0.0684062   0.101007   0.0158964   0.0294619   0.0312657   -0.00338791   0.0445829   0.0195181   0.0301628   0.0616114   
-0.014858   -0.0157721   -0.000758107   -0.00100747   -0.000479533   0.00156025   0.00343329   0.00449396   0.00265401   0.000581652   -0.000769428   -0.000423973   -0.000503154   -0.00113511   -0.000860121   1.49777e-05   -0.000614824   -0.00087289   0.00126369   0.000958603   0.00125896   0.000847585   -8.9143e-05   8.999e-05   0.000185123   -0.000255669   -0.000335716   -0.00124622   -0.000633583   -3.91538e-05   -1.03492e-05   0.000312985   0.000415605   0.000259876   -4.62198e-05   -0.000514029   -0.000220299   0.000404159   0.00017719   -0.000119577   -0.000401778   -0.000265346   -0.000410728   3.7859e-05   -0.000387138   -0.0010304   -0.00422375   -0.00517562   -0.00299541   0.000416934   -0.000370396   2.10589e-05   -0.00299129   0.000164033   0.000208561   0.00026954   -0.000290595   -0.000709415   -0.0011957   -0.000127537   -0.00118194   -0.00172154   -0.00107863   -0.00183374   -7.63184e-05   -0.000863263   0.000205047   0.000751186   0.00135547   0.00145493   0.00182363   0.00106442   8.67446e-05   0.000594475   -0.000947408   -0.00206263   -0.00287185   -0.00184963   -0.00225466   -0.00143246   -0.000729356   -0.000292767   -0.00067167   0.0010816   0.00119184   0.000900002   0.00012944   0.000195055   0.000111809   -0.000507153   -0.00199533   -0.00157745   -0.00221663   -0.00185067   -0.00142096   -0.00117796   -5.44966e-05   -0.00124233   -0.000838641   -0.000136117   -0.000106537   0.00102623   -0.000460302   0.000102155   0.000125777   0.00292967   0.00469186   0.00366898   0.00308235   0.00255519   0.000695278   0.000314205   -2.96616e-06   -7.91077e-05   -0.000267997   -0.000575864   -0.00251607   0.000146913   0.000312578   0.000123699   0.00046992   0.000549967   0.000961433   0.000548915   5.06907e-05   -0.000549584   -0.000350097   -0.000127089   -0.000165194   -0.000679729   -0.000433975   -0.000422754   -7.55042e-05   -0.000760942   0.000270648   0.00263514   0.00299855   0.00279721   0.00119357   0.000474743   0.000253406   -0.000389605   -0.000994668   -0.000374478   -0.000723677   -0.000444764   0.000340099   -5.15984e-05   5.06661e-05   -0.000224654   0.000805983   0.00161181   0.00312149   0.00175177   0.00111402   0.000557809   0.000513217   -2.20056e-05   -0.000390927   -4.85582e-05   -0.000592202   0.000281946   6.55919e-06   2.42815e-05   -0.000381177   0.00100543   0.00230301   0.000464038   0.000961282   0.000541347   0.00151897   0.000540739   8.01474e-05   -0.00130191   -0.00179358   -0.00395858   -0.00359038   -0.00014879   -0.00131765   -8.66155e-05   0.000408493   0.00051337   0.000577456   -0.000481065   5.15309e-05   -1.73971e-05   -0.00405413   -0.00169514   -0.00048035   -0.00328659   -0.000407465   -0.00110004   0.000329519   0.00228781   0.0060436   0.0103013   0.00744703   -2.17165e-05   -0.00490557   0.000372013   -0.00140609   0.00179607   -9.84572e-05   0.00651291   -0.00180363   -0.00247848   0.00078064   0.0019223   0.000708349   1   -0.00346136   -0.00206014   -0.0034098   0.00307859   0.000379185   -0.00168517   0.00169281   0.00102796   -0.00362251   0.000490445   0.000150965   -0.00319852   -9.64767e-05   0.000881566   0.00103423   -0.000881944   -0.00303777   0.000547938   0.00528165   -0.00311525   5.90257e-05   0.000105023   0.00218885   -0.00102681   0.00151464   0.0016628   -0.000209886   -0.0053717   0.000303652   0.0136778   0.0258606   0.00149775   0.00491508   0.007217   0.00349133   -0.00202728   -0.00336163   -0.00479714   -0.00454307   
0.0577941   -0.0406846   -0.0181875   -0.0120765   -0.0332512   0.00559694   0.0127096   0.0209299   -0.00934577   0.00444696   -0.00250475   -0.00874692   0.0151636   -0.011367   -0.103541   0.000261925   0.006959   -0.0700961   0.0358992   -0.00990584   0.0190121   -0.0209061   -0.00123583   0.00854634   0.00546031   -0.018463   -0.00640029   -0.0221967   -0.004833   0.000119437   0.00649031   -0.00693183   -0.0143957   -0.0196163   0.000461503   -0.0230316   -0.0738664   -0.00292324   -0.00875077   0.00221193   -0.0017449   0.00848582   0.00301638   -0.00116642   0.00846231   0.00570098   0.00904191   -0.00216203   0.0197162   0.0176669   -0.0145708   0.00328646   -0.00488823   -0.00518208   0.00287926   0.012242   -0.0145124   0.0059377   -0.00542235   -0.00950917   0.00677641   0.00348542   -0.000282139   0.0206385   0.00188664   0.000878381   -0.0202562   -0.000871765   -0.00206333   -3.77268e-05   -0.00599152   -0.00598851   -0.00203632   0.00525184   -0.00533881   -0.0357427   0.00641637   -0.0075483   0.0114841   -0.0206567   -0.00277965   -0.00733724   -0.00659181   0.00258843   -0.00723039   0.0074614   0.028292   -0.00332094   0.000689776   -0.00918267   -0.00344469   0.00854784   0.0252869   -0.00830494   0.0068066   -0.0275903   0.000430188   -0.00461245   -0.00738574   -0.000422297   -0.00628452   0.0107585   0.00153069   0.0120859   -0.0115721   -0.00789567   -0.00157564   -0.0173913   0.0269066   -0.0790658   -0.00708874   0.00183761   0.00160976   0.00524646   0.00349539   0.0026241   0.0084904   0.00071938   0.00775401   -0.000726786   0.0156973   -0.0116906   -0.00102213   -0.00239158   0.00121575   0.00261117   -0.021171   0.00143317   -0.00215742   -0.0152264   -0.0107701   -0.0172959   0.00245349   -0.00273907   0.0301101   0.00970153   -0.0101742   0.00653553   0.0270703   0.0103823   0.00901419   -0.017   -0.0142586   0.00272575   0.00747976   0.0040543   0.00706921   0.000599932   0.00219974   -0.00947502   0.000828351   0.00508983   0.022057   -0.0117671   0.0136453   -0.0278695   -0.00599111   -0.0123822   -0.0145882   -0.00264411   0.00297084   0.00871287   -0.000447956   0.00110317   0.000791303   -0.0169987   -0.0331876   0.0176979   -0.0101911   0.021892   -0.0103683   -0.0306671   0.00122653   -0.00127264   0.00209134   0.0118377   0.0116629   0.00304003   0.00368262   0.000763775   0.000994515   0.000230922   0.0013204   -0.00109206   -0.000449288   -0.000315471   0.00534813   0.00368952   0.00036354   -0.031538   -0.00100572   0.00381409   -0.00406586   -0.00132479   0.00719298   -0.00820276   -0.0139096   0.006668   0.0137789   -0.0137232   0.0151313   0.025457   -0.0195182   -0.166036   -0.00791061   -0.0428018   -0.00249445   0.0162451   1   0.000708349   -0.00157652   -0.00136045   0.000228006   -0.00138413   -0.00230084   -0.00521545   0.00170513   0.00782825   -0.00815253   -0.00980105   -0.0046819   -0.015213   -0.0151518   -0.0120799   -0.00350389   -0.0027309   -0.00530144   -0.00481918   -0.00673887   0.00373843   0.00924756   0.00127267   -0.018907   -0.0468435   -0.0033606   -0.0270679   0.000839801   -0.00837687   -0.00407056   -0.054075   -0.0152455   0.000198931   -0.00715857   -0.0115711   -0.00659783   -0.0343151   -0.059107   -0.0761103   -0.0747752   
0.0916126   0.0633257   0.0216509   -0.130943   0.0201814   0.0911458   -0.14109   0.0761022   -0.0625558   0.0797693   -0.0733452   -0.0377212   0.088568   0.0525804   0.0384469   -0.000446242   -0.0180086   -0.0149271   -0.00212508   0.0536768   -0.0140646   -0.0960117   -0.0349341   0.0513375   0.0187829   0.0184927   -0.0359438   -0.0303441   0.00311135   0.000740243   0.000460362   0.0285505   -0.0231866   -0.0285359   -0.0229573   -0.129295   -0.0337494   0.0495119   -0.0160223   0.020077   -0.00767605   0.0153652   -0.00513496   -0.0138381   -0.0613721   0.172843   -0.0595407   0.0630089   -0.0174324   -0.0593749   -0.0410691   0.0205282   -0.0179484   -0.00741077   0.0202591   0.0159628   -0.117425   7.48722e-05   0.00793572   0.0753973   0.011148   0.0147452   0.152205   -0.0130481   -0.0418238   -0.0295666   0.0101135   -0.0142493   0.0132453   -0.0348053   -0.0580745   -0.00396311   0.00861711   0.0058393   -0.0457781   -0.0362829   -0.0190889   0.0184432   -0.0943664   0.0838634   0.110303   -0.0209415   -0.00524545   0.0120146   0.0231767   -0.0281615   0.0837661   0.0588257   -0.00330781   0.103635   -0.0603391   0.0678025   -0.123727   0.0016055   -0.00768888   0.0122395   -0.0117435   0.0192035   0.0946168   0.00637994   -0.0341749   -0.019024   -0.0210765   -0.0297749   0.0232026   0.0503773   -0.0428141   -0.0669895   0.0485484   -0.0740268   0.00728236   0.085757   0.0497193   -0.0217036   0.0125168   -0.020975   -0.0209841   0.00371526   -0.00272928   -0.0104651   0.0468631   -0.18401   -0.0383271   -0.0917623   0.0112824   0.0977333   0.0836455   -0.01734   -0.00652355   0.0161231   0.00999533   -0.05006   0.0154698   0.0099542   -0.016133   0.165702   -0.0622382   -0.0248195   0.113115   -0.0781431   -0.191491   0.0149191   -0.0238971   -0.0237128   -0.00447224   0.0460485   0.00812761   -0.0134215   -0.00418975   -0.0556217   -0.0203907   -0.105959   0.327868   0.0909642   -0.0229482   0.0103692   0.10893   0.00937521   -0.0615953   0.0451269   -0.0733474   0.0672476   -0.00598135   0.0030654   0.0613072   -0.0113635   -0.0791131   -4.81333e-05   0.040973   0.00816311   0.0308936   0.083134   0.00526865   -0.026364   0.0240597   0.0118765   -0.0506273   0.0291807   0.0175087   0.000572388   -0.00515195   -0.00370713   0.00511688   -0.00269629   -0.00244447   0.000232302   2.83378e-05   -0.00208491   -0.000149131   0.00925991   0.00621444   -0.0307816   -0.0315329   -0.0200384   -0.0161586   -0.0223818   -0.0534028   -0.0990695   -0.0801339   -0.0234412   0.0424566   -0.0109379   0.0643121   0.03239   0.0510329   0.0871689   0.057463   1   0.0162451   0.0019223   -0.00421801   0.00538911   0.00240633   0.0695005   0.00724995   -0.0051837   0.0033136   -0.0457249   0.0541055   0.00327786   0.0180723   -0.0178647   0.010143   0.000209335   -0.00305709   0.0609274   0.0103237   0.0333058   -0.00348491   0.00534673   0.0166867   -0.0529374   0.0111863   -0.0193961   0.0154231   -0.117062   0.0182506   0.016061   0.012043   -0.0898479   0.0164468   -0.0549257   0.014527   -0.00307619   -0.0059958   -0.00914329   -0.108022   -0.0942374   -0.0878741   
0.0270505   -0.0637369   -0.00715108   0.000318832   0.0271044   -0.00604603   0.0530173   -0.0214602   -0.125737   0.032987   -0.0179924   0.00564903   -0.0573023   -0.0326628   0.0123272   0.000408784   0.000831501   -0.000880483   -0.0302551   0.0621002   0.0853789   -0.00462045   0.0119591   -0.0100772   0.00984897   -0.0276714   0.0572572   0.00102215   -0.0610626   -0.00170664   -0.00919662   -0.0258376   0.0372172   0.0874757   0.018847   0.0222334   0.056451   0.0231022   -0.00519878   -0.0119716   0.00134702   0.0124069   0.00853642   -0.00111124   -0.0832234   0.037016   -0.067634   0.0690426   0.0681849   -0.0564329   0.0885486   0.027398   -0.00368908   0.00177021   0.0225076   0.0365921   0.0547839   -0.00216104   0.00148209   -0.0600424   -0.0385203   0.0320591   0.0651969   -0.0391356   0.0134357   0.0149168   -0.0094918   0.000374488   0.00905631   -0.0372148   -0.0241523   0.00536664   -0.0192859   0.00266503   -0.00192133   -0.0457907   0.0410853   -0.00424791   -0.027867   -0.0197652   -0.000946722   -0.000990397   -0.0211166   -0.00163261   -0.00546893   0.0442986   -0.0237124   0.0546688   0.00148088   0.00434248   -0.0475775   -0.0312112   0.0783999   0.0874311   -0.151706   -0.0605564   0.0246719   -0.0261237   0.00507283   -0.000746525   -0.0338947   0.00140619   0.00853322   0.00945148   0.000173836   -0.0743733   -0.0342881   0.095925   -0.0925538   -0.0666002   0.0262812   0.03418   -0.0152241   -0.0175386   0.010094   0.0089499   -0.0204382   -0.0172232   0.00270366   0.0108671   -0.0111906   -0.0158212   0.0251967   0.0337445   -0.0646291   -0.00119258   0.0533747   0.00275919   0.00157409   -0.0291871   0.0278214   -0.0225827   -0.0277876   -0.0122285   0.0272272   -0.0537176   0.0505155   0.0476045   0.0610476   -0.0879084   -0.0692674   -0.00794183   0.0161702   -0.00454199   0.0144629   0.00680683   0.0220287   -0.011025   0.0020433   -0.0656346   0.00192602   0.0585746   -0.0392271   0.043064   0.00208315   0.0518086   0.0713772   0.00633095   0.00753876   -0.0139475   -0.00593718   0.0537016   0.00456541   0.00185534   0.0342079   0.006646   -0.00453103   -0.0475065   -0.034197   0.0228462   0.0889525   -0.0289531   -0.0123486   -0.00890438   0.00475452   0.0506625   0.016271   0.00232652   -0.0126801   0.000930695   0.00606235   0.0028354   0.000642275   -0.00629866   4.32674e-05   -0.00010356   6.06434e-05   0.0160859   -0.00265848   -0.0206613   -0.0018179   -0.0030056   -0.00712026   0.0103153   0.00101591   -0.00262723   0.00862066   -0.0153188   -0.0351215   -0.0589938   0.0562416   0.12957   -0.0332292   0.0198736   0.0207342   -0.076613   1   0.057463   -0.00249445   0.00078064   -0.0182672   0.0039471   0.00151202   0.0274171   0.0122121   -0.00400782   0.000524359   -0.0878061   -0.0223637   0.0355607   0.00371901   0.00113913   -0.0156466   -0.00638376   0.0222811   -0.0042161   0.00336197   -0.00973839   -0.00376172   0.0081025   0.00591981   0.0126061   -0.0134124   0.00832507   0.0608933   -0.14977   -0.00915056   0.00853332   -0.00518679   -0.00599098   -0.0287441   0.0149699   -0.0349821   -0.00783034   0.00931283   0.0221519   -0.119272   -0.132171   -0.0887142   
0.0319912   0.166717   0.00529615   -0.0164058   -0.0315377   -0.0703116   -0.029843   0.0180394   0.0777609   -0.0450957   0.0226881   0.0259791   -0.0305588   0.243387   -0.0197907   -0.00547403   0.0137316   -0.00382112   -0.041518   0.0718408   -0.00886749   -0.0923214   0.0352136   -0.0999386   0.0151609   -0.00727908   0.0185971   0.0393745   0.0282586   0.00868039   -0.00821782   0.0810665   0.0606085   0.0606204   -0.0306643   0.0524732   -0.0242077   -0.0648887   -0.00663658   0.0158757   0.00283499   -0.0454403   0.0337169   -0.0195751   -0.0521829   -0.0467239   -0.00648643   0.0625791   0.00916534   -0.0719086   -0.0888222   -0.168194   0.017991   0.00945997   0.0326451   -0.013361   -0.0131897   0.0449777   -0.050406   -0.0249626   0.0476066   -0.0418837   -0.0112794   0.0494536   -0.0907306   0.0403949   0.0163588   0.0379355   0.00426521   -0.00526121   -0.0102582   -0.00702148   0.117531   -0.0193216   -0.0365865   -0.0100894   -0.0301   0.0142638   0.0325286   0.109317   -0.045596   -0.0201789   -0.00109575   -0.0231728   0.0360639   -0.0401804   -0.01456   -0.0472931   0.00455355   0.0488322   -0.00662672   -0.142062   0.0234548   0.073046   0.0576753   0.00492172   -0.0795856   0.00474552   0.0457893   0.0281396   0.0518527   -0.0498546   0.037609   -0.0221931   0.0795486   0.0128238   -0.0146675   0.0740537   -0.0257353   -0.0864506   0.0562312   0.00760244   0.0503735   -0.000776417   -0.0162093   -0.0472792   0.0210975   0.00885331   -0.0370563   -0.0768431   -0.00515347   0.00494506   -0.0312641   0.0196588   -0.020814   0.0435858   0.0342731   -0.0026377   0.00171666   -0.0291308   0.00662461   0.00914955   0.0102941   0.142038   0.07884   0.0705494   -0.0127105   -0.0204644   0.0857945   -0.106144   -0.0978801   0.0243918   0.0133299   0.00754225   -0.00978142   0.0111675   -0.0625125   0.0561676   0.011415   0.09203   0.124681   0.109953   -0.0601447   0.0912983   -0.0622521   -0.0814442   -0.0291176   -0.0568507   -0.000325328   -0.0463902   -0.00790088   -0.233812   0.0165367   0.0118246   0.089654   -0.176166   -0.0200518   0.066998   0.00245669   0.0238052   -0.00141671   0.0225216   0.0352143   -0.0873164   0.0170301   -0.0531441   0.0367187   0.0533289   0.168337   0.0164041   -0.0281322   -0.0231718   -0.0310492   0.0488151   -0.000447525   0.00195902   0.00574817   -0.0542704   0.0122679   -0.0369883   0.0404368   -0.0393674   0.0371485   0.0117862   -0.0148339   0.0012057   0.00739849   -0.0966845   -0.102332   -0.0246773   -0.237913   -0.191307   0.106936   -0.125811   0.0529649   1   -0.076613   0.0871689   -0.0428018   -0.00247848   -0.0606824   0.0179775   -0.0135451   -0.256387   -0.0293867   -0.0165594   0.0186788   -0.064886   -0.0255516   0.0187355   0.0146784   0.0157392   0.028576   0.00550435   -0.0346813   0.0815063   0.00319286   0.00865699   0.0232261   -0.0249217   0.0160102   0.00680849   -0.00353202   0.0349072   -0.0351598   -0.169446   0.0131506   0.00861199   0.00793581   -0.0395218   0.137115   0.0192403   0.0889968   0.0278536   -0.0284086   0.0806843   0.147823   0.043584   0.00348582   
0.144388   0.0589197   0.0061755   -0.00203368   0.00249828   0.00829166   0.00449655   0.0104554   0.000501055   0.00192008   0.000861192   0.00227695   0.00414807   0.0157677   0.00311244   -0.000261527   -0.00180423   0.000399596   -0.00134147   0.0100499   0.0043145   -0.00457999   0.00245981   -0.00279529   -0.000310889   0.00222021   0.00123879   0.00370778   -0.00106865   -5.41253e-05   -0.000639424   0.00662392   0.00527523   0.0061298   0.000544462   -0.00127864   -6.16504e-05   0.000887075   0.00318053   0.00269987   0.000606342   -0.001903   0.00465329   -0.00560091   0.00195808   0.00467383   -0.0255767   -0.0029267   0.0131858   0.00765741   0.000500269   -0.0114091   -0.00352667   -0.000834396   0.00408544   0.0056336   0.00211121   -0.00316714   0.00827203   0.00333575   0.000664308   -0.00520485   0.0073412   0.00224303   -0.003107   0.00120484   -0.00144845   -0.00225431   -0.000837763   -0.00378597   -0.00299471   0.00316403   0.0121794   -0.00351534   0.00117797   -0.0132296   -0.0125714   -0.00316362   0.00106103   0.0166297   0.00378958   -0.0030734   -0.00172574   -0.000985374   0.00117587   0.000459076   0.0133468   -0.00214552   -0.00151625   0.0118673   -0.00327028   -0.021568   -0.0190473   0.00595705   0.0115342   0.0102097   -0.00669466   -0.00385213   0.0048219   0.00119743   0.00298535   -0.0039933   -0.000627421   0.00943572   0.00639583   -0.0115727   -0.0203073   -0.00187906   0.00946489   0.00415985   0.0100769   0.00262219   0.00219392   -0.00206366   0.00226774   0.00319558   0.00792415   -0.00276072   -0.00806584   -0.00610013   -0.000399782   -0.010956   -0.00297953   -0.00261516   -0.00303695   0.00558229   0.00522955   -0.00170846   -0.000771537   0.000614001   0.000702758   -0.00223377   -0.00056835   0.0143211   0.00290765   0.0051232   -0.00691306   -0.000570898   0.0181345   -0.00175754   -0.00895169   0.00729403   -0.00210013   -0.00227449   -0.000209298   0.00414364   0.000426762   -0.00260962   -0.00268545   -0.00312571   0.00226163   0.00206489   0.0175665   0.0170968   0.0033385   -0.00278986   0.00427174   0.00213454   -0.00270559   -0.000427219   -0.00423912   -0.0108279   -0.000974749   -0.0006887   0.0156219   0.014532   0.0538121   0.0443689   -0.00120126   -0.0315717   -0.0993696   -0.398559   0.0473134   -0.0489286   -0.0998282   -0.118786   -0.0228314   -0.461494   -0.492431   0.00171198   -0.00478595   -0.00828163   0.000996714   0.013007   -0.000689408   -0.00306689   -0.0644821   -0.0560362   -0.00272312   -0.0303161   -0.055349   -0.0106748   -0.0231261   0.0073317   0.0181247   0.0311834   0.0219906   0.0151315   -0.00129736   -0.00342556   -0.0198211   -0.0109821   -0.00676988   -0.00387291   1   0.0529649   0.0207342   0.0510329   -0.00791061   -0.00180363   -0.00618201   -0.024038   -0.0153783   -0.0930697   0.0142041   -0.0296023   0.0141776   0.075353   0.00546929   0.00461316   0.00994512   -0.00319989   0.00141269   0.00422315   0.00304545   0.0280804   0.000444164   0.00443537   0.0088983   0.0011358   0.00915963   -0.00219788   0.00727067   0.0089218   0.00662702   -0.0077545   0.00619221   0.00192784   0.00214842   -0.133455   -0.00599815   0.0162001   -0.0103309   -0.0158968   0.0886807   -0.0286449   -0.042386   -0.0575265   -0.0488067   
0.146294   0.0321303   -0.037279   -0.0720423   -0.121605   -0.034665   0.0885619   0.0436411   -0.0194178   -0.158893   -0.0618979   -0.042685   -0.0819605   -0.0483259   -0.134723   0.000888984   -0.0456787   -0.0629689   0.0740811   0.00763912   -0.00731025   -0.0334121   -0.0786781   -0.016202   -0.000209128   -0.0211401   -0.0278419   -0.140462   -0.024618   0.00279891   0.0118551   -0.00810808   -0.0355205   -0.0530787   -0.00978471   -0.037067   -0.0136965   -0.0127655   0.00915707   0.0104415   0.000737497   0.0167996   -0.047773   -0.02798   0.0749784   0.00716516   -0.0448647   0.0411412   0.0823434   -0.00102394   -0.0207227   -0.0213783   0.00604722   0.0196217   -0.0240699   -0.0382092   -0.0256325   -0.0673394   0.0263197   -0.0171644   -0.0147645   0.0403035   0.0261522   -0.0674217   -0.0616304   -0.0789786   0.00483142   -0.0057125   0.0158868   0.0171768   -0.0058992   0.0384982   -0.0271627   0.0219146   0.0220846   0.0153349   -0.0281481   0.110663   -0.000526462   -0.0140242   -0.066939   -0.0252699   0.00647344   0.0165385   0.0140808   -0.0306471   -0.0521093   -0.0317471   0.00039569   -0.043416   -0.0297662   0.0724126   -0.0105569   0.0237274   0.000630977   -0.0358117   0.00347757   0.0145913   -0.000424525   0.0123396   0.014802   0.0171609   -0.0123379   0.0185879   0.00529702   -0.0113735   0.0394442   -0.0389017   -0.0740214   0.0807591   -0.056771   -0.00594098   0.0171227   0.0249689   0.0204563   0.0679985   -0.142223   -0.00384708   0.0175777   0.00911451   -0.0322286   0.0471468   0.0548011   0.0356886   -0.0632438   -0.123511   -0.0720691   -0.00242834   0.0129256   -0.0342615   -0.0175265   0.0118272   -0.00336461   0.00278892   -0.152377   0.057514   0.0761236   0.0501573   -0.131728   -0.154592   -0.0848453   -0.0133967   -0.0643558   0.0227305   -0.0175695   0.0210971   0.0199149   -0.0279277   0.00356523   0.0159381   -0.0434745   0.00351869   0.0783258   -0.0294546   -0.100771   -0.0610005   -0.0286362   0.0240031   -0.00285544   0.0082373   -0.00428551   0.0898916   -0.00624452   -0.000219774   0.0416183   -0.059359   0.0692982   -0.145258   0.050315   -0.0269239   0.0613185   -0.02974   -0.000925049   0.0163849   0.00728518   0.0358828   0.0278527   -0.0414331   -0.0284119   -0.00305141   -0.00136238   -0.00188422   0.00218518   0.00141972   -0.0031513   -0.00195802   0.0370371   0.0208567   0.00300953   -0.0118509   -0.00260019   -0.0159189   -0.0155084   -0.00702009   -0.0226909   -0.0818598   -0.0609466   -0.00257535   -0.0947738   0.0481558   -0.126192   0.0311138   0.0254044   1   -0.00387291   -0.125811   0.0198736   0.03239   -0.166036   0.00651291   0.0310298   0.00533933   0.0139067   -0.117483   0.000222625   -0.000752775   0.0141056   0.0816859   -0.00550661   -0.0381784   -0.00512207   -0.00263717   -0.0193949   -0.0541229   -0.0395019   0.06072   0.00436053   0.0238555   -0.0232856   0.00609302   -0.018166   -0.0258691   -0.0796265   -0.200158   -0.0739872   0.00187502   0.0244545   0.00373612   0.00652119   -0.13702   -0.0918545   0.0190728   -0.0552158   -0.0436462   -0.0317246   -0.29288   -0.205235   -0.255797   -0.232205   
-0.0160958   -0.0305808   0.0133809   -0.0022734   -0.0169567   -0.0165952   -0.00279433   0.0727911   0.101044   0.0655943   0.00991902   -0.00236452   0.00665582   0.0384364   0.0195878   -0.000581084   0.0142515   0.0124717   -0.0517625   -0.048594   -0.085272   -0.0771566   -0.0392407   -0.00525436   0.00259453   0.00461626   0.000423766   0.0082034   0.0190311   0.00474847   -0.0343529   -0.0733474   -0.0828592   -0.0643069   0.000687654   -0.0105063   -0.004071   -0.00836285   0.0362041   0.0316949   0.0357903   0.0205819   -0.029841   0.00340698   0.0502704   0.0283462   0.00807525   -0.0160381   -0.062845   -0.0775214   -0.055054   -0.0256952   -0.00605809   -0.0100747   -0.00927529   -0.00745556   0.0779348   -0.000411458   -0.0462412   0.0222981   0.0277408   0.00445481   -0.00291314   -0.0120116   -0.0238533   -0.00483133   0.00394992   0.000416648   -0.00167949   -0.00670129   -0.00956726   0.00958041   0.0127783   -0.00131563   0.0200944   0.0264948   0.00033315   -0.00838772   -0.021552   0.00291326   -0.00577245   -0.00473368   0.00342281   -0.00279406   0.00281217   -0.014481   0.00421602   -0.00413227   0.000780998   -0.286056   -0.42479   -0.103602   0.22709   0.2843   0.209838   0.116104   0.0277251   -0.00598326   0.0214306   0.0107179   0.0461734   0.0745227   -0.0312191   -0.209797   0.0366245   0.0170467   0.0101981   -0.0037038   -0.0228912   -0.0362931   -0.0143529   0.0037431   0.00588711   -0.00372615   -0.00456823   0.00940454   0.0482693   0.00245223   -0.00102229   -0.00450831   0.00820073   -0.000254504   -0.0004867   -0.00133945   -0.00207387   0.00545643   0.00420872   -0.00419983   -0.0020633   -0.00439106   0.000764359   0.0031315   0.00260894   0.0172751   0.00967713   0.0267695   0.00251493   -0.0117665   -0.0173184   -0.0463455   -0.0379788   0.00148088   -0.00481677   -0.00333848   -0.00871041   -0.00213102   -0.0041312   0.00432852   0.00103284   -0.0474332   -0.151657   -0.105092   0.0413339   0.097818   0.0706506   0.0296648   0.0226377   0.00382821   -0.000567804   0.000321449   0.000302893   -0.00377364   0.00799932   0.00709342   0.0354878   -0.00855183   0.00427645   0.0106994   0.00520581   -0.0246674   -0.0484147   -0.0149484   -5.85118e-05   -0.0149271   -0.00398615   -0.000460594   0.0312865   0.00687351   0.013224   -0.000201407   -0.00130453   0.00104203   -0.000757355   -0.000144175   0.00120406   0.00171438   0.00314377   -0.00391799   -0.00222455   0.0468347   -0.0203385   -0.0526927   0.00639182   -0.0311049   -0.016046   -0.000765995   0.0217795   -0.326033   -0.0838395   -0.00992978   -0.0132714   0.0222356   1   0.0254044   -0.00676988   0.106936   -0.0332292   0.0643121   -0.0195182   -9.84572e-05   -0.083604   0.00186669   -0.000269747   -0.0353581   -0.0222095   -0.00444198   -0.0305005   -0.209416   -0.00245704   -0.000940799   -0.026073   -0.0127195   0.00415051   0.0227223   -0.0912731   -0.0175594   -0.00594999   0.0119916   0.0173542   0.00617457   0.0302661   -0.00500138   0.0504591   0.00548606   -0.130808   -0.187907   0.00361087   -0.00568202   0.00574403   0.0404503   -0.0242631   0.105324   -0.00729077   -0.00117379   0.013019   0.021352   0.0387853   0.032285   -0.431131   
-0.082085   -0.208244   0.00411678   0.00193848   -0.00552313   -0.0223151   -0.00522253   0.0936126   0.110191   0.105679   -0.00210112   -0.00364198   0.00129009   -0.0418504   0.0161588   0.00101377   0.0164629   0.00920737   -0.0273453   -0.0696149   -0.0637133   -0.0324144   -0.0341245   0.0500431   -0.00319841   0.0109326   0.00605559   0.00975447   0.00620955   0.0010374   -0.0217359   -0.135721   -0.156475   -0.111009   0.0143868   -0.0227747   -0.00802747   -0.00445024   0.0341506   0.0335933   0.0331552   0.0462182   -0.0334224   0.0168127   -0.326986   -0.245669   0.0348456   0.240641   0.204738   0.120795   0.0915225   0.0816704   0.00562286   0.0108867   0.0146058   0.0017051   -0.170708   0.0306138   -0.0964344   0.0394881   0.0158781   0.010369   -0.0105049   -0.0335577   0.00581108   -0.0119954   -0.00406917   0.000592276   0.00522778   -0.00132985   0.00440614   0.0354174   -0.0270523   0.00167207   0.0529944   0.0196469   -0.00346237   -0.0291028   -0.0190797   -0.0164596   0.0163133   0.0068321   -0.00314991   0.00488533   -0.0038856   0.0215497   0.0340232   0.0191905   0.00170646   0.0571931   0.0293342   0.013601   -0.0355013   -0.0664294   -0.0957463   -0.0563117   0.00705752   0.00377779   -0.00159585   -0.0013455   -0.00145838   0.0662499   -0.00636733   0.0134317   -0.182403   -0.174555   0.0200111   0.129159   0.114835   0.0869173   0.0347761   0.0261208   0.00255294   0.0127724   0.0230084   0.0405562   -0.0307932   0.0109117   0.0325142   0.0147312   -0.00208982   -0.00643664   0.00220387   -0.00581823   -0.0104964   -0.0134615   -0.00396546   -0.00223351   -0.00375775   -0.00226505   0.00242729   -0.00173986   -0.00832251   -0.0294062   -0.0141427   -0.0271253   0.00129479   -0.0120656   -0.0503715   -0.0352498   -0.0157709   -0.0107368   -0.00169875   -0.00353122   -0.00205   -0.00531144   0.0134679   -0.0109217   -0.000492077   0.0124019   0.00429834   -0.00343493   -0.00526325   -0.0334656   -0.0119428   0.00851776   0.00971826   -0.00120732   -0.00846314   -0.00210102   -0.00259147   0.0812143   -0.00360837   -0.00234141   0.0925236   0.0696172   0.00508252   -0.0443124   -0.0527573   -0.0553101   -0.0438839   -0.0490688   -0.0342186   -0.00554654   -0.0172185   0.0628606   0.167358   -0.0196378   -0.0869596   -0.00573253   0.00753092   0.00863485   0.00843598   -0.0168136   0.00428941   0.00788457   0.00778634   0.0182398   -0.00591784   0.040917   -0.0211127   -0.00960131   0.036701   -0.0317642   0.013348   0.0261389   0.0558916   -0.0418136   -0.0722252   -0.000612971   0.132685   1   0.0222356   0.0311138   -0.0109821   -0.191307   0.12957   -0.0109379   0.025457   0.00179607   -0.0138433   -0.00991318   0.000387874   -0.184839   -0.0475473   0.00820195   -0.0593292   -0.318835   0.00348097   -0.0146386   -0.0364268   0.00670118   0.0254871   0.0253745   -0.0527157   -0.0919631   -0.0254537   0.00201966   0.00291156   0.00759888   -0.0271119   0.00690596   0.060311   -0.00597472   -0.0809011   -0.0663298   -0.0109337   -0.0451275   0.00454724   0.137994   -0.0527131   0.258432   -0.0934199   -0.0118067   0.0108662   0.0320466   0.00712913   -0.306198   0.052053   
-0.0605341   -0.124821   0.00355188   0.00169438   0.026741   0.0270583   -0.0153442   0.0528542   0.0249216   0.058359   -0.00266635   -0.00390783   0.0230305   -0.0568758   0.0334456   0.00124229   0.0175897   0.0279327   -0.0262762   -0.0381467   -0.0320666   -0.00735572   -0.0166163   0.0315886   -0.00376778   0.0348578   0.00407311   0.015766   0.0105346   -0.00135765   -0.0078663   -0.060462   -0.0676101   -0.0530991   0.0121387   -0.0248569   0.00572144   -0.00315836   0.0111072   0.00807242   0.0118509   0.0228727   -0.00098175   0.0128861   0.0188943   0.0489244   0.0207171   -0.0298247   -0.0660648   -0.0458657   -0.00650873   0.0451754   -0.0131469   -0.00418018   0.00559469   0.0250949   0.0199632   -0.00187913   -0.025297   0.0345816   -0.00196664   0.000855226   -0.00426917   -0.0201419   0.0207174   -0.00576684   -0.00663734   0.00561745   0.0127484   0.00976298   0.020861   0.0222846   -0.0319116   -0.00229495   -0.387366   -0.263858   0.0961824   0.22578   0.196158   0.125535   0.108028   0.0365714   0.0011578   0.0234875   0.018816   0.0278787   -0.174103   0.0590884   0.00805017   0.0121522   0.0249494   0.0400133   -0.0208561   -0.0564252   -0.0687261   -0.0306107   0.0131469   0.00586893   0.00538698   0.00334988   -0.00964832   -0.00473842   -0.010584   0.00233693   -0.0147838   0.00333947   -0.00226302   -0.0162687   0.00132775   -0.0213261   -0.0195284   0.00622788   -0.00510364   -0.00138942   0.00407981   0.00330124   0.0225251   -0.000398729   0.00971727   0.0173507   0.00361258   -0.031439   -0.012442   -0.0238639   0.00837238   0.0123524   0.0102415   0.00841975   0.000486638   0.0155901   0.00750124   -0.00570008   -0.0042273   -0.0400172   -0.220485   -0.169408   0.0294843   0.146942   0.158338   0.161314   0.088162   0.0388875   0.0288312   0.01706   0.0314667   0.0182831   -0.0941607   0.0217098   0.0108709   -0.0248072   -0.0145364   -0.0282076   0.0153328   -0.0279467   0.0147889   0.027095   0.0202758   0.0177649   -0.00454864   0.0124962   -0.00337443   0.0543375   -0.00464833   -0.00337033   0.0294729   0.0810796   -0.00238653   0.00295845   -0.0237086   -0.0408151   -0.060779   -0.0235891   -0.0274549   0.00711994   -0.0113618   0.0299385   0.0617909   -0.00814102   -0.0573373   -0.0076503   0.00831736   0.00951086   0.0102498   -0.0182595   0.00144514   0.00353821   -0.0130621   0.0198445   -0.00792835   0.0350126   -0.0122025   0.016519   -0.00431882   -0.0162558   0.00848427   0.028513   0.02963   0.0405108   0.0241406   0.00397538   1   0.132685   -0.0132714   -0.126192   -0.0198211   -0.237913   0.0562416   0.0424566   0.0151313   -0.00140609   0.0114622   -0.00638825   0.000428572   0.0274916   0.0165678   0.0107479   -0.0328756   -0.220994   -0.0710866   -0.015681   -0.0175844   0.0473171   0.0325596   0.0183909   -0.0176947   -0.0568524   0.00228831   -0.0160404   -0.00241335   0.0125107   -0.0720585   0.0328661   0.0393545   0.0193419   -0.0294365   0.00116386   -0.00991817   -0.00241998   -0.000286719   0.0933513   -0.0334182   0.0916489   -0.0463973   0.00162291   0.00798651   0.0689791   -0.351866   0.0387744   0.0663557   
-0.0211679   -0.0319729   -0.00600061   0.000578562   -0.0058689   0.0101309   0.0291047   0.0173288   0.0186679   -0.0055546   0.00160305   0.00201554   -0.00246019   -0.00169152   -0.0125014   0.000492427   -0.00384998   -0.0053434   0.00277548   -0.0322521   -0.0288042   -0.00724592   -0.00877974   0.00277349   0.000355641   -0.00503173   -0.0186448   0.0218019   0.00429011   0.000987463   0.00226181   -0.0180728   -0.033587   -0.0567919   -0.00119646   -0.00151594   -0.0186295   -0.00221954   0.00711081   0.0066815   0.00814812   0.0050613   -0.00568602   0.00160377   0.0309797   0.0130911   0.00580592   -0.0161066   -0.017484   -0.0106763   -0.0149803   -0.00453075   -0.00741539   -0.00373856   -0.00601372   -0.00484399   0.00623991   -0.00830259   -0.0194417   -0.289116   -0.264208   0.0304798   0.226716   0.19502   0.107576   0.0482165   0.0295275   0.0387635   0.0304842   0.0411689   0.028334   -0.168995   0.0475462   0.0367206   0.0107958   0.00834252   -0.00465316   -0.00037186   -0.00229573   -0.00597152   -0.00525644   -0.000919872   -0.00301012   0.000712448   0.0017077   0.00238638   0.00659441   -0.00640965   -0.000226882   0.0020843   0.0177365   0.01093   -0.0135629   -0.0209001   -0.00521683   -0.00668661   -0.00236628   0.000291297   -0.00385862   0.000652939   0.0010863   -0.00548638   -0.00246272   0.00349741   0.00392305   0.00769662   0.00705091   -0.00714395   0.000625163   0.00953911   -0.0072042   -0.00366728   -0.00485286   0.00127605   0.000819279   0.00424379   -0.00418421   0.000715183   0.00197722   -0.0694422   -0.111324   -0.0622113   0.026679   0.0693306   0.0673252   0.0309437   0.0165982   0.00979009   0.0222798   0.0251126   0.0172302   -0.00502043   0.0225644   0.0370145   -0.0125676   -0.000936893   0.000930315   -0.00182523   -0.0183011   -0.00214473   0.00380897   -0.00225374   -0.000586539   0.00535986   0.000680655   -0.000895135   -0.00176169   -0.00211602   -0.00064592   0.00353315   0.000488072   0.00226516   0.00334674   -0.00834112   -0.00536491   -0.00502585   -0.00705854   -0.00879419   -0.000153258   0.00105995   0.00130818   0.00122531   -0.000212391   -0.000142893   0.0131744   0.0100735   0.00846195   -0.00952345   -0.00487661   -0.0101666   -0.00721584   -0.00597412   -0.000756294   5.77271e-05   -0.00492392   0.00137797   0.0218986   -0.00546683   -0.0132872   -0.00156559   0.000299302   0.000419299   0.000620233   -0.00132666   0.000166147   0.000562853   0.00289644   -0.000220116   -0.00127963   0.0100649   0.00235146   0.00433956   0.000333911   -0.0133178   0.00157464   0.00435632   0.0106047   0.0183815   0.008777   1   0.00397538   -0.000612971   -0.00992978   0.0481558   -0.00342556   -0.0246773   -0.0589938   -0.0234412   -0.0137232   0.000372013   -0.0539866   0.000731972   0.00192978   -0.0354534   -0.00824932   0.00378211   -0.0127339   -0.0195621   -0.0167801   -0.0197489   -0.00736305   0.0289309   0.00863657   0.00469371   -0.024227   -0.00506642   -0.00329898   0.0028119   -0.00238405   0.00293978   -0.0236083   -0.0333698   0.0109356   -0.00467567   -0.0428698   -0.000296173   0.0039908   -0.00632656   -0.000590798   0.0262303   -0.0311141   0.0350738   -0.0115554   -0.00396492   0.0129646   -0.601548   0.0225663   0.0236189   0.0249221   
0.0399726   0.0561226   0.00375847   0.0188927   0.0162573   0.000676008   -0.00242877   -0.0227861   -0.0130435   0.00659213   0.00950657   0.00544208   0.0109465   -0.0243696   0.0152954   0.000549346   -0.000655444   0.0114015   0.00132659   -0.00723716   0.01085   0.0265405   0.0109423   0.00721439   -0.00684188   0.0034416   0.00209207   0.0103867   0.000453112   -0.0016931   0.00445724   0.000214418   0.00615553   0.00603351   0.00189268   0.00653364   0.00525415   0.00513824   -0.00010314   -0.00413047   -0.00224797   -0.00365797   0.00521728   0.00178455   0.0242533   0.00345731   0.00284536   -0.0483807   -0.0460785   -0.0123779   -0.00163431   0.0125333   -0.00236523   0.000780029   0.0021307   0.0140156   0.0301183   -0.00117509   0.011196   -0.0109234   -0.0193853   -0.0143052   -0.0241541   -0.00421364   0.0135414   0.00353342   -0.00276367   0.000625682   0.000474223   0.00798504   0.0125555   -0.00873978   -0.00875119   0.00174881   -0.017359   -0.024277   -0.0276112   -0.0476366   -0.0238574   -0.0351922   -0.0050029   0.00342297   -0.000828093   0.00224398   -0.00367293   0.0125418   -0.00342256   0.00155292   -0.000909131   0.0188893   0.0573462   0.0450869   0.0164693   -0.0230484   -0.0193564   -0.00922013   0.00138279   -0.0198338   -0.0168417   -0.00899125   -0.000141871   0.0245913   -0.00283762   0.0107097   -0.0981923   0.0678101   0.073004   0.061996   0.0506309   0.0302548   0.0133607   0.00522247   0.0152171   0.0239352   0.0237401   -0.111125   -0.315393   0.00589728   0.0193742   0.0314861   0.0236718   0.0329823   0.0225013   0.0139661   0.021241   0.00724624   -0.00208185   -0.010445   0.00355561   0.00607743   -0.010036   -0.00907759   0.00299771   -0.010901   0.0108598   0.020189   0.0463181   0.0366277   0.0166631   0.0513594   0.0446108   0.0105272   0.0503759   0.0421068   0.0452228   0.0269595   0.0152921   0.00959332   0.00438245   -0.290054   -0.152476   -0.00318149   0.0264115   0.0114174   0.038654   0.0278093   0.0012474   0.0236121   0.0311097   0.0299416   -0.0290964   -0.33005   0.00533738   0.00259281   -0.0385958   0.0182012   -0.00318444   0.0176613   0.00668941   -0.00138565   -0.0251897   -0.00630609   -0.00203074   0.0203264   0.00962858   0.0247636   -0.0209046   -0.00265573   -0.0039568   -0.00369036   0.00194074   0.00198359   0.00189198   -0.00425907   0.00023606   8.65369e-05   0.011846   0.0171007   0.000289986   -0.0251196   -0.00077048   -0.420714   -0.0154736   0.00204957   0.000436294   0.00195456   -0.000674075   0.250302   1   0.008777   0.0241406   -0.0722252   -0.0838395   -0.0947738   -0.00129736   -0.102332   -0.0351215   -0.0801339   0.0137789   -0.00490557   0.002964   -0.0147162   -0.0136676   0.10634   0.00779949   -0.10162   0.00961575   -0.0103136   -0.0134093   -0.0136945   0.00415096   -0.00341652   0.0217709   0.00168468   0.0168553   -0.00375849   0.00351949   -0.0822772   0.00932175   0.0426522   -0.0112742   -0.0978283   -7.43701e-05   0.019588   0.0229009   0.0456658   -0.00194719   0.00390909   -0.0480748   -0.00583764   -0.199484   -0.023668   0.00144521   -0.00395221   -0.0109267   0.0210408   0.0278099   0.0465356   0.0148907   
0.0132511   7.81975e-05   -0.00337898   0.0139393   0.00809962   0.0108885   0.0217461   -0.0253655   -0.0313297   -0.0268832   0.00359873   0.00253629   -0.00355533   -0.0268759   -0.00532205   0.000526248   -0.00405441   -0.00185956   0.0212082   0.00744924   0.0264185   0.0358387   0.0130443   0.00240599   -0.00391444   -0.000408787   0.000360131   -0.000542584   -0.00522252   -0.00221777   0.0132185   0.0220865   0.027503   0.0187481   -0.000502828   0.0086784   0.00353778   -0.000135103   -0.00641557   -0.0133502   -0.0119744   -0.00756135   0.00904047   -0.00167645   -0.0130859   0.023199   0.0157547   -0.017857   0.00758408   0.0285835   0.0232108   0.0200407   0.0180578   0.027072   0.0270132   0.0174399   -0.131202   0.00188647   0.0132221   0.00297492   -0.0116252   -0.00664529   -0.0167211   -4.56435e-05   0.0129723   -0.00042247   -0.00357439   0.0136182   0.0130916   0.0221537   0.0302841   0.0184724   -0.0114288   0.00122688   0.00281031   -0.0105204   -0.00289369   0.0016934   0.0185846   -0.00564569   0.00168094   0.00661346   -0.00243102   0.0104092   0.00944588   0.0355797   0.0262725   0.00229615   0.00126226   -0.214639   0.151396   0.106711   0.00751321   -0.0503206   -0.0287223   -0.00994988   0.00926861   0.0244157   -0.0171474   0.0189037   -0.0879581   -0.532876   0.0191697   0.0889631   0.00590563   -0.00922754   -0.0211987   -0.0206493   -0.000382135   0.0194865   -0.00253587   -0.00988119   -0.00654959   0.00286684   0.00213349   0.0090114   0.0133649   -0.00181445   -0.000213916   -0.000266241   -0.019886   -0.00404608   -0.00973476   -0.00478457   -0.0034183   -0.0147662   -0.0124656   0.00233981   -0.000869194   0.00259827   -0.0051313   -0.00070028   -0.00380805   -0.0150719   -0.0266398   -0.0466177   -0.0181387   -0.00652106   -0.0145573   0.0256948   0.0311103   -0.00285845   -0.000781844   -0.000678515   0.00109774   -0.00563499   -0.00432061   -0.00450605   -0.00175531   0.0390383   0.0601528   0.0640269   -0.00218686   -0.0168644   0.00513272   0.00416402   -0.0112389   0.0164858   0.0154503   0.00897173   0.013311   0.033704   -0.00162959   -0.00349681   0.00320367   0.0205493   -0.000692684   -0.023229   -0.0226669   0.00112372   0.0221027   -0.00361453   -0.00716265   0.010559   0.00400636   0.0395182   0.045219   -0.0138061   -0.0309343   -0.00265424   0.000743089   -0.000601849   0.000446654   -0.00165118   -0.000330285   0.000780346   0.0219733   0.0201571   0.0026147   -0.0543166   0.00495475   -0.377615   -0.000397823   0.0146966   0.0170718   0.0211785   0.0119642   1   0.250302   0.0183815   0.0405108   -0.0418136   -0.326033   -0.00257535   0.0151315   -0.0966845   -0.0153188   -0.0990695   0.006668   -2.17165e-05   -0.0119552   -0.00284748   -0.0301473   -0.0543008   0.00737861   -0.0954064   0.0301282   0.0826673   0.00726692   -0.00568314   0.0109626   0.0377795   -0.000773161   -0.00446013   0.0318416   0.0102191   -0.0262503   0.0100141   0.059391   -0.00294524   -0.0963305   0.0191758   -0.011278   0.00412044   0.0413861   0.0926153   0.000199898   -0.0550599   0.00688451   0.0229559   -0.00650686   0.021579   -0.0231929   -0.00804179   -0.0121464   0.0105748   0.00886234   0.0254356   0.0811805   
0.206739   0.204863   0.0121901   0.0058865   -0.00763095   -0.0460386   -0.0443486   -0.0580183   -0.0323609   -0.0291563   0.0096942   0.0148723   0.0158626   -0.00920867   -0.0176821   9.31856e-05   0.00596464   0.0127555   -0.0319849   -0.0166309   -0.0045971   0.0243154   0.00242994   -0.00759584   -0.0211944   0.00965783   0.00963928   0.0177992   -0.0095938   0.00236224   -0.00576437   -0.0124444   0.000188711   0.0093532   0.0167347   0.0210389   0.0124214   0.0205429   0.00870775   0.0133925   0.00542233   -0.0130012   -0.0112083   0.00256339   -0.000721969   0.00381229   0.0297111   0.0203198   0.00906338   0.00848683   0.0103444   0.000793271   0.00478156   0.00209347   0.00178085   0.00867452   0.00852543   0.00613121   0.00149036   0.000361912   0.0068227   0.00615706   0.00124211   0.0122573   0.00903844   0.00846311   -0.0029083   -0.00555845   -0.00855021   -0.00371114   -0.0053114   -0.00289369   0.0102152   0.00512302   0.00525333   0.010255   0.0149639   0.00423932   0.0173037   0.00601601   0.00193844   0.00308787   0.00118311   -0.00403899   -0.00760126   -0.00214362   0.000524088   -0.00129335   -0.00122322   -0.00396454   0.0200136   0.0147005   0.0325106   0.0198688   0.00956776   0.00796178   0.000519372   -0.00249196   -0.00388286   -0.00180193   0.00391384   -0.00440628   0.00525605   0.00913859   -0.0063454   -0.00773663   -0.00124691   0.016541   0.0100112   0.00665133   0.00723689   -0.00103405   0.00252074   0.00159913   0.00159841   0.00160714   0.00975602   0.000742267   -0.0044685   -0.00280695   -0.000589495   0.0104089   0.002022   0.00545457   0.0046203   0.00199251   -0.000714964   -0.00126262   -0.00332261   -0.000136602   -0.00524517   -0.00347538   -0.00388268   0.0070743   0.00604924   -0.0129286   0.00360681   0.00298682   0.00380212   0.0117307   0.0108667   0.00951004   0.00768893   -0.00197051   -0.00100229   -0.00844404   -0.00772056   0.000980327   -0.0033134   9.51682e-05   0.00457314   0.0144779   -0.0134967   0.00774415   0.0154314   0.00871267   -0.00201105   0.0133656   0.0122159   0.00348904   0.00682153   -0.0112257   0.00150334   -0.000619154   -0.00165816   -0.0145759   -0.027666   -0.0154173   -0.0175275   -0.0068641   -0.0127062   -0.0104557   0.000922362   0.0240125   0.0272464   0.059212   0.0486956   -0.00173425   0.00615325   0.0025903   -0.00372544   -0.00511224   -0.00645145   0.00271835   -5.25939e-05   0.00132238   0.059693   0.0318629   0.00573452   0.0351751   0.00321418   0.00602765   0.00727736   -0.0295216   -0.0791203   -0.141888   1   0.0119642   -0.000674075   0.0106047   0.02963   0.0558916   0.0217795   -0.0609466   0.0219906   0.00739849   0.00862066   -0.0534028   -0.0139096   0.00744703   0.0206205   -0.00085167   0.014398   -0.0503713   0.0195532   0.0200171   -0.00743615   -0.037351   0.0361775   0.0273001   -0.0113588   0.0155628   0.0122702   -0.0218779   -0.0163034   -0.00919035   0.0170202   0.0198019   -0.0347297   -0.00575199   0.0198785   0.00536799   -0.0472253   -0.0143909   -0.01378   -0.0999056   -0.00237857   0.033526   0.0117682   -0.202444   0.0536563   0.034383   -0.0523621   -0.0298598   -0.052839   -0.167097   -0.243886   -0.276496   -0.256115   
0.280127   0.279337   0.0102052   0.0251089   0.0126598   -0.0199937   -0.0535312   -0.0911776   -0.0537689   -0.0340769   0.0148913   0.0130046   -0.00228881   0.00640677   0.0194555   0.000176122   0.00747593   -0.00284145   -0.00565533   -0.0169898   -0.0231003   -0.0584567   -0.00951351   0.00638845   -0.00399576   0.00931551   0.0119671   0.0244282   0.025168   -0.00277631   -0.00246699   -0.0325999   -0.0276152   -0.00641438   0.0144604   -0.0166541   -0.00186375   -0.00225162   0.0273928   0.000122526   0.00534873   -0.000541969   0.0066217   0.00012186   0.0171767   0.0315316   0.0412071   0.0216989   0.00598925   0.0100094   0.0109628   0.00274568   0.00533839   0.00173282   0.00172719   0.0117964   0.0129599   0.00629969   0.0107615   0.00705571   0.0118614   0.0100653   0.00894658   0.0169133   0.0119238   0.00943285   -0.00357445   -0.00935664   -0.011507   -0.006688   -0.0102013   -0.00389528   0.0123072   0.00712489   0.00847413   0.0145765   0.0182895   0.00520797   0.0177531   0.010276   0.00847644   0.00299481   0.00147486   -0.00494956   -0.010123   -0.00543734   0.00654842   0.000533782   -0.00201487   0.00404413   0.0298516   0.0206341   0.023475   0.0146452   0.00971961   0.00992205   -0.000384429   -0.00449863   -0.00416663   -0.00506418   -0.00140765   -0.0109354   0.00584726   0.0163222   0.00063025   0.00267588   -0.00293251   0.0112739   0.0150919   0.00547595   0.00834095   0.00138282   0.00502771   0.00085904   0.00210135   -0.000240448   0.01333   0.000814885   -0.00633934   -0.00221984   0.00385276   0.00608497   0.00140509   0.00179125   0.00842179   0.00743503   0.00191993   -0.00233547   -0.00469095   0.00140704   -0.00701363   -0.00679554   -0.00381844   0.00768891   0.00908742   -0.00687731   -9.93729e-05   0.00125879   0.00988384   0.0166961   0.00864187   0.0125408   0.00792308   -0.00434332   -0.00190403   -0.00937574   -0.00811732   -0.000290853   -0.0048105   -0.00449535   0.00450515   0.010912   -0.00234154   0.00930525   0.0176337   0.0107414   0.00103685   0.0167298   0.0112948   0.00652552   0.00404807   -0.0124469   0.000975116   -0.00112042   -0.00598277   -0.0195637   -0.0412638   -0.0195644   -0.0191125   -0.00473544   -0.0105523   -0.00673333   0.00270162   0.0321391   0.036365   0.0756968   0.0533615   -0.00127254   0.00839946   0.00362286   -0.00505987   -0.00705181   -0.00811415   0.00317333   -0.000316092   -0.000218779   0.0775695   0.0402217   0.008085   0.0606391   0.00697712   0.00680629   0.00791969   -0.0495292   -0.110656   1   -0.141888   0.0211785   0.00195456   0.00435632   0.028513   0.0261389   -0.000765995   -0.0818598   0.0311834   0.0012057   -0.00262723   -0.0223818   -0.00820276   0.0103013   0.0358002   0.000403017   0.0209868   -0.0547966   0.0218463   0.0290386   -0.0095149   -0.0249162   0.0516903   0.0349809   -0.0120157   0.0180934   0.0149012   -0.017546   -0.0235438   -0.0102621   0.02326   0.0268706   -0.04823   -0.00808548   0.0292298   0.00408715   -0.0435911   0.0194208   -0.0390003   -0.00600281   -0.00255833   0.0458038   0.0154375   -0.280076   0.0760457   0.0298654   -0.0652207   -0.0390336   -0.0700787   -0.22234   -0.327761   -0.360666   -0.326707   
0.160869   0.155346   -0.000986141   -0.00246711   0.00320422   -0.0359677   -0.0602803   -0.0345741   -0.0307847   0.0369013   0.00309887   -0.0048767   0.0154243   0.0069769   0.0111937   0.000187512   -0.00444652   0.024999   -0.0129641   -0.0147494   -0.0462066   0.00821416   -0.0140404   0.00274255   0.00921833   -0.00395934   -0.00139365   0.0102932   0.00532814   0.00234224   -0.0123109   -0.00137534   -0.0190777   -0.018566   -0.0355318   0.00981771   0.00173885   -0.0263951   0.0202611   0.0118991   0.000454742   -0.00113659   0.00589065   -0.0041987   0.0121343   0.0168727   0.0191324   0.00929284   0.00475963   0.00697889   0.00691108   0.00268702   0.00263323   0.000749402   -0.000654115   0.00503969   0.00557713   0.0012635   0.00846384   0.00358588   0.00607836   0.00715235   0.00527486   0.0077784   0.00662144   0.0031888   -0.00235153   -0.00600499   -0.00647924   -0.00357291   -0.00615518   -0.00131418   0.00478166   0.0047879   0.0111039   0.0136447   0.0139338   0.00773202   0.0117156   0.00446444   0.00365115   0.00138835   0.00123883   -0.00213826   -0.00614948   -0.00305103   0.00525663   -9.9652e-06   -0.00111357   0.00458901   0.0217584   0.0153434   0.00971913   0.00430774   0.0027046   0.0031539   0.000521756   -0.00265173   -0.00395901   -0.00343819   -0.00227469   -0.0059236   0.0032821   0.0134734   -0.0010643   -0.000585617   -0.00278731   0.00270278   0.00631396   0.00501978   0.00262547   0.000100895   0.00208541   0.000822387   0.00172728   0.00140211   0.00316327   9.85303e-05   -0.00275476   -5.7875e-05   0.00168998   0.0051871   0.00269618   0.00195898   0.00325927   0.000323424   -0.0016546   -0.00141551   -0.00250155   -0.000279226   -0.00481067   -0.00389188   -0.00237025   0.00261851   0.00413881   -0.000436004   0.00437677   0.00387685   0.00251963   0.0081808   0.005278   0.00630342   0.00288321   -0.00174642   -0.00123397   -0.00496938   -0.00179287   -0.00128217   -0.00264808   -0.0025049   0.00231403   0.00699253   0.000152611   0.00206327   0.00754395   0.00458095   -0.000480904   0.0104481   0.00592261   0.00382377   0.0022112   -0.00246433   0.000125971   -0.000817888   -0.00439094   -0.0110536   -0.022127   -0.0155475   -0.0100461   -0.00204602   -0.00186907   -0.00549695   0.00044525   0.0210944   0.0204193   0.0464974   0.0306144   -0.00266255   0.00204152   0.00201888   -0.00269311   -0.00394442   -0.00436819   0.00131133   -0.000521437   -0.000105255   0.0458807   0.00850048   0.00485473   0.0372956   0.00393412   0.0047088   0.00590282   -0.0283533   1   -0.110656   -0.0791203   0.0170718   0.000436294   0.00157464   0.00848427   0.013348   -0.016046   -0.0226909   0.0181247   -0.0148339   0.00101591   -0.0161586   0.00719298   0.0060436   0.0235484   0.000418415   0.0125692   -0.0334651   -0.0803063   0.0159617   -0.00864018   -0.00422032   0.0323984   0.0199162   -0.00362076   0.00759665   0.00611547   -0.0105712   -0.0201693   0.0120803   0.0124449   0.0147131   -0.0284511   -0.0039942   0.0159033   0.00077207   -0.0223829   0.000907786   -0.0360562   0.00599278   0.00435215   0.0243184   0.00806403   -0.161885   0.0398951   0.0164267   -0.0388003   -0.0234123   -0.0402202   -0.133302   -0.193676   -0.20843   -0.184406   
0.0587556   0.0617727   0.0105452   0.00101242   -0.000201873   -0.00817564   -0.0140854   0.0019948   -0.00771654   -0.00611475   0.00029999   -0.00165167   0.00117219   0.000901476   0.0114789   -0.000572552   0.0061224   0.00105624   -0.000371823   -0.0372594   -0.0149482   -0.0294739   0.00696751   0.00946943   0.000752   0.0014336   -0.000538673   -0.00931061   0.00842469   0.00168296   -0.00947002   -0.014512   -0.0103319   -0.0333156   0.00349481   0.00784203   -0.0117831   0.00159689   0.0111247   0.00717843   0.00314431   0.00787327   0.00644423   -0.00102211   0.0155271   0.0130536   0.00609849   -0.00220654   -0.0004886   0.000554037   0.00198886   -0.00380483   0.00160074   0.000276018   -0.000561684   0.000941379   0.0087107   -0.000230493   0.00762492   0.00293261   0.00764322   0.00502372   0.00113016   0.00418573   0.00199171   0.00269285   -0.000771154   -0.0018276   -0.0028234   -0.0017526   -0.00227333   0.00190228   0.00336764   0.00109739   0.0065084   0.00535805   0.00250823   0.000144201   0.00410696   0.000774565   -0.00255986   -0.000101308   0.000347759   -0.00185068   -0.0025895   -0.00206911   0.000105376   -0.00200617   -0.000427742   0.00625468   0.0165861   0.00269592   0.00158833   -0.000249   -0.00128391   -0.000182652   -0.00132109   -0.0022715   -0.00343153   -0.0018984   -0.00224928   -0.00681473   0.00325929   0.0103216   0.00669732   0.00370078   -0.00215811   0.000423851   -0.00321908   6.37413e-06   0.00169621   -0.00158676   0.000415825   9.16035e-05   -0.00041194   -0.00102681   0.00135238   -0.000559689   -0.00237799   0.000892679   0.00276523   0.00837273   0.00343332   0.00395881   -0.000103017   -0.000959251   -0.000855871   -3.06036e-05   -0.000472423   -0.00136399   -0.00132759   6.75355e-05   -0.00118092   0.00323197   0.00518751   -0.00093917   0.00171785   0.000421306   0.000747162   0.00103301   0.00235839   0.00183035   0.00102674   -0.000574564   -0.000836664   -0.00246046   -0.000781574   0.000114066   -0.000772173   0.000915603   0.00630422   0.00939532   -0.00693928   0.000365999   0.000527536   -0.000221615   -0.0022368   0.00185075   0.00292629   -0.000680178   0.0013171   -0.00751175   0.000309527   -0.000227596   -0.00342583   -0.008976   -0.00723344   -0.00558435   -0.00366655   0.00312789   0.00548462   -0.000658235   0.00186814   0.00571115   0.00700924   0.0130475   0.00756962   -0.000350257   0.00432637   0.00129089   -0.00146651   -0.00208565   -0.00241444   0.00185841   -0.000193644   -0.000244829   0.0153159   0.00721578   0.00210652   0.0170193   0.00338981   0.00190708   0.0034372   1   -0.0283533   -0.0495292   -0.0295216   0.0146966   0.00204957   -0.0133178   -0.0162558   -0.0317642   -0.0311049   -0.00702009   0.0073317   0.0117862   0.0103153   -0.0200384   -0.00132479   0.00228781   0.0128313   0.00133925   0.00520848   -0.0161575   0.00688657   0.0071449   -0.00444342   0.0172069   0.0105205   0.0077292   -0.00362622   0.00283129   0.00137551   -0.00218539   -0.0189984   0.0062309   0.00456965   0.00428121   -0.0113866   -0.00262142   0.00919005   0.00111411   -0.0048724   0.000532608   -0.0344364   0.0103496   0.00384181   0.00953271   0.00238716   -0.0634661   0.0196255   -0.00191502   -0.0102984   -0.0075696   -0.0146213   -0.0457205   -0.0636882   -0.0670204   -0.0579966   
-0.101902   -0.101127   -0.00315401   0.001822   0.000875321   0.00130056   0.00978544   0.0011382   0.00856173   -0.00378357   0.000202153   0.000842915   -0.00775271   0.00675622   -0.00484643   -0.000284205   -8.65362e-05   -0.00048967   -0.00106189   3.16569e-05   -0.00288361   -9.25095e-05   0.00190872   -0.00325026   -0.00312369   -0.00410705   0.00041416   0.00565967   0.000573972   0.00034729   0.000434552   0.00429547   0.00686497   0.00657336   0.00432532   0.00688874   -0.00140456   -0.0045267   -0.00652501   -0.00168246   -0.00110595   -0.00215639   -0.00750396   0.00274315   0.0130558   -0.00118377   -0.00765917   -0.00437952   0.00247207   -0.000111623   -0.00704233   -0.0286754   0.0276914   0.00087855   -0.00696632   -0.0136562   -0.00177906   -0.0160435   -0.0111937   0.00438678   0.00325412   -0.00405906   -0.00420458   0.00814423   0.00115905   -0.000181318   -0.00620155   0.0107247   -0.00308232   -0.00223684   -0.00389725   0.00233362   -0.00379373   -0.0134093   0.0182417   0.00190886   -0.0112917   -0.00217953   0.0162022   0.0142145   -0.00116483   -0.00467105   0.0104604   -0.00673393   -0.00598683   -0.00973644   0.00471292   -0.0161116   -0.00369063   0.00994383   -0.00133133   -0.0301175   -0.01035   0.00420564   0.0121899   0.00716054   -0.00901955   0.0236664   0.00309423   0.000183237   -0.00502853   -0.00374173   -0.00301364   0.00201192   -0.00369062   -0.0254181   -0.0214757   0.00568332   0.0136442   0.0155078   0.00674932   -0.00936883   0.0292625   0.00687197   0.000441367   -0.00372475   0.00799279   -0.00471739   -0.0168448   -0.00916505   -0.00662325   0.00205525   -0.00344034   7.91887e-05   -0.0049805   -0.00482298   -0.00748893   -0.00109547   -0.0055797   -0.00870996   -0.00858216   -0.00557304   -0.00831056   0.000958685   -0.00452769   -0.0160129   -0.00746507   -0.00153435   0.00266336   0.00386879   0.00220661   -0.00657035   0.0226484   0.00226009   -0.00663297   -0.0129304   -0.0156636   -0.0116547   -0.00592485   0.00561382   0.00765197   0.0161579   -0.00149936   0.0128834   0.00876782   -0.00222687   -0.00640105   0.00746394   0.00554443   -0.00582804   -0.00389225   -0.0165087   -0.00194319   -0.00308325   -0.0333803   -0.0516713   -0.0300256   0.00141735   0.0327097   0.0832878   0.082217   0.0153904   0.0321583   -0.0511169   -0.0524107   -0.0340397   -0.00386895   0.00798922   -0.0269894   0.29538   0.113536   0.00437187   -0.0785856   -0.225408   -4.01662e-05   0.00299121   0.01691   -0.0563695   0.149502   -0.0091188   -0.00262199   -0.00968693   1   0.0034372   0.00590282   0.00791969   0.00727736   -0.000397823   -0.0154736   0.000333911   -0.00431882   0.036701   0.00639182   -0.0155084   -0.0231261   0.0371485   -0.00712026   -0.0315329   -0.00406586   0.000329519   0.0882435   -0.146691   0.00747077   -0.182099   -0.00131113   0.0104677   -0.152804   0.0287011   0.00813561   0.00300635   -0.00470752   0.0206194   0.0216984   0.00217748   -0.00205796   -0.0150837   0.01114   0.0206773   0.00335696   0.00307825   -0.0183873   -0.0106934   0.00342356   0.0036165   -0.00305659   -0.00399608   -0.0037721   0.0167182   0.0114236   0.103568   -0.0236262   0.169061   -0.125393   0.0310718   0.00400233   0.0282249   0.048588   0.0307245   0.0376958   
0.0238856   0.00648168   0.00207996   0.00705907   0.00325267   0.00192531   0.00335302   -0.0042726   -0.0039743   -0.000656654   0.00348093   0.00140106   0.00200666   -0.0148131   0.0023535   0.000216752   -0.00115027   0.00102798   0.00252811   -0.00443316   0.00633525   0.0102096   0.00435437   0.00304966   0.000944265   0.00104376   0.0010625   0.00333868   -0.000639069   -0.000645398   -0.00173135   -0.00489842   -0.000566571   0.00294941   0.00102107   0.00323012   0.00274618   0.00160134   0.00365339   -0.000246925   -0.000286759   0.0018993   0.00300399   0.00108668   0.0121871   0.0105882   0.00176918   -0.0158308   -0.00906226   1.94354e-05   0.00207241   0.0045835   0.0026645   0.00241291   0.00153657   0.00481034   -0.00998595   -0.000543236   0.000626502   -0.000141771   -0.00421195   -0.00327984   -0.00688853   -0.00132502   0.00503091   -4.81524e-05   -0.00218341   -0.00117414   -0.000807437   0.00166962   0.00321237   0.000919939   -0.00431487   -0.000155489   -0.00120656   -0.00724119   -0.00813324   -0.0104502   -0.00115278   -0.00639237   0.000125218   0.00163241   -0.00130379   0.000204736   -0.00209942   0.00454904   0.00182764   -0.000230351   -0.000461943   -0.0175475   0.028433   0.0124555   -0.00504425   -0.0134966   -0.00550303   -0.00162118   0.00487785   0.015175   0.00366399   0.00843832   -0.00643094   -0.0749322   0.00380207   0.016729   -0.0313785   0.00735936   0.0117196   0.00802325   0.0071211   0.0100438   0.00250577   -0.000465754   0.002174   0.00694199   0.00186489   -0.0154964   -0.0606272   0.000572043   0.00381939   0.000526786   0.00249591   0.00893628   0.00511538   0.0044967   0.00397917   -0.000992634   -0.00232874   -0.00170022   0.0005085   0.0009774   0.00118677   -0.000762964   -0.000137875   -0.00456762   0.00541271   -0.000532334   0.00965957   0.00551888   0.000838639   0.0134535   0.0132048   0.00146761   0.00902619   0.00804541   0.00827019   0.00449353   0.00439979   0.000266017   0.000306383   -0.0533631   0.00181964   0.0121338   0.00131094   -0.00274253   0.00692124   0.00520555   0.000399992   0.00348266   0.0043763   0.00331162   0.00152158   -0.0687301   0.000270501   0.000402519   -0.000729952   0.013582   0.00831234   0.00080768   -0.00550032   -0.0014243   -0.000556201   -0.00185082   0.0019688   0.0107633   -0.000643597   -0.0321523   -0.0087091   -0.00357749   -0.00964676   -0.00174716   -0.000404332   0.000318781   0.000932134   -0.000908738   -5.7898e-05   -5.94798e-06   -0.00242089   -0.00136347   0.000294724   -0.00917787   -0.000750872   1   -0.00968693   0.00190708   0.0047088   0.00680629   0.00602765   -0.377615   -0.420714   0.00433956   0.016519   -0.00960131   -0.0526927   -0.0159189   -0.0106748   -0.0393674   -0.0030056   -0.0307816   0.00381409   -0.00110004   -0.000626066   -0.00431239   -0.00780984   -0.0165547   0.00607483   -0.0350297   0.00657291   0.0069662   -0.00377518   -0.00258669   0.00230657   0.00854615   0.00346665   0.000182555   0.00625208   0.00170887   0.00118241   -0.0157701   0.0107397   0.00823524   -0.00471746   -0.0180016   1.68829e-05   0.00261707   0.00858896   0.0152998   -0.000122545   0.00164225   -0.00924978   -0.00688273   -0.0412312   -0.00966487   -0.00393016   -0.00234549   -0.000721122   -0.00179729   -0.00219484   0.00176145   0.0141023   
0.0154371   0.0267063   0.000105769   -0.00100576   -0.00087028   -0.00089276   0.000859118   0.000609657   0.000585599   -0.00421811   0.000481058   0.00117136   -0.00111421   0.00965578   -0.00166365   -0.000212331   -0.000264488   -0.000930299   0.000421309   0.00595935   0.00340614   -0.00141853   0.00283219   -0.00458297   0.000919689   -0.000395427   0.000746341   0.00115933   0.000320219   0.000221619   0.00293765   0.0083157   0.00736795   0.00636184   -0.00187868   0.00238806   -0.000544549   -0.0016311   0.00123039   0.00157591   -0.00695617   -0.00109265   -0.0547744   -0.000671896   -0.00237466   -0.00262487   -0.00434299   0.000203759   0.00218602   0.000336431   -6.48219e-05   -0.00362484   0.0054706   0.00409007   0.00443718   0.00234899   -0.000693353   0.00475687   -0.122525   -0.00342235   -0.000236749   -0.00105548   0.00262722   0.00477496   -0.00156888   0.00341753   0.00264125   0.00445196   0.00207628   0.00154157   0.00118456   -0.000982693   -0.0668888   -0.0587196   -0.00427844   -0.00364755   -0.00287961   0.00126789   0.0024753   0.00596261   -0.000608909   -3.93414e-05   0.0012665   -0.000160584   0.00194444   -0.00158071   -0.00164611   -0.000119186   0.00064043   0.00755435   0.00765502   -0.00396373   -0.00337606   -0.000458983   0.000823071   -2.08692e-05   -0.00256225   0.00209351   0.00330969   0.00234439   0.00228503   -0.0042635   -0.0196559   -0.0932586   0.00534428   0.00347002   -0.000499275   0.00149429   -0.00175957   -0.00331236   0.00260256   0.000395347   0.00200327   -0.000139366   -0.000557677   -0.00243131   -0.000619983   0.00019117   -0.00172905   -0.00289538   0.000322057   0.000820032   5.77468e-05   0.00178395   -0.000111191   0.00224197   0.00177893   -2.24921e-05   0.000374317   -0.00101654   0.000293532   0.000207575   0.000759003   -0.0783299   0.00407383   0.00564   0.00115282   0.000714316   0.00565592   -0.00266937   -0.00334369   -0.0804097   0.000413309   0.000371565   -0.000318167   0.000580027   -0.00224387   0.00227848   0.0004311   0.00389416   0.00837597   0.0070518   -0.00149901   0.00253672   -0.00396038   -0.00393565   -0.00123179   -0.00173067   0.000194635   -0.00150471   -0.000337904   -0.00975745   0.000633984   0.000441795   0.00462151   -0.0033864   0.000470669   0.0047577   -0.0137411   0.00818935   0.0113785   -0.0400221   0.00385613   0.00442207   0.0117321   -0.000371337   -0.0082551   0.00100604   -0.185118   -0.000243448   -0.00195656   -0.00140482   -0.00166503   0.00418464   -0.000384596   0.000233704   0.0137216   -0.00245501   0.00176915   0.0070426   1   -0.000750872   -0.00262199   0.00338981   0.00393412   0.00697712   0.00321418   0.00495475   -0.00077048   0.00235146   -0.0122025   -0.0211127   -0.0203385   -0.00260019   -0.055349   0.0404368   -0.0018179   0.00621444   -0.00100572   -0.000407465   0.0135127   -0.00284717   -0.00288181   -0.00611492   0.00271679   -0.00413969   0.00314262   0.012441   0.003997   0.00153842   0.00110492   -0.0183271   -0.00103818   6.63226e-05   0.00219022   0.00144763   0.00176782   0.0012489   0.000961126   -0.00225259   0.000753163   -0.000364903   -0.000571214   0.00150182   0.00389234   -0.000657453   0.00435249   0.000920812   0.000462077   -0.0143495   0.00890837   -0.0223428   -0.00119945   -0.00130931   -0.000491208   -0.0109109   -0.0100865   -0.011197   -0.00587578   
0.182502   0.156087   -0.0453042   -0.0320017   0.00214703   0.0131562   0.0198287   0.0431428   0.0381259   0.0259575   -0.0261791   -0.020079   -0.0279327   -0.0302654   -0.00440622   0.000228653   -0.0118775   -0.0120994   0.0127877   -0.00187225   0.00208207   0.0130577   0.00355139   0.0121733   -0.00338379   -0.016581   -0.0159776   -0.0330565   -0.00838969   -0.000368189   0.00234763   0.0269538   0.0423156   0.0209143   0.0261392   0.00412652   0.0103519   0.0181631   -0.0594276   -0.0224274   -0.0206047   -0.0136253   0.0240955   0.0287064   -0.00201474   -0.00784356   -0.0011653   0.00203935   0.00122464   0.00600567   0.00255701   0.0192511   -0.0172298   -0.020794   -0.0140218   -0.0402607   -0.0203461   0.00355968   0.0211979   0.00425641   -0.0120678   -0.0158521   -0.0136431   -0.00713756   0.00324766   -0.000528905   0.0137398   0.021995   0.0213442   0.00763066   0.0180656   0.00977716   -0.00298252   0.0169172   0.00717414   -0.00238118   -0.0140595   -0.00859159   -0.00244141   0.0050864   0.0189755   0.0075148   -0.00368225   0.00438195   0.0128711   0.00552056   -0.0110875   0.0198418   0.00752137   0.0157505   -0.0172365   0.00748059   0.0149019   0.0102045   0.0104212   0.00470099   0.0111587   -0.0329261   -0.0251733   -0.0180718   -0.0359088   0.00959938   0.0010856   0.00951021   -0.000226483   0.00130349   0.00751887   0.00277273   0.00824688   0.00700764   0.00238598   0.00315175   -0.00954197   -0.00584025   -0.00258183   -0.0160714   0.00163992   0.00419348   0.0242228   0.009002   -0.00155298   -0.0121586   -0.00803061   -0.00751399   0.00225391   0.00583867   0.00797914   0.00563238   0.00691586   -0.00106414   0.0181271   0.0132958   0.0120683   0.00312408   0.00498843   0.00143715   -0.00768344   -0.0066587   -0.00377966   0.00415471   0.00650495   0.00471322   -0.00151321   0.000660653   -0.00259381   0.000356581   0.000848243   0.00603364   0.0131708   0.00104185   0.00355253   -0.00318385   0.013541   0.0010174   0.00757615   0.0110939   0.00426847   -0.0345558   -0.030363   -0.0206413   -0.0143641   0.0101806   0.000900528   0.0038841   -0.00287835   -0.00037196   -0.0162703   -0.00624696   -0.00198437   -0.00801886   -0.0187074   -0.00268007   0.023527   -0.00828492   -0.0534437   -0.0395818   -0.0138771   0.00796646   0.0359041   0.00601532   -0.000642798   -0.000694012   -0.000163226   0.00471036   0.000278688   -2.35646e-05   -0.0268413   -0.0182363   -0.00152064   1   0.0070426   -0.00917787   -0.0091188   0.0170193   0.0372956   0.0606391   0.0351751   -0.0543166   -0.0251196   0.0100649   0.0350126   0.040917   0.0468347   -0.0118509   -0.0303161   -0.0369883   -0.0206613   0.00925991   -0.031538   -0.00328659   -0.0152991   -0.0199484   -0.018743   -0.00591354   -0.0182485   -0.0442137   0.00376187   -0.0519141   -0.102003   -0.0849232   -0.0544149   -0.0357805   -0.0128158   0.00690959   0.00537741   -0.190585   -0.0589682   -0.0564018   0.0191335   -0.000153021   -0.0577593   -0.00519889   0.0225308   -0.0266522   0.0117969   -0.0181112   -0.0520334   -0.109275   -0.0296095   -0.141949   -0.00888659   -0.00906681   -0.0301031   -0.0241797   0.00211306   -0.0580889   -0.121914   -0.151073   -0.157293   
-0.156245   0.025033   3.78052e-05   -0.000270129   -0.00147042   0.000895249   0.00280089   0.00244485   0.00216838   -0.00154906   -0.00378284   0.00174661   0.00212851   -4.90427e-05   -0.000888152   -7.61331e-05   -7.47184e-05   -0.000270708   0.000106856   0.00173001   0.00180822   -0.000294957   -7.53961e-05   -0.00146446   0.00611429   -0.0019138   -0.00205616   0.0039561   0.00126179   0.000684932   0.00103743   0.00199101   0.000355339   0.00144162   5.80303e-06   0.00134725   0.00065933   -0.00200982   -1.95659e-05   0.000762675   -5.21029e-05   -0.00129849   0.00142239   -0.00131804   0.000238541   -0.000778571   -0.00431544   -0.000813102   0.00226898   -0.00149511   -0.0033503   0.000504916   -0.00108966   0.00275187   -0.00242578   0.000247091   0.0001118   -0.0033215   0.00052422   -0.000433904   0.00126049   -0.000405302   7.87917e-06   -0.00147008   0.000417297   -0.000455262   0.00255665   0.00272247   -0.00180723   0.000517202   -0.00014758   -0.00198332   0.00372288   -0.0023164   0.000102714   -0.00173821   -0.00086839   -0.000246872   -0.000914605   0.00352074   -0.00077071   -0.00165271   0.0020221   -0.00175482   0.000110641   0.00248354   -1.5472e-06   -0.00735986   -0.000262909   -0.000968734   -0.00156151   -0.00245439   -0.00029224   -0.000678138   -0.00206541   -0.00176442   -0.00434227   -0.00167229   0.00375688   0.000290562   0.00292655   -3.40368e-05   -0.00177374   -0.00697319   0.00159983   -0.000745168   -0.000675635   -0.000439745   0.00104692   0.00111756   0.00162385   -0.00212257   0.000583699   0.000584685   0.00183682   -0.00152286   -0.0013685   0.00247595   -0.00437588   -0.00192253   -0.00120635   -0.00129376   0.000461475   0.00213168   -0.00171064   0.000701736   0.0002162   -0.000526573   -0.00153918   0.000635248   -0.000256146   0.00135242   -0.00556914   0.0036715   0.000513674   -0.00221125   -0.000425175   -0.00223401   0.00267676   -0.000195222   0.00347765   0.00194323   0.000342959   0.000697202   -0.00313019   -0.000871861   0.000347912   0.00616065   0.000249772   0.00290487   0.00165978   0.000355727   -0.000874313   0.00101166   -0.000300298   -0.00539746   0.00159966   0.00199246   0.00359629   0.000919527   -0.00133486   -0.0010554   0.000364266   -0.00281194   -0.00127823   -0.00420202   -0.000214599   0.000757749   0.00191418   0.0057452   0.00721953   0.00583432   -0.0251431   -0.00653057   -0.0066196   0.00441618   -0.000557983   0.00421667   0.00770501   -0.00967538   0.00462188   0.0077288   0.0127175   -0.00746386   -0.000100112   -0.00143873   -0.049371   -0.0026204   1   -0.00152064   0.00176915   0.000294724   0.149502   0.00210652   0.00485473   0.008085   0.00573452   0.0026147   0.000289986   -0.00127963   -0.00792835   -0.00591784   -0.00222455   0.00300953   -0.00272312   0.0122679   -0.00265848   -0.000149131   0.00036354   -0.00048035   -0.00293575   0.000389195   -0.00239171   -0.00358006   0.00143424   -0.00620124   0.00812949   0.00776066   0.00194246   0.000435538   0.00193887   -0.00127964   0.00105357   0.000300437   0.0010179   0.00553239   0.000383355   0.0020516   0.00233477   -9.55946e-05   -0.00112585   -0.000641511   0.000923495   -0.00134393   0.00149902   0.00163931   0.00117892   0.000284122   0.00107062   -0.016942   -1.87401e-05   -3.44222e-05   -0.00419652   -0.000264733   0.0664183   -0.0108481   -0.0147694   -0.0189052   -0.0170147   
0.101132   0.0707742   0.00576193   0.0056328   0.00239639   0.0124851   0.0196201   0.018069   0.00785922   0.00557237   0.00207473   0.00177154   0.00464894   -0.0105908   0.00174801   0.000337449   0.00213975   0.000145822   0.000887914   0.0040002   0.00245711   -0.00898785   -0.00201668   -0.0101353   -0.000172892   0.00432576   0.00209775   0.00182129   0.00190903   -0.000233611   0.014221   -0.00564314   -0.0187011   0.00167784   -0.0667542   -0.00136103   0.00357838   0.00707248   0.011592   -0.0100622   -0.0028856   -0.00574778   0.00272127   0.00142824   0.00685573   0.00232157   -0.0105651   -0.0137029   -0.00790925   -0.0045511   0.00133298   0.00805645   0.000604381   0.00282807   0.00205503   -0.0011545   0.00699935   -0.00318988   0.00309815   0.00231546   -0.00303167   5.78594e-05   -0.00201633   -0.00708634   0.00218356   -0.00392206   -0.0025267   -0.00411429   -0.00139577   -0.000262351   -0.000521034   0.00292758   -0.00357366   0.000671431   0.00138989   -0.00492224   -0.00330413   -0.00330794   -0.00266304   -0.00469507   0.00163051   0.000765022   0.000225196   0.00237107   -0.00216871   0.00424446   0.00454999   0.00246941   -0.000703125   -0.00423658   0.000905974   0.00384283   -0.00692122   -0.00776443   -0.0090033   -0.00371418   0.00261782   0.000506053   0.000103857   0.000845518   0.00230551   0.00252356   -0.00239334   0.00525164   -0.00128832   -0.00210681   -0.00311527   -0.00634387   -0.00148906   0.00353965   -0.00389646   0.000657496   0.00261102   0.00380375   -0.0146376   0.0094494   0.000519352   -0.000617471   0.000986913   0.00378408   -0.000464416   -0.00058555   0.0021086   -0.000816726   -0.00117049   -0.00456891   -0.00249624   0.00517712   0.00230868   0.00339221   -0.000234697   -0.000851732   -0.00150782   -0.00461224   -0.00472786   -0.00172883   0.00486158   0.00370069   -0.00521098   0.00189542   0.0027035   0.00209914   -0.00106056   -5.04833e-05   0.00154662   0.00217192   0.00728837   -0.0030031   -0.00138109   -0.0073086   -0.00878174   -0.00493652   0.00491435   -0.00471659   0.00249072   0.00302133   0.00181812   -0.03126   0.00388574   0.00613181   0.00218587   0.0125868   -0.0012393   -0.00109199   0.0334863   0.0089242   0.019583   -0.0130474   -0.00480422   0.00444496   -0.00872484   0.0390107   0.0479481   -0.102684   -0.0133416   -0.148352   -0.0014317   0.00183077   -0.0321055   -0.00693793   0.00576077   0.00158685   0.00379376   -0.00286968   -0.000325239   -0.0019857   -0.0591854   1   -0.0026204   -0.0182363   -0.00245501   -0.00136347   -0.0563695   0.00721578   0.00850048   0.0402217   0.0318629   0.0201571   0.0171007   -0.000220116   0.0198445   0.0182398   -0.00391799   0.0208567   -0.0560362   -0.0542704   0.0160859   -0.00208491   0.00368952   -0.00169514   0.00353173   -0.0113701   -0.0107603   -0.0162319   -0.151517   -0.0279738   0.00646804   -0.00620249   0.0141658   0.0152597   -0.00185547   0.00156326   0.00289759   0.00668301   -0.00210726   -0.00843557   0.00517078   -0.000813512   0.00579342   0.000705036   0.00218698   0.0125148   0.0138848   0.00554658   -0.00548351   0.0108502   -0.00191431   0.00881388   0.00100881   -0.0947969   -0.0185308   0.00486625   -0.0163348   -0.012612   0.0205079   -0.0568702   -0.0891704   -0.0885869   -0.0786061   
0.105542   0.165142   0.0108448   0.00541187   -0.00196453   0.00946933   0.0259953   0.0266951   0.0178541   0.000477945   0.00717424   0.00376931   0.00621478   0.00164992   -0.00127466   4.6253e-05   -0.000244906   0.000210699   0.0023503   0.00449824   0.00645991   0.00484126   0.00067952   -0.00119905   0.00046123   0.00269483   0.00443463   0.00591104   -0.00185888   0.000137244   -0.00159054   -0.00553511   -0.00705092   -0.00460326   0.000974359   -0.00248318   0.00140679   -0.00642864   0.016749   0.00766496   0.00541439   -0.000746454   -0.0018875   -0.00852235   0.00841405   -0.00464366   -0.0254612   -0.0191528   0.00173407   -0.00335689   -0.0150278   0.0137072   -0.000695188   0.00630131   0.00172156   0.00625712   0.00463886   0.0113913   0.0164335   0.00246144   0.00584579   -0.00212537   -0.00316492   -0.0148895   0.00143011   -0.00198218   -0.000365382   -0.00297554   0.00141908   -0.0032015   0.000733897   0.00183966   0.0102995   -0.0298199   0.0054876   -0.0152205   -0.00810788   -0.0096241   -0.00890736   0.00984976   -0.000321263   0.00553766   0.00286038   0.000526262   -0.000269951   0.00256116   0.0129658   -0.00438183   0.00119121   -0.000755065   -0.00160929   -0.0122143   -0.0158182   -0.0145303   -0.00948432   -0.00536577   -0.0117812   -0.00806598   -0.0014484   0.00431686   0.00332688   0.00276942   -0.0064334   -0.00364043   0.000421691   -0.0106934   -0.00184147   -0.00813133   -0.00431216   -0.00335452   -0.00149611   0.00278245   0.000435303   0.0065614   0.00321984   0.00795063   -0.00271548   0.00220222   0.00534922   -0.00512076   -0.00430871   -0.000737335   0.00635422   0.00397838   -0.00343094   -0.00449932   -0.00127641   -0.00474645   -0.00113068   -0.00226656   -0.00363851   -0.00218947   -0.000750187   0.00830894   -0.00974732   -0.00509796   0.00126933   -0.0034064   -0.0103315   -0.00554554   0.00766454   0.00966819   -0.00414446   0.000849142   -0.00224965   0.000662569   0.00640875   0.00643202   0.000398601   0.00391299   0.00395249   -0.00366541   -0.000401705   -0.0061507   -0.00540541   -0.0124576   0.00481185   0.0147136   0.00657045   -0.00231979   0.000974342   0.000537615   0.00298748   0.00150122   -0.000975531   0.00337036   0.0115259   0.00333208   0.0170937   0.0190066   0.0428099   0.0522939   -0.119871   -0.144655   -0.138069   -0.0754738   -0.00457981   0.0603592   0.0799342   -0.00218962   0.0239638   0.0222033   0.0157059   -0.00653265   -0.00124723   -0.0122315   1   -0.0591854   -0.049371   -0.0268413   0.0137216   -0.00242089   0.01691   0.0153159   0.0458807   0.0775695   0.059693   0.0219733   0.011846   0.00289644   -0.0130621   0.00778634   0.00314377   0.0370371   -0.0644821   0.00574817   6.06434e-05   2.83378e-05   0.00534813   -0.00405413   -0.00111656   0.00292915   -0.0215452   -0.0587926   0.0274456   -0.0585532   0.0508697   -0.0139752   0.0139122   0.0125471   0.01769   -0.00419775   0.00324315   0.00850654   0.00572647   0.049262   0.00379392   0.0125161   0.0170033   0.00417547   -0.00238709   0.00312417   0.0170336   0.00660172   0.00758577   0.0155756   0.0129827   0.00528143   0.00671741   -0.16591   -0.0326487   0.021872   0.0139865   -0.00726525   0.489206   -0.107053   -0.148379   -0.169076   -0.149235   
0.00239803   0.00333917   0.00167343   -0.00161002   0.00116134   0.000249523   0.000286962   -0.000763799   -0.00117212   0.00253183   0.00100193   0.00068118   0.00109396   0.00158048   0.000976221   -3.30194e-05   0.000317898   0.000105318   0.000617805   0.00167317   -0.00088127   -0.00127464   -0.00332286   -0.00169374   -0.00338977   0.00087591   -0.00185067   0.00140617   0.0013971   0.000119287   -0.000222243   -0.000676077   -0.000965731   0.000223687   -0.000314384   -0.0043092   -0.0112353   -0.0015779   0.0017806   0.000837194   -0.000152276   0.000399196   -0.00219671   -0.000429958   -0.000910785   1.87601e-05   0.0019634   0.00124206   -0.00408502   -0.000313656   -0.00220416   -0.00117341   0.000228153   0.000740141   0.00111845   0.00116749   -0.000749516   0.00185229   9.40123e-05   0.000153779   0.00125931   -0.000572395   0.000753166   5.07442e-05   -0.00234607   0.000766878   -0.00236448   0.000349264   0.000586693   -0.000451738   0.000311925   0.000166643   0.000909096   -0.00088722   -7.35389e-05   -0.000345229   0.00130041   0.00120211   -0.00200226   -0.00261336   -0.0011634   -0.000102817   5.94037e-05   -0.000150526   0.000391975   0.000153183   -0.000402667   -0.000171569   0.000212145   0.000202577   0.000165454   0.00032994   0.000210065   -0.000168735   0.000323682   -1.81749e-06   -0.000409891   -0.00241507   -0.00133228   -0.000293939   0.000464002   0.000356207   -0.000252781   0.000647195   -9.27942e-05   -0.000303721   0.000109933   0.000642892   -0.000814992   -0.00226838   -0.000282678   -0.000206482   -0.00109054   0.00105452   -0.000152022   0.000210292   0.000903158   0.000564748   0.00101405   -3.91833e-05   0.0009759   -0.00163044   -0.000444481   -0.000462518   0.000171804   0.000743008   0.000562316   -0.000331118   0.000369333   0.000537688   0.000815782   -0.000876144   0.000441563   0.000723223   0.000561641   -0.000108364   0.00031374   0.00103095   -0.00303826   0.00111434   0.00204616   -0.000163222   -0.00113817   4.16568e-05   0.00150202   -4.59015e-05   -0.000101868   0.00134931   -0.00128756   0.000351171   0.0013585   0.000726337   -0.000522866   -7.23697e-05   -0.00270671   0.00062302   -0.000455291   0.00054268   6.55269e-05   -0.000204063   -0.000226483   -0.00159061   -0.00148683   0.000190412   0.00150267   0.000195843   -0.000129327   -0.000769637   -0.000103379   -5.03713e-05   0.00346302   -0.00056176   -0.00474865   -0.0030463   -0.00327097   -0.00518286   0.00115585   0.00117264   0.00178085   0.000461175   0.000753061   -0.000137423   0.000149526   0.000612619   -0.000183817   1   -0.0122315   -0.0019857   -0.00143873   -2.35646e-05   0.000233704   -5.94798e-06   0.00299121   -0.000244829   -0.000105255   -0.000218779   0.00132238   0.000780346   8.65369e-05   0.000562853   0.00353821   0.00788457   0.00171438   -0.00195802   -0.00306689   0.00195902   -0.00010356   0.000232302   -0.000315471   -1.73971e-05   0.00173062   0.000430193   -0.000283438   -0.008146   0.000361343   -0.00126053   0.00181403   0.00695941   0.000341158   0.000179199   0.00109478   -0.000777963   -0.000725574   0.000360604   -0.000811232   0.00415142   -4.71158e-05   -0.000148086   -5.52719e-05   0.000279167   -0.000131564   0.000519446   0.000600097   0.00125137   -0.00214739   0.00476625   0.00120519   -0.000139291   -0.000105966   -0.00575223   -0.00125208   0.00314468   -0.000371522   -0.000596006   0.0169701   -0.00443636   -0.00842102   -0.0112572   -0.0091042   
-7.99642e-05   -0.000822902   0.000946088   -0.00241935   0.000765886   -0.000791479   0.00257502   -0.000362388   -0.0025307   0.000120431   0.000715585   0.000402317   0.000544823   0.000501346   0.00146197   -0.000454533   -0.000624554   0.000400005   0.000325968   0.000746686   -0.000673507   0.00041324   -0.00352597   -0.00184565   0.000180434   0.0003535   -0.00352926   0.00101656   0.00114741   7.93988e-05   6.8032e-05   0.000221682   0.000350656   -0.00114845   0.000490623   -0.022307   -0.0227485   -0.015306   0.000757321   7.7143e-08   5.03064e-05   -6.94319e-05   -0.00489371   0.000135849   -0.000343036   -0.000356361   0.00240717   0.00151615   -0.00122884   -0.00311156   0.000149311   0.00110005   0.000570887   0.000245103   0.000750363   0.000146945   -0.00159001   0.000756739   -0.00136704   0.000150885   0.000332892   0.000465586   -0.00102898   -0.000375707   0.00012126   -0.0018896   -7.85394e-06   7.04412e-05   -2.19459e-05   9.95037e-05   0.00029204   -0.000323855   9.53954e-05   -0.000117817   -0.000111091   0.000317012   -8.70643e-05   0.000648137   0.0011737   0.000104558   -0.00166076   0.000336698   -0.000219645   9.865e-05   -0.000243399   -0.00018982   0.000421694   0.000167409   3.09982e-05   -0.0006281   0.000557313   -0.00042652   0.00036488   -0.00278284   -0.000133819   0.000824531   0.000648914   0.000223531   0.000185117   -0.000996929   -0.000671287   0.000874165   0.000263991   0.000182164   0.000161752   -0.0009217   -0.000347659   -0.000721479   0.0004858   -0.00129587   -0.0012567   0.000228004   -0.000651725   0.000112241   0.00044921   0.000247825   0.00116945   -0.000605665   0.000278663   0.000240267   0.000368907   0.000600075   0.000524248   -0.000267603   0.000510527   0.000321419   0.000127566   0.000206263   4.825e-05   0.000183879   8.81465e-05   0.000184451   8.39069e-06   -6.28972e-06   0.000201269   0.000270318   -0.0011355   -0.000779379   0.000631824   -0.000963061   0.00073964   0.00042448   -0.000175814   1.06081e-05   0.000133553   -8.506e-05   9.57883e-05   0.000272473   2.57679e-05   -0.00277009   0.000645138   0.00142362   0.000785224   0.00108431   0.00211895   0.00100222   0.00018137   -0.000290226   -0.000510426   8.12021e-05   0.000404604   -0.000149172   6.78517e-05   1.69752e-05   -2.12675e-05   0.000772289   -0.000192259   -0.000514697   -0.000480946   0.000686389   0.000771721   -0.000575847   -0.000269982   0.000192844   -0.0015245   -0.00124007   0.000301646   -0.00023853   0.000336729   8.61108e-05   -0.000191571   0.000216707   9.78098e-05   1.97219e-05   1   -0.000183817   -0.00124723   -0.000325239   -0.000100112   0.000278688   -0.000384596   -5.7898e-05   -4.01662e-05   -0.000193644   -0.000521437   -0.000316092   -5.25939e-05   -0.000330285   0.00023606   0.000166147   0.00144514   0.00428941   0.00120406   -0.0031513   -0.000689408   -0.000447525   4.32674e-05   -0.00244447   -0.000449288   5.15309e-05   0.00113911   0.000209911   0.000134446   -0.00240901   -0.000248595   2.1884e-06   0.000203962   0.00569449   -0.000168559   0.000663974   -0.000194253   0.000244593   -0.000209306   -8.36119e-05   -0.00112421   0.000437283   3.09695e-05   1.30469e-05   -0.000263891   0.000124401   -0.000136374   0.00056441   -0.00010385   -0.000159739   -0.00231504   0.0017379   0.000674023   4.61466e-05   4.3926e-05   -0.000749145   -0.00108253   4.22866e-05   -0.000169082   -0.000239149   0.00161926   -6.98219e-05   -0.00123722   -0.00366627   -0.00242217   
-0.0511078   0.0231627   0.000482337   -3.66065e-05   -0.00241132   -0.0032828   0.00115566   -0.000152479   0.00299387   -0.00555705   0.00149422   0.00168039   -0.00212921   0.0126702   -0.00311402   -0.000264173   0.00110651   -0.00105793   -0.000986268   0.00444977   0.00108638   -0.00303088   0.00206776   -0.00572738   0.00249153   -0.000410758   0.00173559   0.00272089   0.00115429   0.000610335   -0.000903859   0.00440923   0.00392965   0.00409173   -0.00202667   0.0035311   -0.00101907   -0.00337268   0.00265407   0.00144725   3.7535e-05   -0.00331058   0.00111407   -0.00162356   -0.000146795   -0.00516118   -0.00514171   -0.000879466   0.00185031   0.0016066   0.00264571   0.000373992   -0.00195925   0.00258544   0.00344102   0.00188214   0.0017521   0.00982831   0.00477808   -0.00229522   0.00171737   -0.00226327   -0.00148063   0.00300242   -0.00458201   0.0030695   0.00291251   -0.000928937   -0.000422623   -0.000372293   -0.00155707   -0.000403569   0.00743565   0.00138398   -0.00149051   -0.00134657   -0.00438501   0.000533373   0.00247147   0.00539931   -0.00099742   0.00147202   -0.00181432   -0.00058411   0.0022051   -0.00182141   -0.00112983   0.00112205   0.00194215   0.00146377   -5.3208e-05   -0.00970496   -0.00177393   0.0040609   0.00627112   0.00460819   0.00139916   -0.00293813   0.00186055   0.00272141   0.00390601   -0.00287667   0.00749715   0.00611517   0.00470784   -0.000405349   -0.00366357   0.00145475   -0.000181815   0.00164868   0.00756009   0.0043761   0.000276113   0.0013195   0.000749307   0.000435405   0.00121795   0.00385113   0.00429188   -0.00375013   -0.000787135   0.00243202   -0.000500235   0.00247183   6.17027e-05   0.00134882   0.00168612   -0.000463907   0.00058553   -0.0021786   -1.58858e-05   0.000327522   0.00151452   0.00786078   0.00410033   0.00423455   -0.000289272   -0.000283001   0.00458391   -0.00226595   -0.00137338   0.00485669   -0.00343349   0.000567965   -0.000710362   0.000191021   -0.00262654   0.00942693   0.00288218   0.0034874   0.00456228   0.00592856   -0.0047126   0.00447646   -0.00185477   -0.00251453   -0.000522611   -0.00328549   0.00018357   -0.00188599   0.000232023   -0.0123087   0.00199209   0.00164453   -0.00420163   -0.0224127   -0.0104664   0.00410241   0.0161675   0.0180844   0.00334303   -0.00189921   0.00194223   0.00913206   0.0127552   0.00766035   0.00155379   0.00446755   0.00933483   -0.0336418   0.0204482   0.0483154   0.0906738   1   1.97219e-05   0.000612619   -0.00653265   -0.00286968   -0.00746386   0.00471036   0.00418464   -0.000908738   -0.225408   0.00185841   0.00131133   0.00317333   0.00271835   -0.00165118   -0.00425907   -0.00132666   -0.0182595   -0.0168136   -0.000144175   0.00141972   0.013007   0.0488151   -0.00629866   -0.00269629   -0.00109206   -0.000481065   -0.0124252   -0.0294933   -0.000480616   -0.020369   0.000769987   -0.000571751   -0.0135645   0.0157322   0.00295947   0.00636359   0.0026618   0.00597371   0.00442257   -0.000133197   -0.000363574   0.00965145   0.00202714   0.00360889   0.00221636   -0.00172235   0.00577168   0.00395861   -0.00114446   0.00128367   -8.42553e-05   -0.00410112   0.00200593   0.00494461   0.00267147   0.0102661   0.0109736   -0.0134835   -0.0771698   0.00637753   -0.023925   -0.00752779   -0.00291945   -0.00827443   -0.00969676   
-0.0571631   -0.0270775   -0.000814448   -0.00134805   0.000977445   0.001646   -0.00282884   -0.00201988   -0.00384658   0.00219121   -0.001732   -0.00158274   0.00143109   -0.00752586   0.00102805   0.000163838   0.00011907   -5.40987e-05   0.000624415   -0.0030184   -0.00117325   0.00119836   -0.0017641   0.00389006   0.000543469   2.58696e-05   -0.0010939   -0.00140604   -0.000276857   -0.000109831   2.07499e-05   -0.00274627   -0.00257167   -0.00262853   0.000758179   -0.00305583   0.000284421   0.00197551   -0.000756654   -0.000533018   -0.000279133   0.00161437   -0.000812447   0.00155281   0.00161201   0.00450696   0.00295956   -0.000633858   -0.0022158   0.000835142   0.00326134   0.0101551   -0.0017176   -8.30694e-05   -0.00100515   -7.89137e-05   -0.00116747   0.00254149   0.00412269   0.00161444   -0.000597211   0.0020087   0.00182443   -0.00114589   0.00305116   -0.000712187   0.000847557   -0.00194066   -0.000175216   -0.000547248   -0.000972835   -0.000524302   -0.00349964   0.00161693   0.00173349   0.00217149   0.00191764   -0.000102803   -0.00138395   -0.00177409   0.00425112   0.00195482   -0.000579998   0.00073738   -0.000858436   0.000534595   0.000481896   0.004019   0.000721733   -0.00037905   0.000232466   0.00694209   0.000194263   -0.00204003   -0.0022866   -4.97424e-05   0.00438304   -0.000296191   -0.000462308   -0.000492117   -0.00244729   0.00102204   0.000780847   0.00119318   -0.00317056   -0.000144917   0.000741711   -0.00229127   0.00121896   0.00181112   -0.000882655   0.00268381   -0.00235898   0.000294257   0.000796267   0.0011798   -0.00120532   0.00178761   0.00507089   0.00270544   0.000646004   -0.00177226   0.000341865   -0.00146663   0.00126929   0.000189452   0.000639931   0.000100669   0.000238573   0.00115215   0.00058654   -0.000219309   0.000589949   -0.00474269   -0.00316515   -0.00210277   -0.000865506   -1.97157e-05   -0.00263137   0.00224776   0.00186911   0.000614229   -0.0017663   -0.000257277   0.000527136   0.000568284   0.00229028   0.00218584   0.00131353   -0.00255601   -0.00332496   -0.00394921   0.00436678   -0.00231524   0.00168691   0.00341814   0.00276338   -0.000140973   -0.00109811   0.00162517   -0.0005903   0.00756662   0.00018522   0.000312634   0.00071509   0.0125921   0.00655915   -0.00219469   -0.00932271   -0.0100185   -0.001079   -0.000322076   0.00126231   0.00603023   0.00158997   -0.00033528   -0.00217631   -0.00349827   -0.0103958   0.00422236   0.0347975   0.0457499   1   0.0906738   9.78098e-05   0.000149526   0.0157059   0.00379376   0.0127175   -0.000163226   -0.00166503   0.000932134   -0.0785856   -0.00241444   -0.00436819   -0.00811415   -0.00645145   0.000446654   0.00189198   0.000620233   0.0102498   0.00843598   -0.000757355   0.00218518   0.000996714   -0.0310492   0.000642275   0.00511688   0.0013204   0.000577456   0.0106237   0.013602   0.00192888   0.0123518   -0.00138984   0.00380829   0.00412997   -0.0134248   0.00208111   -0.000339611   -0.00217299   0.000622571   0.000166533   -0.000986064   -9.14397e-05   -0.00677081   0.000140822   -0.000882901   -0.00317267   0.000880934   0.0012745   0.00144419   -0.0013206   -0.00236359   -0.000489243   0.00249362   -0.00144279   0.000543275   -0.000267725   0.00274359   -0.00581245   0.0174604   0.051092   -0.0030587   -0.00639784   0.00947295   0.0120276   0.0177453   0.0169173   
-0.0439356   -0.0239973   -0.000824909   4.98978e-05   0.000913046   1.07079e-05   -0.00188323   -0.00220388   -0.00218936   0.00205682   -0.000656678   -0.00082911   0.00039204   -0.00599132   0.0011734   0.000120331   0.000459851   0.000449158   -0.000154554   -0.00285148   -0.000990775   0.00134371   -0.000958736   0.00258744   0.000195802   -0.000149984   -0.000325592   -0.000511351   -0.000194806   -8.80714e-05   -0.000151393   -0.00278659   -0.00210488   -0.00188732   0.000970533   -0.00122578   0.000643285   0.000972393   -0.000717043   -0.000544478   2.4944e-05   0.0012951   -0.000433323   0.00152182   0.000108128   0.0022807   0.00463943   8.7492e-05   -0.00302729   -0.0014216   0.00106455   0.00599388   0.000535616   -1.56285e-05   -0.00111949   -0.000721205   -0.000664367   0.000924377   0.000955319   0.000507295   -0.00026676   0.00169515   0.000207554   -0.00109575   0.00243658   -0.000405347   0.00012831   -0.000408033   -0.000101841   -0.000232108   -0.000314549   -0.000728317   -0.00305291   0.000729831   0.00116123   0.00258351   0.00295582   -0.000358103   -0.000985894   -0.00267562   0.00185588   0.00126994   0.000261014   0.000279978   -0.000967971   0.000340046   -0.00115879   0.00205182   0.000293745   -0.0013305   0.000397011   0.00560381   0.00265221   -0.00187848   -0.00387182   -0.00198008   0.00238112   0.00117163   -0.000618901   -0.00046064   -0.00189717   0.00115796   -9.22152e-05   -0.000736224   -0.00261985   0.000604368   0.00255065   -0.000188045   -0.00087753   -0.000579846   -0.00204305   0.000703026   -0.00104555   0.000285129   0.000161317   -1.5001e-05   -0.00107236   0.000787509   0.00277837   0.00207438   0.000347509   0.00010067   0.00048174   -0.000479625   0.00064506   -0.0003357   1.90382e-05   0.000246709   9.16539e-08   0.000486719   0.000215603   -8.28966e-05   -2.99162e-05   -0.00388612   -0.00168989   -0.00270526   0.00037877   -8.04723e-05   -0.00337124   0.00104993   0.00185879   -0.000368591   0.000421099   1.16652e-06   0.000282497   -0.000474866   0.00103159   0.000651303   0.00060664   -0.00115056   -0.00174657   -0.00211891   -0.000379322   -0.00310599   0.000660591   0.00227816   0.00119201   0.000234286   2.89162e-05   0.000734413   0.000131714   0.00534567   0.000141881   9.21198e-05   0.00280682   0.013241   0.00768785   -0.00131741   -0.0108624   -0.0132473   -0.00499308   0.00095803   0.00263244   0.0011062   -0.00234093   -0.00292249   -0.000980878   -0.000109791   -0.00353963   0.026858   0.038221   1   0.0457499   0.0483154   0.000216707   -0.000137423   0.0222033   0.00158685   0.0077288   -0.000694012   -0.00140482   0.000318781   0.00437187   -0.00208565   -0.00394442   -0.00705181   -0.00511224   -0.000601849   0.00198359   0.000419299   0.00951086   0.00863485   0.00104203   -0.00188422   -0.00828163   -0.0231718   0.0028354   -0.00370713   0.000230922   0.00051337   0.00868658   0.0191814   0.00136286   0.0156018   -0.00131018   0.00338381   0.00440567   -0.0200434   0.000905125   -0.000447888   -0.0021976   0.00113038   -8.85301e-06   -0.000640777   -0.000337851   -0.00681698   0.000545858   -0.000713294   -0.00262934   0.000556351   -0.00113332   0.000655263   -0.000909924   -0.00122088   -0.000767137   0.00137812   -0.00154336   0.000820461   -0.000289841   0.0015436   -0.00377117   0.011508   0.0541518   -0.00240035   -0.00395974   0.0103633   0.0123287   0.0169887   0.0160925   
-0.0363915   -0.0198049   -0.000625081   0.000545606   0.00131063   0.000875603   -0.000615153   -0.00239147   -0.00315538   0.00189466   -0.000577934   -0.000746821   0.000402277   -0.00713613   0.0011214   0.000148192   0.000280773   0.000402593   0.000241685   -0.00257001   -0.00012886   0.00226967   -0.000803877   0.00279538   1.25577e-05   -0.000214099   -0.000125839   -0.000448928   -0.00066575   -0.000165209   5.644e-05   -0.00272896   -0.00163771   -0.0012747   0.000851894   -0.00110395   0.00101729   0.00147464   -0.000482106   -0.000787047   -0.000102288   0.00128798   -0.000613371   0.00137653   0.000330742   0.00171809   0.00229877   -0.00104257   -0.0014326   0.000654286   0.00193349   0.00405605   0.0035642   0.000309959   -0.00152233   -0.00115846   -0.000787227   -0.00178659   -0.00127667   0.000460312   -0.000906829   0.00170691   0.000288008   -0.00130212   0.0027623   -0.00108961   -0.00100037   0.000396307   -0.000259739   -0.000281726   -0.000474598   -0.000675624   -0.00424746   8.4251e-05   0.00111626   0.00171995   0.00261204   -0.000469016   -0.00104189   -0.00377038   0.00102179   0.000467317   0.00140983   9.27794e-05   -0.00166652   -9.32907e-05   -0.0015379   0.000719052   -0.00034168   -0.00145822   -2.60793e-05   0.00432392   0.00102391   -0.00184031   -0.00299181   -0.00115415   0.00204022   0.0036717   -0.000341429   -0.000517019   -0.00230026   0.00169987   -0.00103521   -0.000671689   -0.00245112   0.000302455   0.00148882   -0.000866912   -0.00044326   0.00073051   -0.0022615   -0.000695813   0.00134865   0.000563448   4.5975e-05   -0.000115928   -0.000846065   -0.000426579   0.000305448   0.00195463   0.000165494   0.000468355   0.00101154   -0.000359711   0.000432094   -0.00107746   -0.000907373   0.000129929   -0.000581661   -0.000205361   -0.000888869   -0.00113869   -0.00105121   -0.00485392   -0.00131986   -0.00216128   0.000990427   0.000363881   -0.00277103   0.00259814   0.00256965   -0.00143139   0.00250681   -0.000131972   -0.000436947   -0.00209706   0.00017189   -0.00225891   -0.000620566   -0.002481   -0.00305768   -0.00270288   -0.000372616   -0.00299981   0.00158964   0.0027383   0.000931986   0.00192182   0.000889725   0.00091308   0.000183826   0.0066257   -0.000298237   -0.000411987   0.00356983   0.0123337   0.00538712   -0.0018312   -0.00723196   -0.0096444   -0.00520005   -0.00112106   0.00752172   -0.00563186   -0.00910337   -0.00755826   0.000212415   -0.00215413   -0.00452145   0.0647729   1   0.038221   0.0347975   0.0204482   -0.000191571   0.000753061   0.0239638   0.00576077   0.00462188   -0.000642798   -0.00195656   -0.000404332   0.113536   -0.00146651   -0.00269311   -0.00505987   -0.00372544   0.000743089   0.00194074   0.000299302   0.00831736   0.00753092   -0.00130453   -0.00136238   -0.00478595   -0.0281322   0.00606235   -0.00515195   0.000994515   0.000408493   0.000469834   0.0154388   0.00129669   0.0115675   -0.00118722   0.00346533   0.000783287   -0.00623377   0.00176792   0.000445369   -0.00167545   0.00392955   0.00103596   -0.000533808   0.000436283   -0.00584853   0.00225258   0.00161438   -0.0017237   0.000551029   -0.00400879   -0.00119852   -0.000730717   -0.000871364   0.000347278   0.0028873   -0.00133665   0.00337864   0.000781857   0.00645275   -0.00194651   -0.00435923   0.0220232   -0.00168999   -0.0048557   0.00689483   0.00776637   0.0121831   0.0120832   
0.00284114   0.0103514   0.000197545   8.21024e-05   -0.000178194   -0.000310632   0.000961843   0.000506177   0.000906015   -0.000941789   0.000602983   0.000634159   -0.000585848   0.00412659   -0.000514463   -8.67874e-05   0.00015908   -0.000277798   -0.000371849   0.00192895   0.000971748   -0.000573417   0.00112495   -0.00173277   0.000409842   -0.000207887   0.000613732   0.000955941   1.79632e-05   0.00011868   -0.000220422   0.00204417   0.00233129   0.0022496   -1.91854e-07   0.00130688   -5.66947e-05   -0.000651795   0.000149989   0.000176866   -0.000176341   -0.00117459   0.000875105   -0.00049477   -0.00154332   -0.00191911   -0.00251283   -0.000214075   0.000645182   -0.000147818   -0.0019202   -0.00938391   0.00966094   0.00134856   -0.000396507   -0.00223774   -0.00218622   -0.00497491   -0.00623459   -0.000425588   0.000341729   -0.000682397   5.65582e-05   0.00163534   -0.00215023   -0.000640492   -0.00211451   0.00359524   -0.000378426   -0.000189091   -0.00140869   -0.000686461   0.000122344   9.44268e-05   -0.000458315   0.000294549   -0.000920948   0.000458471   0.000954621   0.000285312   -0.00274121   -0.00245495   0.00332453   -0.00122337   -0.000751801   -0.00333793   -0.00209453   -0.00414872   -0.00130991   0.000859672   -0.00192773   -0.00604694   -0.00250966   0.0011777   0.00201232   0.000192307   -0.00285789   0.00828874   0.0026603   0.000581123   -9.90821e-07   -1.57771e-05   -0.000555652   -0.000520777   0.00138367   -0.000358878   -0.00248863   0.000620412   -0.000173973   -0.000641699   3.36991e-05   -0.00259337   0.00875371   0.00106821   -0.000297934   -0.00236024   0.000435477   -0.00204848   -0.00615836   -0.00252739   -0.000690151   0.000564457   -0.000540643   -4.86743e-05   -0.0010066   -0.000447139   -0.00134155   -0.000332926   -0.00158007   -0.0028119   -0.00285556   -0.00261691   -0.00209673   0.00142057   0.0016356   0.00225653   -0.000123234   -0.000360029   0.00223714   -0.00112325   -0.00286079   -0.0015783   0.00663595   0.000272937   -0.00200188   -0.00383081   -0.00503362   -0.00474813   -0.00228002   0.000821566   0.000826532   0.00166659   -0.00134952   0.00241339   -0.000467029   -0.000897105   -0.00169662   0.00297109   0.00201975   -0.000594759   -0.000368914   -0.00324372   -0.000401525   -0.000740873   0.00257064   -0.00426021   -0.00232313   0.00257742   0.00566659   0.00614613   0.00122012   -0.0013326   0.0199011   -0.0107317   -0.0104395   -0.00713004   0.00136455   -0.00138443   0.00344743   1   0.0647729   0.026858   0.00422236   -0.0336418   8.61108e-05   0.000461175   -0.00218962   -0.00693793   -0.00967538   0.00601532   -0.000243448   -0.00174716   0.29538   0.00129089   0.00201888   0.00362286   0.0025903   -0.00265424   -0.00369036   -0.00156559   -0.0076503   -0.00573253   -0.000201407   -0.00305141   0.00171198   0.0164041   0.000930695   0.000572388   0.000763775   -8.66155e-05   -0.00870074   -0.0114902   -0.000666285   -0.0108266   0.00138147   -0.00126668   -0.000497776   0.0141351   0.00305532   0.0028609   0.000936111   0.00975374   0.00478215   0.000370307   0.000421518   0.00261216   0.0054122   0.00695238   0.0019531   -5.52767e-05   -0.00776321   -0.00464678   0.000396526   0.0012405   0.000998959   -0.0018216   0.000395417   0.00837268   0.00346015   0.000898758   0.0026419   -0.0156345   -0.0314626   0.0028805   -0.0325621   -0.0036911   -0.00390578   -0.00632827   -0.0051912   
0.0626278   0.166296   0.00312365   -0.00101385   -0.00532617   -0.0146977   -0.00981408   0.000573525   0.0108117   -0.0078673   0.00492821   0.00628396   -0.000647507   0.0424541   -0.00205621   -0.000887797   0.00293984   -0.000100069   -0.00580856   0.0174966   0.00637105   -0.010433   0.00879979   -0.0180598   0.00585963   3.09236e-05   0.00538244   0.00743194   0.00372798   0.00139202   -0.00323411   0.0143308   0.0119009   0.0108118   -0.00471653   0.00902467   -0.00325475   -0.00979736   0.00527673   0.00471781   0.00270504   -0.00941425   0.0204283   -0.00699206   -0.0325189   -0.0226142   0.00639647   0.0158658   -0.00315409   -0.0181124   -0.0176551   -0.0266974   0.00417824   0.00529308   0.00998151   0.00390675   -0.00651523   0.00944941   0.0264916   -0.0141922   0.00471993   -0.00377789   -0.00183682   0.00434232   -0.0194092   0.00569957   0.00257542   0.00764124   0.00253507   0.0016377   0.000380018   -0.00921285   0.0368728   0.0107619   -0.0255778   -0.00251092   0.0065664   0.00471102   -0.00775411   0.000645391   -0.0164965   -0.00458517   0.000556204   -0.00109511   0.00922344   -0.00468788   -0.0150863   -0.00758641   0.000858759   -0.005773   -0.0105335   -0.0110483   0.0173324   0.0107242   -0.00242705   -0.00896755   -0.0149037   -0.000417034   0.0102588   0.00624109   0.0129942   -0.00102678   0.00907657   0.00541924   0.0190502   0.0294646   0.0216015   0.0101809   -0.0238189   -0.0360827   -0.000797854   -0.000266378   0.00485841   -0.00263701   -0.0039732   -0.014084   -0.0044655   0.000781277   -0.00750241   -0.0107741   0.00377293   0.00475705   -0.00276058   0.00442451   -0.00172286   0.00913391   0.00692971   -0.000742174   0.000576522   -0.00501425   0.000146537   0.000103526   0.00249185   0.0424571   0.0230284   0.0270429   0.00625483   -0.00485443   0.0108266   -0.021383   -0.0188907   0.0213844   0.00195936   0.00102566   -0.00155999   0.000596169   -0.00976277   0.00874567   0.00138199   0.0172036   0.0193512   0.00768516   -0.0246809   0.000470014   -0.0214361   -0.017469   -0.00500538   -0.00385474   0.00356748   -0.00461887   0.00317307   -0.0306195   0.00392165   0.00257287   0.0105399   -0.0320288   -0.0278367   0.00531067   0.0226555   0.00311889   0.0109122   0.22185   0.00293205   0.0355113   0.0750331   0.0804307   0.00722841   0.262155   1   0.00344743   -0.00452145   -0.00353963   -0.0103958   0.00933483   0.000336729   0.00178085   0.0799342   -0.0321055   0.00770501   0.0359041   -0.185118   -0.00964676   -0.0269894   0.00432637   0.00204152   0.00839946   0.00615325   -0.0309343   -0.0039568   -0.0132872   -0.0573373   -0.0869596   0.013224   -0.0284119   -0.492431   0.168337   -0.0126801   0.0175087   0.00368262   -0.00131765   -0.0491718   -0.0137541   -0.00860602   0.135556   0.0109529   -0.0093452   0.0184032   -0.0227883   -0.00720575   0.00804861   0.0110439   0.0139645   -0.00278744   0.000227637   0.00110278   0.036642   0.00433534   0.00157801   0.00810023   -0.0074986   -0.00895553   -0.00179235   -0.00258337   0.00753675   0.00475642   -0.0188346   0.00670692   0.00698753   0.000254278   -0.0473499   0.0556192   -0.191705   0.00158388   -0.000601107   -0.0138474   -0.0279368   -0.0451753   -0.0515517   -0.0630157   
-0.0428168   0.0199243   0.00184624   -0.00201616   0.00333914   -0.00138273   -0.0105274   -0.000810411   0.00102248   0.00548686   0.000999664   0.0017878   0.00382835   0.0143847   0.00517145   -0.000298597   0.00247055   0.00178959   -0.00506266   0.00549059   0.000854795   -0.00524062   0.00390991   -0.00314005   0.0026924   0.000519472   0.00177555   0.00636763   0.00205291   0.000456187   -0.00124814   0.00462417   0.00387818   0.0045958   -0.00214692   0.00038726   -0.000933727   -0.00142068   -0.000150694   0.00110456   3.51322e-05   -0.0027203   0.00382011   -0.000168442   -0.0121661   0.000201306   0.00334459   0.00489065   -0.00588888   -0.0088233   -0.00530923   -0.00316458   0.00226057   0.00123954   0.00372898   0.0012917   -0.00448599   0.00745787   0.00033163   -0.000995088   0.00307363   -0.00118899   0.00319864   0.00300818   -0.00377168   0.00400008   0.00152834   0.00242714   0.000534446   -0.00190301   -0.00228818   -0.00423265   0.00713072   -0.00191483   -0.00673762   -0.000180669   0.0033873   -0.00203941   -0.00435257   0.00422213   0.00212081   0.00018171   0.000281862   -0.000969003   0.00229724   -0.00197088   -0.000728492   0.001704   0.000687595   0.00353323   -0.00312632   -0.00344988   0.00293736   0.00222567   -0.00274018   -0.00155538   -0.00361136   0.0015312   0.00594224   0.00195284   0.000906137   -0.00209436   0.00237629   -0.00493763   0.00418152   0.0073652   0.00328792   0.00424732   -0.00216456   -0.0139424   0.00317694   0.00409922   0.00414017   -0.000954814   -0.00141424   -0.00727201   0.00225245   0.00175035   -0.000520833   -0.00406032   0.00267304   -0.00540563   -0.00356067   -0.00212088   0.00189266   0.009474   0.00727678   -0.00060443   -0.000568056   -0.00080404   0.000759285   -0.00234658   0.00101345   0.00686582   0.00946441   0.00685337   -0.00307997   -0.00347816   0.0101016   -0.00343947   -0.00721061   0.00308923   0.00350813   -0.000569669   -0.00033332   -0.000236126   -0.00423325   0.00541564   0.00104444   0.00375068   0.00786756   0.00101643   -0.000744285   0.00449723   -0.00241039   -0.00149885   0.00388914   -0.00214745   -0.000222249   -0.000945084   -0.00163046   -0.0100467   0.0017496   0.0012096   -0.00512896   -0.0218085   -0.0353859   -0.00739374   0.0131531   0.0316486   0.0566455   0.201436   0.0075664   0.0336256   0.0626763   0.0684555   0.0106396   1   0.262155   -0.00138443   -0.00215413   -0.000109791   -0.00349827   0.00446755   -0.00023853   0.00117264   0.0603592   0.00183077   0.00421667   0.00796646   0.00100604   -0.00357749   0.00798922   -0.000350257   -0.00266255   -0.00127254   -0.00173425   -0.0138061   -0.00265573   -0.00546683   -0.00814102   -0.0196378   0.00687351   -0.0414331   -0.461494   0.0533289   0.00232652   0.0291807   0.00304003   -0.00014879   -0.00669538   0.00281255   0.00265721   0.0367185   -0.000822788   0.00844952   -0.00127964   -0.0253194   0.00146509   0.00517736   0.00167701   0.00478898   0.00342239   0.0013777   0.000550581   0.00408628   0.00251991   0.0023842   0.00126236   -0.0020378   -0.00196189   -0.000195787   0.00130982   0.00762721   0.00287858   -0.011075   0.000318814   0.00418849   0.00152723   0.042852   0.0174228   -0.0227889   -0.0177156   0.00532848   0.0074899   0.0125485   0.00699058   0.00842857   0.00363874   
0.000997796   -0.126486   -0.000845209   0.00519986   -0.00509506   0.00423011   0.0371606   0.0344766   0.0353758   0.00526091   0.00552537   0.00147791   -0.0125232   0.00611029   -0.0085186   -0.000200033   0.00127229   -0.00220384   -0.00393913   -0.0108169   -0.0141252   -0.00986596   -0.0041076   -0.00284516   -0.00452779   -4.71058e-05   0.00177346   0.00440176   0.00149531   0.000726997   -0.0022342   -0.013345   -0.0148345   -0.00732835   0.00215301   0.00729846   -0.00174557   -0.00928183   0.00235703   0.00310386   0.00364493   0.0016469   -0.0053826   0.00232568   0.0391136   0.00439229   -0.0278489   -0.0204891   -0.000898645   -0.00450074   -0.00214292   -0.00718965   -0.000538882   -0.00224584   -0.0036319   -0.00486595   0.0139069   0.00283   -0.0336574   0.0163684   0.00457123   -0.0176332   -0.0198042   -0.00249449   -0.00269105   0.00113558   -0.00100362   -0.000426361   -0.00280404   -0.00251487   -0.00133112   0.0214511   0.00358888   -0.000747666   0.0250494   -0.0195793   -0.0426615   -0.0172386   0.0243824   0.0321453   0.0085141   0.0032736   -0.0027149   -0.00520569   -0.00365803   -0.00042156   0.0187353   -0.00297274   0.00135841   0.0234317   0.022332   -0.0376831   -0.0255326   -0.00436931   0.00930757   0.00621201   -0.000431009   -0.000102126   -0.00571989   0.00120412   0.000939039   -0.0124248   0.00925421   0.0296003   0.014577   -0.023843   -0.0351611   -0.000105383   0.0118818   0.0205113   0.0108812   -0.00177307   0.0026457   0.00456703   0.00298902   0.0161264   0.0205319   0.000836479   0.00150264   -0.00166542   -0.00268073   0.0135941   0.00459582   0.00862245   -0.00545437   -0.00885784   -0.00634481   -0.00153777   -0.00158092   -0.0050763   -0.000881238   0.00473593   -0.00237933   0.00660236   0.0123301   0.0143749   0.0147345   -0.000780033   -0.00988812   -0.0115059   -0.000374815   -0.00187593   -0.00696044   -0.00386456   -0.00699953   -0.00654352   -0.00133053   -0.000734094   -5.52142e-05   -0.0176378   -0.00157512   0.0235242   -0.00629597   0.00835029   0.00198004   -0.00464258   -0.00836915   -0.0107688   -0.003899   -0.0113717   -0.00355157   -0.0318331   -0.000642543   -0.00053348   0.309597   0.171812   0.0892282   -0.0216859   -0.08643   -0.0709981   -0.00383471   0.00497234   -0.000343868   0.0132098   0.0344429   0.167573   1   0.0106396   0.00722841   0.00136455   0.000212415   -0.000980878   -0.00217631   0.00155379   0.000301646   0.00115585   -0.00457981   -0.0014317   -0.000557983   -0.0138771   -0.0082551   -0.0087091   -0.00386895   0.00756962   0.0306144   0.0533615   0.0486956   0.045219   -0.0209046   0.0218986   0.0617909   0.167358   0.0312865   0.0278527   -0.0228314   0.0367187   0.016271   -0.0506273   0.0116629   -0.00359038   0.0240178   -0.0212221   -0.0103866   -0.417779   -0.0154438   -0.00644596   -0.00534722   -0.0395992   -0.000740973   -0.0034625   -0.0084216   -0.00458346   0.00353452   0.0108336   -0.0154944   -0.0200812   -0.00416794   0.00444639   0.0147356   -0.000898379   0.0162703   0.00546493   0.0226749   0.00287318   -0.0241127   -0.0211709   -0.00392782   -0.00495788   0.00306568   0.0582978   -0.00253933   -0.0155381   -0.0620984   0.00735135   0.0065559   -0.00644037   0.00349522   -0.0536043   -0.022617   
0.158713   0.108435   0.00951793   0.00621741   0.00163024   0.0145149   0.0260365   0.0276495   0.0105974   0.00957671   0.00295063   0.00315534   0.00571407   -0.00829335   0.000947511   0.00036391   -0.00136687   0.000543652   0.00218528   0.000885526   0.00629623   0.00718802   -0.00263404   0.0069851   0.000398562   0.00588334   0.00420129   0.00316382   -0.00550202   -0.000657917   -0.00500094   -0.0157006   -0.0142177   -0.00861051   0.00963542   -0.00365544   0.00284095   0.00440273   0.0199749   0.00917698   0.00578894   0.00532599   -0.00601967   -0.00795957   0.00465926   0.00176676   -0.021578   -0.0167291   -0.0121957   -0.0134138   0.00183822   0.00644271   0.00323152   0.00489768   0.00416502   0.0145055   0.0085998   -0.00396338   -0.00435368   0.00520078   -0.00291579   -0.00011368   9.06023e-05   -0.00893685   -0.000526885   -0.00504013   -0.00398773   -0.00543012   -0.00273373   -0.00187858   -0.00419508   0.00680589   -0.00251098   0.00617369   0.00548473   -0.00883294   -0.0132751   -0.00993489   -0.00512635   -0.00306136   0.0025405   -0.000545887   -0.000119973   0.00199367   -0.00335113   0.00434237   0.0100035   0.00391023   -0.00113683   -0.000550094   -0.00225301   -0.00908977   -0.0218205   -0.0155443   -0.0219112   -0.0113625   0.00185381   0.00152696   0.00177009   0.000590244   0.00286478   0.00402024   -0.000498173   0.0125392   -0.000335554   -0.0095981   -0.013115   -0.00665588   -0.004148   0.00192557   -0.00388239   0.00311322   0.0015129   0.00117804   0.00888436   0.0128447   0.00309669   -0.00135864   -0.00118068   0.00253088   -0.000774001   -0.00100658   0.00334745   -0.000287715   -0.00449854   -0.0065424   -0.0032352   -0.00277498   -0.00270161   -0.00136903   -0.00498988   -0.00564031   -0.00432398   -0.00318203   -0.00621753   0.00166214   0.0057998   0.00134839   -0.00899628   -0.0103453   -0.00894531   0.002299   -0.0021366   -0.00206134   -0.00113483   -0.00231523   0.00248178   -0.00677413   -0.00391157   -0.0112505   -0.0121484   -0.0041218   0.00616386   -0.00447423   -0.00258655   0.00263177   0.00292641   0.0185102   0.0032366   0.00601959   -0.000161033   0.0157087   -0.00134418   -0.00155273   0.0866651   0.0567751   0.0126466   -0.018913   -0.0168508   -0.0127531   0.0235418   0.0533019   0.0772964   0.134665   0.122204   1   0.167573   0.0684555   0.0804307   -0.00713004   -0.00755826   -0.00292249   -0.00033528   0.00766035   -0.00124007   -0.00518286   -0.0754738   -0.148352   0.00441618   -0.0395818   -0.000371337   -0.0321523   -0.0340397   0.0130475   0.0464974   0.0756968   0.059212   0.0395182   0.0247636   0.00137797   0.0299385   0.0628606   -0.000460594   0.0358828   -0.118786   -0.0531441   0.0506625   0.0118765   0.0118377   -0.00395858   0.00965145   -0.0179919   -0.0194579   -0.0809745   0.0417009   -0.0410648   0.0121801   -0.0324434   0.0256688   0.0183724   0.0166169   0.00721259   0.0022923   0.00918968   0.00579196   0.0448025   0.0109581   0.0196937   0.0155268   0.00429863   0.00789617   -0.00179364   0.0189814   0.0075371   0.00834428   0.011788   0.0124601   0.0196603   0.00974448   -0.113057   -0.0258235   0.00351595   -0.0214014   -0.0143936   -0.0472236   -0.100598   -0.149565   -0.167589   -0.133024   
0.112012   0.112686   0.00851477   0.00330527   0.000309759   0.0046814   0.00487009   0.0103349   0.00457379   0.00128918   0.00323022   0.00401765   0.00732484   0.00924812   0.0019585   -4.42942e-05   0.000135938   0.00121079   7.37743e-05   0.00690822   0.00553914   0.000517808   0.0013018   -0.00200242   0.00227127   0.00503158   0.00283508   0.00456241   -0.000439517   -8.34966e-05   -0.00200083   -0.00226969   -0.00491652   -0.00184515   -0.00306435   -0.00118734   -0.000333351   0.00138731   0.0147743   0.00608599   0.00307827   -0.000173436   -0.00136209   -0.00750778   -0.00805357   -0.0030993   -0.0066307   -0.00428522   -0.00840076   -0.0111939   -0.00630819   -0.00418677   0.00391076   0.00517991   0.00647822   0.010186   0.00093018   -0.000689713   0.00211849   -0.00141581   0.000946602   0.00153955   0.00320684   -0.00194929   -0.004985   -0.00161266   -0.00187012   -0.00227396   -0.00175125   -0.000912712   -0.00296656   -0.00180506   0.00457566   -0.00100664   -0.0053339   -0.00186621   0.000143485   -0.00154367   -0.0072853   -0.00273563   -0.00348667   -0.00228635   0.000913378   0.00148983   0.000446251   2.92572e-05   0.00176026   -0.00108505   -0.00115222   -0.00441674   -0.0050655   -0.00361604   -0.00802467   -0.00727946   -0.0108768   -0.00748728   -0.00475717   0.00322662   0.00663795   0.00311073   0.00712404   0.000885518   -0.00197978   -0.00263176   0.000544761   0.00293204   0.000818789   -0.00251282   -0.00617535   -0.00892964   -0.00305905   0.00215755   0.00341264   0.000317596   0.00268252   0.00217488   -0.00270313   -0.000482788   -0.00403286   -0.0029408   0.000700068   -0.00332321   -0.000896089   -0.00142403   -0.00160781   0.000595567   0.000411276   -0.00105968   -0.000827209   -1.86974e-05   -0.00318287   -0.0039269   -0.000992853   0.00421315   -0.00218954   0.00286122   -0.000762351   -0.00107744   0.000598538   -0.00804894   -0.00917569   0.00268115   0.000679248   0.000321152   0.000597574   0.00126147   -0.00105437   -0.000564151   -0.00248947   0.00254415   1.06868e-05   -0.00369495   0.0021409   -0.00145909   -0.00627226   -0.0041575   0.000984067   0.00825203   0.0035164   0.00521312   0.000849583   0.00137755   8.01892e-05   -0.00032339   0.00497852   -0.00012926   -0.00252956   0.000720116   0.00833087   0.00886848   0.0194545   0.0552873   0.133237   0.130952   1   0.122204   0.0344429   0.0626763   0.0750331   -0.0104395   -0.00910337   -0.00234093   0.00158997   0.0127552   -0.0015245   -0.00327097   -0.138069   -0.0133416   -0.0066196   -0.0534437   0.0117321   -0.000643597   -0.0524107   0.00700924   0.0204193   0.036365   0.0272464   0.00400636   0.00962858   -0.00492392   -0.0113618   -0.0172185   -0.00398615   0.00728518   -0.0998282   0.0170301   0.00475452   0.0240597   0.00209134   -0.00179358   1.80634e-05   0.00426054   -0.0108788   0.0379025   0.0162953   -0.0286681   0.00800853   -0.012394   0.0200876   0.0168651   0.015004   0.00737244   0.00266816   0.00403004   0.0048776   0.0434184   0.0107675   0.012741   0.00749867   0.00154533   0.00410385   -0.00167765   0.0069823   0.00791728   0.00753124   0.00703312   0.0112416   0.01882   0.00637347   -0.0987312   -0.00985396   0.00139676   0.033461   -0.000786253   0.00363211   -0.0591452   -0.0865699   -0.0884955   -0.0769243   
0.101998   0.0962824   0.00488654   0.00863918   0.00234177   0.00696488   0.0101924   0.00379955   0.000428457   0.00237964   0.00291572   0.00181047   0.00648703   -0.0183051   0.00281274   0.000524461   -0.00125269   0.00219868   0.00522804   -0.00426769   0.0056347   0.0158543   -0.000710289   0.00791379   -0.000161537   0.00450575   0.000520655   -3.82165e-05   -0.00297351   -0.00100285   -0.00228707   -0.00958819   -0.00702222   -0.0075849   0.00811691   -0.00141993   0.00321724   0.00607581   0.0126132   0.00367763   0.00247437   0.00372173   -0.00331621   -0.00385258   -0.000207772   -0.00604362   9.21875e-05   -0.0122192   -0.00825067   -0.000196548   0.00135247   0.0132949   0.00215661   0.00344364   0.00119027   0.00834225   0.00440529   -0.00490919   0.00895076   -0.0015873   -0.00332099   0.00521367   -0.00262455   -0.00665317   0.00649012   -0.00473722   -0.00302394   -0.00439458   -0.00171167   0.00150737   0.00189777   -0.00163832   -0.00702153   -0.00208175   0.000604472   0.00256184   0.00622875   -0.00307772   -0.00768265   -0.0171635   -0.00321865   0.00122042   0.00175837   0.0035978   -0.00354719   0.00459189   -0.0014744   0.000764762   -0.00122839   -0.0141869   -0.00223448   0.0112246   -0.00331633   -0.0155829   -0.0141042   -0.00776113   0.00263344   0.00101139   -0.00287648   -0.000584968   0.00210202   0.00706446   -0.00673427   -0.00239459   -0.0100254   0.000840876   0.00764384   -0.00789734   -0.00411805   0.00305605   -0.0100041   -0.00270657   -0.00450483   0.0011732   0.00492041   0.00575839   -0.00540751   -0.00108964   0.00090453   0.00496023   -0.000830674   0.00279767   0.00326064   -0.000292328   0.00131957   -0.00715417   -0.00661725   -0.000204723   -0.000358048   0.00281617   -0.00371456   -0.00178638   -0.00142907   -0.0100527   -0.0110558   -0.0130053   0.000805705   0.000519272   -0.0139894   0.00796187   0.0115044   6.07086e-05   0.000715994   0.00114456   0.00156109   -0.0017413   0.0046189   -0.00462242   -0.00298037   -0.00146486   -0.0101886   -0.0124486   -0.00456352   -0.0156609   0.00113746   0.00243891   -0.000893813   0.0156664   0.00460898   0.00707071   0.00396878   0.0222308   -0.00114934   -0.00138934   -0.0255132   0.0111639   0.000307836   -0.00151863   0.010716   0.00595885   0.0121289   0.0263755   0.166846   1   0.130952   0.134665   0.0132098   0.0336256   0.0355113   -0.0107317   -0.00563186   0.0011062   0.00603023   0.00913206   0.000192844   -0.0030463   -0.144655   -0.102684   -0.00653057   -0.00828492   0.00442207   0.0107633   -0.0511169   0.00571115   0.0210944   0.0321391   0.0240125   0.010559   0.0203264   5.77271e-05   0.00711994   -0.00554654   -0.0149271   0.0163849   -0.0489286   -0.0873164   -0.00890438   -0.026364   -0.00127264   -0.00130191   0.00148582   0.00325058   -0.00900822   0.0800897   0.0327031   -0.0269716   0.01443   -0.00678443   0.0158023   0.00957147   0.0106825   0.00373163   -0.00109071   0.00267199   0.00885709   0.0258252   0.00726977   0.00807431   0.00421864   0.00411211   -0.00155089   -0.00212909   0.0056071   0.00323296   0.010847   0.0305222   0.00733083   0.0119692   0.00366015   -0.0893895   -0.0261793   0.0121618   0.032953   -0.00444346   0.0581339   -0.06216   -0.0887073   -0.0787553   -0.0673527   
0.022199   0.0392891   -0.00015932   -0.00087863   -0.00177047   -0.00173786   -0.000769561   -0.000427446   0.000960183   -0.00392049   0.000662288   0.000895387   -0.00034597   0.00920286   -0.00151241   -0.000173099   -7.76445e-05   -0.00135309   0.000522361   0.00451829   0.00216419   -0.00206023   0.00222066   -0.00483181   0.00170066   1.55988e-05   -5.45251e-05   -0.000430899   0.000870517   0.000262052   0.000561949   0.00641778   0.00534237   0.00445191   -0.00464701   0.00224576   -0.000693004   -9.34067e-05   0.000372094   -0.000542127   -0.00131456   -0.00349297   0.00385218   -0.00117928   -0.00181838   -0.00322974   -0.00487027   -3.29742e-05   0.00824742   0.00116313   -0.0112426   -0.000480584   0.00403813   0.00195527   0.00269888   -0.00335185   -0.00271318   0.00159518   0.00829396   -0.00354495   0.00432242   0.000350058   0.00123455   -0.0027347   -0.000429681   -0.000278966   -0.000529488   0.00158351   0.000918097   -0.00328795   -6.52743e-05   -0.00281133   0.0063916   -0.0226055   0.000540137   -0.00432266   0.00494635   0.00056661   -0.00324183   0.00678166   -0.0027232   0.000811137   0.00218116   0.00028497   0.000487644   -0.00159548   -0.00127739   -0.00452179   -0.000221825   -0.00128652   -0.00321197   -0.00309575   0.00326243   0.00105916   0.00296069   0.000946005   -0.00901753   0.00190702   0.00360496   0.00376481   0.00303158   -2.25894e-05   -0.00750409   -0.0118406   0.000247683   -0.0012705   0.00557804   0.000493968   -0.000246377   -0.00585696   0.000363149   -3.09643e-05   0.00366094   0.00224091   -0.000744944   -0.00158841   -0.00399394   -6.58968e-05   -0.00153309   -0.00572223   -0.000957084   -0.00307819   0.0010073   0.00214166   -0.00135613   0.0010917   0.000675288   0.000699027   0.00146143   -0.00112673   -0.000199166   -0.000654202   0.00128831   0.00624455   -0.000980612   -0.00504148   -0.00260301   -0.00151177   0.00333118   -0.000390215   0.0053855   0.00133671   0.00273261   0.00210028   -0.00130416   7.13381e-06   -0.000199921   0.00380995   -0.000840703   0.00847505   0.00868051   -0.000444509   -0.00036009   0.000695174   -0.00146881   -0.00953801   0.00164741   -0.00271356   -0.000218875   -0.0025472   -0.00167435   -0.00634349   0.00116509   0.000622004   -0.0191454   -0.0205293   -0.00575613   0.00216515   0.00999426   0.0162044   0.0137376   0.00699817   1   0.166846   0.133237   0.0772964   -0.000343868   0.0075664   0.00293205   0.0199011   0.00752172   0.00263244   0.00126231   0.00194223   -0.000269982   -0.00474865   -0.119871   0.0479481   -0.0251431   0.023527   0.00385613   0.0019688   0.0321583   0.00186814   0.00044525   0.00270162   0.000922362   -0.00716265   -0.00203074   -0.000756294   -0.0274549   -0.0342186   -5.85118e-05   -0.000925049   0.0473134   0.0352143   -0.0123486   0.00526865   0.00122653   8.01474e-05   -0.00327067   0.0120946   -0.000670016   0.0230425   -0.00607791   -0.0055887   0.0260141   0.011569   0.00327081   0.00407678   0.00160993   0.000169627   0.00396571   -0.000395365   0.000869773   0.00510557   0.00350026   0.00282166   0.00074484   2.6602e-05   -0.00492768   -0.00181398   -0.00129361   0.000433139   0.00174141   -0.00193426   0.000629277   0.00488932   0.00163938   -0.0122091   -0.00319538   0.0231653   0.00616589   -0.00122392   0.303231   -0.00821017   -0.00804988   -0.00789273   -0.0145019   
-0.0448038   0.00468901   0.00378107   -0.00857053   0.00745121   0.0107294   -0.0179079   -0.00456917   -0.0111023   0.00433678   -0.00362352   -0.0016036   0.0113488   0.00903576   0.0103077   -0.000133914   -0.00084504   0.00234064   -0.00115517   0.00705428   0.000177172   -0.00400785   0.00190987   0.00262989   0.00190686   0.00217029   -0.00376437   0.00325586   0.00251872   9.47562e-06   0.00195534   0.0125151   0.00867559   0.00591593   -0.00561103   -0.00841164   -0.000557695   0.00485627   -0.004411   -0.00162179   -0.00332062   -0.00324042   0.00550597   -0.000256278   -0.000821569   0.012261   -0.0143964   -0.000745166   0.0106116   0.0205724   0.00896657   0.00228295   -0.00144557   -0.00108137   0.00118333   5.68158e-05   -0.00909813   0.00246063   0.0157475   0.00716408   0.00013267   -0.00228221   0.0137911   0.00766321   0.00122588   0.00167778   0.00176124   -0.0025002   -0.000720657   -0.00321803   -0.00513609   -0.00361469   0.00566633   0.00161605   -0.00295253   -0.00335472   -0.00510021   0.000990011   -0.00237327   0.0132799   0.0131826   -0.000685129   6.7746e-05   -0.000538629   0.001346   -0.0043708   0.0104216   0.00347488   -0.00046214   0.0135466   -0.00485957   -0.00688932   -0.0208259   0.0066018   0.024373   0.0217084   0.00204315   0.00145261   0.00759441   0.000111961   -0.00305776   -0.00325961   0.00282648   0.00702378   0.0015612   -0.00215544   -0.0179717   -0.0105342   0.0178857   0.0100844   0.0120079   0.00724515   0.00440427   -0.00184651   -0.000608224   -0.00331644   0.00691916   0.00121042   -0.00151393   -0.0034215   0.00260724   -0.0187277   -0.00735829   -0.0105971   0.00524828   0.0133271   0.00937468   -0.00131107   -0.000998091   0.00391455   0.00108602   -0.00373305   0.00207185   0.00522405   0.0010997   0.00833598   -0.0168117   -0.00450363   0.0229769   0.0137081   -0.00446498   0.00797539   -0.00030271   -0.00288956   9.98773e-07   0.00392294   -0.000625501   0.0021055   0.000112129   -0.00408113   -0.00236602   -0.0110274   0.0308696   0.0175262   0.00933203   0.00600731   0.00926214   -0.00272865   -0.00504807   0.00361309   -0.00608612   -0.00206048   -0.00042043   0.000157361   -0.000224804   -0.000148124   -0.0166912   -0.00219227   0.0169976   0.0598423   0.113604   1   0.00699817   0.0263755   0.0552873   0.0533019   0.00497234   0.201436   0.22185   -0.0013326   -0.00112106   0.00095803   -0.000322076   -0.00189921   -0.000575847   -0.00056176   0.0522939   0.0390107   0.00583432   -0.00268007   -0.0400221   -0.00185082   0.0153904   -0.000658235   -0.00549695   -0.00673333   -0.0104557   -0.00361453   -0.00630609   -0.00597412   -0.0235891   -0.0490688   -0.0149484   -0.02974   -0.398559   0.0225216   -0.0289531   0.083134   -0.0306671   0.000540739   -0.013442   -0.0102335   0.00146179   -0.0111887   -0.0057022   0.00491895   0.00249416   0.104311   0.00620532   0.00127978   0.00303835   0.00752971   0.00660693   0.000136458   0.00444145   0.00555355   0.00240814   0.00221875   -0.000537618   0.00121093   0.00233159   -0.00264432   -0.000664159   0.00705066   0.0080933   0.000707465   0.000422268   0.00511764   0.00158778   0.0114623   -0.00294311   0.00302215   0.0535048   0.00632593   -0.00661724   0.0174748   0.0235167   0.0315831   0.0241477   
-0.0382058   -0.0687477   -0.00423816   -0.00857094   -0.00134276   0.00943051   0.015049   -0.0122846   -0.0342673   -0.019571   -0.00813046   -0.0040481   -0.0117292   -0.00345411   -0.0109213   -9.43382e-06   -0.00679581   -0.00816916   0.00775822   0.0145871   0.0145054   0.000979571   3.19517e-06   -0.00316265   -0.000791622   -0.00812522   0.000535688   -0.00978594   -0.00965279   -0.000271396   0.0051757   0.0182906   0.0255414   0.0237471   0.00114529   -0.00035274   0.00459137   0.00468741   -0.0120069   -0.00762503   -0.0073132   -0.00334283   -0.0015301   -0.00144822   0.0259686   0.0146254   -0.0517906   -0.0038646   0.0568961   0.0571022   0.0407592   -0.00202007   -0.00315029   -0.00269109   -0.00370391   -0.00325134   0.00888845   -0.009116   0.0178537   -0.00143762   -0.00820066   -0.000268104   0.018959   0.00909892   0.00709995   0.000702386   -0.00131126   -0.00522576   -0.00164059   -0.00610486   -0.00722932   0.00589768   -0.00525801   -0.000892867   0.0200383   -0.0111718   -0.0173479   0.0096842   0.0171757   0.0214351   0.00696185   -0.0028285   -0.00288142   -0.00279591   -0.00282562   -0.00148182   0.0141628   0.000180894   -0.000950263   0.0173002   -0.00843718   -0.0374385   -0.0289258   0.0315741   0.0442867   0.0391947   0.0112047   -0.00521729   -0.00304584   -0.00207921   -0.00865474   -0.00509128   0.00706048   0.0255855   -0.00675675   -0.0550905   -0.0567756   -0.00184237   0.0289879   0.0507895   0.0315322   0.00648228   0.00415789   0.00182684   0.00494621   0.0130144   0.00484927   -0.00219114   -0.00145159   -0.00552828   -0.012192   -0.0127699   -0.00125286   0.000156833   -0.0112597   -0.00601676   0.00137946   -0.000339929   -0.000139978   -0.0045644   0.00183046   -0.00297741   -0.00393429   -0.00112833   -0.0195622   -0.0258868   -0.019396   0.0116138   0.0321692   0.0156003   0.0033601   0.00172942   -0.00356942   0.000387416   0.00167066   0.00672186   0.00318071   -0.00122541   0.00105004   -0.0097373   -0.00727615   0.0121996   0.0355347   0.0405863   0.0244189   0.0127418   0.00874266   -0.00187355   -0.00438018   -0.0030687   -0.00633643   0.000599873   -0.00189909   -0.000925642   -0.00796037   0.0117657   0.0520724   0.0448495   0.0842028   0.183136   1   0.113604   0.0137376   0.0121289   0.0194545   0.0235418   -0.00383471   0.0566455   0.0109122   0.00122012   -0.00520005   -0.00499308   -0.001079   0.00334303   0.000771721   0.00346302   0.0428099   -0.00872484   0.00721953   -0.0187074   0.0113785   -0.000556201   0.082217   0.00548462   -0.00186907   -0.0105523   -0.0127062   0.0221027   -0.0251897   -0.00721584   -0.060779   -0.0438839   -0.0484147   0.0613185   -0.0993696   -0.00141671   0.0889525   0.0308936   -0.0103683   0.00151897   -0.00339662   -0.029454   -0.00180983   -0.201512   -0.000797384   0.00229481   -0.023043   0.28061   0.00031638   -0.00328256   0.000713532   0.00681694   0.0125368   -0.00702587   0.00699157   0.000982314   -0.00113084   0.00214719   -0.00285735   0.00789514   0.0105974   0.00168301   -0.0132573   -0.0109011   0.0127482   -0.00640173   -0.00163485   0.0012397   0.0026857   -0.0286388   -0.0580196   0.206261   0.0538905   -0.0156623   -0.0158499   0.00510824   0.0333655   0.0249475   0.0262569   
0.0269625   0.00418355   -0.000302336   3.24553e-05   0.00328033   0.00257831   -0.00071745   -0.0111555   -0.0147838   -0.00509007   5.94669e-05   0.000986122   -0.000664416   0.00510913   -0.00123083   -0.000143765   -0.00113459   -0.00190832   0.00140197   0.0089124   0.00928362   0.00241912   0.00545521   -0.00372134   -0.0005393   -0.00317133   0.00130806   0.00145102   -0.00256621   -0.000264842   0.00272664   0.0128069   0.0165803   0.0148129   -0.000738125   0.00287779   0.000543744   0.00170178   -0.00637037   -0.00423641   -0.00367983   -0.00379231   0.002813   -0.000684241   0.00198121   0.00110321   -0.0140335   -0.000428179   0.0189133   0.0217277   0.0132328   -0.00846474   -0.00130977   -0.0023309   -7.02517e-05   0.000405609   0.00409931   -0.00362918   0.0115769   -0.00404349   -0.0022259   -7.94309e-05   0.00762093   0.0102111   0.00410971   0.00457867   -0.00132404   -0.000240179   -0.000998452   -0.00151422   -0.00122581   -0.00260168   0.0011692   -0.000455888   0.00517973   -0.000261922   0.000190104   0.00232723   0.00622419   0.00502459   0.00026188   -0.0023599   -0.00074029   -0.0017465   -0.000630166   0.00044422   0.00640752   -0.00216592   -0.00112237   0.003986   -0.00729906   -0.0190643   -0.00595945   0.0133878   0.0185497   0.0147759   0.000648228   -0.00373352   -0.00161925   -0.00212961   -0.00262475   -0.00107811   0.00155388   0.00399884   -0.00661387   -0.0234905   -0.0196851   0.0059999   0.0172259   0.0149614   0.0154798   0.000929119   0.00406916   -0.000296163   -6.95906e-05   -0.00159138   0.00555446   -0.00165069   -0.00534763   -0.00556606   -0.00544627   -0.00825719   -0.00491884   -0.00204894   -0.00161242   0.00308766   0.0022724   0.000312328   -0.000719563   -0.00103035   0.000281527   -0.00268057   -0.00179788   0.00217203   -0.00604417   -0.0221819   -0.0165891   0.00444652   0.0228474   0.0144651   0.00510289   0.00137079   0.00502812   0.00142241   0.00288425   0.00267786   -0.00269783   8.38132e-05   -0.000424977   0.00524539   0.00432839   0.00776377   0.0104971   0.0205427   0.0155053   0.00602652   0.00270327   0.000867428   0.000392164   -0.00109537   -0.00134983   -0.0044658   -0.000583983   -0.000601665   -0.0396357   0.0263294   0.106826   0.182609   0.229496   1   0.183136   0.0598423   0.0162044   0.00595885   0.00886848   -0.0127531   -0.0709981   0.0316486   0.00311889   0.00614613   -0.0096444   -0.0132473   -0.0100185   0.0180844   0.000686389   -5.03713e-05   0.0190066   0.00444496   0.0057452   -0.00801886   0.00818935   -0.0014243   0.0832878   0.00312789   -0.00204602   -0.00473544   -0.0068641   0.00112372   -0.00138565   -0.0101666   -0.0408151   -0.0553101   -0.0246674   -0.0269239   -0.0315717   0.0238052   0.0228462   0.00816311   0.021892   0.000541347   0.0103072   -0.0283896   -0.00608041   -0.0188464   0.000444311   0.00215705   -0.0131771   0.118165   -0.00133089   0.00130744   0.00259585   0.000240533   0.00802277   -0.00206509   0.00667171   0.00390823   -0.00200116   0.000891408   -0.000537395   0.00248129   0.00289101   0.00111628   -0.00556868   0.00375324   0.0116958   -0.000518398   -0.000508396   -0.00247546   0.00150802   -0.03473   -0.0165655   0.157236   -0.111169   -0.0208724   -0.0257649   0.00977257   0.0167359   0.021096   0.0156238   
0.105674   0.0727181   -0.000608676   -0.00882622   -0.00759861   -0.00440247   -0.0128563   -0.00192753   -0.004176   -0.00878712   -0.00601108   -0.0033304   0.00301055   0.00120248   -0.00483445   4.55853e-06   -0.00384117   -0.00274906   0.00552458   0.00403356   0.000357372   -0.00326429   -0.00475994   -0.000328893   3.80299e-05   0.000591925   -0.0045478   -0.0111506   0.000539314   -3.87159e-05   0.00146179   0.00372652   -0.00207131   -0.00691035   -0.00253077   -0.00786888   -0.00397294   0.000902334   0.000107888   0.00178338   0.000298336   0.00123387   -0.000818106   -0.00405173   -0.0157861   -0.00175646   0.016811   0.0141486   -0.00761161   -0.0157837   -0.0165757   -0.0099121   -0.00155804   0.000430682   0.000100704   -0.000452556   -0.011348   -0.00889045   0.0133509   -0.00489039   -0.000303455   0.00797706   0.00818617   -0.00348522   -0.00801019   -0.00669482   0.000571402   0.00172192   0.00322805   0.00423284   0.00200872   -0.00547662   0.00122844   0.00443476   -0.0117417   0.0102767   0.0136918   0.0130369   -0.0123323   -0.0123725   -0.00914268   -0.00547943   0.00167981   0.00344205   0.00469279   -0.00218802   -0.00786874   -0.00382688   -0.00130418   -0.0116778   -0.0117032   0.0233762   0.0111405   -0.00239598   -0.0109101   -0.0145858   -0.00729348   0.000367665   0.00393338   -0.000282283   0.00305074   0.00606522   -0.00807881   -0.0160937   -0.0023375   0.0182344   0.0270312   0.000478504   -0.00998872   -0.0131001   -0.0141677   -0.00197004   0.00284502   -0.00152744   -0.00138131   -0.00584052   -0.0181602   -0.00201673   -0.00468445   -3.55829e-05   0.00120496   -0.00394374   0.000122368   -0.00350035   -0.000277653   -0.00224783   -0.00265981   -0.00026696   0.000931123   0.000744856   -0.00168939   -0.00104444   0.00130027   0.00296221   -0.0144361   0.00596957   0.000510052   0.00250054   -0.00761577   -0.0142011   -0.0147088   -0.000205154   -0.000673084   0.00297906   0.00108474   0.00461763   -0.000743269   -0.00548861   -0.00156062   0.0137988   0.00291122   -0.00837647   0.0119078   -0.00689044   -0.013201   -0.00759083   -0.00114678   0.00804239   0.000870518   0.00574641   1.85867e-05   0.0149109   -0.00091671   -0.000279198   -0.0168982   0.067841   0.165796   0.248989   1   0.229496   0.0842028   0.0169976   0.00999426   0.010716   0.00833087   -0.0168508   -0.08643   0.0131531   0.0226555   0.00566659   -0.00723196   -0.0108624   -0.00932271   0.0161675   -0.000480946   -0.000103379   0.0170937   -0.00480422   0.00191418   -0.00198437   -0.0137411   -0.00550032   0.0327097   -0.00366655   -0.0100461   -0.0191125   -0.0175275   -0.0226669   0.00668941   -0.00487661   -0.0237086   -0.0527573   0.00520581   0.050315   -0.00120126   0.00245669   -0.034197   0.040973   -0.0101911   0.000961282   0.0283566   -0.0100994   -0.00266947   0.173028   0.00641881   -0.00195839   0.00343135   -0.043822   -0.0036407   -0.00354936   0.00365697   -0.00846197   -0.00560711   -0.0057302   0.000292104   0.0158349   -0.00244917   -9.45115e-05   -0.00389729   -0.00217724   -0.00790574   -0.00650822   -0.00979648   -0.0134855   -0.000268027   0.00441079   0.00470536   -0.00627066   -0.00133289   -0.0767729   0.016298   0.0223244   -0.14732   -0.0270903   -0.0264985   -0.0227467   -0.0290201   -0.0141653   -0.0228755   
0.0508875   0.0145663   0.0035247   0.0070326   0.0121819   -0.0071319   -0.0295927   -0.0137079   0.00611437   0.0173037   0.00824893   0.00573752   0.0118409   0.0177902   0.0179563   -0.000404699   0.00627945   0.00947027   -0.0114855   -0.000426272   -0.00340305   -0.00103098   0.0109796   -0.00251718   -0.00117158   0.00274968   0.00138981   0.0164475   0.00753957   -0.000107444   -0.000950233   0.00594448   0.00547499   0.00374158   -0.000181468   0.00549123   -0.00230877   -0.00278732   -0.00573787   -0.00104875   0.00047817   -0.00294422   0.00828406   0.00326275   -0.0270234   -0.00765475   0.0334305   0.0114716   -0.0212335   -0.0177133   -0.0168636   -0.0139425   -0.00456813   -0.00501099   0.00344819   0.00260278   -0.00380287   0.00595659   -0.00398304   -0.00322915   0.00516335   -0.00295973   -0.00433377   0.011323   0.00124181   0.0111249   0.0007732   0.0052651   0.000518403   0.00221928   0.00589228   -0.010843   0.00867288   -0.00196203   -0.0154298   0.00781403   0.0180222   -0.00710268   -0.00487534   -0.00512532   -0.000929007   -0.000328683   -0.000551187   -0.00161481   0.00298055   0.00293741   -0.00185557   -0.00162468   -0.000728893   -0.00201374   0.001244   0.00627396   0.0229524   -0.00244824   -0.00706927   -0.00818559   -0.0109519   -0.00420354   0.00122047   -0.00222568   0.00260779   -0.000500381   -0.0040925   -0.0224155   0.00153283   0.0224007   0.0221018   0.0131557   -0.000692724   -0.0321312   -0.00355692   -0.00470629   -0.00437877   -0.00679913   -0.0075481   -0.0198886   0.011474   -0.00117392   -0.0079376   -0.00274581   0.00701246   -0.00457577   -0.00988554   -0.00563849   0.0103408   0.0198825   0.00998624   0.00126155   -0.00031434   0.00676261   0.00410087   0.00211441   0.0031756   0.00575628   0.021957   -0.00243024   -0.00904817   -0.0082873   0.0136433   0.0104556   0.00312583   -0.00108089   0.00972724   -0.00110513   0.00431638   0.00105896   -0.00523674   0.00264916   -0.000614471   0.014177   0.0172822   1.86731e-05   -0.018601   -0.00264527   0.00167823   -0.00126513   -0.002175   -0.00507165   0.000845008   -0.00135558   0.00287993   -0.0175456   0.00100177   0.000371102   0.0483258   0.133382   0.195963   1   0.248989   0.182609   0.0448495   -0.00219227   0.00216515   -0.00151863   0.000720116   -0.018913   -0.0216859   -0.00739374   0.00531067   0.00257742   -0.0018312   -0.00131741   -0.00219469   0.00410241   -0.000514697   -0.000769637   0.00333208   -0.0130474   0.000757749   -0.00624696   0.0047577   0.00080768   0.00141735   -0.00558435   -0.0155475   -0.0195644   -0.0154173   -0.023229   0.0176613   -0.00952345   0.00295845   -0.0443124   0.0106994   -0.145258   0.0443689   0.066998   -0.0475065   -4.81333e-05   0.0176979   0.000464038   0.0166544   0.0044983   0.00160803   0.158125   -0.00174392   -0.00181424   0.00623199   -0.0813762   -0.0133602   -0.00428281   -0.00132522   -0.0141554   -0.00688294   0.00352301   0.00153613   -0.00909782   -0.00828951   -0.0138971   -0.00290463   -0.00510919   -0.00215474   0.00144909   0.00280957   0.0233084   0.00429509   -0.0062571   -0.00334114   -0.015359   -0.00739048   -0.0488631   0.039516   -0.00976479   -0.00058159   -0.0103498   -0.0164538   0.0659641   0.0619121   0.0796072   0.0610215   
0.0309572   -0.0622709   -0.00766484   0.00281465   -0.0110512   -0.0165824   0.0060327   -0.012716   -0.00166579   -0.0184154   -0.000894223   -0.00219967   -0.0156212   -0.0111043   -0.0106728   9.20913e-05   -0.00253389   -0.00165051   0.00370941   -0.00755117   -0.00460558   0.00177241   -0.00503677   -0.00471037   -0.00459451   -0.0045728   -0.00125163   -0.0118141   -0.00089112   -6.30559e-06   0.0024222   -0.00299659   -0.00160822   -0.00401222   0.00117362   0.00683231   0.00179705   -0.00601231   -0.00658049   -0.00362883   0.000225218   0.00227409   -0.00343827   0.00192381   0.00652924   -0.00967886   0.0178336   0.011573   0.0100669   0.00187941   -0.00210005   -0.0086036   -0.00610277   -0.00326516   -0.0064605   -0.00784696   0.00600063   -0.00991669   -0.0074576   -0.00798464   -0.002184   0.00357903   -0.00967406   -0.00486622   -0.000930663   -0.00355329   0.000367371   0.00178266   0.00210028   0.00601013   0.00857807   0.00339729   -0.00562374   0.00150673   0.000777686   0.00759993   0.00814546   0.0121845   0.00709996   -0.0111699   -0.0162602   -0.00165015   -0.000948519   0.000367822   0.000726494   0.00210132   -0.0142863   -0.00804995   -0.000283876   -0.0124687   0.00671454   0.0150307   0.0236751   0.00610529   -0.00101529   -0.00682944   -0.00117208   -0.00576179   -0.0108718   -0.00226648   0.00232315   0.00255224   -0.0040963   -0.00680121   -0.000873726   0.00372812   0.017357   0.00573879   -0.0149608   0.004783   -0.0113522   -0.0118302   -0.0111738   -0.000645229   -0.00332261   0.00317404   -0.0110474   -0.00336626   -0.000578135   0.00496513   -0.00412612   0.0190078   0.00697834   0.00986976   -0.00539875   -0.015745   -0.0105558   0.00258474   0.003307   1.2032e-05   0.00277121   0.0101215   0.000212295   -0.00318128   -0.00789697   -0.00643479   0.0136642   0.00554922   -0.0217277   -0.00796388   0.00733415   -0.0075779   -0.00572345   0.00307069   0.00149628   0.00241384   0.00489805   -0.0050459   0.000798971   0.00648099   -0.000215509   0.00741039   -0.0234295   -0.0131161   -0.00917123   -0.00630441   -0.0126662   -0.00515827   0.00218277   -0.00421862   0.00668501   0.0028688   -0.00102178   -0.000561128   0.134097   0.183064   1   0.195963   0.165796   0.106826   0.0520724   -0.0166912   -0.00575613   0.000307836   -0.00252956   0.0126466   0.0892282   -0.0353859   -0.0278367   -0.00232313   0.00538712   0.00768785   0.00655915   -0.0104664   -0.000192259   -0.000129327   0.0115259   0.019583   -0.000214599   -0.0162703   0.000470669   0.00831234   -0.0300256   -0.00723344   -0.022127   -0.0412638   -0.027666   -0.000692684   -0.00318444   0.00846195   -0.00238653   0.00508252   0.00427645   0.0692982   0.0538121   -0.0200518   -0.00453103   -0.0791131   -0.0331876   0.00230301   -0.007978   0.0187542   0.0082512   0.0341855   -0.011408   0.0017827   0.00574945   -0.0135513   -0.022596   -0.0189934   -0.00951838   -0.0172621   -0.0149318   -0.0078602   -0.00752025   -0.0196028   -0.0116425   -0.0182901   -0.0108859   -0.00124245   -0.00168374   0.0023321   -0.0140119   -0.0180127   -0.0139165   0.00148184   -0.00424059   -0.0207449   -0.0104335   -0.0576025   -0.0025164   -0.0274934   0.0966391   0.00846862   -0.00314468   0.0270874   0.0572922   0.0599144   0.0494239   
-0.0150963   -0.118672   -0.000157081   0.00585903   0.0169475   0.0133131   -0.0101483   -0.00949999   -0.0119235   0.0251614   -0.00120194   -0.00366968   0.010367   -0.0432037   0.0198161   0.000915376   0.000811707   0.00904502   -0.0020451   -0.020227   -0.00742485   0.0143063   -0.00328106   0.022393   -0.00618017   0.00279869   -0.0038896   0.00256864   -0.00100539   -0.00185186   0.00116437   -0.0167278   -0.0123702   -0.0115318   0.00788108   -0.00848563   0.00628322   0.0117018   -0.00752882   -0.00549997   -0.000593649   0.00977172   -0.00405192   0.00966747   0.00814999   0.0158327   0.0114238   -0.0075751   -0.00534864   0.014057   0.0167963   0.0303671   -0.0119845   -0.00896158   -0.00754276   0.00120716   0.00360055   -0.00547533   -0.0117983   0.0122322   -0.00700028   0.00155471   -0.00171373   -0.00579432   0.0218624   -0.00123846   -0.00194241   -0.00640577   -0.000685991   0.000191344   0.00546608   0.00313927   -0.0223888   0.00118949   0.00381124   -0.0020471   0.00542953   -0.0110291   -0.00373275   -0.0137844   0.0174561   0.00573967   -0.00261445   0.00218102   -0.00690325   0.0111089   0.0086137   0.01192   -0.00102131   0.00210112   0.0136949   0.0289605   -0.000949831   -0.0128761   -0.00626055   0.00556239   0.0138988   -0.00654559   -0.0109209   -0.00831165   -0.0130406   0.0042281   -0.00842633   -0.000932697   -0.00901339   0.0061737   0.000742117   -0.0117854   0.0101574   0.00923822   -0.00845383   -0.00390064   -0.0188701   -0.00588974   -0.00142338   0.00289284   0.011817   -0.0033998   0.00437201   0.0172913   0.0069327   -0.00424588   0.00185703   -0.00695993   0.0103319   0.00468465   0.00222058   0.00111504   -0.000169246   0.0123318   0.00517388   0.00286032   0.000301117   -0.0291928   0.00560915   -0.00434401   0.00194654   -0.00229185   -0.0071913   0.0308975   0.0230805   -0.00867765   -0.00264397   -0.00629474   0.00310699   -0.00115534   0.0142749   -0.0122678   -0.00232326   -0.0259881   -0.0217358   -0.0225072   0.00663839   -0.0154142   0.0178519   0.0202149   0.00692362   0.000418542   -0.00460664   0.0054342   0.000690395   0.0321065   -0.00381102   -0.00251195   0.179616   1   0.183064   0.133382   0.067841   0.0263294   0.0117657   -0.000148124   -0.0205293   0.0111639   -0.00012926   0.0567751   0.171812   -0.0218085   -0.0320288   -0.00426021   0.0123337   0.013241   0.0125921   -0.0224127   0.000772289   0.000195843   0.00337036   0.0089242   -0.00420202   -0.00037196   -0.0033864   0.013582   -0.0516713   -0.008976   -0.0110536   -0.0195637   -0.0145759   0.0205493   0.0182012   0.0100735   0.0810796   0.0696172   -0.00855183   -0.059359   0.014532   -0.176166   0.006646   -0.0113635   -0.0169987   0.00100543   -0.0249342   0.0165934   0.00826276   0.0108704   -0.00571967   0.00380097   -0.00339169   -0.0066344   -0.0112402   -0.0166492   -0.0114201   -0.0196568   -0.0152601   0.00253967   0.0022402   -0.043635   -0.0117921   -0.018958   -0.00801852   0.00202871   0.00283177   0.000586924   0.00602257   0.0080743   0.00141493   0.0202601   -0.00983277   -0.0205627   -0.010879   0.0035175   -0.00463307   -0.0977225   0.0908587   0.00791208   0.0144668   0.0581765   0.0569406   0.076909   0.0763439   
-0.0099166   -0.117178   -0.00396705   -0.0146907   -0.00805036   -0.00123963   0.00332752   0.0206102   0.0120323   0.00115309   -0.00646494   -0.00422799   -0.00932064   0.0196532   -0.00828539   -0.000509744   -0.00140769   -0.00551395   -0.00444057   0.00160592   -0.0124346   -0.0253545   -0.00695957   -0.0047387   -0.00121327   -0.00265719   -0.00208   -0.00563654   0.00169839   0.00119497   -0.000128894   -9.08967e-06   -0.00645757   -0.00305283   -0.00381553   -0.00434817   -0.00565734   -0.00653009   -0.00830041   0.00168238   0.000505853   0.00109913   -0.00265834   0.00129588   0.0133001   0.017332   -0.0162201   0.00982504   0.00922886   -0.010688   -0.00886726   -0.0149416   -0.00557809   -0.00413228   -0.000657713   -0.00704835   -0.00451378   0.00115612   -0.0307685   0.0117323   0.00483428   -0.00981454   0.00247613   -0.00318482   -0.0129872   -0.00128438   0.00225225   0.00214307   0.00229695   -0.00409066   -0.00439228   0.0138153   0.00673945   -0.00140858   0.00443975   -0.0170179   -0.0247576   -0.000417719   0.00849545   0.0312631   0.00828377   -0.00238917   -0.00397194   -0.00316591   0.0037817   -0.0043835   0.0108391   0.000419739   0.00107786   0.0256637   0.0102316   -0.0138324   -0.012102   0.0107882   0.00850547   0.00370987   -0.00549096   -0.00133724   0.00578028   0.00249389   -0.000976025   -0.0128173   0.00433545   0.00878712   0.020109   -0.00121218   -0.0171401   0.000771153   0.000735929   -0.00384074   0.0064716   0.00467646   0.00315979   -0.00156576   -0.00068439   0.0044449   0.00541985   -0.000543611   -0.00115981   -0.00350301   0.00356115   -0.00382336   0.00125373   0.00187462   -0.00655453   0.00316779   0.00578093   -0.00149413   0.000610683   -0.00375411   0.0045099   0.00273922   0.00152028   0.0116702   0.014024   0.0374321   0.0119399   -0.00101687   0.00609641   -0.0280018   -0.0269466   -0.00376375   -0.0105598   -0.00428313   -0.00503707   0.00337085   4.21617e-05   -0.000926759   0.00133267   -0.0136272   0.00408439   0.0126624   0.0186717   0.0156619   -0.0106127   -0.00918887   0.00216977   -0.0164362   -0.0105537   -0.00829739   -0.00870096   -0.0257002   -0.000290895   0.000927938   1   0.179616   0.134097   0.0483258   -0.0168982   -0.0396357   -0.00796037   -0.000224804   -0.0191454   -0.0255132   0.00497852   0.0866651   0.309597   -0.00512896   0.0105399   0.00257064   0.00356983   0.00280682   0.00071509   -0.00420163   -2.12675e-05   0.00150267   -0.000975531   0.0334863   -0.00127823   -0.00287835   0.00462151   -0.000729952   -0.0333803   -0.00342583   -0.00439094   -0.00598277   -0.00165816   0.00320367   -0.0385958   0.0131744   0.0294729   0.0925236   0.0354878   0.0416183   0.0156219   0.089654   0.0342079   0.0613072   0.000791303   -0.000381177   -0.0186853   0.00757724   0.0014058   -0.241989   -0.0243298   0.00340153   -0.00316456   -0.0305456   -0.0141875   -0.0136422   -0.0107222   -0.0134662   -0.00570058   0.00103811   -0.0170299   -0.0203558   -0.00895727   -0.00676486   0.0021992   -0.00391758   0.0107479   -0.00154313   0.00410885   -0.00986531   -0.0229096   -0.045851   -0.00452356   -0.0144528   -0.00418392   0.0351143   0.0233895   -0.104674   0.0203146   0.0134443   0.00892547   0.0335493   0.0514001   0.0135153   0.0206105   
-0.00162814   -0.000484767   -0.000322042   -0.000788031   -0.000610324   -0.00101142   -0.000476063   0.000612443   0.000895337   -0.000143834   -0.0001591   -2.8037e-05   -0.000724639   0.00271302   -0.000428761   -6.62483e-05   7.02586e-05   -0.000360172   -0.000573027   0.000700053   -0.000381986   -0.00190397   6.06893e-05   -0.00108604   0.00022716   -0.000411291   0.000172038   -8.21863e-05   0.000262623   0.0001248   -0.000269364   0.000626872   0.000490429   0.000540321   -0.000235772   0.000277066   -0.000427884   -0.000709778   -0.000361775   0.000196811   7.08542e-05   -0.000374856   0.000294264   -4.69832e-05   -0.00102843   -0.000745831   -0.00139799   -0.00047994   -0.00150693   -0.00287257   -0.00201778   -0.00200962   -0.0002661   -0.000285181   0.000113238   -0.000711376   -0.000485527   0.000480845   -0.000856757   -0.000773667   -5.78786e-05   -0.000995656   -0.000395056   -0.00026756   -0.0015591   0.000231779   0.000283977   0.000553136   0.000281479   -0.000226541   -0.000237769   -0.000257932   0.00123247   -0.000358239   -8.59788e-05   -0.000109144   -0.000674208   -0.000499344   -0.000698467   0.000856079   -0.000603606   -0.000290375   -0.000158246   -0.000227599   0.000566327   -0.000436376   -0.00012569   -0.000242468   0.0001365   0.000246298   3.77424e-05   0.00195193   0.00520187   0.00467925   0.00236775   0.000952854   -0.000373188   0.000307158   0.00118998   0.000857852   0.00106127   5.17901e-06   0.000441627   -0.00127622   0.00184741   0.00113091   0.000798148   0.00145607   -7.39963e-05   -0.000590211   0.00242434   0.00270492   0.00297932   0.00287186   0.00324712   0.00223007   -0.00014572   0.00154503   0.00469888   0.000309866   0.00116998   0.000573359   0.000524839   0.00116185   0.000708904   0.00234622   0.00245999   -0.00237733   0.000778393   0.000612451   0.00172805   0.00190897   0.00354556   0.00311358   -7.22007e-05   0.000545702   -0.000657397   -0.000886485   0.000708477   -0.00190995   -0.000912207   0.00158716   0.00568343   0.00409367   0.0028157   0.00128054   -0.00149711   0.00345876   0.00124399   -0.000573693   0.00124455   0.00261117   0.00204246   0.00344518   0.000320355   0.00060412   0.0013391   -0.0030782   0.00195554   0.00107879   0.00145703   -0.00380889   0.00180594   1   0.000927938   -0.00251195   -0.000561128   0.000371102   -0.000279198   -0.000601665   -0.000925642   0.000157361   0.000622004   -0.00138934   -0.00032339   -0.00155273   -0.00053348   0.0012096   0.00257287   -0.000740873   -0.000411987   9.21198e-05   0.000312634   0.00164453   1.69752e-05   0.000190412   0.00150122   -0.00109199   -0.00281194   0.0038841   0.000441795   0.000402519   -0.00308325   -0.000227596   -0.000817888   -0.00112042   -0.000619154   -0.00349681   0.00259281   -0.000142893   -0.00337033   -0.00234141   0.00709342   -0.000219774   -0.0006887   0.0118246   0.00185534   0.0030654   0.00110317   2.42815e-05   -0.00103687   0.000414096   6.1941e-05   -0.00144272   -0.000782866   0.000720967   -0.00105715   -0.00507187   -0.00146812   0.00162602   -0.000454252   -0.000817365   -0.030409   -4.74727e-05   -0.00100223   -0.000514014   -0.000260866   0.000521596   -0.000264449   0.00162838   -4.27238e-06   -0.0176369   -0.000114856   -0.000273745   -0.00117168   -0.00389162   -0.000191706   -0.000547677   -0.00479546   0.0012402   0.00154638   0.00117641   0.00213892   0.000514578   0.00242939   0.00290719   0.00376468   0.00299956   -0.00465636   
-0.00134046   0.0022999   4.305e-05   0.00107927   -7.45913e-05   -0.00195235   0.000738188   7.18954e-05   0.00190489   9.48203e-05   0.00116718   0.000901514   -0.00122413   0.00372435   0.000354896   -9.11895e-05   0.000604575   0.000361532   -0.00143629   0.000763601   8.17052e-05   -0.00124773   0.00108028   -0.00208511   0.000261528   -0.000410935   0.00110152   0.00147719   0.000347107   0.00013786   -0.000536658   0.000432541   0.00101371   0.0015754   -0.00019134   0.00208589   0.00026225   -0.00139101   0.000317264   0.000195106   0.00033101   -0.000794654   0.000856056   -7.72706e-05   -0.00166646   -0.00268202   -0.00115178   -0.00129662   -0.00225065   -0.00358541   -0.0020085   -0.00290838   4.18218e-05   -0.00015767   0.000337406   -0.000450472   0.000737071   0.00100044   -0.00138992   -0.00178964   0.000104008   -0.00123308   -0.00159089   0.000351174   -0.00119595   0.00121953   0.000216729   0.000863556   5.36298e-05   -0.000150855   0.000160046   -0.000533416   0.00198909   -0.000562793   5.33412e-05   1.74191e-05   -0.000514096   -0.0016583   -0.000215231   0.000330025   -0.00172862   -9.53575e-05   -0.000159526   -0.000568604   0.000372424   -7.24608e-05   -0.000808889   -0.000759288   0.000146746   -0.000903673   0.00112376   0.00163862   0.00857946   0.00636387   0.00267382   0.00113197   -0.000526681   0.000339261   0.000894906   0.00115616   0.00179013   -0.000864917   0.00093989   -0.00143841   0.00244422   0.00143879   0.00173454   0.00365402   -0.000496724   -0.000885503   0.00300884   0.00225746   0.00155103   0.00256573   0.00324012   0.00210102   0.0006931   0.00151672   0.00431921   4.67983e-05   0.00117544   0.00267682   0.00109792   0.00244087   0.000751292   0.00224761   0.00209505   -0.00514169   -0.000493591   -0.000378365   0.0010032   0.00186237   0.00318186   0.00374262   0.00109158   -0.00117894   -0.000147403   -0.000805448   0.000794266   -0.00137309   0.00049171   0.00178917   0.00759759   0.00531325   0.00366437   0.000736114   -0.00251971   0.00388012   0.00104416   9.59898e-05   0.0027641   0.00537132   -0.000966074   0.00429169   0.0012097   0.00111997   0.000841484   -0.00509549   0.00324759   0.000939813   0.0026704   -0.00595853   1   0.00180594   -0.000290895   -0.00381102   -0.00102178   0.00100177   -0.00091671   -0.000583983   -0.00189909   -0.00042043   0.00116509   -0.00114934   8.01892e-05   -0.00134418   -0.000642543   0.0017496   0.00392165   -0.000401525   -0.000298237   0.000141881   0.00018522   0.00199209   6.78517e-05   -0.00148683   0.00298748   -0.0012393   0.000364266   0.000900528   0.000633984   0.000270501   -0.00194319   0.000309527   0.000125971   0.000975116   0.00150334   -0.00162959   0.00533738   -0.000212391   -0.00464833   -0.00360837   0.00799932   -0.00624452   -0.000974749   0.0165367   0.00456541   -0.00598135   -0.000447956   6.55919e-06   -0.00175006   -7.07592e-05   -0.000102825   -0.00113443   -0.000598401   0.000395204   0.00170705   -0.00724805   -0.00153911   -0.000288718   -5.96045e-05   -0.000242745   -0.0306192   0.000501313   -0.000799803   0.000273799   2.54437e-05   0.00189417   -0.000263571   -0.000353216   0.000298342   -0.0254518   0.000605566   0.00168996   -0.000810912   -0.00394348   -0.000127489   3.76379e-05   -0.00494987   0.00130205   6.6323e-05   0.00173384   0.0013958   0.000353599   0.00321326   0.00319051   0.00446287   0.00328274   -0.00675139   
0.0262896   -0.00895252   -0.000523468   -0.0100116   0.00147654   0.0210806   -0.00190766   0.00435265   -0.0248357   0.0114797   -0.0146092   -0.011046   0.00917531   -0.0529282   0.000525279   0.00130005   -0.00364502   -0.00472213   0.0113773   -0.0121101   -0.00182478   0.00789128   -0.017665   0.0271292   0.000524746   0.00210192   -0.00657569   -0.0179545   -0.0082719   -0.00170695   0.000820924   -0.0227933   -0.0238953   -0.0243677   0.00548967   -0.025706   0.00233895   0.0176674   0.00501335   -0.000340732   0.00109614   0.0162099   -0.0121177   0.00116811   -0.024686   -0.00472356   -0.0184488   -0.00178815   0.00607511   0.0100479   0.0181902   0.0408486   -0.00549329   -0.00192447   -0.00675037   0.00101238   -0.0213158   -0.0139914   0.008367   0.00953766   -0.00878215   0.0187709   0.0207321   -0.0179196   0.013345   -0.0163392   -0.00314593   -0.010094   0.00126805   -0.00159258   -0.00349905   0.00319387   -0.0280383   0.00674312   0.00360218   0.00492476   0.0171401   0.0129256   -0.0152243   -0.0223639   0.0142063   0.00134237   0.000840749   0.00833458   -0.00503155   0.00696897   0.00401251   0.0156692   -0.00130294   -0.00665311   -0.0133809   0.0457171   -0.00640364   -0.00937412   -0.0182743   -0.00425691   0.0201457   0.0109261   0.00440649   -0.000294339   -0.00735896   0.0244761   -0.0109442   -0.00114418   0.0608129   -0.000671792   0.00432077   -0.0297105   -0.00880444   0.00696303   -0.0222817   0.00148715   -0.0192889   -0.00984214   0.00143905   0.0892694   0.192269   -0.0051214   0.00146285   0.0122453   -0.00037902   -0.0169563   0.00487131   -0.0111478   -0.00186231   -0.0110044   -0.00540845   -0.00148484   -0.00502241   0.00585651   0.00226681   0.00131224   -0.0050202   -0.0333322   -0.0193722   -0.00605379   -0.00181859   0.0028073   -0.0206471   0.00242318   -0.00419496   -0.00829634   -0.02464   -0.0186297   -0.014311   -0.00974507   0.0189203   -0.0216108   -0.00645579   0.160207   0.0707573   -0.00828158   0.0354464   -0.0175359   0.00310105   0.0140893   0.0156953   0.0124679   -0.00732163   0.0110113   0.028014   1   -0.00595853   -0.00380889   -0.0257002   0.0321065   0.0028688   -0.0175456   0.0149109   -0.0044658   0.000599873   -0.00206048   -0.00634349   0.0222308   0.00137755   0.0157087   -0.0318331   -0.0100467   -0.0306195   -0.00324372   0.0066257   0.00534567   0.00756662   -0.0123087   -0.000149172   -0.00159061   0.000537615   0.0125868   -0.0010554   0.0101806   -0.00975745   -0.0687301   -0.0165087   -0.00751175   -0.00246433   -0.0124469   -0.0112257   0.033704   -0.33005   0.00122531   0.0543375   0.0812143   -0.00377364   0.0898916   -0.0108279   -0.233812   0.0537016   0.0672476   0.00871287   0.000281946   -0.00269672   -0.00497117   -0.000202456   0.105745   0.00891348   -0.0140364   -0.00450041   -0.000517161   0.0126567   0.0099206   -0.000823054   -0.00411086   -0.00852667   -0.00425583   0.00285113   -0.003496   -0.000157383   0.0307425   -0.00351594   0.000331232   -0.00369351   0.0161538   -0.00261459   -0.0204274   0.0012406   0.0251634   0.00209325   -0.00169317   0.0164364   -0.0200962   -0.0255979   -0.0203647   -0.0175614   -0.00414931   0.00154796   -0.0411638   -0.0723018   -0.0446824   -0.0326647   
0.00799349   0.0133576   -2.10528e-05   0.0111044   -0.00127921   -0.00653848   0.0100353   -0.00487806   0.0055562   -0.00478061   0.00646337   0.00337881   -0.00480451   -0.00324901   -0.00167125   4.50778e-05   0.00201613   0.0013931   -9.39392e-06   -0.00442497   0.000558397   0.00632172   0.00236333   -0.00366363   -0.000718136   -0.000591106   0.00320187   0.00347736   0.000528433   -9.27796e-05   -0.000659221   -0.00409959   -0.00102048   -0.000128415   0.000647457   0.00887554   0.0018609   -0.0043361   0.0046984   -0.000378047   0.00155548   -0.000483273   0.000209353   -0.000104389   -0.00504695   -0.0233495   -0.00406348   -0.0113355   -0.00348705   0.0014392   0.00128739   -0.00258235   0.000760332   0.000699258   -0.00101309   -0.000433523   0.00381249   -0.000797681   -0.00142166   -0.00732883   -0.00269705   -0.00227567   -0.0125999   -0.000255915   0.00207048   0.00170277   -0.00124112   0.00102813   -0.000802783   0.00338378   0.00503871   -0.000796801   -0.000568177   -6.48594e-05   -0.00312737   -0.00326046   -0.00335178   -0.0060996   0.00224162   -0.0105402   -0.0102757   0.000885307   0.000248384   -0.000430437   -0.00131671   0.00270524   -0.0084539   -0.00493326   -3.02843e-05   -0.00754119   0.0134614   0.0131969   0.0271903   0.0120036   0.0085618   0.00387642   0.0030417   0.00349422   -0.00234268   0.00371367   0.00799445   0.00202621   0.00244135   0.0016416   0.0172329   0.0018504   0.00421614   0.000935199   -0.0074264   0.0020402   -0.000892881   -0.00349214   0.00309064   0.0156406   0.0179004   0.035962   0.0425883   0.000892657   0.00559258   0.00589527   -0.00010919   0.0145903   0.00311904   0.00693451   -0.00108203   -0.00734689   -0.006926   -0.00648827   0.00200263   0.00388522   0.00705045   0.0130953   8.50426e-05   -0.000481645   0.0076239   -0.012423   0.000762477   -0.00201932   -0.0104598   0.00422819   0.0143373   0.000393597   0.0220268   0.0237919   0.0223477   0.0186358   0.0172765   0.0044797   0.00318018   0.0294523   0.0197437   0.0176082   -0.0180479   -0.00242046   0.00378678   0.00243775   -0.00601211   0.00253258   0.0187752   0.0112274   1   0.028014   0.0026704   0.00145703   -0.00870096   0.000690395   0.00668501   0.00287993   1.85867e-05   -0.00134983   -0.00633643   -0.00608612   -0.00167435   0.00396878   0.000849583   -0.000161033   -0.00355157   -0.00163046   0.00317307   -0.000368914   0.000183826   0.000131714   -0.0005903   0.000232023   0.000404604   -0.000226483   0.000974342   0.00218587   -0.00133486   -0.0143641   -0.000337904   0.00152158   -0.00389225   0.0013171   0.0022112   0.00404807   0.00682153   0.013311   -0.0290964   0.00130818   -0.00337443   -0.00259147   0.000302893   -0.00428551   -0.00423912   -0.00790088   -0.00593718   -0.0733474   0.00297084   -0.000592202   -0.00700673   -0.00179265   -0.00283344   0.0161987   0.000771577   -0.00266635   0.00117871   0.00502396   -0.00681314   -0.0195475   0.000920599   0.00344522   0.0142688   0.000616636   7.36218e-05   0.00275065   0.00104755   -0.0488676   0.0006668   0.00718905   -0.00159013   -0.05318   0.000231213   0.0031116   -0.00172338   0.0109843   0.000692116   0.00172976   -0.0279534   -0.00862953   0.0185806   -0.0106408   0.00272172   0.00414994   -0.00601764   -0.00318316   0.00370256   0.00395729   -0.0195308   
0.0213418   0.0189059   0.00343125   -0.00370836   0.00290618   0.00902603   -0.00546823   0.00499438   -0.00338444   0.00645723   -0.00309858   -0.0022424   0.00921899   -0.00841023   0.0049633   0.000261316   -0.00151089   0.000710829   0.00239955   -0.00172965   -0.00127275   0.000204728   -0.00351847   0.00761882   0.000350655   0.00312566   -0.00297153   -0.0017357   0.000493717   -0.000454433   4.97548e-05   -0.00395085   -0.00739484   -0.00752281   -0.0015642   -0.00992029   -0.00136422   0.00486964   0.00428649   0.00190973   0.00049366   0.00299098   -0.00256297   -0.00145279   -0.00322375   0.00495866   -0.0080007   -0.0093932   -0.0103056   -0.0036332   -0.00179612   0.00732775   -0.00176164   -0.00021688   -0.000340419   0.00257473   -0.00845231   -0.00337551   0.002488   0.00454105   -0.00341327   0.000488079   0.00503037   -0.00424839   0.00083779   -0.00451466   -0.000688671   -0.00303616   7.05683e-05   -5.52612e-05   -0.0015558   -0.0010426   -0.00498947   0.00181522   -0.00631295   -0.00617931   -0.0065293   -0.00590644   -0.0115168   -0.00557447   0.00548602   -0.000809297   0.000108634   0.00209354   -0.000451343   0.000128422   0.00352974   0.00350523   -0.000845627   0.00319383   0.0103862   0.0311895   0.0087812   0.00596533   0.00615552   0.00560516   0.004617   0.00517712   0.00647322   0.00259681   0.00131723   -0.00012566   -0.0021694   -4.62504e-05   0.00257931   0.0102175   0.00254478   -0.00915604   0.00422731   0.00110579   -0.00239488   0.00639746   0.00870713   0.0124291   0.0175845   0.0186527   0.00190543   0.00150914   0.00660962   0.00832511   0.00637129   -0.0070443   0.000476313   -0.00554509   0.00320471   0.00287987   0.00115418   -0.00622325   0.00165632   0.00726005   0.00506127   0.0036788   0.00195199   -0.00580343   -0.00126852   0.00754875   -0.0037648   -0.00209029   -0.000871111   0.0023841   -0.00307893   0.00208538   0.0168732   0.018453   0.0198864   0.0210849   0.0175635   0.000293047   0.00174856   -0.0105455   -0.0052069   -0.00423087   0.029185   0.00524497   0.00573955   0.00806362   0.00775055   0.00998228   0.0105753   1   0.0112274   0.0110113   0.000939813   0.00107879   -0.00829739   0.0054342   -0.00421862   -0.00135558   0.00574641   -0.00109537   -0.0030687   0.00361309   -0.0025472   0.00707071   0.00521312   0.00601959   -0.0113717   -0.000945084   -0.00461887   -0.000594759   0.00091308   0.000734413   0.00162517   -0.00188599   8.12021e-05   -0.000204063   -0.00231979   0.00613181   0.000919527   -0.0206413   -0.00150471   0.00331162   -0.00582804   -0.000680178   0.00382377   0.00652552   0.00348904   0.00897173   0.0299416   0.00105995   0.0124962   -0.00210102   0.000321449   0.0082373   -0.000427219   -0.0463902   -0.0139475   0.0451269   -0.00264411   -4.85582e-05   -0.00130078   -0.00256606   -0.00125037   0.0327196   0.00394197   -0.00345989   -0.00222885   0.00107871   0.00387415   -0.0147554   0.00375759   0.000848066   0.0119244   0.00106933   0.00210659   0.00963261   0.00367601   -0.0386608   -0.00203906   0.0015629   0.000341486   -0.0505593   0.00306065   3.08422e-05   0.00242555   0.00976169   0.00326786   0.00591935   -0.0231473   -0.0205686   -0.000717281   -0.0104188   -0.00323892   -0.00215408   -0.0118089   -0.0129928   -0.0202715   -0.0133657   -0.0351389   
0.0141324   0.0226421   0.00184833   0.0109049   0.000300773   -0.00526784   0.010741   -0.00296628   0.0046968   -0.00360689   0.00646179   0.00413259   -0.00396576   -0.000961738   0.00128634   6.11414e-06   0.00152009   0.00299679   -0.00127353   -0.00156039   0.00251727   0.00579119   0.00307175   -0.00439353   -0.000514051   0.000141477   0.0043701   0.00494216   -9.2816e-06   -0.000102656   -0.000997832   -0.00373137   -0.000443619   0.00201801   -0.000350852   0.00869957   0.00351471   -0.00383811   0.00659355   0.00045673   0.0018509   -0.00101084   0.000191799   -0.00133425   -0.00255782   -0.0168027   -0.00497884   -0.0123421   -0.00742485   -0.00439796   -0.000185774   -0.00393188   0.00143951   0.00136136   3.31964e-06   0.00130157   0.00577781   -0.000796365   -0.00145153   -0.0074473   -0.00337966   -0.00321258   -0.0115275   -0.00196659   0.000564393   0.00161548   -0.00124474   0.000612664   -0.00112235   0.00214585   0.00347091   -0.0011098   0.00034963   -0.000567775   -0.00301029   -0.00373187   -0.00465519   -0.0078601   -0.000377018   -0.00939066   -0.00971312   0.000488382   0.000145731   -0.000742773   -0.00129041   0.00243396   -0.00735557   -0.00423626   -0.000229381   -0.0054854   0.0169328   0.0166562   0.0290638   0.0143113   0.00605678   0.00321361   0.00213297   0.00330447   -0.000649607   0.00409812   0.00787768   -0.00114796   0.00265276   0.00196077   0.00540539   0.00377579   0.00653283   0.00686494   -0.00526751   0.0033752   0.00188835   -0.000983485   0.00760864   0.0149948   0.0155393   0.0183893   0.00575322   0.00165572   0.00668308   0.00539428   0.000523402   0.0138226   0.00408552   0.00748   -0.000549797   -0.00448264   -0.00299463   -0.00203871   0.00379548   0.00393441   0.00583598   0.0096275   0.00147224   0.00175171   0.00571729   -0.00880423   0.00491194   0.00137101   -0.00651896   0.00288063   0.0114836   0.0024578   0.0211357   0.0199778   0.0185953   0.0145951   0.0121387   0.00582452   0.00305993   0.000662958   0.00603859   0.0176414   -0.0116905   0.00310381   0.0062898   0.004681   -0.00317561   0.00798719   1   0.0105753   0.0187752   -0.00732163   0.00324759   0.00195554   -0.0105537   -0.00460664   0.00218277   0.000845008   0.000870518   0.000392164   -0.00438018   -0.00504807   -0.000218875   0.00460898   0.0035164   0.0032366   -0.003899   -0.000222249   0.00356748   0.00201975   0.000889725   2.89162e-05   -0.00109811   0.00018357   -0.000510426   6.55269e-05   0.00657045   0.00388574   0.00359629   -0.030363   0.000194635   0.0043763   0.00554443   0.00292629   0.00592261   0.0112948   0.0122159   0.0154503   0.0311097   -0.000153258   -0.00454864   -0.00846314   -0.000567804   -0.00285544   -0.00270559   -0.000325328   0.00753876   -0.0615953   -0.0145882   -0.000390927   -0.0047924   -0.00338607   -0.00229986   0.0116624   0.00239554   -0.00413222   -0.000631665   -0.00298981   -0.00320834   -0.00379398   0.00347903   0.00403653   -0.00548443   0.00169015   0.00136547   0.00943601   0.00367993   -0.0382996   -0.000625108   0.00587268   -0.000385789   -0.0395475   0.00204941   0.00593365   0.000870304   0.00915286   0.00220771   0.00630211   -0.0231654   -0.0119892   0.00322446   -0.00207316   -0.00509091   -0.00360405   -0.0054255   -0.00674749   -0.00535211   -0.00555155   -0.0324394   
0.0381621   0.0365418   0.00414784   0.0018534   0.00171522   0.0064817   0.00439115   0.00544953   -0.00184391   0.00315024   -0.000458671   -0.000500034   0.00514377   -0.0118689   0.00383133   0.000321593   -0.00125085   0.00160733   0.00255673   -0.00222736   0.00144395   0.00437126   -0.00311971   0.00589757   0.000141125   0.00297095   0.0001273   -0.00136942   -0.00128589   -0.000549637   -0.00132286   -0.0077511   -0.00797546   -0.0066755   0.00150854   -0.00537811   0.00169811   0.00309388   0.00890502   0.00284391   0.00201439   0.0035635   -0.0036116   -0.00291935   -0.000981104   -0.000368511   -0.00949506   -0.0131732   -0.0109238   -0.00573736   4.92567e-05   0.00680937   -0.000246243   0.00125932   -0.000383844   0.0044606   -0.0018907   -0.00486783   0.00268082   0.000391977   -0.00685671   -0.00421165   -0.00618108   -0.0119436   -0.00145215   -0.00622859   -0.00243063   -0.00392745   -0.000994024   -2.01293e-05   -0.00087455   -0.000471042   -0.00716972   0.00102697   -0.00848467   -0.00867433   -0.00596744   -0.00496825   -0.00896308   -0.00989698   0.000214596   -0.000342069   -3.20852e-05   0.0020194   -0.00136165   0.00204611   -0.00220053   0.00194707   -0.000902096   -0.00294032   0.0137131   0.0362731   0.0222415   0.0131786   0.00577429   0.00517871   0.00640711   0.00672889   0.00538308   0.00452967   0.0049696   0.000962563   -0.00133506   0.000955978   -0.00355535   0.00537731   0.00463791   -0.00465749   -0.00133987   0.00240872   -0.00538223   -0.00171904   0.030257   0.0150617   0.00622093   0.00477767   -0.00727762   -5.16273e-05   -0.000514462   0.00713951   -0.00187667   -0.0068831   -0.00333937   -0.00618706   -0.000989044   -0.00218232   0.00423292   0.0613974   0.0269507   0.0203832   0.0155732   0.00687109   -0.00106252   -0.0070637   0.00671497   0.0109269   0.0127539   0.010861   0.000645247   0.00523163   0.0024371   0.0013989   -0.0160264   -0.0142825   -0.00527288   0.0116186   0.0277948   -0.000919293   0.0038369   -0.00645997   -0.00630895   -7.46216e-05   0.0166925   0.00307553   0.0137224   0.00748185   0.00365155   1   0.00798719   0.00998228   0.00253258   0.0124679   -0.00509549   -0.0030782   -0.0164362   0.000418542   -0.00515827   -0.00507165   0.00804239   0.000867428   -0.00187355   -0.00272865   -0.00271356   0.0156664   0.00825203   0.0185102   -0.0107688   -0.00214745   -0.00385474   0.00297109   0.00192182   0.000234286   -0.000140973   -0.00328549   -0.000290226   0.00054268   0.0147136   -0.03126   0.00199246   -0.0345558   -0.00173067   0.00348266   0.00746394   0.00185075   0.0104481   0.0167298   0.0133656   0.0164858   0.0236121   -0.00879419   0.0177649   -0.00120732   0.00382821   0.0240031   0.00213454   -0.0568507   0.00633095   0.00937521   -0.0123822   -2.20056e-05   -0.00267009   -0.00527868   -0.00170552   0.0335676   0.0133984   -0.00855527   -0.000744537   -0.0021424   0.00263083   0.0634495   0.00652847   0.00309575   0.0426055   0.00166479   0.00310842   0.0178015   0.00736305   -0.050368   -0.00289896   -0.0156622   -0.00194625   0.167779   0.00405823   0.000581239   0.00333036   0.0143434   0.00533268   0.0118655   -0.00461059   -0.0296262   -0.0280287   -0.00556224   -0.0194776   -0.0129913   -0.0105059   -0.0161964   -0.0420802   -0.0337925   -0.0638095   
-0.00658497   -0.0116293   0.00349429   -0.0105857   0.0106966   0.0139192   -0.0141889   0.00555168   -0.015256   0.0205605   -0.00743361   -0.00321826   0.0103521   -0.0038153   0.0136968   0.000149469   -0.00057028   0.00223147   -0.00487002   0.00554384   0.00249522   -0.00709936   -0.0019702   0.00958921   0.00209082   0.00142715   9.89e-05   0.00134654   -0.00307065   -0.000421106   -0.00149401   -0.00255033   -0.00204411   0.00160536   0.000267862   -0.013327   0.00246867   0.00982476   -0.00154262   0.000653304   -0.000415381   0.00372762   -2.3789e-06   0.000683268   -0.0119146   0.0222063   -0.0129074   0.00260873   -0.00434149   -0.00910419   0.00438826   0.0114004   -0.00407752   -0.00275517   0.0022672   0.00453923   -0.00753311   0.000554842   0.001588   0.00618175   -0.00320601   0.00235828   0.0191729   -0.00438948   0.00216863   -0.000863892   6.88216e-05   -0.00302706   0.00116691   -0.00709573   -0.00741093   -0.00150193   -0.00400297   -0.000544299   -0.003791   -0.00758435   0.00046259   -0.00562472   -0.0151096   0.00428795   0.0166625   -0.000345624   -0.0021805   0.00117031   0.000104271   0.0020959   0.0102183   0.0130253   -0.000431313   0.00739709   -0.00971355   0.0168737   0.00623559   0.0166782   -0.00135679   0.00651298   0.00561814   0.00113797   0.0108464   0.000900015   -0.00634053   -0.000808517   -0.00270835   -0.00633908   0.00234787   0.00460354   -0.00416743   0.000850053   0.00635482   -0.0079756   0.00534927   0.0135361   0.00386199   -0.00232684   0.0040498   -0.000718307   0.00229069   0.000405221   0.00431142   0.00341429   0.00741917   -0.0214239   -0.00174831   -0.00866165   0.00201867   0.0156562   0.016054   -0.0028015   -0.000628854   0.00340538   0.00439109   -0.0062622   0.00210472   -0.00429129   0.00336449   0.0112588   -0.00403942   0.000750127   0.0194419   -0.00192806   -0.0163382   0.00236658   0.00412475   -0.0020418   0.00265101   0.00414007   0.00363291   -0.000847037   -0.000184182   -0.0153657   -0.00479616   -0.00754593   0.0408814   0.0193492   0.0114466   0.0146952   1   0.00365155   -0.00317561   0.00775055   -0.00601211   0.0156953   0.000841484   0.0013391   0.00216977   0.00692362   -0.0126662   -0.002175   -0.00114678   0.00270327   0.00874266   0.00926214   0.00164741   -0.000893813   0.000984067   0.00292641   -0.00836915   0.00388914   -0.00500538   -0.00169662   0.000931986   0.00119201   0.00276338   -0.000522611   0.00018137   -0.000455291   0.00481185   0.00181812   0.00159966   0.00426847   -0.00123179   0.000399992   -0.00640105   -0.0022368   -0.000480904   0.00103685   -0.00201105   -0.0112389   0.0012474   -0.00705854   0.0202758   0.00971826   0.0226377   -0.0286362   0.00427174   -0.0291176   0.0713772   0.10893   -0.00599111   0.000513217   -0.00275832   0.000953738   0.00208757   0.0191679   0.00169369   0.00179573   -0.00364924   -0.00936985   0.00390744   0.0074289   0.00096643   -0.00291778   -0.0217506   0.00236825   0.0023159   -0.00114684   0.00125448   0.0023461   -0.00288859   0.000566355   0.00312203   -0.0154736   0.00533869   0.00616606   0.00736842   -0.0185385   -0.000467552   0.00220234   -0.0024991   0.00568715   -0.0147225   -0.00186688   -0.0040246   -0.00136518   0.0162315   0.0146177   -0.00819986   -0.000102087   -0.0215681   
-0.0193193   -0.025874   0.00365726   0.00594199   0.0162139   0.0118136   -0.00229428   -0.00258711   -0.0091931   0.0224201   0.00151388   0.000700693   0.00779722   -0.0183798   0.0203653   0.000428731   0.00183294   0.00837907   -0.0063307   -0.00483617   0.00176131   0.00774746   0.00220372   0.0105569   -0.000705632   0.00189608   0.00265117   0.00838082   -0.00243462   -0.00102823   -0.00210189   -0.00850089   -0.0015297   0.00268573   0.0040165   -0.00241269   0.0088567   0.00910599   0.000806315   -0.00230098   0.000187742   0.00331464   0.000842104   0.00415937   -0.00250884   0.00717736   -0.0112629   -0.0148834   -0.00846337   0.00362336   0.0147599   0.0171208   -0.0043332   -0.0043711   -0.001871   0.0034712   0.00550579   -0.000589311   0.00289618   0.00259417   -0.00703218   -0.000853339   0.00321795   -0.00176568   0.0131644   0.00285687   -0.00135286   -0.00401313   -0.00148383   -0.00374601   -0.00119167   -0.00207206   -0.00977143   0.00142768   0.00220459   -0.00463784   -0.00123007   -0.0150822   -0.00789962   -0.00734178   0.0118721   0.00336723   -0.00177889   0.000115065   -0.00455174   0.00645008   0.00569946   0.0103341   -0.000621107   -0.00597052   -0.00329363   0.0215241   0.0282355   0.0273023   0.0146358   0.0187479   0.0138771   0.000542162   0.00134953   -0.0002563   -0.00349319   0.00248616   -0.000952329   -0.00396528   -0.00144172   0.0037837   0.000175764   0.00705204   0.0130303   0.0097044   0.00717665   0.00523399   -0.00360436   -0.00111099   0.00320645   0.000878906   0.00911792   5.50113e-05   0.00450775   0.00855188   0.00547567   -0.00424429   0.00211494   -0.00246526   0.00654413   0.00961368   0.00882026   -0.00217918   -0.00143611   0.00523295   0.00283495   -0.00227748   0.000219089   -0.0124026   0.00751048   -0.00635212   0.00106855   0.00490417   0.0127043   0.0221948   0.0120109   0.00173008   0.00857175   -0.000967954   0.0042527   -0.00146992   0.00539107   -0.00154509   -0.000765064   -0.0175893   -0.00910593   0.00122478   0.0213479   0.0189258   0.030256   1   0.0146952   0.00748185   0.004681   0.00806362   0.00243775   0.0140893   0.00111997   0.00060412   -0.00918887   0.0202149   -0.00630441   -0.00126513   -0.00759083   0.00602652   0.0127418   0.00600731   -0.00953801   0.00243891   -0.0041575   0.00263177   -0.00464258   -0.00149885   -0.017469   -0.000897105   0.0027383   0.00227816   0.00341814   -0.00251453   0.00100222   0.00062302   -0.0124576   0.00302133   -0.00539746   0.0110939   -0.00393565   0.00520555   -0.00222687   -0.000221615   0.00458095   0.0107414   0.00871267   0.00416402   0.0278093   -0.00502585   0.027095   0.00851776   0.0296648   -0.0610005   -0.00278986   -0.0814442   0.0518086   0.0103692   -0.0278695   0.000557809   -0.00263704   0.00223475   0.00330909   0.0140461   0.00215476   0.00175697   0.00614156   0.0192618   -0.000720171   0.00763572   -0.00138247   -9.815e-05   -0.0187776   0.00559899   0.0048079   -0.0136604   0.000569042   -0.00271832   -0.00465141   -0.0168078   0.0032288   -0.0140429   0.0103197   0.0163814   0.00852724   0.00234129   -0.00384689   0.00156346   -0.00439701   0.0188823   -0.0453843   0.00800237   -0.00605906   0.00205429   -0.0125157   0.0241481   0.0100395   0.0248453   -0.0217874   
-0.0407155   -0.0391719   0.00426384   0.0121256   0.0166268   0.0112648   0.000540551   -0.00186498   0.00205257   0.0242283   0.00738911   0.0027073   0.0100004   -0.0134164   0.0195194   0.000311444   0.0042212   0.00803098   -0.0073846   -0.010472   -0.00329187   0.00735936   0.00466425   0.00837332   -0.00129419   0.00175843   0.00202469   0.0138505   0.00186597   -0.000832064   -0.00292115   -0.00795319   -0.00134394   0.00148932   0.00337289   0.00156846   0.00473077   0.00553711   0.00196408   -0.00219124   0.000806138   0.00135506   0.00161408   0.00535401   0.00631849   -0.00163372   -0.0179599   -0.0308412   -0.011684   0.0127751   0.0128884   0.012441   -0.00553331   -0.00677568   -0.00437324   0.000271845   0.0087209   0.0011073   0.00173251   0.00310403   -0.00557272   -0.00749786   -0.00681956   0.00410718   0.0151759   0.006233   -0.00219582   -0.004079   -0.00363198   -0.00265733   0.000616454   -0.00334253   -0.00708836   -0.0017248   0.00421706   -0.00798862   -0.00928757   -0.0231028   -0.00267536   -0.00565749   0.0103569   0.00412771   -0.00151432   -0.00182355   -0.00610768   0.00494531   0.00832483   0.00510171   -0.000675505   -0.0154922   -0.00364076   0.0279444   0.057165   0.0555499   0.0530839   0.041484   0.0175434   0.00312355   0.00166798   0.00312078   0.00356582   0.00232136   0.00131477   -0.00820614   0.00462164   0.0127964   0.00813176   0.0165813   0.0307048   0.0200224   0.013646   0.000205484   -0.00459164   -0.00341529   -0.00347687   -0.00676673   0.0170336   0.000173655   0.00108134   0.00648693   0.00700596   0.003524   0.00329763   0.000349888   0.0118714   0.0108244   0.00528097   0.0040293   -0.00145493   0.00496493   -0.000684161   -0.002711   -0.000746514   -0.0104782   0.018413   -0.0020484   0.00651879   0.0113357   0.0217677   0.0404329   0.0270573   0.00200296   0.000845237   -0.00945481   -0.00378067   -0.00972018   0.00230624   -0.000615441   -0.0017816   -0.0120008   -0.00354571   0.0163615   0.0307001   0.0378453   1   0.030256   0.0114466   0.0137224   0.0062898   0.00573955   0.00378678   0.00310105   0.0012097   0.000320355   -0.0106127   0.0178519   -0.00917123   0.00167823   -0.013201   0.0155053   0.0244189   0.00933203   -0.00146881   0.00113746   -0.00627226   -0.00258655   0.00198004   -0.00241039   -0.0214361   -0.000467029   0.00158964   0.000660591   0.00168691   -0.00185477   0.00211895   -0.00270671   -0.00540541   0.00249072   -0.000300298   0.00757615   -0.00396038   0.00692124   0.00876782   0.000527536   0.00754395   0.0176337   0.0154314   0.00513272   0.038654   -0.00536491   0.0147889   -0.0119428   0.0706506   -0.100771   0.0033385   -0.0622521   0.00208315   -0.0229482   0.0136453   0.00111402   -0.0102326   0.00581127   0.00643486   -0.0246393   -0.000983556   0.00248724   0.000386611   0.0621501   -0.00493437   0.0195359   -0.00273754   0.00103456   -0.00268688   0.00845501   0.00174499   -0.0171473   0.000749431   0.00449836   -0.00788362   0.0136839   0.00714037   0.0177224   0.014907   0.0227502   0.00288663   0.00433362   -0.00469711   0.00260485   0.00408198   0.0350225   -0.0769301   0.0205126   -0.00468142   -0.00855591   0.00733766   0.0393686   0.0395678   0.0544417   -0.0456806   
-0.0164537   -0.0143376   0.00350757   -0.0090708   0.00451551   0.00566532   -0.00675594   0.0117648   0.0017955   0.0129857   -0.00203227   -0.000276817   0.00349282   0.024534   0.0099021   -0.000508225   0.000678081   0.000802443   -0.00943965   0.00900974   -0.00347249   -0.0200802   0.000575255   -0.00445561   0.00326805   -0.000791601   0.00167674   0.00516823   0.00200303   0.000780385   -0.00374088   0.00555853   0.00458931   0.00781056   -0.00362567   -0.00450305   -0.000599487   -0.000343972   -0.000157875   0.00247651   0.000601598   -0.00244146   0.00308217   -0.00129597   -0.00484961   0.0087895   -0.0349945   -0.0117407   -0.00418816   -0.00849653   -0.0034767   -0.0137099   -0.00455178   -0.00494663   0.000868365   -0.00318524   -0.00541763   0.0017981   -0.00435165   0.0021851   -0.000483915   -0.00847075   0.0109736   0.00346965   -0.00779857   0.00385825   0.00152903   0.00019663   6.48589e-05   -0.00701066   -0.00820671   -0.0010145   0.0090927   -0.00123155   -0.00324428   -0.0145267   -0.019628   -0.0122612   -0.00859518   0.0176573   0.00780778   -0.0034061   -0.00276281   -0.00333019   0.00261982   -0.00509004   0.00866193   0.00289239   -0.000199335   0.000505503   -0.00910193   0.0248552   0.0602495   0.0803724   0.0599619   0.04094   0.00655338   0.00735947   0.0193213   0.0103651   0.00938477   -0.00722757   0.00562453   -0.0113178   0.0230135   0.018765   0.00725427   0.0277713   0.0245748   0.00706513   0.0217581   0.0120624   0.00709525   -0.00375926   -0.000328304   -0.0073341   0.00692799   0.00139473   -0.00189206   -0.0044444   0.00902962   -0.00710605   0.00282886   0.00108179   0.00217134   0.0167027   0.0144533   -0.0067743   -0.00382154   -0.0042361   -0.000357641   -0.00603991   0.00123975   0.0131103   0.0172925   0.028247   0.00916507   0.0141287   0.0387003   -0.000390442   -0.0167504   0.00667292   0.00106922   -0.00408341   -0.00320096   -0.000436711   -0.00504978   0.00484874   -7.26236e-05   -0.00313674   0.01498   0.0348563   0.0649028   1   0.0378453   0.0189258   0.0193492   0.00307553   0.00310381   0.00524497   -0.00242046   -0.0175359   0.00429169   0.00344518   0.0156619   -0.0154142   -0.0131161   -0.00264527   -0.00689044   0.0205427   0.0405863   0.0175262   0.000695174   -0.0156609   -0.00145909   -0.00447423   0.00835029   0.00449723   0.000470014   0.00241339   -0.00299981   -0.00310599   -0.00231524   0.00447646   0.00108431   -7.23697e-05   -0.0061507   -0.00471659   0.00101166   0.0010174   0.00253672   -0.00274253   0.0128834   0.000365999   0.00206327   0.00930525   0.00774415   -0.0168644   0.0114174   -0.00834112   -0.0279467   -0.0334656   0.097818   -0.0294546   0.0170968   0.0912983   0.043064   0.0909642   -0.0117671   0.00175177   -0.0170307   0.0112099   0.00693355   -0.0779271   -0.00527047   -0.00104101   0.0120137   0.0497828   -0.00667329   0.0131254   0.000425511   0.00153294   -0.00582111   0.00477508   -0.00706055   0.00489657   0.0027658   0.0131871   -0.00855717   0.00710554   0.0110537   -0.0167874   0.00874746   0.00992354   -0.00578428   -0.0411723   0.000355089   0.00630863   0.00402617   0.0116405   -0.0813839   0.0345876   0.00885042   -0.00795107   -0.0105441   0.0296266   0.0369205   0.0309517   -0.0830931   
0.0108463   -0.0214229   0.00356362   -0.0474731   0.00073164   0.0389496   -0.0358304   0.0337041   -0.0179621   0.0209584   -0.0293562   -0.0191997   0.0301947   -0.00541452   0.00493099   0.000341431   -0.0109794   -0.0111288   0.0110718   0.00649245   -0.0111625   -0.0292602   -0.0206293   0.0259399   0.00431595   0.00543463   -0.0199111   -0.0230741   0.00203059   -0.000273621   0.00185216   0.00434535   -0.0163945   -0.0226557   -0.00761199   -0.0528841   -0.0160044   0.0190063   -0.00425244   0.00590018   -0.00386054   0.00850195   -0.00772379   -0.0037802   -0.00141382   0.0548304   -0.0446415   -0.0114591   -0.0146523   -0.0104749   -0.0143775   0.0154673   -0.0112659   -0.00680224   -0.00348709   -0.00466063   -0.0505138   -0.0105628   0.00764743   0.029475   -0.00385584   0.001233   0.045229   -0.0104948   -0.0105504   -0.0193179   0.0023112   -0.00929176   0.00395872   -0.00868271   -0.0183032   0.00147096   -0.009043   0.00427711   -0.0101009   -0.0204315   -0.0289661   -0.00307698   -0.0369385   0.0197815   0.0377778   -0.00742369   -0.00148635   0.00560542   0.00454025   -0.0121903   0.0302914   0.0172939   -0.00172335   0.0361325   0.0168971   0.0969142   0.0117592   0.0443414   0.0491138   0.0354016   0.0118376   0.0177303   0.0356826   0.00949032   -0.00507397   -0.0090643   -0.0059485   -0.00120473   0.015426   0.044875   0.0170556   -0.0082913   0.0487406   0.0141559   0.00550033   0.0289735   0.0150663   -0.0034403   0.00812681   -0.00188402   -0.0210892   0.00274936   0.0061491   0.00690141   0.0227904   -0.0469919   0.00246241   -0.024939   0.0107585   0.0235196   0.0163436   -0.0135417   -0.00557533   0.00379606   -0.00446968   -0.0176444   0.00562309   -0.00713078   -0.013539   0.0743401   0.00230451   0.0144154   0.0358894   -0.00637358   -0.0486656   0.00559789   -0.0125667   -0.00572086   -0.00278677   0.0130979   0.00899248   -0.00900924   -0.00268459   -0.0225866   0.000315541   -0.000683072   1   0.0649028   0.0307001   0.0213479   0.0408814   0.0166925   -0.0116905   0.029185   -0.0180479   0.0354464   -0.000966074   0.00204246   0.0186717   0.00663839   -0.0234295   -0.018601   0.0119078   0.0104971   0.0355347   0.0308696   -0.00036009   -0.00456352   0.0021409   0.00616386   -0.00629597   -0.000744285   -0.0246809   -0.00134952   -0.000372616   -0.000379322   0.00436678   -0.0047126   0.000785224   -0.000522866   -0.000401705   0.00491435   -0.000874313   0.013541   -0.00149901   0.00131094   -0.00149936   -0.00693928   0.000152611   -0.00234154   -0.0134967   -0.00218686   0.0264115   0.00334674   0.0153328   -0.00526325   0.0413339   0.0783258   0.0175665   -0.0601447   -0.0392271   0.327868   0.022057   0.00312149   0.00725064   0.00845457   0.010923   -0.0263607   -0.000168582   0.00354336   -0.00163113   0.0417799   0.0102504   -0.00188136   0.00205411   -0.00805372   0.00339493   -0.00139365   -0.0036393   0.0105957   0.00464251   0.0176847   -0.0173829   0.0253602   0.00769495   -0.0433811   0.00428448   -0.0219046   -0.00305175   -0.0168018   0.00525627   0.00714079   0.00378977   -0.0126344   -0.115686   0.019164   -0.00482526   -0.027386   -0.0007781   -0.0149007   -0.0226718   -0.0129379   -0.100837   
-0.019715   -0.0190847   -0.00686499   0.0103064   -0.00621397   -0.017708   0.0240936   -0.00709045   0.00320984   -0.0216178   0.00689962   0.00622152   -0.0232287   0.0188045   -0.0123836   -0.000613654   0.000889067   -0.00424586   0.0018256   0.0119027   0.0141074   0.00206016   0.0116404   -0.0195918   0.00057275   -0.00753454   0.00950883   0.0035347   -0.00214234   0.000476182   0.00188327   0.0125776   0.0200488   0.0220007   -0.00134438   0.0226105   0.00202835   -0.0147952   -0.00297061   -0.00461093   -0.00320668   -0.00908293   0.00840697   -0.00132518   -0.0169446   -0.0382137   -0.0214773   -0.013181   -0.00181423   -0.0141815   -0.00508488   -0.0248306   0.00146359   -0.000347758   -4.8075e-05   -0.00906563   -0.0094688   0.00262229   -0.00811476   -0.0204183   -0.00480749   -0.0113042   -0.0194846   0.00169559   -0.00796701   0.00763568   6.29964e-05   0.00743264   0.000727735   0.00157763   0.00428605   7.82923e-05   0.0107515   -0.00242056   -0.00362785   -0.0135925   -0.017108   -0.01168   0.00862511   0.00130507   -0.0207545   -0.000980658   -0.00254898   -0.00507985   0.00150948   0.000429878   -0.0159957   -0.0101584   0.00120285   0.0460356   0.107748   0.0579613   0.062398   0.0271897   0.0022447   -0.00294211   -0.00361303   0.0109006   0.00399122   0.0129417   0.0122942   -0.0231084   0.0177637   0.0351884   0.0309741   0.0228472   0.0402689   0.0603578   0.00824219   0.0123988   0.0162795   -0.00434344   -0.00146881   0.000989583   -0.00217666   0.00268647   0.0163003   0.000510281   -0.00205949   -0.00429143   3.15598e-05   0.0357971   0.0154006   0.0253385   -0.00567389   -0.00797613   -0.00486622   -0.00583907   -0.00365839   -0.0134501   -0.0037832   0.00362445   -0.00404895   0.0166818   0.0212119   0.00657564   0.0380895   0.0286898   0.0132978   -0.0041157   0.00851351   0.00274766   0.00291292   0.00215525   -0.00346768   -0.00860105   -0.00730383   0.00765715   0.00104858   0.054961   0.0861507   1   -0.000683072   0.0348563   0.0163615   0.00122478   -0.00754593   -7.46216e-05   0.0176414   -0.00423087   0.0176082   -0.00828158   0.00537132   0.00261117   0.0126624   -0.0225072   0.00741039   1.86731e-05   -0.00837647   0.00776377   0.0121996   -0.0110274   -0.000444509   -0.0124486   -0.00369495   -0.0041218   0.0235242   0.00101643   0.00768516   0.00166659   -0.00270288   -0.00211891   -0.00394921   0.00592856   0.00142362   0.000726337   -0.00366541   -0.00493652   0.000355727   -0.00318385   0.0070518   0.0121338   0.0161579   0.00939532   0.00699253   0.010912   0.0144779   0.0640269   -0.00318149   0.00226516   -0.0282076   -0.00343493   -0.105092   0.00351869   0.00206489   0.109953   0.0585746   -0.105959   0.00508983   0.00161181   0.0120811   0.00850027   0.00622267   -0.0777037   -0.00655753   0.00238528   -0.000345242   -0.013263   -0.023243   0.0115541   0.000404698   0.00253802   0.00730629   -0.00159149   0.00459762   -0.000809236   0.00146581   0.00721416   -0.0142505   0.0189637   -0.000519013   -0.00950005   -0.00571648   0.00144775   0.00730552   0.000956458   -0.00266474   0.00220148   0.00309524   0.0221479   -0.102285   0.0432545   0.00257603   -0.0124087   -0.00843666   0.0181382   0.0403763   0.0206143   -0.00867118   
-0.0154205   0.00318388   -0.00299305   0.00150643   0.000292911   -0.00868398   -0.00201748   -0.00666689   0.00178277   -0.0111465   0.00343524   0.00480395   -0.00755687   0.0273678   -0.00291818   -0.000699795   0.00225364   -0.00189386   0.000870392   0.0146461   0.0100908   -0.00131255   0.0125163   -0.0127259   0.00227565   -0.00241644   0.00415609   0.00773457   0.0024346   0.000376956   0.00315077   0.0188835   0.0185764   0.0165014   -0.00348218   0.0114681   -0.00297686   -0.0107555   -0.00596577   -0.003537   -0.00479993   -0.00881843   0.0105066   -0.00110371   -0.0372942   -0.033024   -0.00997455   0.00102737   -0.00455524   -0.0140867   -0.0120072   -0.0201003   0.00154751   -0.000214877   0.00344388   -0.00715177   -0.0299983   0.00795825   -0.00837128   -0.0089164   0.00215269   -0.00876255   -0.00782222   0.00609182   -0.00887867   0.0079182   0.001835   0.00713108   0.00125899   0.000270356   0.00163939   -0.00318219   0.0142095   -0.00450608   -0.0101789   -0.00713716   -0.00518563   -0.00458914   0.00458889   0.0105682   -0.00713944   -0.000696624   -0.00101595   -0.0036001   0.00413827   -0.00225504   -0.00683145   -0.00558616   0.00097682   0.0679017   0.111994   0.0487671   0.0141121   -0.0154023   -0.0206059   -0.0157218   -0.0120631   0.0137465   0.0104528   0.0104491   0.00650473   -0.023738   0.0144224   0.0354492   0.0505016   0.0208046   0.0267054   0.0346724   0.00543974   -0.00688096   0.00975346   -0.00127986   -0.00182359   -0.00477147   -0.00547255   0.0227618   0.0932148   0.000708284   -0.00648438   -0.0100803   0.00146894   0.0106765   0.00144865   0.00876538   -0.000280543   0.0058618   0.00330366   -0.00413884   -0.00463641   -0.00619408   -0.000125038   0.00365044   -0.00125602   0.0165998   0.0227174   0.0104909   0.0136075   0.00976431   0.0167716   -0.00506002   -0.0040524   0.00268187   -0.00317188   -0.00684516   -0.00920167   -0.00917833   -0.00887384   0.00632405   -0.000505057   0.121934   1   0.0861507   0.000315541   0.01498   -0.00354571   -0.00910593   -0.00479616   -0.00630895   0.00603859   -0.0052069   0.0197437   0.0707573   0.0027641   0.00124455   0.00408439   -0.0217358   -0.000215509   0.0172822   0.00291122   0.00432839   -0.00727615   -0.00236602   0.00868051   -0.0101886   1.06868e-05   -0.0121484   -0.00157512   0.00786756   0.0193512   0.000826532   -0.00305768   -0.00174657   -0.00332496   0.00456228   0.000645138   0.0013585   0.00395249   -0.00878174   0.00165978   0.00355253   0.00837597   0.00181964   0.00765197   0.00630422   0.00231403   0.00450515   0.00457314   0.0601528   -0.152476   0.000488072   -0.0145364   0.00429834   -0.151657   -0.0434745   0.00226163   0.124681   0.00192602   -0.0203907   0.000828351   0.000805983   0.0115569   0.00600561   0.00281826   -0.0199113   -0.00459425   0.00210842   -0.00360966   -0.0403385   -0.0118648   0.013607   0.003264   0.000456974   0.00672203   -0.000442755   0.00844117   0.00380787   0.000484238   0.0165174   -0.00928142   0.00939814   -0.00286257   0.00428304   -0.00404882   0.00812743   0.0135131   0.00825786   -0.00126173   -0.000368255   0.00963156   0.0136169   -0.0369098   0.0168898   0.0153538   -0.00110346   0.0136995   0.0264381   0.0342661   0.0223775   0.0510647   
0.006793   0.0260302   -0.00222169   0.0041375   -0.00990473   -0.0131311   0.00228431   -0.00224177   0.0168533   -0.0172073   0.00521666   0.00324833   -0.00803744   0.0216173   -0.00979314   -0.000495732   0.0030128   -0.00277948   0.00207802   0.00143223   -0.00470815   -0.00335697   0.00272293   -0.0116741   0.00144672   -0.000540359   8.88635e-05   0.00177137   0.00567859   0.00083902   0.00087523   0.00744468   0.0026292   -0.00195667   -0.00283434   0.00986929   -0.00508917   -0.0126025   0.00155669   0.000493448   0.000187854   -0.0043204   0.00277674   -0.00201958   -0.027418   -0.0446407   -0.00231329   0.00188284   -0.00019472   -0.00442832   -0.0143667   -0.0188902   0.00322526   0.00139277   -0.000560254   -0.00955568   -0.0201399   0.0031238   -0.0101081   -0.00450579   0.00758156   -0.00267487   -0.0126068   0.00453216   -0.00993606   0.00204478   0.00180176   0.00527737   4.14319e-05   0.0045804   0.00411486   -9.22215e-05   0.0113568   -0.00152546   -0.00222129   0.00905113   0.00468682   0.010054   0.0111461   0.00454381   -0.0140188   -0.00106129   0.00245831   -0.00164373   0.00355013   -0.00516894   -0.00965552   -0.0117617   0.000703975   0.0211142   0.0427093   0.0125321   0.00683748   -0.0109187   -0.00142439   -0.00844062   -0.00939446   0.0130467   0.00495368   0.00791074   0.0132827   -0.00117593   0.00703415   0.0110239   0.0705097   0.00798963   0.0169247   0.00846735   -0.00712778   -0.00250741   -0.00352701   -0.0103145   -0.00767476   -0.00708745   -0.00996011   0.0559314   0.169458   -0.000489652   -0.00952709   -0.012381   -0.00638212   0.0133768   -0.001497   0.00636855   -0.00198636   -0.00693503   -0.00828643   0.00176446   -0.0037129   -0.00400074   -0.00125735   0.0101592   -0.00136849   0.0129555   0.00817734   -0.00140025   0.00339066   0.000215151   -0.0080493   -0.00817148   0.000429968   -0.000601057   -0.0178558   -0.0151421   -0.0201743   -0.0170219   -0.00925661   0.00129681   -0.00230196   1   0.121934   0.054961   -0.0225866   -0.00313674   -0.0120008   -0.0175893   -0.0153657   -0.00645997   0.000662958   -0.0105455   0.0294523   0.160207   9.59898e-05   -0.000573693   -0.0136272   -0.0259881   0.00648099   0.014177   0.0137988   0.00524539   -0.0097373   -0.00408113   0.00847505   -0.00146486   0.00254415   -0.0112505   -0.0176378   0.00375068   0.0172036   0.000821566   -0.002481   -0.00115056   -0.00255601   0.0034874   -0.00277009   0.000351171   0.00391299   -0.0073086   0.00290487   0.00104185   0.00389416   -0.0533631   0.00561382   0.000915603   -0.0025049   -0.00449535   9.51682e-05   0.0390383   -0.290054   0.00353315   -0.0248072   0.0124019   -0.0474332   0.0159381   -0.00312571   0.09203   -0.0656346   -0.0556217   -0.00947502   -0.000224654   -0.00736803   0.0030963   -0.00189293   0.00215738   -0.00356486   -0.0122562   0.004387   -0.029373   -0.00326134   0.01782   0.00126581   0.00149113   0.000762677   -0.00155679   -0.0034711   0.00907324   -0.000864827   0.0352994   -0.000512416   0.00796022   -0.00259382   0.0352058   -0.00435549   -0.00255537   -0.00783501   0.0099847   0.0022793   -0.00239501   0.0211458   -0.00901016   -0.00753361   0.0253176   0.0190659   0.00856939   -0.00167354   -0.00223279   0.0142734   0.0067605   0.0231965   
-0.009867   -0.00948908   -0.00172029   -0.00108847   -0.00160072   -0.00228238   0.000214865   -4.06795e-05   0.000806221   -0.00208483   -0.000591753   -0.000412672   -0.00263651   0.00168873   -0.00211888   -6.8649e-05   7.08692e-05   -0.000821971   -0.000211058   7.47392e-05   -0.000626246   -0.00186071   -0.00016159   -0.00151612   -4.84166e-05   -0.000729027   6.28618e-05   -0.00129338   0.000209591   0.000162308   5.63496e-05   0.000891889   0.00105087   0.000685382   0.000420233   0.00103484   -0.000424387   -0.00142295   -0.00194765   -0.000431659   -0.000295443   -0.000471336   0.00060401   0.000607641   0.000300636   -0.001461   -0.00088751   -0.000118563   -9.90489e-05   -0.00175726   -0.00141745   -0.00191131   -0.000622509   -0.000469559   -0.000217178   -0.00152436   -5.06174e-05   0.000504351   -0.000916605   -0.00175449   -0.00138614   -0.00294636   -0.00330393   -0.00162524   -0.00218915   -0.000158512   0.000290373   0.0010165   0.000653956   0.000181301   0.000505314   4.68692e-05   0.000555136   -0.000487864   -0.00449039   -0.00211162   0.00334419   0.00674292   0.00583836   0.00425536   0.000464824   0.000540162   -0.000182159   0.000142674   0.00124549   0.000226652   -0.00334012   0.000242743   0.000534874   0.000942258   0.00106238   -0.000779856   0.00205111   0.00139394   0.000208297   -0.000673534   -0.000585632   -0.000606829   -0.000268077   0.000396587   0.000165517   -0.00081744   0.00074663   0.000299671   0.000804613   -0.00215813   -0.00230916   -0.000800869   -0.00195369   -0.000865523   0.00208248   0.00207359   0.00821079   0.00755482   0.0065822   0.00602035   -6.78833e-05   0.00184014   0.00571337   0.00279017   0.000736445   0.000376476   -0.000728199   0.000837073   -0.000459823   0.0013031   0.00283526   0.00735018   0.0071972   0.00553503   0.00836731   0.00760005   0.00423906   0.00307198   0.00206683   0.000931338   0.00324046   0.00422235   0.0043682   0.00129791   0.00275862   0.00324757   0.0117071   0.0116246   0.0113134   0.0128807   0.00903322   0.00721246   1   -0.00230196   -0.000505057   0.00104858   -0.00268459   -7.26236e-05   -0.0017816   -0.000765064   -0.000184182   0.0038369   0.00305993   0.00174856   0.00318018   -0.00645579   0.00104416   0.00124399   0.00133267   -0.00232326   0.000798971   -0.000614471   -0.00156062   -0.000424977   0.00105004   0.000112129   -0.000840703   -0.00298037   -0.00248947   -0.00391157   -5.52142e-05   0.00104444   0.00138199   -0.00228002   -0.000620566   0.00060664   0.00131353   0.00288218   2.57679e-05   -0.00128756   0.000398601   -0.00138109   0.000249772   0.0131708   0.0004311   0.000306383   -0.00592485   -0.000772173   -0.00264808   -0.0048105   -0.0033134   -0.00175531   0.00438245   -0.00064592   0.0108709   -0.000492077   0.00103284   0.00356523   -0.00268545   0.011415   0.0020433   -0.00418975   0.00219974   5.06661e-05   -0.000700109   0.00179982   0.00037639   -0.00688402   -0.00155031   0.0028122   -0.00130717   -0.00413781   -0.00388308   -0.024968   -0.00215207   -0.00147547   -0.0175553   -0.000811778   -0.00160459   -0.00510849   -0.0014186   -0.000566784   -1.11098e-05   -0.00338272   -0.00327147   0.0141077   -0.00144516   -0.0023126   -0.00223817   -0.00411654   -0.00138736   -0.00300385   -0.00046612   0.00585598   0.00878732   0.00708055   0.00588355   0.00388944   0.00290718   0.00955303   0.00191289   0.00892601   0.00647897   
-0.0176333   -0.00342885   -5.56403e-05   0.00197798   -4.25259e-05   -0.00486361   -0.00151253   0.000252128   0.00737942   -0.00115354   0.00328696   0.00250989   -0.00204207   0.0128479   0.00060268   -0.000319102   0.00247516   0.00146384   -0.00423917   0.00137802   -0.00176592   -0.00425723   0.00346438   -0.00592593   0.00030878   0.00050799   0.00180825   0.0049575   0.00293718   0.000475225   -0.000717372   0.00338233   0.0032189   0.00340638   -0.000451472   0.00531989   -0.000945971   -0.00492208   -0.00117509   0.000279418   0.000283623   -0.00297485   0.00323047   0.000489882   -0.00199466   -0.00666993   -0.00179068   -0.00404587   -0.00599768   -0.00651625   -0.00643846   -0.00856202   -0.00041247   -0.000915915   0.000875771   -0.00197419   0.00106658   0.0044834   -0.00436849   -0.00313636   0.000253039   -0.00786167   -0.00849179   0.00108866   -0.00465158   0.00350908   0.000787727   0.00251663   -0.000162057   -0.000241871   0.000579466   -0.00179061   0.00628459   -0.00268989   -0.00928606   -0.000308128   0.0130067   0.0164282   0.0175084   0.0144596   0.00214512   0.00195382   0.000494516   -0.000784761   0.00265712   -0.000120801   -0.00482498   -0.000659963   0.00110226   0.00312763   0.00297003   -0.00987786   0.00247429   0.00134268   0.0024274   7.04057e-05   -0.00438547   -0.000930702   0.00057696   0.00122982   0.00273261   -0.00324059   0.00277238   -0.000867291   0.00500258   8.40177e-05   -0.00140083   0.00513667   0.00132925   -0.00233345   0.00894261   0.00477353   0.0135211   0.0109827   0.00874065   0.00528224   0.00510557   0.00473218   0.0104558   0.00115144   0.00270109   0.00309559   -0.00169897   0.00310024   0.00284365   0.00825324   0.00806614   0.00698843   0.00921696   0.00789561   0.0115012   0.0115007   0.00992026   0.0113141   0.00709178   0.00273157   0.00870702   0.0113762   0.0176286   0.00965205   0.00924791   0.00955875   0.0240288   0.0185558   0.0166548   0.01518   0.00510289   1   0.00721246   0.00129681   0.00632405   0.00765715   -0.00900924   0.00484874   -0.000615441   -0.00154509   -0.000847037   -0.000919293   0.00582452   0.000293047   0.0044797   -0.0216108   0.00388012   0.00345876   -0.000926759   -0.0122678   -0.0050459   0.00264916   -0.00548861   8.38132e-05   -0.00122541   0.0021055   0.00380995   -0.00462242   -0.000564151   -0.00677413   -0.000734094   0.00541564   0.00874567   -0.00474813   -0.00225891   0.000651303   0.00218584   0.00942693   0.000272473   0.00134931   0.00643202   -0.0030031   0.00616065   0.00603364   0.00227848   0.000266017   -0.0116547   0.000114066   -0.00128217   -0.000290853   0.000980327   -0.00450605   0.00959332   -0.00211602   0.0217098   -0.0109217   0.00432852   -0.0279277   -0.00260962   0.0561676   -0.011025   -0.0134215   0.000599932   -5.15984e-05   -0.00495754   0.00211847   -2.35026e-05   -0.018554   -0.00169887   0.00301869   0.00105271   -0.0124211   -0.000147728   -0.026345   -0.00124926   -0.00220265   -0.061905   0.00135697   -0.00260585   -0.00253984   -0.00111247   0.0131482   0.000768952   -0.00732238   -0.00432895   0.00658336   0.00136852   0.0051604   -0.00319564   -0.00863484   -0.00118449   -0.00283545   9.85617e-05   0.0105857   0.00763993   0.0179644   0.0109169   0.00432351   0.0117566   0.0215983   -0.000700962   0.0206878   0.0143182   
-0.00180063   -0.0125663   -0.000605496   -0.00127762   0.000998899   0.00450934   0.00144785   -0.00711968   -0.0130709   0.000635527   -0.00352775   -0.00247941   0.000610182   -0.0153508   -0.000633194   0.000338077   -0.00300112   -0.00342677   0.0053646   -0.00128989   0.00511024   0.00564318   -0.00163135   0.00680136   -0.000777051   -0.00369577   -0.00171747   -0.00576414   -0.00441775   -0.000648161   0.00137664   -0.00162136   0.00151667   0.00113133   0.00206558   -0.00421025   0.00146951   0.00817227   -0.00198204   -0.00233731   -0.0015844   0.00239773   -0.00286286   0.000874564   -0.00710829   -0.00582335   -0.012617   -0.00700803   0.0012523   0.00428702   0.00704161   0.0116377   -0.00249127   -0.00250535   -0.00422657   -0.00324618   -0.00631446   -0.00269125   0.00625975   -0.00521956   -0.0106147   -0.00383548   -0.00234457   -0.00879251   0.00263357   -0.00407791   -0.000904811   -0.00509158   -0.00225531   -0.00368862   -0.00466025   -0.00529046   -0.00798961   0.000877152   0.0619237   0.0491057   0.0122105   -0.0129003   -0.018547   -0.0172336   -0.00249624   -0.0011562   0.000260415   0.000202455   -0.00468897   0.00291253   0.0310938   0.00181705   -0.000804973   -0.00301954   -0.00608275   0.00641903   -0.00214064   -0.000995291   -0.00338368   0.000208607   0.0055482   -0.00227442   -0.00337936   -0.00339131   -0.00561006   0.00629426   -0.00271898   0.000164446   0.00687977   0.0051495   0.00304935   -0.00415446   0.000169117   0.0027854   -0.00316719   0.00193127   0.0156431   0.0211155   0.0237741   0.0328079   0.0149018   -0.000228013   0.00464501   0.0191473   0.00834257   0.000689383   0.00393506   -0.000605215   -0.0013506   -0.00319403   0.00023909   0.0200734   0.0187143   0.0195238   0.0245288   0.0209319   -0.000490671   -0.00893185   0.0625633   0.0524613   0.0280532   0.00685304   -0.00795612   -0.00422594   0.00112985   0.000320059   0.0345483   0.0411812   0.0457926   0.0574005   1   0.00510289   0.00903322   -0.00925661   -0.00887384   -0.00730383   0.00899248   -0.00504978   0.00230624   0.00539107   0.00363291   0.0277948   0.0121387   0.0175635   0.0172765   0.0189203   -0.00251971   -0.00149711   4.21617e-05   0.0142749   0.00489805   -0.00523674   -0.000743269   -0.00269783   0.00318071   -0.000625501   -0.000199921   0.0046189   -0.00105437   0.00248178   -0.00133053   -0.00423325   -0.00976277   -0.00503362   0.00017189   0.00103159   0.00229028   -0.00262654   9.57883e-05   -0.000101868   0.00640875   0.00728837   0.000347912   0.000848243   -0.00224387   0.00439979   -0.0156636   -0.000781574   -0.00179287   -0.00811732   -0.00772056   -0.00432061   0.0152921   -0.00176169   -0.0941607   0.0134679   -0.0041312   0.0199149   0.000426762   -0.0625125   0.0220287   0.00812761   0.00706921   0.000340099   0.00712538   0.000640257   0.00105003   0.0196917   0.000242478   0.00251616   0.00160925   0.014669   0.0220972   -0.127732   -0.000553768   -0.0177055   0.0806105   -0.00272242   0.00437954   -0.00434289   -0.00230697   -0.0166905   -0.000860534   -0.00450403   0.00207751   0.0616197   -0.00422538   -0.00542562   0.00654608   0.00672352   -0.000985734   -0.00549825   0.00784791   -0.00282062   0.00233494   -0.0155788   0.00285825   0.00457248   0.0141605   0.00334804   0.0157679   -2.60483e-05   -0.00173383   
0.00784962   0.00288123   -0.000356778   -0.00813874   -0.00257702   0.00124024   -0.00616866   0.00332069   -0.00430597   -0.00146964   -0.00484753   -0.00262136   0.00122924   0.00310973   -0.00235939   -6.19214e-05   -0.00145638   -0.00236264   0.000917265   0.00280092   -0.000835443   -0.00725521   -0.00310597   0.000766076   0.000840096   0.00046352   -0.00181729   -0.00492185   8.88578e-05   0.000198187   0.0003946   0.00147143   -0.00167593   -0.00220056   -0.00133837   -0.00629017   -0.00257297   0.000696779   -0.00143049   0.001166   -0.000322734   0.000863318   -0.00017262   -0.00122366   -0.00454389   0.00325435   -0.00908576   0.00050357   -0.00041103   -0.00438082   -0.00327768   -0.00148993   -0.00179272   -1.22479e-05   0.00137805   0.000493127   -0.00672497   -0.00108532   0.000172807   -0.00142309   -0.00559469   -0.00560758   0.00138416   -0.00583829   -0.00661921   -0.00368782   0.000221103   8.68919e-05   0.00176482   -0.000738735   -0.00186524   -0.00109927   -5.20536e-05   0.00027612   -0.0116412   -0.00687012   0.00381575   0.0128898   0.00326724   0.00855132   0.00504516   -0.000825078   -0.000491001   0.00178123   0.00341031   -2.16753e-05   -0.00115148   0.00305372   0.000352734   0.00548122   -0.00061726   0.00479908   -0.00510464   0.000725555   -0.00105853   -0.00113038   -0.00113538   0.000582687   0.00500615   0.00166191   7.54993e-05   -0.00150574   -0.000582218   -0.000100485   0.00532848   -0.00125572   -0.0109354   -0.0130328   -0.00642122   -0.00862043   -0.000570587   0.00765305   0.0205049   0.0258066   0.031725   0.0339323   0.00367473   0.00195982   0.00776297   0.0143489   0.00800367   -0.00785968   -0.00253471   -0.00410882   -0.00362326   0.00203064   0.00390983   0.0040792   0.0161794   0.0180366   0.0269156   0.0234838   0.00425631   0.00250233   0.0172196   0.0190402   0.00590472   0.00803435   0.0128273   -0.00287333   -0.00444284   0.00815933   0.0527858   0.0603977   0.0620582   1   0.0574005   0.01518   0.0128807   -0.0170219   -0.00917833   -0.00860105   0.0130979   -0.000436711   -0.00972018   -0.00146992   0.00414007   0.0116186   0.0145951   0.0210849   0.0186358   -0.00974507   0.000736114   0.00128054   0.00337085   -0.00115534   0.00241384   0.00105896   0.00461763   0.00267786   0.00672186   0.00392294   7.13381e-06   -0.0017413   0.00126147   -0.00231523   -0.00654352   -0.000236126   0.000596169   -0.00383081   -0.00209706   -0.000474866   0.000568284   0.000191021   -8.506e-05   -4.59015e-05   0.000662569   0.00217192   -0.000871861   0.000356581   0.000580027   0.00449353   -0.0129304   -0.00246046   -0.00496938   -0.00937574   -0.00844404   -0.00563499   0.0269595   -0.000895135   0.0182831   -0.00531144   -0.00213102   0.0210971   0.00414364   0.0111675   0.00680683   0.0460485   0.0040543   -0.000444764   -0.0059181   0.00294239   -0.00214761   0.00440827   -9.06224e-05   0.00138346   0.00383993   0.00353988   -0.00174094   -0.169133   -0.000152095   -0.00239887   0.0609418   -0.00208672   -0.00209921   0.00282691   -9.45225e-05   -0.0125393   0.00246534   -0.00715575   -0.00644906   0.00333647   -0.00313627   -0.00636295   -0.00232229   -0.00870724   0.000943309   -0.00157868   0.00229941   -0.0150175   0.0446856   0.00144044   0.0164573   0.00929545   -0.00199358   0.00711813   -0.0145627   -0.000108965   -0.00254941   
0.00222576   0.000588571   0.000515076   0.00186624   0.00253086   3.44292e-05   -0.0011599   -0.00169915   -0.00256414   0.00261065   0.00086105   0.000771165   0.000784528   -0.00267183   0.00232523   4.72222e-05   0.00101639   0.00145737   -0.00162124   -0.0008051   0.00131963   0.000865075   0.00118645   0.000847547   -0.000255238   0.000838467   0.00144238   0.00199267   -0.000190919   -0.000163629   -0.000204157   -0.00203798   -0.000678932   0.000543829   0.000887149   0.000548203   0.000895981   0.000384468   0.000170185   -0.000228217   0.000277214   0.000511072   0.00122199   0.00057901   -0.00415652   -0.00376276   -0.00502307   -0.00604542   -0.00466531   -0.00253409   0.00133905   0.0016987   -0.00124824   -0.00046093   0.000964433   0.0022425   0.00109226   0.000411936   -0.000471942   -0.0043831   -0.00638289   -0.00524382   -0.00446804   -0.00285509   0.000380675   0.00046543   -0.000815162   0.000346292   0.000467819   0.000187174   0.00114617   -0.00232841   -0.00160102   -8.31841e-06   -0.011369   -0.00624589   0.00826544   0.00891384   0.00786999   0.003051   0.00359993   0.00169487   -0.000329027   0.00114692   0.00092483   0.00368834   -0.00404425   0.0031561   0.000372602   0.000978608   0.00359405   0.00198976   0.00163002   -0.0015823   -0.00457944   -0.00173823   0.000930487   -0.00106038   -0.000262312   0.000247123   -9.33453e-05   -0.000367139   0.000150801   0.00103571   0.00221364   -0.00186925   -0.00769457   -0.00658221   -0.00469864   -0.00507032   0.00230078   0.00663624   0.0098635   0.0231731   0.0313385   0.0320885   0.00578075   0.00263964   0.0119424   0.0157723   0.00885023   0.00196562   0.00100647   0.00121512   0.000137768   0.00286368   0.0024901   -0.0142223   0.00813269   0.0138473   0.0217842   0.0222705   0.0058786   0.000312943   0.0147763   0.00234932   0.00488222   0.00751973   0.0110878   0.00920047   0.0102348   0.00889086   0.0638041   0.0650845   1   0.0620582   0.0457926   0.0166548   0.0113134   -0.0201743   -0.00920167   -0.00346768   -0.00278677   -0.00320096   -0.00378067   0.0042527   0.00265101   -0.00527288   0.0185953   0.0198864   0.0223477   -0.014311   0.00366437   0.0028157   -0.00503707   0.00310699   0.00149628   0.00431638   0.00108474   0.00288425   0.00167066   9.98773e-07   -0.00130416   0.00156109   0.000597574   -0.00113483   -0.00699953   -0.00033332   -0.00155999   -0.00200188   -0.000436947   0.000282497   0.000527136   -0.000710362   0.000133553   0.00150202   -0.00224965   0.00154662   -0.00313019   -0.00259381   -0.000318167   0.00827019   -0.00663297   -0.000836664   -0.00123397   -0.00190403   -0.00100229   0.00109774   0.0452228   0.000680655   0.0314667   -0.00205   -0.00871041   -0.0175695   -0.000209298   -0.00978142   0.0144629   -0.00447224   0.00747976   -0.000723677   -0.00555315   0.000485913   -0.00267659   0.0140999   0.00156177   0.00107943   0.00190193   -0.00123303   -0.00186136   -0.171646   -0.000208182   -0.000916323   0.0170877   0.000382949   0.000840069   -0.00189504   -0.000189339   0.00475249   0.00279629   -0.00399487   -0.00644734   -0.0550361   0.000345152   0.00281759   0.00158992   -0.000280124   -0.000635761   -0.00147629   -0.00127557   -0.00673466   0.0394203   0.00270764   0.00890908   0.010227   -0.00430672   0.0110547   -0.0133343   0.00782989   0.00503602   
0.00262234   0.00204458   -0.00175354   0.000821844   -0.00478544   -0.00498824   0.00474346   0.000230571   0.00275095   -0.00741474   0.000337796   4.80061e-05   -0.00481363   0.000132733   -0.00574556   -3.9272e-05   -0.000314764   -0.00155452   0.00135531   -0.00132184   -0.000559552   -0.000953384   -0.00106278   -0.00300922   -0.000479664   -0.000478499   0.000317062   -0.00290715   0.000318552   0.000198114   0.000199457   -0.0010073   -0.00125644   -0.00154128   0.000201408   0.00245615   -0.000844388   -0.00310603   0.000555478   0.000388146   0.000525639   -0.000299873   -0.000282344   -0.000533138   0.000837742   -0.00878845   -0.00458529   -0.00588754   -0.00314809   -0.00404968   -0.00365267   -0.00400247   -6.65747e-06   0.000400699   -0.000699347   -0.00170317   0.00064395   -0.00132781   -0.00138817   -0.00632368   -0.00513474   -0.00484621   -0.00761607   -0.00361806   -0.00366123   -0.00166389   -0.000159652   0.00146229   0.000782659   0.00192388   0.00194682   -0.000921553   0.000219349   3.25105e-05   -0.00676401   -0.00086178   0.00835725   0.0147734   0.0116338   0.00397206   -0.00251858   0.000732603   0.000701972   0.00102514   0.00177103   0.00104458   -0.00674358   -0.0014666   0.000628892   -0.00208835   0.00414255   0.00134574   0.00375359   -0.000682786   -0.00144301   -0.00341073   -0.00120791   -0.000255954   -0.00155461   0.00109322   0.00253274   -0.000334895   0.000617735   0.00135863   0.00440519   -0.000855644   -0.0027599   -0.00505744   -0.00696033   -0.000199298   0.00151173   0.00579791   0.00868867   0.0245205   0.0322832   0.0346938   0.00029876   0.00373216   0.0147292   0.0146171   0.00773888   0.0101544   0.0048902   0.00615865   -0.00127582   -0.00276363   -0.00246971   -0.0230651   0.00562176   0.0095866   0.0186216   0.0239326   0.00792585   0.00467162   0.00884681   0.00437713   0.00945393   0.00932509   0.00323851   0.00273534   0.00992298   0.00949071   0.0666778   1   0.0650845   0.0603977   0.0411812   0.0185558   0.0116246   -0.0151421   -0.00684516   0.00215525   -0.00572086   -0.00408341   -0.00945481   -0.000967954   -0.0020418   -0.0142825   0.0199778   0.018453   0.0237919   -0.0186297   0.00531325   0.00409367   -0.00428313   -0.00629474   0.00307069   -0.00110513   0.00297906   0.00142241   0.000387416   -0.00288956   0.00210028   0.00114456   0.000321152   -0.00206134   -0.00386456   -0.000569669   0.00102566   0.000272937   -0.000131972   1.16652e-06   -0.000257277   0.000567965   1.06081e-05   4.16568e-05   0.000849142   -5.04833e-05   0.000697202   0.000660653   0.000371565   0.00804541   0.00226009   -0.000574564   -0.00174642   -0.00434332   -0.00197051   -0.000678515   0.0421068   0.00535986   0.01706   -0.00353122   -0.00333848   0.0227305   -0.00227449   0.00754225   -0.00454199   -0.0237128   0.00272575   -0.000374478   -0.00325697   -0.000677688   -0.0016541   -0.00204284   0.000271054   0.00227092   0.00131028   -0.00496778   -0.00158504   -0.179882   -0.00114713   -0.00170337   -0.00631256   -0.00167346   -0.0023982   -0.000270151   -0.00057261   0.0172545   0.00169081   -0.00350765   -0.00726925   -0.0839272   -0.00293503   -0.00545447   -0.00436926   -0.000121523   0.000115768   -0.00237879   -0.00184508   -0.00518922   0.0367653   0.0101735   0.000879703   0.00608814   -0.000243421   -0.00130851   -0.0154889   0.00159151   -0.00258943   
-0.00581195   0.00385023   0.00297414   0.00834738   0.00869643   -0.000651696   -0.00168778   -0.00352714   0.00265455   0.00891764   0.00596979   0.0046214   0.00200526   0.0032948   0.0110486   -8.77493e-05   0.00373829   0.00669766   -0.00724228   -0.000518694   0.00171605   0.00320086   0.00646343   -0.00127302   -0.000446013   0.00197394   0.00444973   0.0112485   0.00127747   -0.000176348   -0.0014582   -0.00157849   0.00232416   0.00533938   0.00159792   0.00656354   0.00424707   -0.000536996   0.00108632   -0.000544958   0.000806105   -0.00157229   0.00386276   0.00177917   -0.00823972   -0.0088317   -0.0040288   -0.0113092   -0.0138153   -0.00877141   -0.000540347   -0.00119133   6.21237e-05   -0.0013946   0.00144265   0.00214329   0.00436199   0.00414913   -0.00416046   -0.00555884   -0.0055409   -0.00881635   -0.00951359   -0.000161461   0.00204301   0.00538104   -0.000540711   0.00148381   -0.00106389   -0.0010764   0.00113906   -0.00472671   0.00177697   -0.00170635   -0.00358624   0.00382258   0.0163865   0.00722012   0.0119292   0.00592691   0.00476125   0.00346673   0.000490129   -0.000484707   6.00464e-05   0.00475711   -0.000406877   0.00328975   0.00048416   0.00205618   0.00537921   -0.00637499   0.00401121   -0.00264641   -0.00723028   -0.00182214   -0.00102789   -0.00127374   -0.00100756   -0.000375876   0.00025115   -0.00178027   0.00154005   -0.00050364   0.00401431   -0.000889279   -0.00609653   0.00223697   -0.000876515   -0.00406635   0.0102107   0.0101255   0.0112051   0.0232769   0.0311759   0.0279636   0.0121935   0.00567305   0.0190632   0.0144524   0.0108032   0.00614385   0.00135789   0.00444558   0.00553798   0.0118558   0.00968489   -0.0210557   0.00623526   0.0142983   0.0217294   0.0232848   0.012743   0.00601427   0.021412   -0.000640519   0.00662277   0.00773905   0.0170067   0.0168678   0.0177534   0.0136297   1   0.0666778   0.0638041   0.0527858   0.0345483   0.0240288   0.0117071   -0.0178558   -0.00317188   0.00291292   -0.0125667   0.00106922   0.000845237   0.00857175   0.00412475   -0.0160264   0.0211357   0.0168732   0.0220268   -0.02464   0.00759759   0.00568343   -0.0105598   -0.00264397   -0.00572345   0.00972724   -0.000673084   0.00502812   -0.00356942   -0.00030271   0.00273261   0.000715994   0.000679248   -0.0021366   -0.00696044   0.00350813   0.00195936   0.00663595   0.00250681   0.000421099   -0.0017663   -0.00343349   -0.000175814   -0.00113817   -0.00414446   -0.00106056   0.000342959   -0.00151321   0.000413309   0.00902619   0.0226484   0.00102674   0.00288321   0.00792308   0.00768893   -0.000781844   0.0503759   -0.000586539   0.0288312   -0.00169875   -0.00481677   -0.0643558   -0.00210013   0.0133299   0.0161702   -0.0238971   -0.0142586   -0.000994668   -0.00374684   -0.00523129   -0.00300813   0.00844353   0.00196978   0.00116495   0.000641648   -0.0220611   0.00472156   -0.154848   0.000484578   -0.00235775   -0.0627908   0.00427448   0.00237905   -0.00373336   0.000216879   0.0292917   0.00404238   -0.00445215   -0.00609187   -0.0857405   0.00613308   0.0157003   0.00465984   -0.00143214   -0.00175471   -0.00101204   -0.00207986   0.00908741   0.038887   0.0159574   -0.00329218   0.000702134   -0.00238487   0.0238506   -0.00847913   0.0181073   0.0131181   
0.0210706   0.0295815   0.0027355   4.14112e-05   0.00209618   0.00229395   -0.00110109   0.00575092   0.00535527   0.00226201   0.00131219   0.00156393   0.00281103   0.00696781   0.00428438   -0.000127852   0.00120912   0.00272255   -0.00299838   0.00201833   -0.000791028   -0.00258254   0.00131068   -0.00159807   0.00047147   0.00318102   0.000821361   0.00385054   0.00192093   0.000136439   -0.000957075   0.000735144   -0.000686686   6.99366e-05   -0.000830768   -0.000142645   0.000558767   -0.000983074   0.00236327   0.00143563   0.00118789   -0.00149315   0.00643687   -0.00114605   -0.00252718   -0.00230932   -0.00824365   -0.00762028   -0.00782862   -0.00547944   -0.00396434   -0.00386113   -0.00119317   -0.000747177   0.000787057   0.000514393   -0.000906824   0.0013109   0.00914676   0.000648016   -0.000739883   -0.00490801   -0.0022504   -0.000756723   -0.00321522   0.000672777   0.000242957   0.000120301   -0.000339333   -0.000708931   -0.000959987   -0.00107471   0.0093781   0.00450332   -0.0145159   -0.00276372   0.015932   0.022671   0.0174471   0.0155082   0.00735607   0.00193016   0.00108901   0.000977266   0.00254087   0.000418675   -0.00398737   0.002566   0.000579055   0.00287742   -0.00154348   -0.00701123   -0.00719415   -0.00254779   0.000202823   0.000889167   -0.00239393   -0.000485936   0.00217252   0.000438103   0.00131855   -0.0012054   0.00263946   0.00811322   0.00524187   0.00575161   0.00243706   0.00476697   0.00563816   0.00233759   0.0060621   0.00444069   0.00735246   0.00424243   0.00427974   0.00189836   0.00316296   0.00242771   0.00425048   0.000764635   0.00321047   -0.000639929   -0.00018565   4.8868e-05   0.00303768   0.00656897   0.00571503   0.00161907   0.00310491   0.00414039   0.00403446   0.0033679   0.00476513   0.0128702   -0.000280123   0.00762566   0.013859   0.0190585   0.0226734   0.0144331   0.0064409   1   0.0136297   0.00949071   0.00889086   0.00815933   0.000320059   0.00955875   0.00324757   -0.000601057   0.00268187   0.00274766   0.00559789   0.00667292   0.00200296   0.00173008   0.00236658   0.0013989   0.0024578   0.00208538   0.000393597   -0.00829634   0.00178917   0.00158716   -0.00376375   -0.00867765   -0.0075779   -0.00108089   -0.000205154   0.00137079   0.00172942   0.00797539   0.00133671   6.07086e-05   0.00268115   0.002299   -0.00187593   0.00308923   0.0213844   -0.0015783   -0.00143139   -0.000368591   0.000614229   0.00485669   0.00042448   -0.000163222   0.00966819   0.00209914   0.00194323   0.00471322   -0.0804097   0.00146761   -0.00657035   0.00183035   0.00630342   0.0125408   0.00951004   -0.00285845   0.0105272   -0.00225374   0.0388875   -0.0107368   0.00148088   -0.0133967   0.00729403   0.0243918   -0.00794183   0.0149191   -0.017   -0.000389605   -0.00858216   -0.00116437   -0.00247801   -0.00704172   0.0036183   -0.00632028   0.00406248   0.00126811   0.00716961   -0.00681901   0.00268905   0.00157096   -0.0309924   0.00279522   -5.93796e-05   0.00730021   0.000952045   0.0128883   0.00231111   -0.00575019   -0.00486501   -0.000139282   0.00485601   0.00581256   0.000374042   -0.00206318   0.00130542   0.000800304   0.00274243   -0.0201524   -0.0177008   0.00834118   0.00203139   -0.00661252   -0.00401638   -0.00385136   -0.0444866   -0.0120413   -0.0132761   
-0.0537908   -0.0366671   -0.00098657   0.0305622   0.00943741   -0.00369223   0.0172199   -0.0189325   0.00963617   -0.0019463   0.0168923   0.00741058   -0.0024755   -0.0277734   0.00623665   0.000505142   0.0063362   0.00940932   -0.000472195   -0.0205986   -0.000798172   0.0290275   0.00923785   0.00194136   -0.00568841   0.00277949   0.00345136   0.0137722   0.00336286   -0.00116041   0.00111333   -0.0080306   0.00200435   0.000390881   0.00759859   0.0194771   0.00678849   -0.00340559   0.00122486   -0.00651104   -0.000141749   -0.00150895   0.00281698   0.00729402   0.0180835   -0.0320054   0.00409949   -0.0353482   -0.00403352   0.032342   0.0178342   0.0135175   -0.00183335   -0.00348523   -0.007717   -0.00240988   0.0213692   0.000754165   0.00661393   -0.00732444   -0.00685055   -0.00851342   -0.033585   0.00627922   0.0223587   0.00760571   -0.00349802   -0.00140323   -0.0048631   0.00696556   0.0134177   -0.00341825   -0.0104061   -0.00420471   -0.0148453   -0.00147902   0.0323628   0.0279972   0.0501858   0.000716349   0.00273546   0.0120588   0.00307624   0.00073351   -0.0062471   0.0105994   -0.018454   -0.00244547   0.00102406   -0.0159539   0.0165937   -0.0105635   0.00736274   -0.0127639   0.0155636   0.0134679   0.0095857   -0.00520816   -0.0225444   -0.00506806   0.000892175   0.00632127   0.00140622   0.00904466   -0.00618197   0.000754317   0.00977669   0.00691201   0.0175171   0.0318791   0.00545185   -0.0153591   -0.0107065   0.0058659   -0.000624902   0.0039765   0.0181953   0.00113336   0.00635495   0.0102204   -0.00171139   0.031355   0.00645351   0.0114617   0.0125114   -0.00748592   -0.0120866   0.00655581   0.00294833   0.00803848   0.000671085   0.0115222   0.00184451   -0.0139417   0.000417661   -0.0327586   0.0262673   0.0339172   0.015094   0.0753347   1   0.0064409   0.0177534   0.00992298   0.0102348   -0.00444284   0.00112985   0.00924791   0.00275862   0.000429968   -0.0040524   0.00851351   -0.0486656   -0.0167504   0.0270573   0.0120109   -0.0163382   0.0024371   0.0114836   -0.00307893   0.0143373   -0.00419496   0.00049171   -0.000912207   -0.0269466   0.0230805   0.00733415   0.00312583   -0.0147088   0.00510289   0.0033601   -0.00446498   0.0053855   0.0115044   -0.00917569   -0.00894531   -0.000374815   -0.00721061   -0.0188907   -0.00286079   0.00256965   0.00185879   0.00186911   -0.00137338   0.00073964   0.00204616   0.00766454   0.0027035   0.00347765   0.00650495   -0.00334369   0.0132048   0.00220661   0.00235839   0.005278   0.00864187   0.0108667   0.0311103   0.0446108   0.00380897   0.088162   -0.0157709   -0.0379788   -0.0848453   -0.00895169   -0.0978801   -0.0692674   -0.191491   0.00901419   0.000253406   -0.00166666   0.00175493   0.0038699   0.00081427   0.00399229   0.0061558   -0.00204794   0.0765143   -0.00124685   -0.00543774   -0.00502129   0.00248732   -0.0282873   0.00401696   0.00648977   -0.0259359   -0.00338218   -3.44718e-05   -0.00265258   0.00213865   -0.0118187   0.0158552   0.00488256   0.0170985   0.00394531   0.0486504   -0.00694258   -0.00681902   -0.00155797   0.042656   -0.0322433   -0.00864302   -0.00502622   -0.000165697   0.0353145   0.030901   -0.00523635   0.0672142   0.0593565   
-0.0527181   -0.0284783   0.00554683   0.0216276   0.0227433   0.0145087   -0.00537722   -0.0124634   0.00345519   0.0176789   0.0129696   0.00589298   0.0170468   -0.024192   0.0227226   0.000537511   0.0077046   0.014317   -0.00507576   -0.0174554   -0.00309163   0.0235552   0.0101085   0.0117609   -0.00441699   0.00982401   -6.03169e-05   0.0209579   0.00679901   -0.00157984   0.0010287   -0.00473564   0.000324334   -0.00186636   0.00627014   0.00496738   0.00447336   0.00447226   -7.65774e-05   -0.00517721   -0.00141397   -0.000550094   0.00498646   0.00780582   0.0103993   -0.0142849   -0.00884324   -0.0423327   -0.0123916   0.0360021   0.0199142   0.0206111   -0.0062572   -0.00706756   -0.00557157   0.00209064   0.00965597   0.00310227   0.0101934   0.00490349   -0.00706836   -0.011172   -0.0184641   0.0109883   0.0253744   0.00890797   -0.00323461   -0.00440066   -0.00524363   0.00281525   0.00793032   -0.00690442   -0.0108534   -0.0041951   -0.0424087   -0.01447   0.0503555   0.0529305   0.0647457   0.0257836   0.0307667   0.0146468   0.00367296   0.00320135   -0.00375202   0.0107765   -0.0131486   0.00995239   0.000917546   -8.02036e-05   0.011702   -0.0106393   -0.0176396   -0.0182154   0.023068   0.0253146   0.0110689   -0.00413975   -0.0130717   -0.00627929   -0.00489194   0.00414113   -0.000338533   0.00833655   -0.00114793   0.015594   0.00724255   0.00407584   0.0408563   0.0316234   0.0129312   -0.00688664   -0.00934193   -0.00146362   -0.00384312   -0.00556306   0.0284712   0.000994824   0.00140618   0.00965127   0.00746749   0.00862885   0.000197874   -0.00252187   0.0220331   0.012212   0.000182723   0.00493572   -0.00103105   0.0123907   -0.00116968   0.00181279   0.00182733   -0.0176799   -2.27578e-05   -0.0142509   0.0316812   0.0548907   0.0618178   1   0.0753347   0.0144331   0.0168678   0.00273534   0.00920047   -0.00287333   -0.00422594   0.00965205   0.00129791   -0.00817148   -0.00506002   -0.0041157   -0.00637358   -0.000390442   0.0404329   0.0221948   -0.00192806   0.00523163   0.00288063   0.0023841   0.00422819   0.00242318   -0.00137309   -0.00190995   -0.0280018   0.0308975   -0.00796388   0.0104556   -0.0142011   0.0144651   0.0156003   0.0137081   -0.000390215   0.00796187   -0.00804894   -0.0103453   -0.0115059   -0.00343947   -0.021383   -0.00112325   0.00259814   0.00104993   0.00224776   -0.00226595   -0.000963061   0.00111434   -0.00554554   0.00189542   -0.000195222   0.00415471   -0.00266937   0.0134535   0.00386879   0.00103301   0.0081808   0.0166961   0.0117307   0.0256948   0.0513594   -0.00214473   0.161314   -0.0352498   -0.0463455   -0.154592   -0.00175754   -0.106144   -0.0879084   -0.0781431   0.0103823   0.000474743   -0.00755933   0.0051308   0.00497504   0.0116129   0.00977172   0.00344862   -0.0118759   0.116308   0.0118898   0.0107938   -0.00142683   0.00330596   -0.01099   0.00873786   0.0106546   -0.0216674   -0.00184786   0.00308913   -0.00310277   -0.00231262   -0.0143133   0.0178655   0.0134895   0.030846   0.0122806   0.0469302   -0.0059278   -0.0047865   0.00216874   0.036786   -0.0603252   -0.0260217   -0.000157303   -0.00281542   0.0172973   0.0484724   -0.0429949   0.0826018   0.0726109   
-0.0158972   0.00391878   0.00682686   -0.00661989   0.0172353   0.0129653   -0.0216775   0.00545439   -0.00963753   0.0205701   -5.09778e-05   0.00362969   0.0134638   0.0243477   0.0181532   -0.000497128   0.00644882   0.00657673   -0.0148559   0.0138514   0.00508652   -0.0145012   0.00903452   -0.00152467   0.0032889   0.00696879   0.0052699   0.0168013   0.00288455   0.000143895   -0.00157678   0.00938801   0.00976195   0.0139394   -0.000450993   -0.00521825   1.55373e-05   0.00210267   -0.00413311   0.00043269   -0.00135269   -0.00360912   0.0107406   0.000457647   -0.0203912   0.0095541   -0.0329002   -0.0104367   -0.00435345   -0.00158225   0.00504418   -0.00632899   -0.00696584   -0.00642562   0.00578981   0.00535169   -0.00606238   0.00851301   0.00124309   0.00166639   -0.00277951   -0.0111417   0.0138784   0.0089696   -0.000838445   0.0104661   -0.000239573   0.000755985   -0.000203045   -0.00888299   -0.00793101   -0.00698657   0.00925052   -0.00422635   -0.0645804   -0.0283373   0.0620838   0.0815782   0.0654971   0.0649124   0.0408856   0.00738974   0.00032545   0.00222035   0.00779345   0.00472722   -0.0120309   0.0194474   0.00204837   0.0245681   -0.00881951   -0.0288054   -0.0212647   0.0080934   0.00610806   0.013244   -0.00316607   -0.00373909   0.0116734   0.000244052   -0.00526846   -0.00697119   0.00418915   0.000911856   0.0211589   0.0216778   0.00260985   0.0269627   0.0293297   -0.00663788   0.0255979   0.0131329   0.00770184   -0.00679475   -0.00291803   -0.0150235   0.0193589   0.000293492   -0.00633396   -0.00379546   0.0130754   -0.0187899   -0.00422967   -0.00597177   0.00748033   0.0308003   0.0243998   0.00432832   -0.000457623   0.00298752   0.00501179   -0.00796663   0.00059231   0.00959293   0.0124447   0.0292782   0.0468894   0.0747153   1   0.0618178   0.015094   0.0226734   0.0170067   0.00323851   0.0110878   0.0128273   -0.00795612   0.0176286   0.0043682   -0.0080493   0.0167716   0.0132978   0.0358894   0.0387003   0.0217677   0.0127043   0.0194419   0.000645247   -0.00651896   -0.000871111   -0.0104598   -0.0206471   0.000794266   0.000708477   0.00609641   -0.0071913   -0.0217277   0.0136433   -0.00761577   0.0228474   0.0321692   0.0229769   0.00333118   -0.0139894   0.000598538   -0.00899628   -0.00988812   0.0101016   0.0108266   0.00223714   -0.00277103   -0.00337124   -0.00263137   0.00458391   0.000631824   -0.00303826   -0.0103315   -0.00521098   0.00267676   -0.00377966   0.00565592   0.000838639   0.00266336   0.000747162   0.00251963   0.00988384   0.00380212   -0.0145573   0.0166631   -0.0183011   0.158338   -0.0503715   -0.0173184   -0.131728   0.0181345   0.0857945   0.0610476   0.113115   0.0270703   0.00119357   -0.0189725   0.0127037   0.00535116   -0.0224347   0.00827704   -0.00163917   0.00570406   0.0685255   0.0163106   0.0152497   0.00382309   0.000792812   0.00984928   0.00656638   0.00349164   0.00463464   0.000498865   0.00909165   -0.00289299   -0.0031404   -0.011758   0.0230644   0.0095486   0.0251749   0.0117324   -0.031328   -0.000959499   -0.000995926   0.00717806   0.00741504   -0.0607211   -0.0201171   0.0135474   -0.00552693   -0.00099448   0.0546007   -0.083896   0.0447154   0.0349643   
0.00224994   -0.00793362   -0.00249428   -0.000168273   -0.00638049   -0.00184793   0.0147325   0.00621132   -0.00244004   -0.0129325   -0.00227139   -0.000404731   -0.00982929   -0.00857968   -0.0101923   0.000115991   0.000535826   -0.00258876   0.00104275   -0.00014192   0.00359685   -0.00274389   -0.00396075   -0.00343288   -0.000821457   0.00211944   0.00339631   -0.00677232   -0.00251403   -1.63898e-05   0.000122996   -0.00648483   -0.00410333   -0.00161671   0.00350719   0.00083529   0.00182358   -0.00239323   0.0025918   0.000360917   0.00133531   0.00173144   -0.0013627   -0.00114474   -0.00162955   -0.0152091   -0.0284901   -0.0217559   -0.0070436   -0.00849847   0.000537443   -0.00198894   -0.00517416   -0.00421848   -0.00579144   -0.0060184   0.0012768   -0.00575847   0.00340795   -0.0104093   -0.00939994   -0.00330213   -0.00535584   -0.00844708   -0.00258907   -0.00366336   -0.00153279   -0.00101333   -0.000388169   -0.00134542   -0.00197935   -0.00160975   -0.00449026   0.000581207   -0.0340103   0.00812751   0.0870236   0.111925   0.0812855   0.0442391   0.0181662   0.00830263   0.00459978   0.00603843   0.00454828   0.00605476   -0.0242648   0.0101602   0.00268641   -0.00476416   -0.00788471   -0.0100311   -0.00485986   -0.0018015   -0.00980812   -0.00651057   0.00158228   -0.00410167   -0.00516782   -0.00175261   -0.00204713   0.00494111   3.6978e-05   0.00343903   0.0199058   0.0350819   0.0461334   0.0415689   0.0154564   0.0199403   0.00575333   -0.000883496   -0.000373529   -0.00142471   -0.00295383   -0.00228867   -0.00859781   -0.00112148   -0.00167329   0.00678307   0.00687463   0.0225332   0.0190283   0.0149061   -0.000940389   -0.00768577   -0.0043773   0.00600602   0.000542448   -0.00553903   -0.00420571   -0.00225463   -0.00460703   -0.00137911   0.00185415   0.044277   0.104493   1   0.0747153   0.0548907   0.0339172   0.0190585   0.00773905   0.00932509   0.00751973   0.00803435   0.00685304   0.0113762   0.00422235   0.000215151   0.00976431   0.0286898   0.0144154   0.0141287   0.0113357   0.00490417   0.000750127   0.010861   0.00137101   -0.00209029   -0.00201932   0.0028073   -0.000805448   -0.000886485   -0.00101687   -0.00229185   0.00554922   -0.0082873   0.00250054   0.00444652   0.0116138   -0.00450363   -0.00151177   0.000519272   -0.00107744   0.00134839   -0.000780033   -0.00347816   -0.00485443   -0.000360029   0.000363881   -8.04723e-05   -1.97157e-05   -0.000283001   -0.000779379   0.00103095   -0.0034064   0.00370069   -0.00223401   -0.0066587   0.000714316   0.00551888   -0.00153435   0.000421306   0.00387685   0.00125879   0.00298682   -0.00652106   0.0366277   -0.00182523   0.146942   -0.0120656   -0.0117665   0.0501573   -0.000570898   -0.0204644   0.0476045   -0.0248195   0.00653553   0.00279721   0.00371581   0.011431   0.0102163   -0.00629059   0.0105368   -0.00029678   -0.00430618   0.0182478   0.0278107   0.0188956   -0.00117144   -0.0105428   0.0194602   -0.00238747   -0.0030542   0.000913549   -0.00171531   0.00985268   -0.0107577   -0.000895325   -0.0202255   0.029618   -0.00336264   -0.0109131   -0.00493043   -0.00476028   0.000507212   -0.00727099   0.0102501   0.00322236   -0.136872   -0.00178467   -0.00652697   -0.0327508   -0.00365293   -0.00557598   -0.139892   0.00425854   -0.00164643   
0.00930812   0.000457483   -0.00358009   0.0036321   -0.0105853   -0.008916   0.0217773   0.00133166   0.000253959   -0.0187729   -0.000632753   0.00079937   -0.0161554   -0.00804479   -0.013807   7.80999e-05   -0.00100593   -0.0045141   0.00326205   9.79473e-05   0.00616391   0.000572015   -0.00304676   -0.00667021   -0.00139256   -0.00232277   0.00438353   -0.00881123   -0.00439243   6.05996e-05   -4.74201e-05   -0.00671159   -0.00182034   0.000974384   0.00376804   0.00660469   0.00339911   -0.00249639   0.00373806   3.00517e-05   0.00176707   0.000784335   -0.00352279   -0.00167599   -0.00864661   -0.0288768   -0.0244339   -0.0209924   -0.012785   -0.0197422   -0.00552808   -0.00506884   -0.00326428   -0.00405607   -0.00837725   -0.011163   -0.000347714   -0.00544054   0.00267091   -0.0178039   -0.0105931   -0.0031948   -0.0120906   -0.0122565   -0.00533544   -0.00418814   -0.000644912   -0.00131131   -0.00219226   -0.00221669   -0.00355855   -0.00498197   -0.00298531   0.000609275   0.0273148   0.0584992   0.0891847   0.0877624   0.057785   0.0226583   0.00168152   0.00546079   0.00559784   0.00372409   0.00120493   0.00498474   -0.00186268   0.00350893   0.00214369   -0.0130463   -0.0101712   -0.00811461   0.00727045   -0.00128704   -0.0181715   -0.01515   -0.000676474   -0.00522463   -0.00901205   -0.00304935   -0.00105597   0.00810092   -0.000525825   -0.00121815   0.0249257   0.0495536   0.0684715   0.0554588   0.00909964   0.0186837   0.00116029   -0.00425386   -0.0012429   -0.000514262   -0.00394301   -0.003311   -0.0159687   -0.00117736   -0.00122291   0.00943763   0.00916974   0.0377442   0.0268151   0.0234126   -0.00177902   -0.0134889   -0.00829186   0.00737052   0.001582   -0.00758439   -0.00504805   0.000608509   -0.00534715   0.000790037   0.0434793   0.0818629   1   0.104493   0.0468894   0.0316812   0.0262673   0.013859   0.00662277   0.00945393   0.00488222   0.00590472   0.0280532   0.00870702   0.00324046   0.00339066   0.0136075   0.0380895   0.00230451   0.00916507   0.00651879   0.00106855   -0.00403942   0.0127539   0.00491194   -0.0037648   0.000762477   -0.00181859   -0.000147403   -0.000657397   0.0119399   0.00194654   0.0136642   -0.00904817   0.000510052   -0.0165891   -0.019396   -0.0168117   -0.00260301   0.000805705   -0.000762351   0.0057998   0.0147345   -0.00307997   0.00625483   -0.000123234   0.000990427   0.00037877   -0.000865506   -0.000289272   -0.0011355   0.00031374   0.00126933   0.00486158   -0.000425175   -0.00768344   0.00115282   0.00965957   -0.00746507   0.00171785   0.00437677   -9.93729e-05   0.00360681   -0.0181387   0.0463181   0.000930315   0.0294843   0.00129479   0.00251493   0.0761236   -0.00691306   -0.0127105   0.0505155   -0.0622382   -0.0101742   0.00299855   0.0194693   0.00540342   0.00988336   0.014007   0.00817457   0.00122032   -0.00985524   -0.0317515   0.0436683   0.019558   -0.00108048   -0.0243932   0.0209219   -0.00385256   -0.00276045   0.00216879   -0.0033703   0.0120557   -0.0113099   0.00953415   -0.0141914   0.0353387   -0.00622333   -0.0141795   -0.00482052   -0.00392707   0.000804288   -0.0107018   0.0116971   0.00517745   -0.152517   -0.0350059   -0.0189213   -0.0269762   0.00593631   -0.0159754   -0.10928   -0.00728144   -0.0153996   
0.0324083   0.0367592   0.00249287   -0.0259669   -0.00849996   0.0099487   -0.0192589   0.0111165   -0.00381599   -0.0048221   -0.0135009   -0.00679583   0.0104045   0.0218434   -0.00704609   -0.000370596   -0.00694669   -0.0115656   0.00793134   0.0128812   -0.000805752   -0.0199898   -0.00615904   0.00207554   0.00282806   -0.00174336   -0.010418   -0.0132313   0.00186231   0.000615619   0.00192096   0.0147887   0.00283962   -0.00302384   -0.00581293   -0.0207594   -0.0123696   0.00813211   -0.00335464   0.00402918   -0.00272622   -0.00178347   -0.00357491   -0.00544896   -0.0213086   0.00115447   -0.0295779   -0.00473737   -0.0135077   -0.0190949   -0.0225806   -0.0104519   -0.004257   -0.00550827   -0.004868   -0.0135688   -0.03763   -0.000800907   0.00653129   0.00216938   -0.00241691   -0.00600757   0.0165647   -0.00418323   -0.0186097   -0.00815952   0.00389815   -0.00502984   -0.00261527   -0.00899321   -0.0183357   -0.01124   0.00851882   0.0019811   0.0944825   0.10006   0.0457385   0.0252138   -0.0120832   0.014928   0.00789636   -0.00673829   0.00470983   0.00059136   0.00263967   -0.0110194   0.0600966   0.000848406   -0.00055795   0.0128908   -0.0211182   0.00210456   -0.0245966   0.000496509   0.00953952   0.00136733   -0.00850965   0.00110288   0.0129332   -0.00207446   -0.00447027   0.00240637   -0.00320582   -0.00945072   0.0321076   0.0629933   0.0501252   0.0243608   0.0275567   0.00178514   0.00405722   0.0118912   0.0156014   -0.000968299   0.000491653   -0.00705543   -0.0123805   0.00186092   -0.00379484   0.00331629   0.0220667   -0.00444203   0.0114873   -0.00174353   0.00762605   0.0134041   0.00790527   0.00424378   0.00241226   0.00115843   -0.00114195   -0.00431337   0.0030005   0.0119569   0.0906586   1   0.0818629   0.044277   0.0292782   -0.0142509   -0.0327586   0.00762566   -0.000640519   0.00437713   0.00234932   0.0190402   0.0524613   0.00273157   0.000931338   -0.00140025   0.0104909   0.00657564   0.0743401   0.028247   -0.0020484   -0.00635212   0.0112588   0.0109269   -0.00880423   0.00754875   -0.012423   -0.00605379   -0.00117894   0.000545702   0.0374321   -0.00434401   -0.00643479   -0.00243024   0.00596957   -0.0221819   -0.0258868   0.00833598   -0.00504148   -0.0130053   0.00286122   0.00166214   0.0143749   0.00685337   0.0270429   0.00225653   -0.00216128   -0.00270526   -0.00210277   0.00423455   0.000270318   -0.000108364   -0.00509796   -0.00172883   -0.00221125   0.00143715   0.00564   -0.000532334   -0.0160129   -0.00093917   -0.000436004   -0.00687731   -0.0129286   -0.0466177   0.020189   -0.000936893   -0.169408   -0.0271253   0.0267695   0.057514   0.0051232   0.0705494   -0.0537176   0.165702   0.00970153   0.00263514   0.0234651   0.0017206   0.00681665   0.0124707   0.00204943   -0.000234849   -0.00718172   -0.00678981   0.0650073   -0.00317881   0.00506362   -0.0362312   0.0289286   -0.00393848   -0.00146845   0.0212613   -0.00240989   0.0158745   -0.00734919   0.00591734   0.00616966   0.0222709   -0.00532067   -0.0149115   0.000407696   -0.0189559   0.00597289   -0.00776985   0.0133337   -0.0194188   -0.0957118   -0.0906551   -0.0120754   -0.0172546   -0.00854261   -0.0180947   -0.0235377   -0.0171998   -0.0316615   
-0.0196859   0.00591506   0.00513103   0.0125126   0.0161433   -0.000614164   -0.00831841   -0.0187049   -0.00360232   0.0171911   0.0108451   0.00905098   0.00532548   0.0207586   0.016226   -0.000463672   0.00473185   0.00363032   -0.00911405   0.00867688   0.0118501   0.00539866   0.0185206   -0.0047796   0.000713032   -0.0060758   0.0066   0.02134   -0.000349602   -0.000234032   -0.00112069   0.0123515   0.0223291   0.0249353   0.00145029   0.0136964   0.00293407   0.00506356   -0.00513274   -0.00422156   -0.00248127   -0.00764682   0.0083562   0.00314211   -0.031755   -0.0245408   -0.0108782   -0.00877281   -0.00969287   -0.00409838   0.0025388   -0.0062292   -0.000786056   -0.00661366   -0.000285116   -0.00445735   -0.00493135   0.0137238   -0.000336821   -0.0120963   -0.00335435   -0.0129675   -0.00835088   0.0102311   0.00398282   0.0157188   0.000657489   -0.00143882   -0.0075142   -0.0100842   -0.0088749   -0.0167187   0.0114315   -0.00362186   0.120354   0.101285   0.026646   -0.0426558   -0.0275057   -0.0163851   -0.00752837   -0.00135626   0.000297161   -0.00786619   -0.00734365   0.00250829   0.0646665   -0.00263552   -0.000930422   0.00424397   -0.00868691   -0.0292448   0.00892251   0.00894409   0.00318966   0.00596884   -0.00379061   -0.00695953   -0.00308425   -0.00537356   -0.00431407   0.00144031   0.00466065   -0.00632852   0.0228808   0.0258894   0.0204761   0.0352349   0.0165744   -0.0115681   0.0159375   0.000516579   0.00530293   0.00169872   0.00131582   -0.00228408   0.0362197   0.000177077   -0.00647881   0.00373105   0.0142403   0.0091364   0.00202135   0.00591761   0.0088946   0.0199326   0.0132734   0.0121887   0.00578231   0.00790687   0.0115527   0.00705961   -0.00136474   0.00838245   1   0.0906586   0.0434793   0.00185415   0.0124447   -2.27578e-05   0.000417661   -0.000280123   0.021412   0.00884681   0.0147763   0.0172196   0.0625633   0.00709178   0.00206683   0.00817734   0.0227174   0.0212119   -0.013539   0.0172925   0.018413   0.00751048   0.00336449   0.00671497   0.00571729   -0.00126852   0.0076239   -0.0193722   0.00109158   -7.22007e-05   0.014024   0.00560915   -0.00789697   0.021957   -0.0144361   -0.00604417   -0.0195622   0.0010997   -0.000980612   -0.0110558   -0.00218954   -0.00621753   0.0123301   0.00946441   0.0230284   0.0016356   -0.00131986   -0.00168989   -0.00316515   0.00410033   0.000201269   0.000561641   -0.00974732   -0.00472786   0.000513674   0.00498843   0.00407383   0.00541271   -0.00452769   0.00518751   0.00413881   0.00908742   0.00604924   -0.0266398   0.0108598   -0.0125676   -0.220485   -0.0141427   0.00967713   -0.152377   0.00290765   0.07884   0.0272272   -0.016133   0.0301101   0.000270648   0.00947194   -0.000185728   0.00133032   0.0106468   -0.00315167   0.00143035   -0.00277092   -0.00471162   0.0442768   -0.0298933   0.00280337   -0.0293503   0.0477313   0.00586334   0.0104511   -0.0046222   -0.00487165   -0.00495154   0.00114883   -0.00251194   0.0158374   0.048599   0.00617531   0.0313325   0.0205722   -0.0124824   -0.00406237   -0.00888611   0.00868525   0.0238724   -0.0232917   -0.0572751   0.00281293   0.00179032   0.00726604   0.0493473   0.0870023   0.0407452   0.0272772   
0.0303188   0.0475338   0.000266842   -0.00275431   -0.0073434   -0.00966914   0.00157571   0.00648934   0.0135432   -0.00949763   0.00287844   0.00365022   -0.00574995   0.0346678   -0.00681201   -0.000741699   0.000839761   -0.00238909   -0.00400475   0.010415   -0.00105423   -0.013106   0.0037164   -0.015254   0.00235932   -0.00148208   0.00194181   0.0045124   0.00333398   0.00130305   -0.00114515   0.0106281   0.00669507   0.0060229   -0.00495422   0.00724462   -0.00447233   -0.00963691   0.000936562   0.00306255   0.00150098   -0.00671292   0.00876348   -0.00413809   -0.00631818   -0.00934451   -0.00515457   0.00525189   -0.000916009   -0.0133963   -0.0155509   -0.0263515   0.0020691   0.00128797   0.00357649   -0.0031287   -0.00231834   0.00408259   0.00290195   -0.00964325   0.00594317   0.00728318   0.0172325   0.0202681   -0.0065237   0.00812726   0.00417173   0.00754312   0.00241804   0.0020425   0.000295383   -0.00299053   0.0268914   0.00565255   -0.0050515   -0.00188259   -0.00678819   0.00175062   0.00260631   0.0131846   -0.00969138   -0.00392299   0.000726495   -0.00286709   0.00513822   -0.00700637   -0.00385969   -0.0084225   0.00048534   0.00484762   -0.00266593   -0.0204995   0.00203343   0.0091363   0.0066736   -0.00163578   -0.0122106   -0.000391663   0.00542585   0.00345708   0.0076714   -0.00584572   0.00682177   0.00551476   0.0127192   0.00324834   0.000779589   0.0112377   -0.00409048   -0.00936453   0.00925575   0.0033335   0.0119731   0.00381105   0.000989653   -0.00320519   7.18494e-05   0.00299121   0.000532632   -0.00792159   0.00255865   0.00954745   0.00636047   0.0132601   0.00383695   0.00939978   0.00787439   0.00358343   0.00589498   0.000137753   0.00542281   0.00645486   0.00766773   1   0.00838245   0.0119569   0.000790037   -0.00137911   0.00959293   -0.0176799   -0.0139417   0.0128702   0.00601427   0.00467162   0.000312943   0.00250233   -0.00893185   0.0113141   0.00307198   0.0129555   0.0165998   0.0166818   -0.00713078   0.0131103   -0.0104782   -0.0124026   -0.00429129   -0.0070637   0.00175171   -0.00580343   -0.000481645   -0.0333322   0.00374262   0.00311358   0.0116702   -0.0291928   -0.00318128   0.00575628   0.00296221   0.00217203   -0.00112833   0.00522405   0.00624455   -0.0100527   0.00421315   -0.00318203   0.00660236   0.00686582   0.0424571   0.00142057   -0.00485392   -0.00388612   -0.00474269   0.00786078   -6.28972e-06   0.000723223   0.00830894   -0.00461224   0.0036715   0.00312408   -0.0783299   -0.00456762   0.000958685   0.00323197   0.00261851   0.00768891   0.0070743   -0.0150719   -0.010901   0.0370145   -0.0400172   -0.0294062   0.0172751   0.00278892   0.0143211   0.142038   -0.0122285   0.0099542   -0.00273907   -0.000760942   -0.0153104   0.000706576   -0.00443529   -0.0371586   -0.00298526   -0.00848533   0.00266946   -0.00974553   -0.00110921   0.0040763   0.00352574   0.00678487   -0.0368036   0.00082977   -0.00558318   0.0172706   -0.00133856   0.0122778   0.00470863   -0.0028115   0.00649427   -0.00166393   9.26577e-05   0.00189746   -0.0064103   -0.0232486   0.00321519   -0.000607595   0.00172357   -0.0284229   0.0102418   0.00378881   0.01083   -0.00297928   -0.00634457   -0.0462473   0.000464386   -0.0169108   -0.0222849   
-0.00414821   -0.00189722   -0.000610998   -0.002902   -0.000606373   0.000972311   -0.00448721   0.000836316   0.00220128   5.03824e-05   -0.000998414   -0.000932989   0.00224416   0.00309383   -0.00035229   -4.60691e-05   -0.000444355   -0.00071658   0.000651065   -0.000779891   -0.00301771   -0.00211725   -0.000609813   0.000509689   6.60314e-05   0.000276767   -0.00268449   -0.000236069   0.00188434   0.000117467   0.000500419   0.00244466   -0.000186576   -0.00252943   -0.000756755   -0.00239966   -0.00268926   -9.32969e-05   -0.00183523   0.000155475   -0.000525785   -0.000607127   0.000318072   0.000400456   0.000520208   0.000710366   -0.000523404   -0.0028307   -0.00455577   -0.00176227   -0.00512213   -0.00180438   -0.00105803   -0.00112933   -0.000948627   -0.00251386   -0.00452358   0.000166371   -0.000576721   0.000106498   0.00189524   0.00672231   0.0117496   0.00985837   0.00338698   0.00199735   0.00205426   0.00176719   0.00135649   0.00175201   0.00103988   -0.00162054   0.00336639   0.00113738   -0.000713163   0.000638375   -0.00222287   -0.000990473   -0.00190537   0.00177066   0.0013658   -0.00044782   0.000787147   0.000132588   0.000777375   -0.00236952   0.00123844   -0.000702912   3.46708e-05   0.00263394   0.00105612   0.00258493   -0.00256372   -0.00167091   0.00430645   0.00163194   -0.00140341   0.000152386   0.00098132   -0.000299085   -0.000330311   -0.000585695   -0.000479161   -0.00142301   0.00101756   0.00189398   -0.00157637   -0.00528377   0.00357802   0.00182628   0.00498514   0.00646851   0.011836   0.00831103   0.00677963   0.00406212   0.00041369   0.00478156   0.013753   0.00436944   0.00631826   0.00268939   0.00504151   0.00474955   0.00976832   0.0107394   0.00919465   0.00703529   0.00960305   0.0100728   0.00979593   0.0095801   1   0.00766773   -0.00136474   0.0030005   -0.00534715   -0.00460703   0.00059231   0.00182733   0.00184451   0.00476513   0.012743   0.00792585   0.0058786   0.00425631   -0.000490671   0.00992026   0.00423906   -0.00136849   -0.00125602   -0.00404895   0.00562309   0.00123975   -0.000746514   0.000219089   0.00210472   -0.00106252   0.00147224   0.00195199   8.50426e-05   -0.0050202   0.00318186   0.00354556   0.00152028   0.000301117   0.000212295   0.0031756   0.00130027   -0.00179788   -0.00393429   0.00207185   0.00128831   -0.00142907   -0.000992853   -0.00432398   -0.00237933   0.00101345   0.00249185   -0.00209673   -0.00105121   -2.99162e-05   0.000589949   0.00151452   8.39069e-06   0.000441563   -0.000750187   -0.00150782   -0.00556914   0.0120683   0.000759003   -0.000137875   -0.00831056   -0.00118092   -0.00237025   -0.00381844   -0.00388268   -0.00380805   0.00299771   0.0225644   -0.0042273   -0.00832251   0.00260894   -0.00336461   -0.00056835   0.0102941   -0.0277876   0.0154698   0.00245349   -7.55042e-05   -0.00112479   0.00134276   -3.76558e-05   0.00318936   -0.00156465   0.0018301   -0.000375684   -0.00165794   0.00030477   -0.00294364   -0.00117075   -0.000325354   -0.0956787   -0.000202021   -0.0012812   -0.00262976   -0.00265413   0.0173903   5.16052e-05   0.00108129   0.00258516   -0.00460133   -0.000227333   -0.00104059   -0.00215242   -0.000231026   -0.000476206   -0.00407883   -0.00205296   0.00247405   0.0102423   -0.0041345   0.0067219   0.00263372   0.00404968   -0.0171752   0.0105318   0.0119994   0.00665934   
-0.0143894   -0.0122794   -0.00292628   0.00448286   -0.00354073   -0.00722334   0.00495927   -0.00490759   0.00542911   -0.00737435   0.0027422   0.000923719   -0.00626422   0.000139053   -0.00343508   -3.92421e-05   0.000221262   0.000526338   0.000407043   -0.00262755   -0.00219392   0.0034061   0.000423247   -0.00407312   -0.00112208   -0.00127966   0.000278828   -0.000516026   0.00104935   0.000147258   0.000423248   0.000995255   0.00206176   0.00127093   0.000630407   0.00635352   0.00147415   -0.0042213   -0.00161067   -0.00144789   -0.000136415   -0.001606   0.000166533   0.00120268   0.00147784   -0.0141512   2.20602e-05   -0.00503239   -0.000516359   0.00196656   -0.00204682   -0.00478347   0.000327741   -0.00059524   -0.00306982   -0.00564466   0.0015645   -0.00127183   -0.00200461   0.0130146   0.0237165   0.0223663   0.0104989   0.0140134   0.007671   0.00456671   0.00237097   0.00328219   0.00100234   0.00420592   0.00554724   0.0112775   0.00344284   0.0013327   -0.00330218   -0.00383294   -0.00770597   -0.00453095   0.00211617   -0.00394992   -0.00775719   0.000191733   0.00217595   -0.000714938   -0.000734393   -0.00273281   -0.0103974   -0.00532398   0.000179013   -0.00449699   0.00183713   -0.00407434   0.00582118   0.000880413   0.00482413   0.000799668   -0.000799418   -0.00147666   -0.00556563   -0.00122568   0.00157823   0.00202135   0.000777464   -0.000326797   0.00669976   -0.00252101   -0.000849525   -0.00232748   -0.00431121   0.00548759   0.00194774   -0.000894738   0.0124654   0.0158324   0.0132007   0.0202389   0.0162327   0.00310695   0.0105173   0.0175713   0.0170777   0.029805   0.0174077   0.0164182   0.00854464   0.00173086   0.00227787   0.0157155   0.0170394   0.0151539   0.0193904   1   0.0095801   0.00645486   0.00705961   -0.00431337   0.000608509   -0.00225463   -0.00796663   0.00181279   0.0115222   0.0033679   0.0232848   0.0239326   0.0222705   0.0234838   0.0209319   0.0115007   0.00760005   0.0101592   0.00365044   0.00362445   -0.0176444   -0.00603991   -0.002711   -0.00227748   -0.0062622   0.00687109   0.0096275   0.0036788   0.0130953   0.00131224   0.00186237   0.00190897   0.00273922   0.00286032   0.0101215   0.00211441   -0.00104444   -0.00268057   -0.00297741   -0.00373305   -0.000654202   -0.00178638   -0.0039269   -0.00564031   0.00473593   -0.00234658   0.000103526   -0.00261691   -0.00113869   -8.28966e-05   -0.000219309   0.000327522   0.000184451   -0.000876144   -0.00218947   -0.000851732   0.00135242   0.0132958   0.000207575   -0.000762964   -0.00557304   6.75355e-05   -0.00389188   -0.00679554   -0.00347538   -0.00070028   -0.00907759   -0.00502043   -0.00570008   -0.00173986   0.0031315   0.0118272   -0.00223377   0.00914955   -0.0225827   -0.05006   -0.0172959   -0.000422754   0.000200979   0.00219863   -0.000643793   -0.00826057   -0.00363935   0.00255291   0.00284363   0.00255001   -0.0042749   -0.0616168   -0.00322274   0.00389927   -0.0310626   -0.00130408   -0.00191056   -0.00798914   -0.00670352   0.0051807   0.000830257   0.00744452   0.0100513   0.0271684   -0.00279258   -0.00253472   -0.00413446   0.00392276   -0.00212509   -0.00895613   0.00212432   0.0102996   0.0236598   0.00102391   0.00943847   0.00825589   0.00368552   -0.0190169   0.0254937   0.0207452   0.015217   
-0.0153449   -0.0159131   -0.00118332   -0.00107426   0.00324285   -0.000242082   -0.00346666   -0.00291818   -0.00437536   0.0043322   -0.000816929   2.88311e-05   -0.00101838   0.00116488   0.00389492   -3.08099e-05   0.000509271   0.00154152   -0.00315552   0.00161957   0.000644241   -0.00115207   0.00122309   1.58688e-05   0.000366942   -0.00101612   0.00106336   0.00231499   -0.000934875   -9.96256e-06   -0.000228034   0.000936244   0.00276998   0.00357683   0.000848448   0.000637864   0.00219458   0.000779936   -0.00345965   -0.00134245   -0.000578118   -0.000189996   0.0018485   0.00167881   -0.00612753   0.000351066   -0.0031441   0.00133726   -0.000221946   -0.00287973   0.0015816   0.000363392   -0.00145656   -0.00141235   0.000399536   -0.000693044   -0.000699545   0.000918659   -0.00170699   0.00068293   0.0049715   0.0128617   0.0180567   0.01158   0.00755763   0.00524514   0.0021888   0.00285357   0.00232079   0.00037173   0.00154644   0.00119787   0.00277734   0.00109956   -0.00650738   -0.00833945   -0.00469598   -0.00614084   -0.0041872   0.000184825   0.00173303   0.000154705   -0.000438044   -0.00035425   0.000319801   0.000425562   -0.00360085   0.00252595   0.000163614   0.003488   -0.000881571   -0.00130506   0.00262827   0.0034224   -0.00339754   -0.000177981   0.000383964   -0.00170066   0.00046879   -0.000673676   -0.00250017   -0.00059207   0.000259285   -0.00133265   0.00332883   -0.00680195   -0.0106267   -0.0048127   -0.00534262   -0.00560166   0.00449371   0.00547491   0.0185501   0.0148257   0.0136038   0.0153066   0.0136393   0.00275369   0.0104264   0.0116495   0.00938857   0.00412455   0.00650529   0.00689354   0.00647091   0.0109895   0.0132678   0.0252219   0.0206716   0.0189176   1   0.0193904   0.00979593   0.00542281   0.0115527   -0.00114195   -0.00504805   -0.00420571   0.00501179   -0.00116968   0.000671085   0.00403446   0.0217294   0.0186216   0.0217842   0.0269156   0.0245288   0.0115012   0.00836731   -0.00125735   -0.000125038   -0.0037832   -0.00446968   -0.000357641   -0.000684161   0.00283495   0.00439109   0.0155732   0.00583598   0.00506127   0.00705045   0.00226681   0.0010032   0.00172805   0.0045099   0.00517388   0.00277121   0.00410087   -0.00168939   0.000281527   0.00183046   0.00108602   -0.000199166   -0.00371456   -0.00318287   -0.00498988   -0.000881238   0.000759285   0.000146537   -0.00285556   -0.000888869   0.000215603   0.00058654   -1.58858e-05   8.81465e-05   0.000815782   -0.00363851   -0.000234697   -0.000256146   0.0181271   0.000293532   0.00118677   -0.00858216   -0.00132759   -0.00481067   -0.00701363   -0.00524517   -0.0051313   -0.010036   0.0172302   0.00750124   0.00242729   0.000764359   -0.0175265   0.000702758   0.00662461   0.0278214   0.00999533   -0.0107701   -0.000433975   -0.00393916   0.0026354   -0.000697097   0.00366464   -0.00286059   0.00399496   0.00210515   -0.0056054   -0.00608671   -0.0496784   -0.00256007   0.00217466   -0.0296936   8.57908e-05   -0.00011829   -0.00872229   -0.00447757   -0.00180909   0.00135214   0.00147369   0.00473303   0.055184   -0.00018821   0.00276972   0.00122501   -0.00885272   -0.00266963   -0.00631118   0.00142747   0.0113174   0.0337968   -0.000920267   0.0102862   0.00841639   0.00748969   -0.00957549   0.0203132   0.0188982   0.0159453   
-0.00554341   -0.00186977   0.00256137   0.00127718   0.00693404   0.00639448   -0.00803775   -0.0016071   -0.000236016   0.00901449   0.000968615   0.00019718   0.00855485   -0.00480172   0.00950544   0.000169712   0.00077973   0.00436666   -0.00165318   -0.00394347   -0.00333253   0.0036339   0.000684042   0.00576882   -0.000493835   0.00297336   -0.00235704   0.00529566   0.00219304   -0.000400296   0.000208094   -0.00130537   -0.00286176   -0.00400302   -2.94186e-06   -0.00376805   0.000499779   0.00334981   0.000101167   -0.000226326   -0.000124589   0.000881071   0.000375609   0.00158266   -0.00139473   0.00216173   5.4037e-05   -0.00765785   -0.0087583   0.00192248   7.39526e-05   0.00628072   -0.00164996   -0.00153434   -0.00083489   0.000811942   -0.00308383   0.000218783   0.000204252   0.00480296   0.00353797   0.0116868   0.0169051   0.0135285   0.0116898   0.00400426   0.00180616   0.000374201   0.000727997   0.00200023   0.00229142   -0.00140524   0.000169499   0.00177506   -0.00537723   -0.00429542   -0.00421761   -0.00817863   -0.00545076   -0.00243903   0.00634007   0.00119721   0.00101312   0.000625607   -0.00125455   -4.38284e-05   0.00184082   0.00243656   -0.000506876   0.00271712   0.0022273   0.00505946   -0.00714359   -0.00732795   0.0016966   0.00389472   0.00167795   0.000235799   0.000179713   -0.0017614   -0.00221332   0.000962073   -0.00200982   -0.00145867   -0.00124865   0.000173811   -0.00715101   -0.0117818   0.0047495   0.00109842   0.00183128   0.00367042   0.0167972   0.0122028   0.00968819   0.00960282   0.0119193   0.00306906   0.00891623   0.0112969   0.00964763   0.000676701   0.00455644   0.00192852   0.0133527   0.0131929   0.0111749   0.0262837   0.0185599   1   0.0189176   0.0151539   0.0100728   0.000137753   0.00790687   0.00115843   -0.00758439   -0.00553903   0.00298752   0.0123907   0.00803848   0.00414039   0.0142983   0.0095866   0.0138473   0.0180366   0.0195238   0.00789561   0.00553503   -0.00400074   -0.00619408   -0.0134501   0.00379606   -0.0042361   0.00496493   0.00523295   0.00340538   0.0203832   0.00393441   0.00726005   0.00388522   0.00585651   -0.000378365   0.000612451   -0.00375411   0.0123318   1.2032e-05   0.00676261   0.000744856   -0.00103035   -0.0045644   0.00391455   -0.00112673   0.00281617   -1.86974e-05   -0.00136903   -0.0050763   -0.00080404   -0.00501425   -0.0028119   -0.000205361   0.000486719   0.00115215   -0.0021786   0.000183879   0.000537688   -0.00226656   0.00339221   0.000635248   -0.00106414   -0.00101654   0.0009774   -0.00870996   -0.00136399   -0.000279226   0.00140704   -0.000136602   0.00259827   0.00607743   0.0251126   0.0155901   -0.00226505   -0.00439106   -0.0342615   0.000614001   -0.0291308   -0.0291871   0.0161231   -0.0152264   -0.000679729   -0.00253887   -0.000103325   -0.00175631   0.0208662   0.00037308   0.000175506   0.00217211   0.00319139   0.0027386   -0.0234398   0.000265221   0.00283971   -0.0316737   0.00244234   0.00206501   -0.00314116   -0.00217312   -0.00067259   0.00174631   -8.95833e-05   0.00519349   0.0592124   0.00428242   0.00785472   0.00251281   0.00939832   -0.000534601   -0.00252911   0.0023799   0.00297844   0.0191583   -0.00714438   0.00694874   0.00498097   0.00201873   -0.0195057   0.0104073   0.017517   0.015352   
-0.00282184   -0.00372981   -0.00176642   -0.000665891   -0.00207255   -0.00191427   0.00179438   -0.00113941   -0.000749233   -0.00339854   -0.000669415   -0.000452017   -0.00264209   -0.000315991   -0.00283319   7.45959e-06   -0.000683815   -0.00104477   0.000878454   -6.08715e-06   -0.000223474   -0.000117564   -0.00079175   -0.00124207   -5.09581e-05   -0.00102284   -0.000450993   -0.00145093   -0.000418784   7.2186e-05   0.000493186   0.000596831   0.000477906   -0.000227904   -0.000154535   0.000652123   -0.000167656   -0.000941984   -0.00110117   -0.000459744   -0.000199811   -0.000233224   -9.6571e-05   0.000112288   0.000519248   -0.00223001   -0.00176192   -0.00136922   -0.000266893   -0.00144365   -0.00144444   -0.00173939   -0.000419715   -0.000280697   -0.000974465   -0.00199357   -0.000384672   -0.00142018   -0.00049147   -0.000790937   0.00457871   0.0133039   0.0151573   0.011007   0.00584108   0.0026611   0.00187174   0.00245432   0.00193558   0.00238806   0.00238223   0.00137283   0.00254404   0.00182116   -0.0046158   -0.00502898   -0.00425108   -0.00133095   -0.00130758   -0.0016597   -0.00258816   -0.000506249   0.000605039   0.000167196   0.000198677   -0.00120432   -0.00522665   -0.00114514   5.18132e-05   -0.000134544   0.00123198   0.00130402   0.00164153   0.000373847   -0.000748428   -0.00133559   -0.0003953   -0.000817719   -0.00121465   -0.000381182   -0.000325463   0.000219531   -9.09375e-05   0.000107979   -0.0014578   -0.00437106   -0.00478016   -0.00508442   -0.00447895   -0.000307931   0.00161828   0.00178009   0.0223563   0.0143059   0.00799579   0.00697213   -0.00229385   0.0027534   0.00904288   0.00936297   0.00609075   0.00810221   0.00795497   0.00849633   0.00649717   0.00574645   0.00900656   0.0383346   1   0.0185599   0.0206716   0.0170394   0.00960305   0.00589498   0.00578231   0.00241226   0.001582   0.000542448   -0.000457623   -0.00103105   0.00294833   0.00310491   0.00623526   0.00562176   0.00813269   0.0161794   0.0187143   0.00921696   0.0071972   -0.0037129   -0.00463641   -0.00365839   -0.00557533   -0.00382154   -0.00145493   -0.00143611   -0.000628854   0.0269507   0.00379548   0.00165632   0.00200263   -0.00502241   -0.000493591   0.000778393   0.000610683   -0.000169246   0.003307   -0.00031434   0.000931123   -0.000719563   -0.000139978   -0.000998091   0.00146143   -0.000358048   -0.000827209   -0.00270161   -0.00158092   -0.000568056   0.000576522   -0.00158007   -0.000581661   9.16539e-08   0.000238573   0.00058553   4.825e-05   0.000369333   -0.00113068   0.00230868   -0.00153918   0.00691586   0.000374317   0.0005085   -0.0055797   -0.000472423   -0.00250155   -0.00469095   -0.00332261   -0.000869194   0.00355561   0.0222798   0.000486638   -0.00375775   -0.0020633   0.0129256   -0.000771537   0.00171666   0.00157409   -0.00652355   -0.00215742   -0.000165194   -0.00223935   0.000999112   -0.000373536   0.00212162   -0.00164039   0.00167965   0.000787959   0.000252478   -0.00292804   -0.00648627   -0.0012431   0.00268651   -0.0340348   -0.00128008   -0.000992645   -0.00230801   -0.00307874   -0.00611393   7.34554e-05   0.00172443   0.00425023   0.0934323   -0.00223426   -0.00335004   -0.00167925   -0.00110486   -0.000542293   -0.00407718   0.00189333   0.00115107   0.0169383   -0.00204157   0.00385842   0.00285091   0.00399052   -0.028029   0.00644807   0.005649   0.00350063   
-0.00497566   -0.00546102   -0.00120245   0.0019225   -0.000177735   -0.00167324   0.00206939   -0.00231532   -0.000295184   -0.00149693   0.000933035   0.000467716   -0.00205549   -0.00139865   -0.000976714   2.10888e-05   0.000389692   0.000129522   -9.55267e-05   -0.000771919   0.0003286   0.00172086   0.000612551   -0.00102474   -0.00024477   -0.000557931   0.00054289   0.000567366   -0.000260535   -2.85321e-05   0.000308335   -4.85133e-07   0.00105722   0.000925778   0.00030342   0.00227523   0.000703683   -0.000896416   -0.000854038   -0.000963663   -0.000181555   -0.000337453   0.000615724   0.000701021   0.000941319   -0.00267896   0.00057748   -0.00185988   -0.000534314   9.91832e-05   0.000425231   -0.000523957   -9.97279e-05   -0.000350994   -0.000717116   -0.000984139   0.00201221   -0.000477114   -0.000464784   -0.000174476   0.00362954   0.00783035   0.00659284   0.00683809   0.00476825   0.00251952   0.000737288   0.00155293   0.000794158   0.00158763   0.00220339   0.0012578   0.000974185   0.000983382   -0.00508045   -0.00438268   -0.000681182   0.000201806   0.00230844   -0.00112813   -0.00150542   0.00047131   0.000367272   -4.11854e-05   -0.000318985   0.000147148   -0.00527586   -0.000568796   0.000112544   -0.000881685   0.00146501   -0.00135198   0.00157275   -0.00106239   -0.0015528   -0.00119808   0.00017811   -0.000695676   -0.0021105   -0.000600713   -0.000339399   0.000429321   0.000283058   0.000641185   -0.00567321   -0.00806585   -0.0068252   -0.0047441   -0.00435489   -0.00167977   0.000398394   -0.0034423   0.0346193   0.0129695   -0.00303715   -0.00533691   -0.00152979   0.00162153   0.00311722   0.00597079   0.000120098   0.0019624   0.000657204   0.00326764   0.00481744   0.00568904   0.0123171   1   0.0383346   0.0262837   0.0252219   0.0157155   0.00703529   0.00358343   0.0121887   0.00424378   0.00737052   0.00600602   0.00432832   0.00493572   0.00655581   0.00161907   -0.0210557   -0.0230651   -0.0142223   0.0040792   0.0200734   0.00698843   0.00735018   0.00176446   -0.00413884   -0.00583907   -0.0135417   -0.0067743   0.0040293   -0.00217918   -0.0028015   0.0613974   -0.00203871   -0.00622325   -0.00648827   -0.00148484   -0.00514169   -0.00237733   -0.00149413   0.00111504   0.00258474   0.00126155   -0.00026696   0.000312328   -0.000339929   -0.00131107   0.000699027   -0.000204723   -0.00105968   -0.00277498   -0.00153777   -0.00060443   -0.000742174   -0.000332926   0.000129929   0.000246709   0.000100669   -0.000463907   0.000206263   -0.000331118   -0.00474645   0.00517712   -0.000526573   0.00563238   -2.24921e-05   -0.00170022   -0.00109547   -3.06036e-05   -0.00141551   -0.00233547   -0.00126262   0.00233981   -0.010445   0.00979009   0.00841975   -0.00223351   -0.00419983   -0.00242834   -0.00170846   -0.0026377   0.00275919   -0.01734   0.00143317   -0.000127089   -0.000921699   0.000504119   -6.3507e-05   0.00264559   -0.00150489   0.000808789   0.00171809   -2.17362e-05   -0.00288844   0.0660567   -0.00118823   0.00223197   -0.0109781   -0.000390777   -1.19978e-05   -0.0036961   -0.00205211   -0.0236918   3.76582e-05   -0.00324552   0.00221884   0.23331   -0.000940623   -0.000103914   -0.000258602   0.00115957   -0.0010625   -0.00273448   0.00665977   0.00416557   0.00634079   0.000955372   0.00356811   0.00167601   -1.27201e-05   -0.0114621   0.00466083   0.00812102   0.0083427   
-0.0106503   -0.00179245   0.00411881   -0.00546105   0.0130658   0.00817639   -0.016859   0.000496267   -0.00889094   0.0194547   -0.00188533   0.00116096   0.00906042   0.0114048   0.0171226   -0.000189135   0.00197787   0.0056988   -0.00959354   0.00832588   0.00250139   -0.00667451   0.00456641   0.00265238   0.00219751   0.00164695   0.00218507   0.0104072   -0.000289414   -6.63986e-05   -0.00148954   0.00390644   0.00486793   0.00784341   -0.000562161   -0.00475058   0.00302004   0.00511848   -0.00331618   2.29675e-05   -0.000707568   -0.000740361   0.00461577   0.00118841   -0.0166614   0.0139404   -0.00656995   0.00488718   -0.00671764   -0.0112748   0.000366207   0.00109813   -0.00246601   -0.00257185   0.00430635   0.00388578   -0.00536924   0.00551853   -0.00259256   0.0013598   0.00143062   0.00810867   0.0270773   0.012691   0.00622163   0.00829124   0.00269084   0.00190214   0.00184069   -0.00477196   -0.00415595   -0.00447146   0.00653317   -0.000226722   -0.00637573   -0.00584624   0.0014368   -0.00777889   -0.00981113   0.0093659   0.0132954   6.59871e-05   -0.00138455   -0.000943425   0.00134953   0.000668707   0.00731124   0.00934042   -0.000104756   0.0140313   -0.0046633   -0.00394567   -0.00494322   0.00451936   -0.0079258   0.00142196   -0.00164909   -0.00150492   0.00847842   -0.000590463   -0.00549242   -0.00401323   0.000171383   -0.00481568   0.00352763   0.00146109   -0.00896731   0.00394342   0.00417476   -0.0132782   0.0112677   0.0128278   0.0124288   0.000899524   0.00275871   -0.00598792   0.00803007   0.00266485   0.00652314   0.00166895   0.00931184   -0.0138844   0.000145921   -0.00099624   0.00945815   0.025604   1   0.0123171   0.00900656   0.0111749   0.0132678   0.00227787   0.00919465   0.00787439   0.0132734   0.00790527   -0.00829186   -0.0043773   0.0243998   0.000182723   -0.0120866   0.00571503   0.00968489   -0.00246971   0.0024901   0.00390983   0.00023909   0.00806614   0.00283526   -0.00828643   0.00330366   -0.00486622   0.0163436   0.0144533   0.00528097   0.00882026   0.016054   0.00423292   -0.00299463   0.00115418   -0.006926   -0.00540845   0.00209505   0.00245999   0.00578093   0.00222058   -0.0105558   0.00998624   -0.00265981   0.0022724   0.00137946   0.00937468   0.000675288   -0.00661725   0.000411276   -0.0032352   -0.00634481   0.00727678   0.00692971   -0.00134155   -0.000907373   1.90382e-05   0.000639931   0.00168612   0.000127566   0.000562316   -0.00127641   -0.00249624   0.0002162   0.00797914   0.00177893   -0.00232874   -0.00748893   -0.000855871   -0.0016546   0.00191993   -0.000714964   -0.0124656   -0.00208185   0.0165982   0.0102415   -0.00396546   0.00420872   -0.0720691   0.00522955   0.0342731   0.0533747   0.0836455   -0.021171   -0.000350097   -0.00599745   0.00177672   -0.00066146   0.0140667   -0.000297882   0.00112142   0.00104593   -0.0183785   0.00339867   0.0139314   0.00140088   0.000387812   -0.0595618   0.00413415   0.00292089   -0.00137867   -0.00160204   0.0104742   0.00141797   0.00043119   0.00640008   0.0210394   0.0064792   0.0162195   0.00890578   -0.0211385   -0.00143992   -0.00161926   -2.04599e-05   0.00906484   0.0112738   -0.0065328   0.00925328   0.00543822   0.00795506   0.00423485   0.0129457   0.0175682   0.0147878   
-0.0153193   0.00206286   0.0065769   -0.00423088   0.0175395   0.0125652   -0.025497   0.001424   -0.00239636   0.0270128   0.000921256   0.00234196   0.0183351   0.0161483   0.022017   -0.00023375   0.00375916   0.00746325   -0.0109418   0.00555833   -0.00157467   -0.00623425   0.00705733   0.00507966   0.00211028   0.00424837   -0.00045899   0.0170738   0.00404523   -0.000131775   -0.00134629   0.00597484   0.0036263   0.00460147   -0.00167852   -0.00704267   -0.0011579   0.00554357   -0.00341703   0.000691903   -0.000854139   -0.00186727   0.00611171   0.00215522   -0.017326   0.0139306   -0.00327367   -0.00133448   -0.0153638   -0.00924969   -0.00469764   0.000581972   -0.00309776   -0.00428334   0.00384905   0.00336029   -0.0102349   0.00819921   -0.00416982   0.00897473   0.0108346   0.0171024   0.038974   0.0283636   0.0137301   0.0135716   0.00407733   0.00293431   0.00140065   -0.00311823   -0.00289754   -0.00532262   0.0111197   0.00037669   -0.00841274   -0.00571749   -0.000754049   -0.0140076   -0.0108594   0.011466   0.0181859   0.000560518   0.000142953   -0.00146269   0.00058299   -0.00185342   0.0121006   0.00854408   -0.000459793   0.0175831   -0.00243986   -0.004905   -0.0113645   -0.00176368   0.000289458   0.00635968   -0.0034662   -0.00111085   0.00907926   -0.00197576   -0.00590894   -0.00445544   -0.000327554   -0.00681971   0.0054441   0.0108623   -0.00554591   0.00246545   0.0163816   -0.0145325   0.012786   0.0126932   0.00933654   -0.00165814   0.00101411   -0.0103632   0.0158475   0.00342678   0.00390671   0.0034386   0.0186142   -0.00978264   0.00442488   0.000484167   0.020917   1   0.025604   0.00568904   0.00574645   0.0131929   0.0109895   0.00173086   0.0107394   0.00939978   0.0199326   0.0134041   -0.0134889   -0.00768577   0.0308003   0.012212   -0.00748592   0.00656897   0.0118558   -0.00276363   0.00286368   0.00203064   -0.00319403   0.00825324   0.0013031   -0.00693503   0.0058618   -0.00797613   0.0235196   0.0167027   0.0108244   0.00961368   0.0156562   -0.00218232   -0.00448264   0.00287987   -0.00734689   -0.0110044   0.00224761   0.00234622   0.00316779   0.00468465   -0.015745   0.0198825   -0.00224783   0.00308766   -0.00601676   0.0133271   0.0010917   -0.00715417   0.000595567   -0.0065424   -0.00885784   0.009474   0.00913391   -0.000447139   -0.00107746   -0.0003357   0.000189452   0.00134882   0.000321419   0.000743008   -0.00449932   -0.00456891   0.000701736   0.00583867   0.00224197   -0.000992634   -0.00482298   -0.000959251   0.000323424   0.00743503   0.00199251   -0.0147662   0.00724624   0.0309437   0.0123524   -0.0134615   0.00545643   -0.123511   0.00558229   0.0435858   -0.00119258   0.0977333   0.00261117   -0.000549584   -0.00663999   0.00167007   -0.000846519   0.0199459   -0.000474238   0.000547167   -0.000879042   -0.0157901   0.00922595   0.00995817   0.00223038   0.00213838   -0.0496897   0.00716041   0.00381671   -0.00168925   -0.00349977   0.012341   0.00159017   -0.00674385   0.0134407   -9.39121e-05   0.0114106   0.0248463   0.00985282   -0.0151148   -0.00140119   -0.00353761   0.000425554   0.0134779   0.00531851   -0.0119936   0.011413   0.00512842   0.00680881   -0.0087068   0.0258457   0.0336304   0.0270017   
-0.0136547   -0.00308949   0.00293525   0.00345917   0.00871227   0.0083028   -0.00880187   -0.000879111   0.00575069   0.011922   0.00366385   0.00157963   0.012308   -0.00172149   0.0104308   0.000158694   0.00160064   0.00474533   -0.00205186   -0.00591877   -0.00551062   0.00549758   0.00264205   0.00584114   -0.000679156   0.00364959   -0.00407153   0.0104533   0.00449145   -0.000423885   0.000523918   0.000239882   -0.00287249   -0.00561797   -0.00028295   -0.00334786   -0.00209431   0.00294452   -7.73782e-05   -0.0001208   -0.000175149   -0.000610022   0.00130625   0.00241587   -0.000699529   -0.000717586   0.00122615   -0.0142047   -0.0154916   0.00220229   -0.00443401   0.00390417   -0.00233096   -0.00403382   -0.00381432   -0.00338375   -0.00648499   0.000814385   -0.00148858   0.0109344   0.0206063   0.0411599   0.0504175   0.0444492   0.0283841   0.013509   0.00547692   0.00370807   0.00160617   0.00534388   0.00493062   -0.000158044   0.0079991   0.00537985   -0.00214857   0.0004082   -0.00346313   -0.0113873   -0.00445979   -0.00178988   0.00723701   0.0014085   0.00388513   -0.000268617   -0.00326655   -0.00432016   0.00257468   0.000338191   -0.000819582   0.00380444   0.00299486   0.00229703   -0.00943137   -0.0106086   0.00738145   0.00647943   -2.35907e-05   -0.00154284   -0.00277407   -0.00494705   -0.00439067   0.00177487   -0.0022348   -0.0030326   0.00237777   0.0162858   0.00948985   0.000610158   0.0188754   0.00638497   0.00398814   0.00188346   0.000828768   9.57346e-05   -0.000281347   -0.00437233   0.00932911   0.00258488   0.00395926   0.0135853   0.0241793   0.0238552   0.0262168   0.0187374   1   0.020917   0.00945815   0.00481744   0.00649717   0.0133527   0.00647091   0.00854464   0.00976832   0.00383695   0.0088946   0.00762605   -0.00177902   -0.000940389   0.00748033   0.0220331   0.0125114   0.00303768   0.00553798   -0.00127582   0.000137768   -0.00362326   -0.0013506   0.00284365   -0.000459823   -0.00198636   -0.000280543   -0.00567389   0.0107585   0.00217134   0.0118714   0.00654413   0.00201867   -0.000989044   -0.000549797   0.00320471   -0.00108203   -0.00186231   0.000751292   0.000708904   -0.00655453   0.0103319   -0.00539875   0.0103408   -0.000277653   -0.00161242   -0.0112597   0.00524828   -0.00135613   0.00131957   -0.00160781   -0.00449854   -0.00545437   0.00189266   -0.00172286   -0.0010066   0.000432094   0.00064506   0.00126929   6.17027e-05   0.000510527   0.000171804   -0.00343094   -0.00117049   -0.00171064   0.00225391   -0.000111191   0.00397917   -0.0049805   -0.000103017   0.00325927   0.00842179   0.0046203   -0.0034183   0.021241   0.0673252   0.00837238   -0.0104964   -0.00207387   -0.0632438   -0.00303695   -0.020814   -0.0646291   0.0112824   0.00121575   5.06907e-05   -0.000325565   0.00117666   0.00156031   0.0196031   0.000279553   0.000801899   0.00365276   0.0037895   0.0135615   0.00533692   0.00027407   0.00663577   -0.0312746   0.0045265   0.00246444   -0.00488176   -0.00745736   0.0101948   -0.00271266   0.00175586   0.021038   -0.00772152   0.0077258   0.0128016   0.00273308   0.0130848   -0.000935366   -0.00828537   0.00115617   0.0144627   -0.0223601   -0.011555   -0.00237986   0.0017288   0.00225896   -0.0779131   0.0199474   0.030227   0.0234396   
-0.00444971   -0.00368139   -0.00486149   0.00962423   -0.00761218   -0.0123855   0.0222195   -0.00597806   0.00292701   -0.0153431   0.00513264   0.00373453   -0.0158427   0.000918699   -0.0120383   -3.11189e-05   -0.000317371   -0.00244762   0.000907865   0.00102852   0.00462802   0.00596213   0.00173734   -0.0107499   -0.000659066   -0.00504314   0.00460687   0.00120156   -0.00347964   0.000242165   0.000464598   -0.000841664   0.00429565   0.00597461   0.000970342   0.0136952   0.00338598   -0.00686383   0.00157853   -0.00146509   0.00116153   -0.00257984   -0.000387835   -0.000707551   0.000587291   -0.0220891   -0.00652171   -0.00679343   0.00296724   -0.0032827   -0.000449173   -0.0112361   0.00110723   -0.000822244   -0.0052295   -0.00821496   0.0077033   -0.00436236   -0.00362007   0.000949434   0.0328769   0.0634169   0.0584941   0.0499893   0.0281386   0.0161471   0.00616159   0.00893848   0.00381782   0.00806512   0.00884133   0.0106798   0.0130737   0.00701987   0.00125601   -0.00190495   -0.00408219   -0.00290651   0.00450555   -0.00893834   -0.0178603   -0.00102586   0.0041785   -0.00176772   -0.0033246   -0.00438448   -0.0190367   -0.00856783   -4.45314e-05   -0.00981105   -0.00015996   -0.0119365   0.0150391   0.00662293   -0.0040522   -0.00613237   -0.00198315   -0.00586786   -0.0114532   -0.00359172   0.000158255   0.00369625   0.00203295   0.000999622   0.00924975   0.00806992   0.021512   0.0254111   -0.00403113   0.0104237   0.00357452   -0.00518478   -0.00424634   0.00237383   0.000356206   0.00342584   -0.00433788   -7.00645e-05   0.00232076   0.018457   0.0257117   0.0652846   0.0510421   1   0.0187374   0.000484167   -0.00099624   0.00326764   0.00849633   0.00192852   0.00689354   0.0164182   0.00474955   0.0132601   0.00591761   -0.00174353   0.0234126   0.0149061   -0.00597177   -0.00252187   0.0114617   4.8868e-05   0.00444558   0.00615865   0.00121512   -0.00410882   -0.000605215   0.00310024   0.000837073   0.00636855   0.00876538   0.0253385   -0.024939   0.00108179   0.000349888   -0.00246526   -0.00866165   -0.00618706   0.00748   -0.00554509   0.00693451   -0.0111478   0.00244087   0.00116185   0.00187462   -0.00695993   0.00986976   -0.00563849   -0.00350035   -0.00204894   0.000156833   -0.0105971   0.00214166   -0.000292328   -0.00142403   -0.000287715   0.00862245   -0.00212088   0.00442451   -4.86743e-05   -0.000359711   -0.000479625   -0.00146663   0.00247183   -0.000267603   -0.000462518   0.00397838   -0.000816726   0.00213168   -0.00751399   0.00178395   0.0044967   7.91887e-05   0.00395881   0.00195898   0.00179125   0.00545457   -0.00478457   0.0139661   0.0693306   -0.0238639   -0.00581823   -0.00133945   0.0356886   -0.00261516   0.0196588   0.0337445   -0.0917623   -0.00239158   0.000548915   -0.00203297   0.00269005   0.00257133   -0.0160964   -0.00165023   0.00013929   0.00221899   0.0033872   0.00583416   -0.00400748   -0.000972725   0.0118273   -0.0172927   -0.00220727   -0.00159163   0.000353268   -0.0109142   0.00958495   -0.00487761   0.00898784   0.0283944   -0.0139792   -0.00485118   -0.00503535   -0.00301106   -0.00256082   -0.000338488   -0.0119003   0.00162552   0.00763744   -0.0393179   -0.00309226   -0.00531159   -0.00789581   0.00716148   -0.127196   0.00925135   0.002279   -0.00252562   
0.000937313   -0.00612881   -0.00401637   0.00232055   -0.00637037   -0.0037174   0.0153068   -0.00237865   -0.00348796   -0.0103484   -0.000696052   -0.000408829   -0.00869445   -0.0095909   -0.0102462   0.000254137   -0.00273796   -0.00354284   0.00444098   0.00134314   0.00438687   0.00652447   -0.0031222   -0.00255503   -0.00067133   -0.00305912   0.00102704   -0.00487336   -0.0044762   -0.000232172   0.0013012   -0.00242911   -1.97013e-06   0.00192323   0.000708728   0.00224936   0.00271189   -0.00084759   0.00117945   -0.00111804   0.000224174   0.000362804   -0.00353546   -0.000932178   -0.000899889   -0.0131396   -0.0119358   -0.00955562   -0.000673577   -0.00332064   -0.000783872   -0.00222355   -0.000656251   -0.00229321   -0.00794854   -0.0097482   -0.00197566   -0.00836242   0.000144361   0.0341339   0.0646818   0.0900508   0.07872   0.0526826   0.0338586   0.0130618   0.00670059   0.00565998   0.00375029   0.00668047   0.00641781   0.0272616   0.00809012   0.00879849   -0.00106467   -0.00468071   -0.00701819   -0.00406835   -0.0043989   -0.0111092   -0.0103151   -0.00176801   0.00648883   0.000313443   -0.00499074   -0.00772999   -0.0170012   -0.00431039   -0.000760972   -0.00731528   -0.00488492   0.000271308   0.00518268   0.00175553   -0.00540768   -0.0053155   0.000908978   -0.00569503   -0.00997893   -0.00647727   -0.0056411   0.0072195   -0.00211048   -0.000711685   0.0093992   0.0187274   0.0292142   0.021999   0.00461098   0.0148846   0.000499036   -0.00122984   -0.00547416   0.000641736   0.00158897   0.00451695   -0.0087493   -0.000301912   0.00305447   0.0347279   0.0495909   0.0786815   1   0.0510421   0.0262168   0.00442488   0.000145921   0.000657204   0.00795497   0.00455644   0.00650529   0.0174077   0.00504151   0.00636047   0.00202135   0.0114873   0.0268151   0.0190283   -0.00422967   0.000197874   0.00645351   -0.00018565   0.00135789   0.0048902   0.00100647   -0.00253471   0.00393506   -0.00169897   -0.000728199   -0.001497   0.00144865   0.0154006   0.00246241   0.00282886   0.00329763   0.00211494   -0.00174831   -0.00333937   0.00408552   0.000476313   0.00311904   0.00487131   0.00109792   0.000524839   0.00125373   0.00185703   0.00697834   -0.00988554   0.000122368   -0.00491884   -0.00125286   -0.00735829   0.0010073   0.00326064   -0.000896089   0.00334745   0.00459582   -0.00356067   -0.00276058   -0.000540643   0.00101154   0.00048174   0.000341865   -0.000500235   0.000524248   -0.000444481   0.00635422   0.0021086   0.000461475   -0.00803061   5.77468e-05   0.00511538   -0.00344034   0.00343332   0.00269618   0.00140509   0.002022   -0.00973476   0.0225013   0.026679   -0.012442   0.00220387   -0.0004867   0.0548011   -0.00297953   -0.0312641   0.0251967   -0.0383271   -0.00102213   0.000961433   0.00645911   0.00202544   0.00429639   0.00326585   0.000679004   0.000436176   -0.000396598   0.00529633   0.0176117   -0.00768873   -0.000124749   0.0117679   -0.00967199   -0.00308849   0.000927944   0.00117574   -0.0142887   0.0136184   -0.00810363   0.00510348   0.0419266   -0.0249494   -0.00491013   -0.0102591   0.000714892   0.00297351   0.000455433   -0.0153646   0.00349344   0.00541548   -0.0635512   -0.0143815   -0.011984   -0.0178778   0.0110783   -0.142302   -0.00569627   -0.00670708   -0.0110888   
-0.00498323   -0.000142476   -0.00631992   0.0209668   -0.011896   -0.0216546   0.0315043   -0.0128981   0.0130404   -0.0254612   0.0115456   0.00599063   -0.0216695   -0.00531071   -0.0164699   3.07794e-05   0.000529782   -0.000774752   0.00374264   -0.00213606   0.00569037   0.0178429   0.0034244   -0.014947   -0.0032544   -0.00456689   0.00703556   -0.00102387   -0.00216288   7.14877e-06   0.000900715   -0.00105773   0.0071631   0.0108397   0.00203342   0.0231514   0.00698675   -0.0119138   0.00346369   -0.00328118   0.000978649   -0.0047893   -0.00178097   -0.000159714   0.00438623   -0.0452806   -0.0020693   -0.0179187   -0.00128646   0.00175134   -0.00209953   -0.014773   0.00374664   -0.000768889   -0.0107174   -0.0149536   0.0111757   -0.00671852   -0.00264948   0.0588797   0.103766   0.0968964   0.0444833   0.0479859   0.0296841   0.0161472   0.0047861   0.00685251   -0.000629237   0.0101925   0.0136157   0.0485738   0.00998871   0.00587725   0.00189347   0.000782125   -0.00812502   -0.00699039   0.0106712   -0.0190254   -0.0296023   4.54417e-05   0.00942995   -0.00244725   -0.00722503   -0.00887259   -0.032845   -0.0169963   -0.000246686   -0.02172   0.002826   -0.0154638   0.0235269   0.00308176   0.00191316   -0.00607146   -0.00193875   -0.00790233   -0.0226091   -0.00721567   0.0022255   0.00915458   0.00237367   0.00134478   0.0112796   0.0182641   0.0407515   0.0358919   -0.000707643   0.0242834   0.000891405   -0.0145076   -0.00991979   0.00452915   -0.000764841   0.00582505   -0.00415964   4.78666e-05   0.0014198   0.0451754   0.0625434   1   0.0786815   0.0652846   0.0238552   -0.00978264   -0.0138844   0.0019624   0.00810221   0.000676701   0.00412455   0.029805   0.00268939   0.00954745   0.0091364   -0.00444203   0.0377442   0.0225332   -0.0187899   0.00862885   0.031355   -0.000639929   0.00614385   0.0101544   0.00196562   -0.00785968   0.000689383   0.00309559   0.000376476   0.0133768   0.0106765   0.0357971   -0.0469919   -0.00710605   0.003524   -0.00424429   -0.0214239   -0.0068831   0.0138226   -0.0070443   0.0145903   -0.0169563   0.00267682   0.000573359   -0.00382336   -0.00424588   0.0190078   -0.00457577   -0.00394374   -0.00825719   -0.0127699   -0.0187277   -0.00307819   0.00279767   -0.00332321   -0.00100658   0.0135941   -0.00540563   0.00475705   0.000564457   0.000468355   0.00010067   -0.00177226   0.00243202   0.000600075   -0.00163044   -0.000737335   -0.00058555   -0.00129376   -0.0121586   0.000820032   0.00893628   0.00205525   0.00837273   0.0051871   0.00608497   0.0104089   -0.00404608   0.0329823   -0.0622113   -0.031439   -0.00643664   -0.000254504   0.0471468   -0.010956   0.00494506   -0.0158212   -0.18401   -0.0116906   0.000549967   0.0129216   0.00173549   0.00305327   -0.0126268   -0.00115903   -0.00090582   -0.00182099   0.0042364   0.0142617   -0.0116805   -0.00133513   0.0143293   -0.0067203   -0.00307162   0.0011623   -0.00256032   -0.0177143   0.0107256   -0.00707414   0.00237588   0.0493883   -0.0182068   -0.00710084   -0.00645243   -0.0015408   0.0178677   -0.00136375   -0.0193892   0.0032366   0.010599   -0.0664903   -0.0112125   -0.0078308   -0.0110514   -0.00553614   -0.103758   0.0161806   0.0080733   -0.000819533   
-0.00258124   5.54216e-05   0.00162931   -0.00378796   0.00465664   0.00526018   -0.0116974   -1.39162e-05   -0.00276849   0.00950106   -0.00175365   -0.00101595   0.008433   0.00085158   0.00528477   4.13056e-05   4.7776e-05   0.00117035   -0.00108547   0.0061125   0.00262458   0.00119982   0.000569603   0.00354006   0.000337553   0.00223313   -0.00015448   0.000664873   0.00040825   -0.000403745   0.000299153   0.00364196   0.00267293   0.00624856   -0.00107916   -0.00689761   0.000380993   0.0034365   -0.00209112   -0.000420104   -0.00150554   -0.000612343   4.14644e-05   0.000367994   -0.0130679   -0.00122042   -0.00749922   -0.00627469   -0.0111429   -0.00677925   -0.00599549   0.000499798   -0.00153598   -0.00396819   -0.00395426   -0.00590527   -0.0135603   -0.00116382   0.000181564   0.0809334   0.0993623   0.0763169   0.0502286   0.0283495   0.0172523   0.00852869   0.00333391   -0.000249191   -0.000769357   -0.00157963   -0.00079667   0.0445191   0.00468025   0.00228158   -0.00956939   -0.00850343   -0.00787437   -0.0115096   -0.0114377   -0.00132023   0.0055301   -0.00131187   0.00628041   6.49049e-05   -0.0034904   -0.00946094   -0.00559556   0.00204028   -0.000968222   0.00491587   -0.00661792   0.00267538   -0.00462435   -0.00179896   -0.000239969   0.000757014   -0.00142143   -0.0035821   -0.000862258   -0.00646707   -0.00798785   0.00431169   -0.00296256   -0.00620502   0.0091508   0.0236033   0.0188902   0.0111144   0.0148263   -0.000311834   0.00405728   0.00632371   0.00248381   0.00139665   0.00456875   0.000506226   0.00359347   0.00166998   0.00340317   0.0418531   1   0.0625434   0.0495909   0.0257117   0.0241793   0.0186142   0.00931184   0.000120098   0.00609075   0.00964763   0.00938857   0.0170777   0.00631826   0.00255865   0.0142403   0.0220667   0.00916974   0.00687463   0.0130754   0.00746749   -0.00171139   0.00321047   0.0108032   0.00773888   0.00885023   0.00800367   0.00834257   0.00270109   0.000736445   -0.00638212   0.00146894   3.15598e-05   0.0227904   0.00902962   0.00700596   0.00547567   0.00741917   -0.00187667   0.000523402   0.00637129   -0.00010919   -0.00037902   0.00117544   0.00116998   0.00356115   0.0069327   -0.00412612   0.00701246   0.00120496   -0.00544627   -0.012192   0.00260724   -0.000957084   -0.000830674   0.000700068   -0.000774001   -0.00268073   0.00267304   0.00377293   -0.000690151   0.000165494   0.000347509   0.000646004   -0.000787135   0.000368907   0.0009759   -0.00430871   -0.000464416   -0.00120635   -0.00155298   0.000322057   0.00249591   -0.00662325   0.00276523   0.00168998   0.00385276   -0.000589495   -0.019886   0.0236718   -0.111324   0.00361258   -0.00208982   0.00820073   -0.0322286   -0.000399782   -0.00515347   -0.0111906   0.0468631   0.0156973   0.00046992   0.0139636   0.00165593   0.00266257   0.0259481   0.000895919   -0.000222888   -0.00584303   -0.0124581   0.0224539   -0.0235298   0.00171377   0.00516502   -0.0101477   0.0010266   0.00521974   -6.09751e-05   -0.0130055   0.0122267   -0.00574465   0.00316648   0.0441332   -0.0189655   0.00184759   0.00419556   0.00966763   -0.00153053   -0.00056921   -0.0138042   0.00337975   0.00398406   -0.0331584   -0.0257148   0.000404385   0.000671535   0.00340939   -0.0281949   0.00696736   0.0103499   0.00281993   
-0.00628967   -0.0172613   -0.00150327   0.00142309   0.00240311   0.00327211   0.00103813   -0.0043014   -0.0074331   0.00335587   -0.00193435   -0.00217178   0.00108868   -0.0194103   0.00164629   0.000428166   -0.00131405   0.000807222   0.00287258   -0.00217465   0.00316221   0.00940419   -0.00233882   0.00672867   -0.00147862   0.000322848   -1.674e-05   -0.00454406   -0.00299715   -0.000814016   0.000872683   -0.00433547   -0.00125024   0.00130895   0.0025393   -0.00352921   0.0043084   0.00477165   -0.00135303   -0.00240475   -0.00108975   0.00257702   -0.00242877   0.00195371   -0.00233794   -0.00349776   -0.00458271   -0.00887322   -0.00478991   0.00156315   0.0046601   0.0109443   -0.00172518   -0.00244954   -0.0053714   -0.00374647   -0.00303226   -0.00516524   0.00349134   0.0485356   0.0566131   0.0490431   0.0257433   0.011028   0.0162829   0.00181502   0.000774884   -0.00194391   -0.0003079   0.000707987   0.00242053   0.0297576   -0.00665488   0.00326734   -0.00365844   -0.00634097   -0.00525963   -0.00855412   -0.00759782   -0.0120334   0.00122554   0.000795585   0.00366689   0.0015821   -0.00466025   -0.00182217   -0.00802562   0.00280753   -0.000654444   -0.00385948   -0.00194847   0.0106123   0.00117685   -0.00405406   -0.0058643   -0.00167543   0.00554956   -0.00344199   -0.00679008   -0.00573856   -0.00731227   0.00704885   -0.00360204   -0.000600303   -0.000492672   0.00936507   0.0119563   0.00284845   0.00518253   0.00900505   -0.00162381   0.00196611   0.00205534   0.00757967   0.00965643   0.0109681   -0.00149436   0.000859372   0.00837555   1   0.0418531   0.0451754   0.0347279   0.018457   0.0135853   0.0034386   0.00166895   0.00597079   0.00936297   0.0112969   0.0116495   0.0175713   0.00436944   -0.00792159   0.00373105   0.00331629   0.00943763   0.00678307   -0.00379546   0.00965127   0.0102204   0.000764635   0.0144524   0.0146171   0.0157723   0.0143489   0.0191473   0.00115144   0.00279017   -0.012381   -0.0100803   -0.00429143   0.00690141   -0.0044444   0.00648693   0.00855188   0.00341429   0.00713951   0.00539428   0.00832511   0.00589527   0.0122453   4.67983e-05   0.000309866   -0.00350301   0.0172913   0.00496513   -0.00274581   -3.55829e-05   -0.00556606   -0.00552828   -0.0034215   -0.00572223   0.00496023   -0.0029408   0.00253088   -0.00166542   -0.00406032   -0.0107741   -0.00252739   0.00195463   0.00207438   0.00270544   -0.00375013   0.000240267   -3.91833e-05   -0.00512076   0.00378408   -0.00192253   0.009002   -0.00289538   0.000526786   -0.00916505   0.000892679   -5.7875e-05   -0.00221984   -0.00280695   -0.000266241   0.0314861   -0.0694422   0.0173507   0.0147312   -0.00450831   0.00911451   -0.00610013   -0.0768431   0.0108671   -0.0104651   -0.000726786   0.000123699   0.0122337   0.00017731   0.00156663   0.0289425   0.00141502   0.00143868   -0.000460745   -0.00241598   0.00930373   -0.0414016   -0.00176466   0.00264741   -0.0104975   -0.00126313   0.00478098   -0.0098005   -0.00928198   0.00355514   -0.00378877   0.00645058   0.023778   0.000376549   -0.00142181   -0.00339457   0.00660326   0.0116348   -0.00241749   -0.0110627   0.00103288   0.00797067   -0.0227382   -0.0130475   -0.00357357   -0.00106962   -0.00046931   -0.0202616   -0.000487921   0.00579821   0.00346502   
-0.0170233   -0.0257239   -0.0028263   -0.00231083   -0.00162127   0.000126289   0.000749464   0.00188129   -1.95452e-05   0.00175939   -0.00284296   -0.00268041   -0.00148921   -0.0102386   -0.0024312   0.000195469   -0.00102878   -0.00165181   0.00221596   -0.0048165   -0.00224451   0.000878139   -0.00328701   0.00449093   -0.000785295   -0.000949808   -0.0017935   -0.0048816   -0.00100918   -0.000133694   0.000178015   -0.00489796   -0.0049578   -0.00512473   0.00188988   -0.00287621   -0.000504467   0.00165927   -0.00215675   -0.000472306   -0.000102348   0.00256773   -0.00191432   0.00205138   -0.00063986   0.000688326   0.00553942   0.00679631   0.00586752   0.00439265   0.00354896   0.00830279   -0.00104401   -0.000177873   -0.00116083   -0.00105925   -0.00310012   -0.000366026   -0.000551532   -4.79367e-05   -0.00434619   -0.00256316   -0.00419308   -0.00633359   0.000462625   -0.00341884   -0.000308996   -0.00079429   0.000893589   0.00032908   0.000766265   0.000890568   -0.00551432   0.000150246   0.00342217   -0.000378568   -0.00278794   -0.00297274   -0.00341495   -0.00449308   0.00113931   0.000757373   -0.000896887   0.000911263   -0.000568522   0.00152957   0.000756436   0.00195782   0.000336791   0.000124106   0.00186597   0.00732219   -0.000674626   -0.00443319   -0.00484293   -0.00315584   0.00268501   -0.00128965   -0.00250454   -0.00113498   -0.00300401   0.00188734   -0.00143112   0.00127419   -0.00145131   0.00231015   0.00877077   0.00636844   0.00978655   0.0127018   0.00776296   0.0102162   0.0156803   0.0173172   0.017627   0.0171147   -0.00186945   0.00655979   1   0.00837555   0.00340317   0.0014198   0.00305447   0.00232076   0.00395926   0.00390671   0.00652314   0.00311722   0.00904288   0.00891623   0.0104264   0.0105173   0.013753   0.000532632   -0.00647881   -0.00379484   -0.00122291   -0.00167329   -0.00633396   0.00140618   0.00635495   0.00425048   0.0190632   0.0147292   0.0119424   0.00776297   0.00464501   0.0104558   0.00571337   -0.00952709   -0.00648438   -0.00205949   0.0061491   -0.00189206   0.00108134   0.00450775   0.00431142   -0.000514462   0.00668308   0.00660962   0.00559258   0.00146285   0.00431921   0.00469888   -0.00115981   0.00437201   -0.000578135   -0.0079376   -0.00468445   -0.00534763   -0.00145159   -0.00151393   -0.00153309   0.00090453   -0.00403286   -0.00118068   0.00150264   -0.000520833   -0.00750241   -0.00615836   0.000305448   0.00277837   0.00507089   0.00429188   0.000278663   0.00101405   0.00534922   0.000986913   -0.00437588   0.0242228   -0.00172905   0.00381939   -0.0168448   -0.00237799   -0.00275476   -0.00633934   -0.0044685   -0.000213916   0.0193742   0.00197722   0.00971727   0.0325142   -0.00102229   0.0175777   -0.00806584   -0.0370563   0.00270366   -0.00272928   0.00775401   0.000312578   0.00315157   0.000405777   0.00133132   -0.00242621   -0.00297366   0.00638428   -0.00135103   -0.0155545   -0.00611694   0.0114319   -0.00461546   -0.0027805   -0.113917   -0.00115859   -0.00175386   -0.0131651   -0.00213948   -0.0115263   -0.00133504   0.0321311   -0.00415511   -0.0379082   -0.000827815   -0.00667376   -0.0033004   0.00115711   -0.00273414   -0.00435871   -0.0229241   0.014108   0.00086084   0.0179064   0.00099901   0.000827419   0.0118214   0.00816078   0.0074883   -0.00258083   0.00763317   
-0.00671423   -0.00353716   0.00010471   -0.000786731   -0.000461439   -0.000402576   -0.00208323   0.00246442   0.00470953   0.0015004   0.000182558   -0.000125522   0.00119315   0.00245797   0.000259939   -5.10982e-05   0.000302811   0.000173186   -0.000407378   -0.00136029   -0.00268988   -0.0015277   -0.000293698   0.000298736   -1.51541e-05   0.00057359   -0.000993497   0.000542588   0.00151281   0.000144587   -0.000241922   -0.000403297   -0.00212665   -0.00246514   -0.00043426   -0.000614347   -0.00147952   -0.000836558   -5.18441e-05   0.000790098   0.000299927   -6.50496e-05   -0.000131977   0.000342075   -0.00126804   -0.00036978   0.00483835   0.0047326   0.00180795   0.00164268   -0.0013499   -0.000114056   0.000317991   0.000307603   0.000407992   -0.000373964   -0.00271168   0.00163554   -0.00198023   0.00134091   0.000426917   -0.00254021   -0.0025309   -0.000379669   -0.00164468   -0.000264922   0.00030002   0.000194969   -5.9349e-05   0.000221561   3.29025e-05   -8.1367e-05   0.000948861   -0.000516084   0.000413984   0.000158024   -0.0027418   -0.00218054   -0.000885793   0.00126347   0.000509135   -1.05041e-05   -8.7275e-05   -0.000308392   0.000389271   -0.00101575   0.0013301   -0.000745386   0.000113654   0.0018629   0.00140377   -0.000555022   -0.00265091   -0.00276161   0.00101882   -0.000129944   -0.00126199   0.000127517   0.000365346   2.90568e-05   0.000323276   -0.000522799   0.000114784   -0.000230292   0.00081907   0.0032042   0.00504225   0.00482671   0.00730938   0.00445179   0.00435993   0.00355112   0.00699031   0.00570655   0.00502855   0.0039293   0.00106709   1   0.00655979   0.000859372   0.00166998   4.78666e-05   -0.000301912   -7.00645e-05   0.00258488   0.00342678   0.00266485   0.00162153   0.0027534   0.00306906   0.00275369   0.00310695   0.00478156   0.00299121   0.000177077   0.00186092   -0.00117736   -0.00112148   0.000293492   0.000994824   0.00113336   0.00242771   0.00567305   0.00373216   0.00263964   0.00195982   -0.000228013   0.00473218   0.00184014   -0.000489652   0.000708284   0.000510281   0.00274936   0.00139473   0.000173655   5.50113e-05   0.000405221   -5.16273e-05   0.00165572   0.00150914   0.000892657   -0.0051214   0.00151672   0.00154503   -0.000543611   -0.0033998   -0.00336626   -0.00117392   -0.00201673   -0.00165069   -0.00219114   0.00121042   -6.58968e-05   -0.00108964   -0.000482788   -0.00135864   0.000836479   0.00175035   0.000781277   -0.00204848   -0.000426579   0.000787509   0.00178761   0.00385113   -0.000605665   0.000564748   0.00220222   -0.000617471   0.00247595   0.00419348   0.00019117   0.000572043   -0.00471739   -0.000559689   9.85303e-05   0.000814885   0.000742267   -0.00181445   0.00589728   0.000715183   -0.000398729   0.0109117   0.00245223   -0.00384708   -0.00276072   0.00885331   -0.0172232   0.00371526   0.00071938   0.000146913   0.000114068   0.000145148   0.000445488   -0.00793177   -0.00171019   0.00156937   -0.000774707   -0.00871409   -0.00117944   0.0062045   -0.000837194   6.78571e-05   -0.0333417   0.000717154   -0.00146528   -0.00192532   -5.60978e-05   -0.00225672   -0.000323549   -0.00473805   -0.000535689   -0.0087121   0.00148077   0.000313344   -0.00241576   -0.000622031   -0.000262481   -0.000162515   -0.0058484   0.00532056   -0.00448125   0.011014   0.000680555   -0.00131206   0.00228283   0.00469565   0.00665098   -0.00163994   0.00415738   
-0.0241781   -0.0118384   0.00636123   0.0136449   0.0176726   0.00917335   -0.00819087   -0.00865556   0.00360379   0.0196997   0.011677   0.00663841   0.0112364   0.00973592   0.019699   -0.000143093   0.00885788   0.00996132   -0.0122648   -0.00312708   -0.0044644   0.00519763   0.0099328   0.000175874   0.000580856   0.00345388   0.00332975   0.0226065   0.00431635   -0.000204262   -0.00212795   0.00421205   0.00901326   0.00808428   0.00160432   0.00815327   0.00384857   0.000930523   -0.000985106   -0.00322301   7.97924e-05   -0.00254446   0.00584748   0.00423961   0.0192954   0.0158101   0.00811423   -0.0155789   -0.0145301   0.00394844   0.0034732   0.00115247   0.000979185   -0.00266958   0.00184645   0.00591338   0.0252428   0.00850362   -0.00386931   0.00364689   0.00142384   -0.00963619   -0.00820984   0.0112428   0.00963219   0.011588   -0.00121787   -0.0011244   -0.00453025   -0.00311719   -1.03434e-05   -0.0049559   0.00392796   -0.00329793   -0.00383796   -0.00702929   -0.00318788   -0.016822   0.00607533   0.00647656   0.0102949   0.00425557   -0.00113013   -0.00395446   -0.00365447   0.00203128   0.00608962   0.00209597   -0.000242607   -0.0139738   -0.036796   -0.0507033   -0.0149691   -0.000775924   0.0148197   0.0161328   0.00233937   0.00228144   -0.00030247   -0.00161476   0.000667555   0.00411938   0.00139128   -0.00992596   0.113885   0.0310058   0.00527756   0.00371724   0.0127835   -0.00254828   0.0113562   -0.00018179   0.000950269   0.006745   0.0125952   0.0946619   1   0.00106709   -0.00186945   -0.00149436   0.00359347   -0.00415964   -0.0087493   -0.00433788   0.00932911   0.0158475   0.00803007   -0.00152979   -0.00229385   0.0119193   0.0136393   0.0162327   0.00041369   7.18494e-05   0.0362197   -0.0123805   -0.0159687   -0.00859781   0.0193589   0.0284712   0.0181953   0.00316296   0.0121935   0.00029876   0.00578075   0.00367473   0.0149018   0.00510557   -6.78833e-05   0.169458   0.0932148   0.0163003   -0.0210892   0.00692799   0.0170336   0.00911792   0.00229069   -0.00727762   0.00575322   0.00190543   0.0425883   0.192269   0.0006931   -0.00014572   0.00541985   0.011817   -0.0110474   0.011474   -0.0181602   0.00555446   0.00484927   0.00691916   -0.00399394   -0.00540751   -0.00270313   0.00309669   0.0205319   0.00225245   -0.0044655   0.000435477   -0.000846065   -0.00107236   -0.00120532   0.00121795   0.00116945   0.000903158   -0.00271548   0.000519352   -0.0013685   0.00163992   -0.000619983   -0.0606272   0.00799279   0.00135238   0.00316327   0.01333   0.00975602   0.0133649   -0.315393   -0.00418421   0.0225251   -0.0307932   0.0482693   -0.142223   0.00792415   0.0210975   -0.0204382   -0.0209841   0.0084904   -0.00251607   -0.0109612   -0.00532755   -0.00639554   -0.0363597   -0.000818506   -0.0141575   0.00457165   0.0212427   -0.00220273   0.00918091   0.00104104   0.00661535   0.00821997   0.00874886   0.0023262   -0.00515999   0.00212631   -0.0182302   0.0125082   -0.00416431   0.00863279   -0.0116362   0.0128617   0.0318883   0.00454344   0.000825867   -0.00260945   0.00559588   -0.0098237   0.0275995   0.0115281   0.016232   0.00172972   0.00928624   -0.00448223   0.0438047   0.0371109   0.0487485   0.0390158   
0.014738   -0.00262721   -0.00113675   -6.05273e-05   -0.00751668   -0.000588677   0.0111526   0.00445548   0.0007081   -0.00680576   -0.00193855   -0.00235791   -0.00471966   -0.0115774   -0.00918067   0.000274158   -0.00145076   -0.00366695   0.00479244   -0.00521304   -0.00297367   0.00113183   -0.00713772   0.00233155   -0.000311055   -0.000623355   -0.00100578   -0.00783551   -0.00250383   1.04088e-05   -1.53097e-05   -0.00859372   -0.0097161   -0.00924277   0.000282738   -0.00204711   -9.89633e-05   -0.000259757   0.0045928   0.00142871   0.00195651   0.00436119   -0.00579897   -0.00142834   0.00456785   -0.00373817   0.00123283   0.010954   0.020342   0.0157342   0.0100661   0.00689162   0.00200134   0.00353976   -0.000395148   0.00205225   0.0031214   -0.00443166   -0.000188542   -0.00185109   -0.00555654   -0.000458188   -0.00427203   -0.00792983   -0.00103584   -0.00677949   -0.00189171   -0.00262848   -2.68523e-05   0.00160401   0.0007597   0.00370178   -0.00678406   0.00153568   -0.000234093   -0.00847846   -0.0119301   -0.00172609   -0.00215906   -0.00733681   -0.0053238   -0.00101317   -0.000803962   0.0011674   -0.00138045   0.000623023   -0.00381971   -0.00228141   -0.000362934   -0.0110469   -0.0147494   -0.00961628   -0.0107568   -0.00375289   -0.000467388   -0.000854844   0.00413876   0.00199388   -0.00257342   0.000564717   0.00188956   0.00739543   -0.00171396   0.00224552   0.0422835   0.004508   0.00764986   0.000973066   0.00405989   0.0186446   0.00378832   0.00648899   0.0179421   0.0309647   0.0375175   1   0.0946619   0.0039293   0.0171147   0.0109681   0.000506226   0.00582505   0.00451695   0.00342584   -0.00437233   -0.0103632   -0.00598792   -0.00533691   0.00697213   0.00960282   0.0153066   0.0202389   0.00406212   -0.00320519   -0.00228408   -0.00705543   -0.003311   -0.00228867   -0.0150235   -0.00556306   0.0039765   0.00189836   0.0279636   0.0346938   0.0320885   0.0339323   0.0328079   0.00528224   0.00602035   0.0559314   0.0227618   0.00268647   -0.00188402   -0.0073341   -0.00676673   0.000878906   -0.000718307   0.00477767   0.0183893   0.0186527   0.035962   0.0892694   0.00210102   0.00223007   0.0044449   0.00289284   0.00317404   -0.0198886   -0.00584052   -0.00159138   0.0130144   -0.00331644   -0.00158841   0.00575839   0.00217488   0.0128447   0.0161264   -0.00727201   -0.014084   -0.00236024   -0.000115928   -1.5001e-05   0.0011798   0.000435405   0.000247825   0.000210292   0.00795063   0.0094494   -0.00152286   -0.0160714   -0.00243131   -0.0154964   -0.00372475   -0.00102681   0.00140211   -0.000240448   0.00160714   0.0090114   -0.111125   0.00424379   0.00330124   0.0405562   0.00940454   0.0679985   0.00319558   -0.0472792   0.0089499   -0.020975   0.0026241   -0.000575864   -0.0059993   -0.0043759   -0.00308096   -0.0306185   -0.000751196   -0.0057302   0.0031015   0.024975   -0.0051336   -0.0205161   -7.50025e-05   0.00662908   -0.00823177   -0.00221334   -0.00390131   0.00508646   0.00256308   -0.0707535   0.00396035   -0.00706235   -0.00140031   -0.0783189   -0.00228602   -0.012165   -0.00800658   0.00564314   0.00257389   0.00484482   -0.0437624   -0.0124228   0.0149415   0.016929   -0.0108131   -0.00158609   -0.00426441   -0.0226826   -0.0170667   -0.0408071   -0.0164826   
0.010318   0.00433057   7.63668e-05   -0.00248064   -0.00159979   0.000979409   0.000935961   0.00416092   -0.000383782   0.00110076   -0.00210543   -0.00137789   0.000357704   -0.00364508   -0.00176665   9.30511e-05   -0.00113568   -0.00109693   0.00141656   -0.00074728   -0.000367042   -0.000642542   -0.00257745   0.00260064   0.000140809   0.000216244   -0.000596955   -0.00294404   -0.00120031   -1.39965e-05   -0.000395683   -0.00353066   -0.00457091   -0.00387944   0.000838439   -0.00309773   -0.00056582   0.000932548   0.00147994   0.00153854   0.000744375   0.00201873   -0.0018454   -0.000790993   -0.00150213   0.00339631   0.00396871   0.010999   0.0103848   0.00608104   0.00468587   0.00407391   0.000993678   0.00217256   0.00188599   0.0033679   -0.00152582   -0.000646724   -0.000372573   -0.000786789   -0.00461729   -0.00302588   -0.0012882   -0.00526592   -0.0021585   -0.00330211   -0.000859343   -0.000891245   0.000674991   8.29096e-05   -0.000348773   0.000686897   -0.00272244   0.000628062   -0.00420676   -0.00924703   -0.0109134   -0.00680841   -0.00695639   -0.00362017   -0.000481637   -0.001052   -0.00128883   0.000552875   0.000152924   0.000554033   -0.000442418   0.000585524   -0.000236056   0.0010211   -0.000724529   0.000891671   -0.00642132   -0.00380748   -0.00451158   -0.00260885   0.000669794   -0.000244276   0.000548941   0.000122888   -0.000666875   0.000538729   -0.000816371   0.00213128   0.0093898   0.00670387   0.00724084   0.00628361   0.00839981   0.00914011   0.00749474   0.0104322   0.0214654   0.0271296   1   0.0375175   0.0125952   0.00502855   0.017627   0.00965643   0.00456875   -0.000764841   0.00158897   0.000356206   -0.000281347   0.00101411   0.00275871   -0.00303715   0.00799579   0.00968819   0.0136038   0.0132007   0.00677963   0.000989653   0.00131582   0.000491653   -0.00394301   -0.00295383   -0.00291803   -0.00384312   -0.000624902   0.00427974   0.0311759   0.0322832   0.0313385   0.031725   0.0237741   0.00874065   0.0065822   -0.00996011   -0.00547255   -0.00217666   0.00812681   -0.000328304   -0.00347687   0.00320645   0.0040498   0.00622093   0.0155393   0.0175845   0.0179004   0.00143905   0.00324012   0.00324712   -0.00068439   -0.00142338   -0.00332261   -0.0075481   -0.00138131   -6.95906e-05   0.00494621   -0.000608224   -0.000744944   0.00492041   0.00268252   0.00888436   0.00298902   -0.00141424   -0.0039732   -0.000297934   4.5975e-05   0.000161317   0.000796267   0.000749307   0.00044921   -0.000152022   0.00321984   -0.0146376   0.00183682   -0.00258183   -0.000557677   0.00186489   0.000441367   -0.00041194   0.00172728   0.00210135   0.00159841   0.00213349   0.0237401   0.000819279   0.00407981   0.0230084   -0.00456823   0.0204563   0.00226774   -0.0162093   0.010094   0.0125168   0.00349539   -0.000267997   -0.00282616   -0.00279549   -0.00172045   -0.00737154   0.00253381   -0.00116569   0.00138678   0.00206049   -0.00558219   -0.0154452   0.000556826   0.00366523   -0.022149   -0.000342731   -0.000577481   0.00265475   0.0019535   -0.0650661   0.00167131   0.000691214   -0.0024734   -0.0713744   0.000246954   -0.00395018   -0.000984884   -0.000351725   0.00115623   0.0033326   -0.0420603   -0.00898447   0.0138341   0.00971318   -0.0057587   -0.0015962   -0.00450546   -0.00569958   -0.00704618   -0.0266839   -0.00937839   
0.000448532   -0.00134567   -0.00111961   0.000784856   -0.00473983   -0.00339123   0.00489161   0.00233622   0.00528123   -0.00533293   0.000479019   -0.000358694   -0.00285001   -0.00104599   -0.00568186   4.68786e-06   -0.000701264   -0.00164661   0.00242343   -0.00255688   -0.00198025   0.000418946   -0.00172734   -0.00127008   -0.000564927   -0.000328772   -0.000774588   -0.00287687   0.000501928   0.000187166   0.00026131   -0.00181076   -0.00328648   -0.00370811   -0.000758493   0.00137172   -0.00166093   -0.00262119   0.00142945   0.000900048   0.000641316   0.000252226   -0.00166151   -0.000607714   0.00645461   -0.000364834   0.00838457   0.00702149   0.0078186   0.00589622   0.000543542   -0.000641989   0.00211871   0.00247033   0.0006018   0.000727443   0.00210286   -0.000419243   -0.00110949   -0.00242853   -0.00344084   -0.00578796   -0.00962157   -0.00479092   -0.00374458   -0.00296429   -0.000851472   2.22341e-05   2.53081e-06   0.00179543   0.00158641   0.000788336   -0.00110753   -0.000784207   -0.00264327   -0.00642651   -0.0106095   -0.0047944   -0.00129736   -0.00325037   -0.00514802   -0.000657443   -0.00054474   -0.000192316   9.72233e-05   -0.00071396   -0.00340859   -0.00381652   2.09464e-06   -0.00214695   0.00321079   -0.00137652   -0.00275456   -0.00449912   0.000147767   -0.0022052   -0.00107837   0.00021732   -0.00206839   0.000596129   0.00185798   -0.00095649   0.000159097   0.00257146   0.00746761   0.00614204   0.00865826   0.00587461   0.00686   0.011121   0.00667138   0.0059754   0.0268324   1   0.0271296   0.0309647   0.006745   0.00570655   0.0173172   0.00757967   0.00139665   0.00452915   0.000641736   0.00237383   9.57346e-05   -0.00165814   0.000899524   0.0129695   0.0143059   0.0122028   0.0148257   0.0158324   0.00831103   0.00381105   0.00169872   -0.000968299   -0.000514262   -0.00142471   -0.00679475   -0.00146362   0.0058659   0.00424243   0.0232769   0.0245205   0.0231731   0.0258066   0.0211155   0.0109827   0.00755482   -0.00708745   -0.00477147   0.000989583   -0.0034403   -0.00375926   -0.00341529   -0.00111099   -0.00232684   0.0150617   0.0149948   0.0124291   0.0156406   -0.00984214   0.00256573   0.00287186   -0.00156576   -0.00588974   -0.000645229   -0.00679913   -0.00152744   -0.000296163   0.00182684   -0.00184651   0.00224091   0.0011732   0.000317596   0.00117804   0.00456703   -0.000954814   -0.00263701   0.00106821   0.000563448   0.000285129   0.000294257   0.0013195   0.000112241   0.00105452   0.0065614   0.00380375   0.000584685   -0.00584025   -0.000139366   0.00694199   0.00687197   9.16035e-05   0.000822387   0.00085904   0.00159913   0.00286684   0.0239352   0.00127605   -0.00138942   0.0127724   -0.00372615   0.0249689   -0.00206366   -0.000776417   -0.0175386   -0.0217036   0.00524646   -7.91077e-05   0.000412301   -0.00290595   -0.000654816   -0.0190063   -0.00204463   0.00168474   -0.00149758   0.000457131   -0.00718966   0.00640756   -0.000526331   0.00340566   -0.0323161   -0.000875809   -0.00208847   0.000990189   0.00194749   -0.0645269   0.000808118   -0.00113042   -0.00323274   -0.0218476   -0.00113885   -0.00520928   -0.00444959   0.0041006   0.000730821   0.00316277   -0.0366505   -0.000901497   0.0125159   0.0164675   -0.0067731   -0.000410027   0.00346135   -0.00152128   0.00297232   -0.0154747   -0.002727   
0.0122222   0.0138013   0.00131787   -0.00800607   -0.00373417   0.000791575   -0.00487668   0.00954839   0.00541798   -0.000906074   -0.00293114   -0.00123651   0.00233511   0.01379   -0.00280444   -0.000275428   -0.00111577   -0.00210819   -4.57877e-05   0.00486467   -0.00270419   -0.00955211   -0.00189938   -0.00236415   0.00133116   0.00109252   -0.00185862   -0.00200827   0.00188397   0.000585935   -0.000248658   0.00374056   -0.00182196   -0.00214967   -0.00381911   -0.00455266   -0.00442284   -0.00189931   0.000876364   0.00310079   0.000332761   -0.000982221   -0.000570575   -0.00262466   0.00364506   0.0135524   0.00623466   0.0129486   0.0035068   -0.00456437   -0.00725585   -0.00752386   0.00285918   0.00263333   0.00361536   0.00196735   -0.00391508   0.00149496   -0.00351603   0.0018961   -0.00124341   -0.00905481   -0.00278278   -0.00533381   -0.0117781   -0.00348692   2.7015e-05   0.000423273   0.00039739   -0.00143782   -0.00365858   -1.64741e-05   0.00437438   -0.0011629   -0.0067575   -0.00832594   -0.0124655   -0.0028655   -0.00550165   0.00788095   0.000908102   -0.00289875   -0.000815344   -0.000703386   0.00289007   -0.0045419   0.00215822   -0.00176367   -0.000133697   0.00712341   -0.000940741   -0.00445675   -0.0114444   -0.00277444   -7.69659e-05   -0.00237439   -0.00580368   0.00244226   0.006555   0.00207803   0.00150099   -0.00545175   0.00056499   4.13052e-05   0.0104383   0.0108063   0.00643036   0.00733649   0.0107712   0.003296   0.0109821   0.0117036   1   0.0268324   0.0214654   0.0179421   0.000950269   0.00699031   0.0156803   0.00205534   0.00248381   -0.00991979   -0.00547416   -0.00424634   0.000828768   0.00933654   0.0124288   0.0346193   0.0223563   0.0167972   0.0185501   0.0124654   0.011836   0.0119731   0.00530293   0.0156014   -0.0012429   -0.000373529   0.00770184   -0.00934193   -0.0107065   0.00735246   0.0112051   0.00868867   0.0098635   0.0205049   0.0156431   0.0135211   0.00821079   -0.00767476   -0.00182359   -0.00146881   0.0150663   0.00709525   -0.00459164   -0.00360436   0.00386199   0.030257   0.00760864   0.00870713   0.00309064   -0.0192889   0.00155103   0.00297932   0.00315979   -0.0188701   -0.0111738   -0.00437877   0.00284502   0.00406916   0.00415789   0.00440427   0.00366094   -0.00450483   0.00341264   0.0015129   0.0026457   0.00414017   0.00485841   0.00875371   0.00134865   -0.00104555   -0.00235898   0.000276113   -0.000651725   -0.00109054   0.000435303   0.00261102   0.000583699   -0.00954197   0.00200327   0.002174   0.0292625   0.000415825   0.00208541   0.00502771   0.00252074   -0.00654959   0.0152171   -0.00485286   -0.00510364   0.00255294   0.00588711   0.0171227   0.00219392   0.0503735   -0.0152241   0.0497193   0.00160976   -2.96616e-06   0.00103595   -0.00534898   -0.000803709   -0.031163   -0.00205228   -0.00119362   -0.00531953   -0.0140296   -0.00257368   0.0457384   0.00229333   0.0033542   -0.0533015   0.000339095   -0.00306476   0.0105681   0.00459913   -0.0526529   0.00132943   -0.00371802   -0.00175347   0.0472759   0.00113901   -0.00291412   -0.00372036   -0.0104911   0.00294674   0.00757087   -0.0250549   -0.00777098   0.00657241   0.0251271   -0.0138128   -0.00298708   -0.00951127   0.0030288   -0.00507834   -0.0259442   -0.0129568   
0.00239132   -0.00154267   0.00206625   -0.0104919   0.00345267   0.00719972   -0.0110441   0.00833589   -0.00508917   0.0116304   -0.00602715   -0.00260176   0.00653581   0.00430985   0.0052293   -4.34425e-05   -0.000805669   -0.000382588   -0.00247512   0.00500993   -0.000165192   -0.00877247   -0.00229721   0.00489883   0.00182793   0.00116712   -0.00101864   -0.000721408   -0.000994927   7.57559e-05   -0.000858204   -0.000692575   -0.00362066   -0.00146395   -0.00126654   -0.0100115   -0.00135573   0.00455338   -0.000957159   0.00213194   3.38154e-05   0.00210172   -0.000305566   -0.000577042   -0.0125956   0.0137633   -0.00177605   0.0160601   0.00713077   -0.00193043   0.00216877   0.00463113   -0.00109671   0.000108092   0.00362727   0.00356158   -0.0104424   0.00228281   -0.0018056   0.00484107   -0.00120672   -0.000742496   0.0119981   -0.00335252   -0.00361935   -0.00174129   0.000430101   -0.00127238   0.00122898   -0.00439182   -0.00565376   -0.000218286   0.000228332   -8.24035e-06   -0.0028016   -0.00581427   -0.00424716   -0.00362189   -0.0108225   0.00627615   0.00986541   -0.00154417   -0.00176504   0.000481511   0.00161682   -0.000726198   0.00805271   0.0068375   -0.000157123   0.0112676   -0.00506421   0.00226857   -0.0110528   -7.53082e-05   -0.00701775   -0.00152393   -0.00065003   8.0894e-05   0.00779493   0.000210054   -0.00431913   -0.0015909   -0.00112924   -0.0012905   0.00266745   0.00520356   0.00339864   0.00902614   0.0127909   0.000211694   0.00970067   1   0.0117036   0.0059754   0.0104322   0.00648899   -0.00018179   0.00355112   0.0102162   0.00196611   0.00632371   -0.0145076   -0.00122984   -0.00518478   0.00188346   0.0126932   0.0128278   -0.0034423   0.00178009   0.00367042   0.00547491   -0.000894738   0.00646851   0.0033335   0.000516579   0.0118912   -0.00425386   -0.000883496   0.0131329   -0.00688664   -0.0153591   0.00444069   0.0101255   0.00579791   0.00663624   0.00765305   0.00193127   0.00477353   0.00207359   -0.0103145   -0.00127986   -0.00434344   0.0289735   0.0120624   0.000205484   0.00523399   0.0135361   -0.00171904   -0.000983485   0.00639746   -0.00349214   0.00148715   0.00225746   0.00270492   0.00467646   -0.00390064   -0.0118302   -0.00470629   -0.00197004   0.000929119   0.00648228   0.00724515   -3.09643e-05   -0.00270657   0.00215755   0.00311322   -0.00177307   0.00409922   -0.000266378   -0.00259337   -0.000695813   0.000703026   0.00268381   0.0043761   0.000228004   -0.000206482   0.00278245   0.000657496   -0.00212257   0.00315175   0.000395347   -0.000465754   -0.00936883   -0.00158676   0.000100895   0.00138282   -0.00103405   -0.00988119   0.00522247   -0.00366728   0.00622788   0.0261208   0.0037431   -0.00594098   0.00262219   0.00760244   0.03418   0.085757   0.00183761   0.000314205   -0.00263245   0.00054907   0.000512299   -0.00503703   -0.000757845   0.000739085   -0.00122731   -0.0132254   0.001859   0.00617028   0.000880541   -0.000263909   -0.0484132   0.00121312   -0.000431246   0.00228831   0.00120502   -0.000580202   -0.000502717   0.000231593   0.000978784   -0.0308698   0.0032001   0.000728126   0.00198645   -0.0160731   0.000729066   0.00212088   -0.00938092   -0.00204848   -0.00946073   0.0119946   -0.0010126   -0.00372322   0.00145702   0.00561205   -0.00691733   -0.0206143   -0.00615929   
-0.025589   -0.0140835   0.00220288   0.00237368   0.00653368   -0.00106117   -0.00383895   0.000536781   0.00393765   0.00987523   0.0036394   0.00353901   0.000739975   0.0142957   0.00786994   -0.000326281   0.00282931   0.00378156   -0.00734657   0.00414317   0.000973589   -0.00288043   0.00630891   -0.00285068   0.000795913   -0.000221933   0.00384864   0.0104003   0.000787772   0.000327614   -0.00136766   0.00268437   0.00443929   0.00800753   -0.000337501   0.00547872   0.00185955   -0.00167024   -0.00177491   0.000211171   -4.59561e-05   -0.00257922   0.00379593   0.00131242   -0.0183764   -0.0079536   0.00255706   0.027826   0.0352088   0.029098   0.019186   -0.00129958   0.00138684   0.00116838   0.0055617   0.00387286   -0.00399146   0.00826306   -0.00295124   -0.00168448   -0.00207067   -0.00946913   -0.00200922   0.00544133   3.65317e-05   0.00670014   -0.000235998   0.000516866   -0.0011412   -0.00334849   -0.00173494   -0.0012848   0.00542003   -0.00330021   0.000899622   -0.00950566   -0.0124336   -0.0125598   0.000984522   0.00950114   0.00313015   -4.64853e-05   -0.00292627   -0.00351084   9.84316e-05   0.000489651   0.00589028   7.26078e-06   -1.96392e-05   0.0134511   0.000532877   -0.0259608   -0.0115258   0.00570053   0.00962261   0.0108692   -0.00146228   -0.00371998   0.000678707   -0.000408809   -0.000960186   -0.00266643   0.00488916   0.00626053   0.00523897   0.00356293   0.0123929   0.0400042   0.0364659   0.0244111   1   0.00970067   0.0109821   0.00667138   0.00749474   0.00378832   0.0113562   0.00435993   0.00776296   -0.00162381   0.00405728   0.000891405   0.000499036   0.00357452   0.00398814   0.012786   0.0112677   0.000398394   0.00161828   0.00183128   0.00449371   0.00194774   0.00498514   0.00925575   0.0159375   0.00405722   0.00116029   0.00575333   0.0255979   0.0129312   0.00545185   0.0060621   0.0102107   0.00151173   0.00230078   -0.000570587   -0.00316719   0.00894261   0.00208248   -0.00352701   0.00975346   0.0162795   0.00550033   0.0217581   0.013646   0.00717665   0.00534927   -0.00538223   0.00188835   -0.00239488   -0.000892881   -0.0222817   0.00300884   0.00242434   0.0064716   -0.00845383   -0.0113522   -0.00355692   -0.0141677   0.0154798   0.0315322   0.0120079   0.000363149   -0.0100041   -0.00305905   -0.00388239   0.0108812   0.00317694   -0.000797854   3.36991e-05   -0.0022615   -0.00204305   -0.000882655   0.00756009   -0.0012567   -0.000282678   -0.00149611   -0.00389646   0.00162385   0.00238598   0.00260256   0.00250577   0.00674932   0.00169621   0.00262547   0.00834095   0.00723689   -0.00253587   0.0133607   -0.0072042   -0.0195284   0.0347761   -0.0143529   -0.056771   0.0100769   0.0562312   0.0262812   0.00728236   -0.00708874   0.000695278   -0.0132488   0.0067236   0.00286917   -0.0662791   -0.0050681   0.000877007   -0.00165575   0.0619952   -0.0075822   0.0162549   -0.00011968   0.00848359   -0.0439158   0.00412325   0.000705945   -0.00392155   0.000719861   0.0030369   -0.000134197   0.00371236   0.00166552   -0.0112877   0.00606004   0.0137459   0.00353969   -0.0134389   -0.00199437   0.00283175   -0.00528753   0.0177111   -0.0343576   0.0180716   0.00152235   -0.00533453   -3.12528e-05   0.0314472   0.0365861   -0.00480155   0.0276923   
-0.0350395   -0.0423437   -0.00217442   0.00564669   -0.00535526   -0.00109349   0.0148657   0.00221299   0.0123503   -0.00872431   0.000614873   -0.00236186   -0.00556202   -0.0228618   -0.00280058   0.000472826   -0.00347567   0.00219023   0.00758794   -0.0152278   -0.00907297   0.0134244   -0.00648549   0.00698098   -0.00402291   0.000999316   -0.0050278   -0.00696692   0.000517999   -0.000311704   0.00142094   -0.00992741   -0.0119032   -0.0136482   0.0022703   0.00195145   0.00394553   -0.000159647   0.00243112   -0.000252901   0.000444292   0.00320445   -0.00763946   0.00227727   0.00156649   -0.021823   0.012515   0.0331902   0.0644323   0.0724742   0.0375174   0.0176101   0.00263242   0.00406802   -0.00397368   -0.00301245   -0.0071326   -0.00403959   0.00595679   0.00228264   -0.00885812   -0.00648246   -0.0145871   -0.00345807   0.00752021   -0.0071238   -0.00106695   -0.00540986   -0.00234743   0.00485837   0.00499166   0.0052716   -0.0126984   0.000736684   0.0146853   -0.00204581   -0.0244757   -0.00714196   0.00585049   -0.00661245   -0.00461344   0.00117653   -0.000391733   -0.000424732   -0.00457538   -0.00130422   0.000190817   -0.00773506   -0.000872848   0.000610119   0.00677269   -0.0114916   -0.0283069   -0.0100379   0.025027   0.0195156   0.00892378   -0.00247477   -0.0134462   -0.00414597   -0.00122256   0.00763508   0.000291295   0.0173112   -0.00449942   0.0113436   0.0420765   0.0487161   0.0642458   1   0.0244111   0.000211694   0.003296   0.011121   0.00914011   0.0186446   -0.00254828   0.00445179   0.0127018   0.00900505   -0.000311834   0.0242834   0.0148846   0.0104237   0.00638497   -0.0145325   -0.0132782   -0.00167977   -0.000307931   0.00109842   -0.00560166   0.00548759   0.00182628   -0.00936453   -0.0115681   0.00178514   0.0186837   0.0199403   -0.00663788   0.0316234   0.0318791   0.00233759   -0.00406635   -0.000199298   -0.00507032   -0.00862043   0.0027854   -0.00233345   -0.000865523   -0.00250741   -0.00688096   0.0123988   0.0141559   0.00706513   0.0200224   0.0097044   -0.0079756   0.00240872   0.0033752   0.00110579   0.0020402   0.00696303   -0.000885503   -0.000590211   -0.00384074   0.00923822   0.004783   -0.0321312   -0.0131001   0.0149614   0.0507895   0.0100844   -0.00585696   0.00305605   -0.00892964   0.00192557   0.0205113   -0.0139424   -0.0360827   -0.000641699   0.00073051   -0.000579846   0.00181112   0.00164868   -0.00129587   -0.00226838   -0.00335452   0.00353965   0.00111756   0.00700764   -0.00331236   0.0100438   0.0155078   6.37413e-06   0.00501978   0.00547595   0.00665133   0.0194865   0.0302548   0.00953911   -0.0213261   0.0869173   -0.0362931   0.0807591   0.00415985   -0.0864506   -0.0666002   -0.0740268   -0.0790658   0.00255519   -0.00284232   0.00910959   0.00977011   -0.0980154   -0.00558349   0.00332704   -0.00168481   0.13889   -0.00892341   0.00860414   -0.00474174   0.0140955   -0.0278595   -0.000373018   -0.0018547   -0.0138578   0.000724789   0.0127895   -0.00752578   0.0192269   -0.00387334   -0.00941111   0.00145683   -0.0101051   -0.00854014   0.0332634   -0.00172021   0.00286842   0.00179393   0.0236692   -0.107888   0.0363905   -0.0174449   -0.0162909   -0.00940972   -0.00817598   0.0298793   -0.0320022   0.0315263   
-0.0417998   -0.0428927   0.00461094   -0.00248592   0.00877844   0.0104902   -0.0184522   0.014026   0.0201675   0.0270806   0.00138952   -0.00113283   0.0191719   -0.00139615   0.0124758   0.00011948   0.00252694   0.00425704   -0.00258474   -0.0128549   -0.0144999   -0.000568019   -0.000434948   0.0147025   -0.00089413   0.00605968   -0.00702657   0.00868143   0.00740858   -9.53874e-05   -0.000959619   -0.00834504   -0.0175948   -0.0175746   -0.000568001   -0.0103992   -0.00750679   0.0036653   -0.000202341   0.00382893   0.00108543   0.00341846   -0.0010656   0.00448527   -0.0240917   -0.00282407   0.0336269   0.0574933   0.0602982   0.0672732   0.0289498   0.0201148   0.0013366   0.00175867   0.00429582   0.00513545   -0.0254411   0.00996827   -0.00336258   0.0141771   -0.00173378   -0.0129542   -0.00383523   0.00579117   0.00595662   0.000331099   -0.00149814   -0.00483316   -0.00288615   -0.00113646   -0.0014537   -0.00164016   -0.00381963   -0.00239462   0.00269099   -0.0117924   -0.0270733   -0.0256676   -0.00817501   0.00523252   0.0154337   0.000703818   -0.00276928   -0.00215631   -0.0029356   -0.0028127   0.0184433   0.000544395   -0.00115367   0.020395   0.00449939   -0.0139885   -0.0406382   -0.0198372   0.0204681   0.0174448   0.00121198   -0.00239548   -0.00137596   -0.00499713   -0.0061153   0.00331325   -0.000980073   0.00754291   0.00187089   0.0387546   0.0619053   0.07187   1   0.0642458   0.0364659   0.0127909   0.0107712   0.00686   0.00839981   0.00405989   0.0127835   0.00730938   0.00978655   0.00518253   0.0148263   -0.000707643   0.00461098   -0.00403113   0.0188754   0.0163816   0.00417476   -0.00435489   -0.00447895   0.0047495   -0.00534262   -0.00431121   0.00357802   -0.00409048   0.0165744   0.0275567   0.00909964   0.0154564   0.0293297   0.0408563   0.0175171   0.00563816   -0.000876515   -0.00696033   -0.00469864   -0.00642122   0.000169117   0.00132925   -0.00195369   -0.00712778   0.00543974   0.00824219   0.0487406   0.0245748   0.0307048   0.0130303   0.00635482   -0.00133987   -0.00526751   0.00422731   -0.0074264   -0.00880444   -0.000496724   -7.39963e-05   0.000735929   0.0101574   -0.0149608   -0.000692724   -0.00998872   0.0172259   0.0289879   0.0178857   -0.000246377   -0.00411805   -0.00617535   -0.004148   0.0118818   -0.00216456   -0.0238189   -0.000173973   -0.00044326   -0.00087753   0.00121896   -0.000181815   0.0004858   -0.000814992   -0.00431216   -0.00148906   0.00104692   0.00824688   -0.00175957   0.0071211   0.0136442   -0.00321908   0.00631396   0.0150919   0.0100112   -0.000382135   0.0506309   0.000625163   0.00132775   0.114835   -0.0228912   -0.0740214   0.00946489   -0.0257353   -0.0925538   0.0485484   0.0269066   0.00308235   -0.00264897   0.0130406   0.0121818   -0.0691935   -0.0091112   0.00282939   0.00904907   0.0750529   -0.00689514   0.0138089   -0.00369203   0.0125693   -0.00447774   0.0079167   -0.00182897   -0.016684   0.00157619   0.0133773   -0.00929505   0.0185342   0.000659503   -0.0095393   0.0157915   0.0121771   -0.00397152   0.00994288   -0.00269686   0.00483076   0.00426584   0.0369673   -0.126812   0.0404181   -0.00680608   -0.0154574   0.00222274   0.0367582   0.0556088   -0.0255514   0.0556282   
-0.019788   -0.0144595   -0.000534391   0.0102277   0.000986324   -0.0201687   0.00624588   0.0059   0.0189443   0.0134708   0.00765979   0.00711253   -0.0123732   0.0151377   0.00439455   -0.000427298   0.00546268   0.00621562   -0.0134387   0.00120752   0.00103085   -0.00260947   0.00650624   -0.0085593   0.000755205   -0.00271729   0.0117447   0.0119361   -0.00226944   0.000872831   -0.00535204   -0.0131475   -0.00749899   0.00399865   0.00166567   0.0175018   0.00621027   -0.00862301   0.00384338   0.00380318   0.00541007   0.000342031   0.00192764   0.00196291   -0.0431136   -0.0174477   0.0584563   0.0932003   0.0704761   0.0323529   0.0283582   -0.000507705   0.00807131   0.00813179   0.0122806   0.0102849   0.000745091   0.0138735   -0.0126488   -0.0172133   -0.00664049   -0.0106412   -0.0156489   -0.00466937   -0.00578258   0.00686531   -0.00178263   0.00400559   0.000165482   -0.00228554   0.00187376   -0.00256887   0.00547198   -0.00459288   -0.00643112   -0.0156931   -0.018166   -0.027655   -0.0107605   -0.00962436   -0.015817   -0.00128323   -0.00652174   -0.00564231   -0.000123242   0.0035186   -0.0130888   -0.00420541   0.000267319   0.000726946   -0.00430335   -0.0324549   0.00685242   -0.00108189   -0.027565   -0.0174676   -0.00764587   -0.00968113   -0.00658112   -0.0020543   -4.07469e-06   0.00158597   0.00370734   -0.00216959   0.0270719   0.0673222   0.122781   1   0.07187   0.0487161   0.0400042   0.00902614   0.00733649   0.00587461   0.00628361   0.000973066   0.00371724   0.00482671   0.00636844   0.00284845   0.0111144   0.0358919   0.021999   0.0254111   0.000610158   0.00246545   0.00394342   -0.0047441   -0.00508442   -0.0117818   -0.0048127   -0.00232748   -0.00528377   0.0112377   0.0352349   0.0243608   0.0554588   0.0415689   0.0269627   0.00407584   0.00691201   0.00476697   0.00223697   -0.00505744   -0.00658221   -0.0130328   -0.00415446   0.00513667   -0.000800869   0.00846735   0.0346724   0.0603578   -0.0082913   0.0277713   0.0165813   0.00705204   0.000850053   -0.00465749   0.00686494   -0.00915604   0.000935199   -0.0297105   0.00365402   0.00145607   0.000771153   -0.0117854   0.00573879   0.0131557   0.000478504   0.0059999   -0.00184237   -0.0105342   0.000493968   -0.00789734   -0.00251282   -0.00665588   -0.000105383   0.00424732   0.0101809   0.000620412   -0.000866912   -0.000188045   -0.00229127   0.00145475   -0.000721479   0.000642892   -0.00813133   -0.00634387   -0.000439745   0.00277273   0.00149429   0.00802325   0.00568332   0.000423851   0.00270278   0.0112739   0.016541   -0.0206493   0.061996   -0.00714395   -0.0162687   0.129159   -0.0037038   -0.0389017   -0.00187906   0.0740537   0.095925   -0.0669895   -0.0173913   0.00366898   -0.00277503   0.017403   0.0126354   -0.00994867   -0.0102715   0.00106739   -0.00625055   -0.0535544   -0.030469   0.0274468   -0.00363935   0.0162543   0.0115481   0.00517291   -0.00517698   -0.0106848   0.00340974   0.0126461   -0.0111406   0.0300363   -0.00448239   -0.00119874   0.00830702   0.0115848   -0.00460473   -0.0294536   -0.00314285   0.00801321   0.00662757   0.0295224   -0.174863   0.0285719   0.00688417   -0.0354891   -0.000331159   0.0384673   0.0481257   -0.0642553   0.0312816   
0.00863547   0.0206814   -0.00343155   0.000834555   -0.00845989   -0.0120849   1.63671e-05   0.00380661   0.0133578   -0.00367123   -0.000285918   -0.000941644   -0.00349767   -0.00518189   -0.00728661   7.38501e-05   -0.0011755   -7.71016e-05   0.00298435   -0.00534395   -0.00361931   0.00436558   -0.00340401   -0.000938941   -0.000612009   -0.000350012   -0.00143274   -0.00624753   0.000317087   0.00033411   -0.000982023   -0.00722811   -0.00998573   -0.0113888   -0.00077442   0.00260794   -0.00211352   -0.00378204   0.00324442   0.00297976   0.00266594   0.00209185   -0.00415331   -0.000393624   0.0120143   0.0270466   0.0840605   0.0652091   0.0272278   0.00796967   -0.000918587   0.00467554   0.0067267   0.00816679   0.00487578   0.00709539   0.0106461   0.00203195   0.00466482   -0.0137864   -0.0093379   -0.00545695   -0.0164814   -0.0125298   -0.00803243   -0.00691282   -0.00140609   0.000366117   0.00103149   0.00411163   0.00417549   -0.00728465   -0.00372126   -0.00304229   -0.0185784   -0.0114659   -0.0161248   -0.01888   -0.0221952   -0.0258668   -0.0179227   -0.00276385   -0.00324579   -0.000702189   9.92155e-06   -0.00291928   -0.0211623   -0.00795191   -0.000485965   -0.0217413   -0.0103476   0.00735197   0.00725216   -0.0180536   -0.0249078   -0.0237834   -0.00716281   -0.00539744   -0.00760468   -0.0034575   -0.00100301   0.00111933   -0.00676067   -0.0149523   0.0581363   0.132303   1   0.122781   0.0619053   0.0420765   0.0123929   0.00339864   0.00643036   0.00865826   0.00724084   0.00764986   0.00527756   0.00504225   0.00877077   0.0119563   0.0188902   0.0407515   0.0292142   0.021512   0.00948985   -0.00554591   -0.00896731   -0.0068252   -0.00478016   -0.00715101   -0.0106267   -0.000849525   -0.00157637   0.000779589   0.0204761   0.0501252   0.0684715   0.0461334   0.00260985   0.00724255   0.00977669   0.00243706   -0.00609653   -0.0027599   -0.00769457   -0.0109354   0.00304935   -0.00140083   -0.00230916   0.0169247   0.0267054   0.0402689   0.0170556   0.00725427   0.00813176   0.000175764   -0.00416743   0.00463791   0.00653283   0.00254478   0.00421614   0.00432077   0.00173454   0.000798148   -0.0171401   0.000742117   0.017357   0.0221018   0.0270312   -0.0196851   -0.0567756   -0.0179717   0.00557804   0.00764384   0.000818789   -0.013115   -0.0351611   0.00328792   0.0216015   -0.00248863   0.00148882   0.00255065   0.000741711   -0.00366357   -0.000347659   0.000109933   -0.00184147   -0.00311527   -0.000675635   0.00751887   -0.000499275   0.0117196   -0.0214757   -0.00215811   -0.00278731   -0.00293251   -0.00124691   -0.0211987   0.073004   0.00705091   -0.00226302   0.0200111   0.0101981   0.0394442   -0.0203073   -0.0146675   -0.0342881   -0.0428141   -0.00157564   0.00469186   0.0231457   0.0137574   0.0158847   0.121197   -0.00172166   0.00368338   -0.0198572   -0.0960886   -0.0293908   0.0207883   -0.00157769   0.00919511   0.00911772   -0.00209965   -0.0027934   -0.00106792   0.00733902   0.0103492   -0.0186435   0.0285733   -0.00842555   -0.0149989   -0.00270084   -0.0107929   -0.00649042   0.00878894   0.0010831   0.01283   0.0039626   0.0030448   -0.19946   -0.0583492   0.00312186   -0.0326953   0.0224424   -2.77039e-05   0.0160815   -0.0490721   0.00508183   
0.0204933   0.0435429   0.000278036   -0.00741664   0.00247771   0.00869422   -0.0124767   -0.0061614   -0.0108545   -0.00755327   -0.0033929   -0.00239337   0.010495   0.00479477   0.00196416   -7.61262e-05   -0.00419649   0.00082704   0.0053246   0.00922394   0.00482409   0.00523673   0.0025501   -0.00217399   0.000579029   0.0017635   -0.00652032   -0.00367516   0.00147826   -0.000163929   0.0032091   0.0215196   0.0188371   0.008109   -0.0048063   -0.00500191   -0.0024383   0.00377865   -0.00550102   -0.00301077   -0.00506806   -0.00587317   0.00306047   -0.00259261   0.0842054   0.0988426   0.0633809   -2.32284e-05   -0.035987   -0.0285705   -0.0258315   -0.00622718   0.00270098   0.00250893   0.00188554   0.0082159   0.0392848   -0.00257603   0.0211933   -0.00703173   -0.00985046   -0.00941307   -0.00302975   -0.00333868   -0.00706811   -0.00418043   0.000257885   -0.0021248   -0.000529166   0.000434428   -0.00212046   -0.0133014   0.00116733   -0.00185652   -0.0293578   -0.0192647   -0.0202983   -0.0177256   -0.0223187   -0.00927956   -0.00143188   -0.00315418   -0.00261188   -0.00121485   0.000757134   -0.00853534   -0.0124248   -0.00306588   -0.00106096   -0.0190525   -0.0169402   0.00746355   -0.00348641   -0.0092679   -0.00222422   -0.0055937   -0.00687115   -0.0027842   0.000973319   -0.00358735   -0.00569882   -0.0165282   -0.00624326   -0.0163297   0.0982974   1   0.132303   0.0673222   0.0387546   0.0113436   0.00356293   0.00520356   0.0108063   0.00614204   0.00670387   0.004508   0.0310058   0.0032042   0.00231015   0.00936507   0.0236033   0.0182641   0.0187274   0.00806992   0.0162858   0.0108623   0.00146109   -0.00806585   -0.00437106   0.000173811   -0.00680195   -0.00252101   0.00189398   0.00324834   0.0258894   0.0629933   0.0495536   0.0350819   0.0216778   0.015594   0.000754317   0.00575161   -0.000889279   -0.000855644   -0.00186925   -0.00125572   0.0051495   8.40177e-05   -0.00215813   0.00798963   0.0208046   0.0228472   0.044875   0.018765   0.0127964   0.0037837   0.00460354   0.00537731   0.00377579   0.0102175   0.0018504   -0.000671792   0.00143879   0.00113091   -0.00121218   0.0061737   0.00372812   0.0224007   0.0182344   -0.0234905   -0.0550905   -0.00215544   -0.0012705   0.000840876   0.00293204   -0.0095981   -0.023843   0.0073652   0.0294646   -0.000358878   0.000302455   0.000604368   -0.000144917   -0.000405349   -0.0009217   -0.000303721   -0.0106934   -0.00210681   -0.000745168   0.00130349   0.00347002   0.00735936   -0.0254181   0.00370078   -0.000585617   0.00267588   -0.00773663   -0.00922754   0.0678101   0.00769662   0.00333947   -0.174555   0.0170467   -0.0113735   -0.0115727   0.0128238   -0.0743733   0.0503773   -0.00789567   0.00292967   0.0381712   0.00536491   0.0114581   0.111214   0.00741876   0.000720801   -0.00710352   -0.0477864   -0.018975   0.0177211   0.00646959   0.00443457   0.0140543   -0.0024685   0.00878054   0.0152684   0.0127424   -0.00225151   -0.0140992   0.0328776   0.00251268   -0.0285693   -0.00542919   0.000103843   0.0127922   0.0172889   0.00288569   0.0224588   -0.00239357   -0.0108261   -0.151689   -0.107458   0.001341   -0.0130689   0.00168797   0.00318556   0.00923799   0.0229486   -0.00504542   
0.00851167   0.0205001   -0.00177634   -0.00497211   -0.00113598   0.00391669   0.00307482   -0.00981695   -0.0165162   -0.0186779   -0.00123498   3.10031e-05   -0.00374296   0.0186912   -0.00508121   -0.000436325   -0.00272748   -0.00247785   0.00175227   0.0171105   0.00919353   -0.00154894   0.00485659   -0.0136096   0.00169197   -0.00315089   -0.000359383   -0.00219306   -0.00192552   0.000433153   0.00282834   0.0277042   0.0310191   0.0228231   -0.00404035   0.00515278   0.0015033   -0.00146037   -0.00795428   -0.00553058   -0.00563998   -0.00912783   0.00549316   -0.00355248   0.0866586   0.0816211   0.0183401   -0.0250908   -0.035793   -0.0340484   -0.0230291   -0.0207154   0.00227925   0.000378088   0.000449941   0.00296299   0.0490874   -0.00313144   0.0142311   -0.00993081   -0.00582805   -0.00892889   -0.000526224   0.00170378   -0.00899109   0.00129091   0.000867705   0.00049427   -0.000740592   -0.00256613   -0.00421083   -0.00666862   0.00835843   -0.00216094   -0.017423   -0.0181035   -0.0172302   -0.00578319   -0.00325985   0.0080817   -0.00399979   -0.00296082   -0.00241006   -0.00348951   0.00157944   -0.00773227   -0.0104288   -0.00435544   -7.45283e-05   -0.0176318   -0.0291422   -0.0267771   -0.00152012   0.0129374   0.0106917   0.00461933   -0.00554089   -0.000976959   0.00250572   0.000173467   -0.0011154   -0.0158276   0.0010352   -0.00918788   1   0.0982974   0.0581363   0.0270719   0.00187089   -0.00449942   0.00523897   0.00266745   0.0104383   0.00746761   0.0093898   0.0422835   0.113885   0.00081907   -0.00145131   -0.000492672   0.0091508   0.0112796   0.0093992   0.00924975   0.00237777   0.0054441   0.00352763   -0.00567321   -0.0014578   -0.00124865   0.00332883   0.00669976   0.00101756   0.0127192   0.0228808   0.0321076   0.0249257   0.0199058   0.0211589   -0.00114793   -0.00618197   0.00524187   0.00401431   0.00440519   0.00221364   0.00532848   0.00687977   0.00500258   0.000804613   0.0705097   0.0505016   0.0309741   0.015426   0.0230135   0.00462164   -0.00144172   0.00234787   -0.00355535   0.00540539   0.00257931   0.0172329   0.0608129   0.00244422   0.00184741   0.020109   -0.00901339   -0.000873726   0.00153283   -0.0023375   -0.00661387   -0.00675675   0.0015612   0.000247683   -0.0100254   0.000544761   -0.000335554   0.014577   0.00418152   0.0190502   0.00138367   -0.00245112   -0.00261985   -0.00317056   0.00470784   0.000161752   -9.27942e-05   0.000421691   -0.00128832   0.00159983   -0.000226483   0.00534428   -0.0313785   -0.00369062   0.00669732   -0.0010643   0.00063025   -0.0063454   0.00590563   -0.0981923   0.00392305   -0.0147838   -0.182403   0.0366245   0.00529702   0.00639583   0.0795486   0.000173836   0.0232026   -0.0115721   0.000125777   0.0195529   2.39705e-05   0.00271444   -0.0170231   0.00391107   -0.00675956   0.00276392   0.00834943   -0.0143605   0.0102216   0.00550962   0.00361781   0.00563968   -0.0036524   0.00487079   0.0170344   0.00914837   -0.00934742   -0.000817087   0.0150416   0.00873576   -0.0264594   -0.00881536   0.000101785   0.00918228   -0.00634917   0.00191862   0.0170937   -0.00733516   0.00160723   -0.0601252   -0.0430421   -0.00192733   -0.0194778   9.85056e-05   0.00342975   0.0117385   0.0402666   -0.0117372   
0.015084   0.000523296   -0.00445656   0.000948878   0.000428988   0.00514012   0.0133333   -0.00747691   -0.0153045   -0.0171744   -0.00198348   -5.0334e-05   -0.00602252   -0.0094243   -0.00946221   0.0001276   -0.00413637   -0.00556954   0.0136545   0.0093663   0.0178781   0.0159463   0.00721304   -0.000104696   -0.00110142   -0.00215129   -0.000130354   -0.00426023   -0.00476694   -0.000935687   0.00715099   0.0146638   0.0171302   0.0136016   3.61407e-05   0.0037871   0.000312692   0.000238983   -0.00704393   -0.00702806   -0.00730763   -0.00514758   0.0111446   -0.000988796   -0.000353819   -0.00826985   -0.0141558   -0.00553038   0.0164709   0.02168   0.0177045   0.00850189   0.00934034   0.00834831   0.00642161   0.00553587   -0.0118352   0.0039256   0.0250409   -0.00249119   -0.00732272   -0.00550805   -0.00503689   0.00163395   0.00445054   0.0015344   0.00139573   0.00490646   0.00331508   0.00496825   0.00562378   0.00478527   0.00593062   0.0116269   0.00285235   -0.00861991   -0.0106341   -0.000371958   0.010254   0.00405573   0.00188807   0.0022184   0.00038808   0.00122899   5.39989e-05   0.00430669   0.00337424   0.00213325   0.000896574   0.0643148   0.104061   0.0304635   -0.0377425   -0.0468678   -0.0292041   -0.0148893   -5.12284e-05   0.00835662   -0.000595302   0.00387611   -0.00402698   -0.0215526   0.0147158   1   -0.00918788   -0.0163297   -0.0149523   -0.00216959   0.00754291   0.0173112   0.00626053   -0.0012905   4.13052e-05   0.00257146   0.00213128   0.00224552   -0.00992596   -0.000230292   0.00127419   -0.000600303   -0.00620502   0.00134478   -0.000711685   0.000999622   -0.0030326   -0.00681971   -0.00481568   0.000641185   0.000107979   -0.00145867   -0.00133265   -0.000326797   -0.00142301   0.00551476   -0.00632852   -0.00945072   -0.00121815   0.00343903   0.000911856   0.00833655   0.00904466   0.00811322   -0.00050364   0.00135863   0.00103571   -0.000100485   0.000164446   -0.000867291   0.000299671   0.0110239   0.0354492   0.0351884   -0.00120473   -0.0113178   -0.00820614   -0.00396528   -0.00633908   0.000955978   0.00196077   -4.62504e-05   0.0016416   -0.00114418   -0.00143841   -0.00127622   0.00878712   -0.000932697   -0.00680121   -0.0224155   -0.0160937   0.00399884   0.0255855   0.00702378   -0.0118406   -0.00239459   -0.00263176   0.0125392   0.0296003   -0.00493763   0.00541924   -0.000520777   -0.000671689   -0.000736224   0.00119318   0.00611517   0.000182164   0.000647195   -0.00364043   0.00525164   -0.00697319   0.00951021   -0.0932586   0.016729   0.00201192   0.0103216   0.0134734   0.0163222   0.00913859   0.0889631   0.0107097   0.00349741   0.00233693   0.0134317   -0.209797   0.0185879   0.00943572   -0.0221931   0.00945148   -0.0297749   0.0120859   0.000102155   0.0220759   -0.00227207   -0.00275619   -0.0730666   0.00257333   -0.00524196   0.00621911   0.0650708   0.00975499   -0.00182026   0.0046584   -0.0245845   0.00150662   -0.00345065   0.017907   0.00171191   -0.00168111   -0.000372993   -0.000634062   -0.00020247   -0.0118133   0.00257671   -0.00722648   -0.00432136   0.024891   0.0406558   -0.00164293   -0.00777114   0.000261335   -0.0132326   -0.00540119   0.0159964   -0.0145328   -0.00787433   -0.0338931   -0.0159328   -0.020665   -0.0285595   0.0557751   
-0.00363581   0.000493377   -0.000807109   0.00282304   1.81662e-05   -0.00300136   0.00464015   -0.00206362   0.000941826   -0.00439177   0.00251606   0.00221254   -0.0041642   0.00771312   -0.00151922   -0.000209378   0.00060987   -0.000448801   -0.00022959   0.00414016   0.00400104   0.000708039   0.00442354   -0.00523959   0.000298305   -0.00134052   0.00238105   0.00286064   -1.16263e-05   0.000133144   0.000541282   0.00544034   0.007235   0.00743063   -0.000527991   0.00605881   0.000458871   -0.00338215   -0.00126545   -0.00136835   -0.00115451   -0.00335292   0.00454526   -0.00038044   -0.00175321   -0.00687674   -0.00493725   -0.00149023   0.00424276   0.00356275   0.00483645   -0.00227655   0.00711308   0.00497582   0.00531709   0.00326879   0.00140403   0.00674711   0.00626058   -0.00309506   -0.000577391   -0.00452929   -0.00493747   0.00314694   -0.00100663   0.00483474   0.00248514   0.00591956   0.00218938   0.00238425   0.003157   0.00161034   0.00740975   0.00414738   0.000454474   -0.00214353   -0.00361426   -0.00150313   0.00566994   0.00472045   -0.0019325   0.000978527   -6.27987e-05   -0.00136787   0.000727521   3.74202e-05   -0.00109566   -7.03174e-05   0.000929006   0.0123768   0.0244899   0.00536654   0.00747595   0.00485159   0.00418183   0.00289467   0.000428982   0.004978   0.00335227   0.00476003   0.00448491   -0.00794131   1   0.0147158   0.0010352   -0.00624326   -0.00676067   0.00370734   -0.000980073   0.000291295   0.00488916   -0.00112924   0.00056499   0.000159097   -0.000816371   -0.00171396   0.00139128   0.000114784   -0.00143112   -0.00360204   -0.00296256   0.00237367   -0.00211048   0.00203295   -0.0022348   -0.000327554   0.000171383   0.000283058   -9.09375e-05   -0.00200982   0.000259285   0.000777464   -0.000479161   0.00682177   0.00466065   -0.00320582   -0.000525825   3.6978e-05   0.00418915   -0.000338533   0.00140622   0.00263946   0.00154005   0.000617735   0.000150801   -0.000582218   -0.00271898   0.00277238   0.00074663   0.00703415   0.0144224   0.0177637   -0.0059485   0.00562453   0.00131477   -0.000952329   -0.00270835   -0.00133506   0.00265276   -0.0021694   0.00244135   -0.0109442   0.00093989   0.000441627   0.00433545   -0.00842633   -0.0040963   -0.0040925   -0.00807881   0.00155388   0.00706048   0.00282648   -0.00750409   -0.00673427   -0.00197978   -0.000498173   0.00925421   0.00237629   0.00907657   -0.000555652   -0.00103521   -9.22152e-05   0.000780847   0.00749715   0.000263991   -0.000252781   -0.0064334   -0.00239334   -0.00177374   0.0010856   -0.0196559   0.00380207   -0.00301364   0.00325929   0.0032821   0.00584726   0.00525605   0.0191697   -0.00283762   -0.00246272   -0.010584   -0.00636733   -0.0312191   -0.0123379   -0.000627421   0.037609   0.00853322   -0.0210765   0.00153069   -0.000460302   0.00323545   0.00202063   -0.00207455   -0.0321795   -0.00105277   -0.0022929   0.00341492   0.0157524   0.00735058   0.000711671   0.00100607   -0.0260116   0.00116041   0.00039953   0.002263   0.00126124   -0.000421274   -0.000512279   -0.000829839   -0.00129606   -0.00473193   0.00259949   -0.000355533   0.00346444   0.00379376   0.000563215   -0.000672892   -0.00318613   0.000149056   0.00320307   0.00634791   0.00662727   0.000633099   -0.000289984   -0.0207934   0.00817969   0.00908493   0.00451255   0.00430572   
0.0159877   0.0136289   0.00119339   0.0031416   -0.00320104   -0.00455605   -0.000479215   0.00374003   0.0090338   0.00828335   0.000992349   -0.00064237   0.000758835   -0.0102978   -0.000123174   0.000285763   0.00209585   0.000909692   -0.00314601   -0.0120701   -0.00970799   -0.00240049   -0.00700873   0.00575239   -0.000797965   0.000960473   0.000123297   -0.0015297   0.000501454   8.97976e-05   -0.00330193   -0.018446   -0.0193802   -0.0156264   0.00298928   -0.00273881   2.72519e-06   0.00141925   0.00647131   0.00423636   0.00551605   0.00660008   -0.00614307   0.00120765   0.0177669   -0.0392686   -0.0175468   0.00170788   0.0086883   0.00985238   0.00569649   0.0055667   -0.00933988   -0.0103234   -0.0123821   0.00576499   0.121449   -0.00451948   -0.00187873   -0.00248106   -0.000244586   0.00541292   6.43715e-05   -0.00237257   0.00406352   -0.00254186   -0.00148509   -0.00731731   -0.00530496   -0.00424228   -0.00596334   -0.00502671   -0.00528761   0.00136716   0.00532541   0.00664639   0.00333936   -0.000769385   -0.00362775   -0.0109907   -0.00356695   -0.000510175   0.000584526   -0.00172764   -0.00661452   -0.00670362   -0.00978032   -0.00125516   -0.000864189   0.242899   -0.00230703   -0.0141515   -0.00328662   0.00885274   0.0055796   0.0014246   0.00255315   -0.00706661   0.0147585   -0.00371627   0.0901435   1   -0.00794131   -0.0215526   -0.0158276   -0.0165282   0.00111933   0.00158597   0.00331325   0.00763508   -0.00266643   -0.0015909   -0.00545175   -0.00095649   0.000538729   0.00739543   0.00411938   -0.000522799   0.00188734   0.00704885   0.00431169   0.00915458   0.0072195   0.00369625   0.00177487   -0.00445544   -0.00401323   0.000429321   0.000219531   0.000962073   -0.00059207   0.00202135   -0.000585695   -0.00584572   0.00144031   0.00240637   0.00810092   0.00494111   -0.00697119   0.00414113   0.00632127   -0.0012054   -0.00178027   -0.000334895   -0.000367139   -0.00150574   0.00629426   -0.00324059   -0.00081744   -0.00117593   -0.023738   -0.0231084   -0.0090643   -0.00722757   0.00232136   0.00248616   -0.000808517   0.000962563   -0.00114796   -0.00012566   0.00202621   0.0244761   -0.000864917   5.17901e-06   -0.0128173   0.0042281   0.00255224   -0.000500381   0.00606522   -0.00107811   -0.00509128   -0.00325961   -2.25894e-05   0.00706446   0.000885518   0.00402024   -0.0124248   -0.00209436   -0.00102678   -1.57771e-05   0.00169987   0.00115796   0.00102204   -0.00287667   0.000874165   0.000356207   0.00276942   0.00252356   -3.40368e-05   0.00959938   -0.0042635   -0.0749322   -0.00374173   -0.00681473   -0.0059236   -0.0109354   -0.00440628   -0.532876   0.0245913   -0.00548638   -0.00473842   0.0662499   0.0745227   0.0171609   -0.0039933   -0.0498546   0.00140619   -0.019024   0.0107585   0.00102623   0.00778513   0.0002464   -0.00267182   0.0392916   -0.000386759   -0.0153838   0.000318323   0.00311356   0.000479047   0.00376605   -0.00389225   -0.00639572   -0.00277919   0.00056914   -0.00909548   -0.00527368   0.00882889   -0.00154312   0.00437918   0.00292134   0.0256575   -0.00182627   0.00256585   -0.00423145   -0.0145206   -0.00912026   0.000497786   0.0186684   -0.0012603   -0.0111802   -0.0134753   -0.016684   -0.00197858   -0.00336528   -0.000559816   -0.0163882   -0.0163092   -0.0214733   -0.021805   
0.026175   0.0388864   0.00304993   0.0055681   -0.00661331   -0.0101908   0.00265996   0.00337466   0.0155211   -0.00562007   0.0058543   0.00311865   -0.00229831   0.0136644   -0.00268303   -0.000277432   0.00243944   0.00107207   -0.00327823   -0.00399637   -0.00796803   -0.00741255   -0.00130137   -0.00722028   0.000639711   0.00152184   0.00172269   0.00306291   0.0049517   0.000763794   -0.0026187   -0.00524504   -0.00891954   -0.00753345   -0.00320321   0.00515181   -0.0027538   -0.00847809   0.00909505   0.00489061   0.00448183   -0.000293539   -0.00119169   -0.0031426   0.00611583   -0.0263336   -0.0125863   -0.00854898   -0.00219012   -0.00173688   -0.00438996   -0.00740983   0.00940418   0.0167926   0.0210754   0.0298316   0.0454221   0.00602399   0.00104101   0.00166251   -0.000507568   -0.00838112   -0.0138628   -0.00163364   -0.00880978   -0.000468969   0.000142598   0.0178898   0.0138051   0.0184066   0.0229626   0.014531   0.00561283   -0.000947093   -0.00190793   -0.0033264   -0.0085063   -0.000576673   0.00340592   0.000703639   -0.00856292   0.000114267   -0.00570213   0.00443251   0.012765   0.0188201   0.0145178   -0.00492359   0.00122441   0.0405341   0.00990526   0.0102559   0.031673   0.0274736   0.025828   0.0120189   0.00227977   0.0205645   0.0274866   0.0274545   1   0.0901435   0.00448491   -0.00402698   -0.0011154   -0.00569882   -0.00100301   -4.07469e-06   -0.0061153   -0.00122256   -0.000960186   -0.00431913   0.00150099   0.00185798   -0.000666875   0.00188956   0.000667555   0.000323276   -0.00300401   -0.00731227   -0.00798785   0.0022255   -0.0056411   0.000158255   -0.00439067   -0.00590894   -0.00549242   -0.000339399   -0.000325463   -0.00221332   -0.00250017   0.00157823   -0.000330311   0.0076714   -0.00431407   -0.00447027   -0.00105597   -0.00204713   -0.00526846   -0.00489194   0.000892175   0.00131855   0.00025115   0.00253274   -9.33453e-05   7.54993e-05   -0.00561006   0.00273261   0.000165517   0.0132827   0.00650473   0.0122942   -0.00507397   0.00938477   0.00356582   -0.00349319   -0.00634053   0.0049696   0.00787768   0.00131723   0.00799445   -0.00735896   0.00179013   0.00106127   -0.000976025   -0.0130406   0.00232315   0.00260779   0.00305074   -0.00262475   -0.00865474   -0.00305776   0.00303158   0.00210202   0.00712404   0.00286478   0.000939039   0.000906137   0.0129942   -9.90821e-07   -0.00230026   -0.00189717   -0.00244729   0.00390601   -0.000671287   0.000464002   0.00332688   0.00230551   0.00292655   -0.0359088   0.00228503   -0.00643094   -0.00502853   -0.00224928   -0.00227469   -0.00140765   0.00391384   -0.0879581   -0.000141871   0.0010863   -0.00964832   -0.00145838   0.0461734   0.014802   0.00298535   0.0518527   -0.0338947   -0.0341749   -0.00628452   -0.000106537   -0.00325202   0.000764127   -0.00191375   -0.00076674   -0.00123069   -0.00827778   0.00679846   0.00148934   0.00242824   0.000324227   0.00254747   0.0215469   0.000967682   0.00101119   -0.00867764   0.0162159   -0.0154551   0.00394712   0.00639247   0.000473626   -0.0896404   0.00343732   0.00124563   0.00100502   -0.0143694   -0.00602336   0.00489616   -0.0363749   0.00237508   -0.021938   -0.0101983   -0.0135784   0.00138379   -0.00533196   -0.0103136   0.00382354   0.00176758   -0.00428039   -0.0484802   
0.00413111   0.00939747   0.000858043   -0.00116913   -0.00302238   -0.00343424   -0.00129527   0.00208788   0.00276935   -0.00260787   0.000118661   0.000130332   -0.00113075   0.00720502   -0.0015819   -0.000160444   0.000459707   -0.000729106   -0.00096506   0.000357109   -0.00275248   -0.0065876   -0.00130923   -0.0027614   0.000937455   0.000191012   0.000579276   -0.000295671   0.00180446   0.000372534   -0.000936899   -0.00113889   -0.00339155   -0.00274287   -0.002119   -0.000264148   -0.00208201   -0.0036215   0.0029925   0.00211701   0.00138686   0.000206738   -0.00039677   -0.00174316   -0.00094184   -0.00779648   -0.0108047   -0.00413637   -0.000403418   -0.00285022   -0.000418728   0.000337075   0.00934059   0.0159225   0.0208518   0.0253448   0.0136478   0.00641159   0.00526208   0.0035533   -0.00261697   -0.00638605   -0.00513851   -0.00329978   -0.00619381   -0.00103656   0.000856646   0.0169574   0.0145249   0.0150931   0.0194541   0.013965   0.00230146   -0.0010535   -0.00249372   -0.00657951   -0.00678079   0.000233577   0.000260448   0.00373095   -0.000446439   0.000644633   -0.00644409   0.0045537   0.0116688   0.0182294   0.0166993   0.00135431   0.0014034   0.00193666   0.014563   0.0204423   0.0244106   0.0201979   0.0144881   0.00834802   0.00410017   0.019698   0.0233959   1   0.0274545   -0.00371627   0.00476003   0.00387611   0.000173467   -0.00358735   -0.0034575   -0.0020543   -0.00499713   -0.00414597   -0.000408809   0.000210054   0.00207803   0.000596129   0.000122888   0.000564717   -0.00161476   2.90568e-05   -0.00113498   -0.00573856   -0.00646707   -0.00721567   -0.00647727   -0.00359172   -0.00494705   -0.00197576   -0.000590463   -0.000600713   -0.000381182   -0.0017614   -0.000673676   -0.00122568   -0.000299085   0.00345708   -0.00537356   -0.00207446   -0.00304935   -0.00175261   0.000244052   -0.00627929   -0.00506806   0.000438103   -0.000375876   0.00109322   0.000247123   0.00166191   -0.00339131   0.00122982   0.000396587   0.00791074   0.0104491   0.0129417   0.00949032   0.0103651   0.00312078   -0.0002563   0.000900015   0.00452967   0.00409812   0.00259681   0.00371367   -0.000294339   0.00115616   0.000857852   0.00249389   -0.00831165   -0.00226648   -0.00222568   -0.000282283   -0.00212961   -0.00207921   0.000111961   0.00376481   -0.000584968   0.00311073   0.000590244   0.00120412   0.00195284   0.00624109   0.000581123   -0.000517019   -0.00046064   -0.000492117   0.00272141   -0.000996929   -0.000293939   0.00431686   0.000845518   0.000290562   -0.0180718   0.00234439   0.00843832   0.000183237   -0.0018984   -0.00343819   -0.00506418   -0.00180193   0.0189037   -0.00899125   0.000652939   0.00334988   -0.0013455   0.0107179   0.0123396   0.00119743   0.0281396   -0.000746525   0.00637994   -0.000422297   -0.000136117   0.0064104   0.000619087   0.000590979   -0.00512986   -0.00147056   -0.0012942   -0.00372038   -0.00141131   0.00416736   -0.00249912   0.00104451   0.0100147   6.89237e-05   -0.000473307   -0.00393782   0.00756895   -0.0156688   0.00263877   0.00469002   0.000409636   -0.0859363   0.00206318   -0.000969242   -0.00153331   -0.00596794   -0.0061987   0.00221692   -0.0364753   0.0015021   -0.00358397   -0.00742831   -0.00739925   -0.00174697   -0.00323269   0.00506906   0.0141873   0.00605101   0.00463751   -0.0269157   
0.0122109   0.0193021   0.00430807   -0.0109654   0.00085576   0.00435573   -0.0154603   0.00867145   -0.000896724   0.00744444   -0.00470557   -0.0018388   0.00811696   0.0149267   0.00545608   -0.000255024   -7.76363e-05   2.78132e-06   -0.00354325   0.00549689   -0.004299   -0.0152392   -0.0029833   0.00117362   0.00282446   0.0026497   -0.00155971   0.00039843   0.002818   0.000461173   -0.00158091   0.000956337   -0.00564219   -0.00447869   -0.00439683   -0.01053   -0.00416893   0.000441269   0.0028192   0.00440913   0.00130071   0.00119517   -0.000175516   -0.00301015   -0.00886642   0.00498185   -0.0155889   0.00128118   -0.00490948   -0.0107815   -0.00437714   0.00193515   0.0114789   0.0163151   0.0230216   0.0269171   0.00809836   0.0088798   0.00550538   0.00934238   -0.000495151   -0.00524687   0.00817606   -0.00312959   -0.00925432   -0.00122612   0.00306414   0.0146845   0.0136064   0.0097401   0.011398   0.0107508   0.00553372   0.000842127   -0.00738804   -0.00879203   -0.00788334   -0.000657329   -0.00902667   0.0114289   0.00970051   -0.000750024   -0.00253174   0.00602179   0.0130227   0.0133263   0.0214615   0.00749628   0.00115775   0.0231385   0.0102967   0.0251071   0.0152049   0.0214975   0.0133372   0.00951547   0.00240389   0.0216337   1   0.0233959   0.0274866   0.0147585   0.00335227   -0.000595302   0.00250572   0.000973319   -0.00760468   -0.00658112   -0.00137596   -0.0134462   0.000678707   0.00779493   0.006555   -0.00206839   0.000548941   -0.00257342   -0.00030247   0.000365346   -0.00250454   -0.00679008   -0.000862258   -0.0226091   -0.00997893   -0.0114532   -0.00277407   0.00907926   0.00847842   -0.0021105   -0.00121465   0.000179713   0.00046879   -0.00556563   0.00098132   0.00542585   -0.00308425   0.0129332   -0.00901205   -0.00516782   0.0116734   -0.0130717   -0.0225444   0.00217252   -0.00100756   -0.00155461   -0.000262312   0.00500615   -0.00337936   0.00057696   -0.000268077   0.00495368   0.0104528   0.00399122   0.0356826   0.0193213   0.00166798   0.00134953   0.0108464   0.00538308   -0.000649607   0.00647322   -0.00234268   0.00440649   0.000894906   0.00118998   0.00578028   -0.0109209   -0.0108718   0.00122047   0.00393338   -0.00161925   -0.00304584   0.00759441   0.00360496   -0.00287648   0.00663795   0.00177009   -0.00571989   0.00594224   0.0102588   0.0026603   -0.000341429   -0.000618901   -0.000462308   0.00186055   0.000185117   -0.00133228   -0.0014484   0.000103857   0.00375688   -0.0251733   0.00330969   0.00366399   0.00309423   -0.00343153   -0.00395901   -0.00416663   -0.00388286   -0.0171474   -0.0168417   -0.00385862   0.00538698   -0.00159585   0.0214306   -0.000424525   0.0048219   0.0457893   0.00507283   0.0946168   -0.00738574   -0.000838641   0.00720213   -0.00203773   -0.0010673   0.00758311   -0.000447654   -0.00415272   -0.00112084   -0.0158055   0.0131595   0.000711798   0.00360858   -0.00470726   0.00154436   0.000955054   -0.00403898   0.0150203   -0.0141442   0.00642914   -0.00204222   0.000323852   -0.0633484   -0.00231737   0.00215119   0.0014284   -0.0039695   -0.0181329   0.0042226   -0.0330457   0.00308166   -0.0094735   -0.00123382   -0.0115072   0.000492514   -0.00231232   -0.00254254   0.0158194   -0.00132524   -0.00116288   -0.0340059   
-0.00546234   -0.00487099   0.00168736   -0.0024859   -0.00192093   0.000693937   -0.0043634   0.00254397   0.00208695   -0.00142774   -0.000908417   -0.00103426   0.00307394   0.00244973   0.000157573   -3.00556e-05   -0.00023721   -0.000556869   0.00129157   -0.0017631   -0.0042562   -0.00463227   -0.00251849   0.00118197   0.000623877   0.00176487   -0.0020496   -0.00132911   0.00283686   0.000108107   -7.73622e-05   -0.00130675   -0.00568568   -0.00635651   -0.00240325   -0.00444501   -0.00325588   -0.00171053   0.00308868   0.00200085   0.000720893   0.0011366   -0.00123571   -0.00152733   -0.000243286   -0.00347277   -0.00760815   -0.00625768   -0.00441217   -0.0016754   0.000206666   0.00750227   0.0185808   0.0185603   0.0188369   0.0207842   0.00422134   0.00883249   0.00869835   0.00564574   -0.00119024   -0.00452601   -0.0029703   -0.00228916   -0.00289788   -0.000418104   0.00397971   0.0129534   0.00995414   0.0108056   0.0120891   0.00889941   0.0023134   0.00392191   -0.00125419   -0.00315664   -0.00676955   -0.000629531   -0.00107348   0.00375247   0.00374717   0.00168572   0.00365051   0.00621094   0.00812724   0.00974842   0.0121013   0.00413917   0.00141432   0.00825446   0.0270129   0.0338006   0.0203381   0.0133421   0.0143159   0.00855073   0.00568222   1   0.0216337   0.019698   0.0205645   -0.00706661   0.004978   0.00835662   -0.000976959   -0.0027842   -0.00539744   -0.00968113   -0.00239548   -0.00247477   -0.00371998   8.0894e-05   0.00244226   0.00021732   -0.000244276   0.00199388   0.00228144   0.000127517   -0.00128965   -0.00344199   -0.0035821   -0.00790233   -0.00569503   -0.00586786   -0.00154284   -0.00111085   -0.00150492   -0.000695676   -0.000817719   0.000235799   -0.00170066   -0.00147666   0.000152386   -0.000391663   -0.00695953   0.00110288   -0.00522463   -0.00410167   -0.00373909   -0.00413975   -0.00520816   -0.000485936   -0.00127374   -0.000255954   -0.00106038   0.000582687   -0.00227442   -0.000930702   -0.000606829   0.0130467   0.0137465   0.0109006   0.0177303   0.00735947   0.00312355   0.000542162   0.00113797   0.00672889   0.00330447   0.00517712   0.00349422   0.0109261   0.000339261   0.000307158   -0.00133724   -0.00654559   -0.00576179   -0.00420354   0.000367665   -0.00373352   -0.00521729   0.00145261   0.00190702   0.00101139   0.00322662   0.00152696   -0.000102126   0.0015312   -0.000417034   0.00828874   0.0036717   0.00117163   -0.000296191   -0.00293813   0.000223531   -0.00241507   -0.00806598   0.000506053   -0.00167229   -0.0329261   0.00209351   0.015175   0.0236664   -0.0022715   -0.00265173   -0.00449863   -0.00249196   0.0244157   -0.0198338   0.000291297   0.00586893   0.00377779   -0.00598326   0.0145913   -0.00385213   0.00474552   -0.0261237   0.0192035   -0.00461245   -0.00124233   0.0189336   -0.00445552   -0.00119782   -0.00337434   -0.000792129   -0.00473078   0.00458413   -0.00998419   0.0221277   -0.000803454   0.00157053   -0.030288   0.000124826   -0.000385744   -0.00241424   0.00769823   -0.0171916   0.00594257   0.00289682   -0.000243288   -0.0395404   0.00127322   -0.000388274   -0.0020723   -0.00466809   0.00346515   0.00260792   -0.0317514   0.00305283   0.0125741   -0.00293681   0.00359403   -0.00777104   -0.00175256   -0.00863404   0.0128942   0.0107007   0.0141819   -0.0133418   
-0.0181759   -0.0280997   -0.000724757   0.00254374   0.00396622   0.00581643   0.00483072   -0.00164744   -0.00672024   0.00634344   -0.00120063   -0.00200533   0.000704163   -0.0197737   0.00384392   0.000425704   -0.0005608   0.000888913   0.00109425   -0.00658028   -5.50178e-05   0.00565344   -0.00278526   0.0074477   -0.00103608   -0.00062577   -0.00017177   -0.00215349   -0.002661   -0.000655001   -0.000615274   -0.00778903   -0.00368308   -0.00259241   0.00328174   -0.0027861   0.00367142   0.00540287   0.000488347   -0.00179596   9.64083e-05   0.00373004   -0.00271375   0.00249855   0.00681419   0.00323399   -0.00734408   -0.00897472   0.00355522   0.0119674   0.0160823   0.0186999   0.00509046   0.00408682   0.00243718   0.00608441   0.00799702   0.00169814   0.0107242   0.00139123   -0.00593028   0.00114859   -0.00014485   -0.00319427   0.0093838   -0.000135983   0.00134011   0.00197576   0.00272113   0.00250299   0.00400706   0.00294066   -0.00834329   0.00465075   0.00509039   -0.00102612   3.51648e-05   -0.00290308   -0.000762872   -0.00704043   0.00557301   0.00310562   0.000196429   0.00194131   -0.00261556   0.00499015   0.00244813   0.00731489   0.000516342   -0.0131167   -0.0049555   0.0212904   0.0270216   0.025731   0.0198188   0.0171427   1   0.00568222   0.00240389   0.00410017   0.00227977   0.00255315   0.000428982   -5.12284e-05   -0.00554089   -0.00687115   -0.00716281   -0.00764587   0.00121198   0.00892378   -0.00146228   -0.00065003   -0.00580368   -0.00107837   0.000669794   0.00413876   0.00233937   -0.00126199   0.00268501   0.00554956   -0.00142143   -0.00193875   0.000908978   -0.00198315   -2.35907e-05   -0.0034662   -0.00164909   0.00017811   -0.0003953   0.00167795   0.000383964   -0.000799418   -0.00140341   -0.0122106   -0.00379061   -0.00850965   -0.000676474   0.00158228   -0.00316607   0.0110689   0.0095857   -0.00239393   -0.00102789   -0.00120791   0.000930487   -0.00113538   0.0055482   -0.00438547   -0.000585632   -0.00939446   -0.0120631   -0.00361303   0.0118376   0.00655338   0.0175434   0.0138771   0.00561814   0.00640711   0.00213297   0.004617   0.0030417   0.0201457   -0.000526681   -0.000373188   -0.00549096   0.0138988   -0.00117208   -0.0109519   -0.00729348   0.000648228   0.0112047   0.00204315   -0.00901753   0.00263344   -0.00475717   0.00185381   -0.000431009   -0.00361136   -0.0149037   -0.00285789   0.00204022   0.00238112   0.00438304   0.00139916   0.000648914   -0.000409891   -0.0117812   0.00261782   -0.00434227   0.0111587   -0.00256225   0.00487785   -0.00901955   -0.00132109   0.000521756   -0.000384429   0.000519372   0.00926861   0.00138279   -0.00236628   0.0131469   0.00705752   0.0277251   0.00347757   -0.00669466   -0.0795856   0.0246719   -0.0117435   0.000430188   -5.44966e-05   0.00509776   0.000772772   0.00111333   0.00374531   0.000870333   0.00184563   -0.00359731   0.0335847   0.00997403   -0.00323013   -0.0029735   -0.0320569   -0.00285091   0.00045606   0.000753234   -0.011289   -0.00264938   -0.00185661   0.00458482   0.00216256   -0.00725411   0.00070606   0.00194766   -0.000688696   0.000439642   0.00588332   -0.00245166   -0.00796609   -0.00111874   0.015386   -0.0101629   -0.00402753   -0.00587797   -0.0015599   -0.00976164   0.00876958   0.00369528   0.0148669   -0.0251439   
-0.0487031   -0.0301495   0.00354483   0.00234954   0.00629914   0.00866516   -0.00219907   0.00307339   0.00942852   0.0093935   0.0034779   -0.000114034   0.00766757   0.00386545   0.0119567   -5.15075e-05   0.00103553   0.00449706   -0.00442951   -0.00644021   -0.0106643   -0.00344467   -0.000430034   0.00174156   -0.000377019   0.00141695   -0.0031916   0.00620828   0.00559061   0.000111249   -0.00254914   0.00167612   0.00126189   -0.00103406   -0.00102943   -0.0017612   0.000252452   0.00142087   0.00154081   5.39224e-05   0.000381829   -0.00156069   -0.00143183   0.00195797   0.0190338   0.00534512   -0.0167476   -0.016406   0.0102459   0.0314756   0.0132156   0.00301247   0.000438079   -0.00163774   -0.0020375   -0.00241919   0.00688227   0.00245669   0.0142781   0.0067651   0.000198218   -0.00631431   0.00018579   0.0100624   0.00703965   0.00424912   0.00223593   -0.00133879   -0.00188522   -0.000391519   -0.000359576   -0.00121846   0.00106902   -0.00170289   0.00635056   -0.0015577   -0.0110098   -0.00460678   0.0064237   0.0109356   0.00900758   0.00150735   0.000873433   -0.00212784   -0.00221197   -0.00467879   0.00866293   -0.00080821   -0.000272171   -0.0248606   -0.02483   0.0213132   0.0630936   0.0842495   0.0953269   1   0.0171427   0.00855073   0.00951547   0.00834802   0.0120189   0.0014246   0.00289467   -0.0148893   0.00461933   -0.0055937   -0.0237834   -0.0174676   0.0174448   0.0195156   0.0108692   -0.00152393   -0.00237439   -0.0022052   -0.00260885   -0.000854844   0.0161328   -0.000129944   -0.00315584   -0.00167543   0.000757014   -0.00607146   -0.0053155   -0.00613237   0.00647943   0.00635968   0.00142196   -0.00119808   -0.00133559   0.00389472   -0.000177981   0.000799668   0.00163194   -0.00163578   0.00596884   0.00136733   -0.01515   -0.00651057   0.013244   0.0253146   0.0134679   0.000889167   -0.00182214   -0.00341073   -0.00173823   -0.00113038   0.000208607   7.04057e-05   -0.000673534   -0.00844062   -0.0157218   -0.00294211   0.0354016   0.04094   0.041484   0.0187479   0.00651298   0.00517871   0.00321361   0.00560516   0.00387642   -0.00425691   0.00113197   0.000952854   0.00370987   0.00556239   -0.00682944   -0.00818559   -0.0145858   0.0147759   0.0391947   0.0217084   0.000946005   -0.00776113   -0.00748728   -0.0113625   0.00621201   -0.00155538   -0.00896755   0.000192307   -0.00115415   -0.00198008   -4.97424e-05   0.00460819   0.000824531   -1.81749e-06   -0.00536577   -0.00371418   -0.00176442   0.00470099   -2.08692e-05   -0.00162118   0.00716054   -0.000182652   0.0031539   0.00992205   0.00796178   -0.00994988   -0.00922013   -0.00668661   -0.0306107   -0.0563117   0.116104   -0.0358117   0.0102097   0.00492172   -0.0605564   0.0122395   -0.0275903   -0.00117796   0.000666712   0.00715961   -0.00203516   -0.0608911   -0.00317565   -0.000396938   -0.011889   0.140042   0.00590015   -0.00535428   -0.00182954   -0.0150208   0.00333041   0.00548424   -0.00518312   -0.00515921   0.000890659   0.000120135   -0.0028232   -0.000940978   0.00774365   -0.000707059   0.0101029   0.0116796   -0.00826272   -0.00334821   -0.00114367   0.00133056   0.00046093   0.0288863   0.0160021   -0.0220852   0.00883499   0.00676208   0.0110855   0.0319263   0.0538981   0.0632994   -0.0653564   
-0.0550256   -0.033282   0.00129889   0.00048474   -0.00650911   0.00235705   0.00330437   0.0124169   0.0301794   -0.00110361   0.0055267   -0.00161143   0.00510274   0.0162985   -0.000450229   -0.000326922   0.000505637   -0.00157618   -0.00126625   -0.0126842   -0.0227665   -0.0134378   -0.00517925   -0.00500334   -0.000142012   0.000255381   -0.00821895   0.000220912   0.0119294   0.00108414   -0.00379639   0.00364671   -0.00292078   -0.0100135   -0.00407116   -0.00124067   -0.00877595   -0.00614248   0.00388737   0.00295208   0.00204897   -0.00359852   -0.00325179   0.000511636   0.036933   0.000352948   -0.0152487   -0.0208389   0.0141781   0.0403822   0.0020408   -0.0118644   -0.000401241   -0.00337344   -0.00719277   -0.0118416   0.00712043   -0.00057089   0.0166393   0.00724729   0.00576504   -0.00935153   -0.00662629   0.0161726   8.1279e-05   0.0020722   0.00266106   -0.00158805   -0.00362038   0.00230784   -0.000349972   -0.00143759   0.00671085   -0.00168048   0.00970971   0.0026074   -0.018721   0.00156604   0.0150213   0.0169726   0.000766738   -0.0011761   0.00282399   -0.0033635   -0.000813092   -0.0132718   0.00653867   -0.0122133   -0.000268716   -0.0476955   -0.0414826   0.0374159   0.112866   0.136768   1   0.0953269   0.0198188   0.0143159   0.0133372   0.0144881   0.025828   0.0055796   0.00418183   -0.0292041   0.0106917   -0.00222422   -0.0249078   -0.027565   0.0204681   0.025027   0.00962261   -0.00701775   -7.69659e-05   0.000147767   -0.00451158   -0.000467388   0.0148197   0.00101882   -0.00484293   -0.0058643   -0.000239969   0.00191316   -0.00540768   -0.0040522   0.00738145   0.000289458   -0.0079258   -0.0015528   -0.000748428   0.0016966   -0.00339754   0.00482413   0.00430645   0.0066736   0.00318966   0.00953952   -0.0181715   -0.00980812   0.00610806   0.023068   0.0155636   0.000202823   -0.00723028   -0.00144301   -0.00457944   -0.00105853   -0.00338368   0.0024274   0.000208297   -0.00142439   -0.0206059   0.0022447   0.0491138   0.0599619   0.0530839   0.0146358   -0.00135679   0.00577429   0.00605678   0.00615552   0.0085618   -0.0182743   0.00267382   0.00236775   0.00850547   -0.00626055   -0.00101529   -0.00706927   -0.0109101   0.0185497   0.0442867   0.024373   0.00296069   -0.0141042   -0.0108768   -0.0219112   0.00930757   -0.00274018   -0.00242705   0.00201232   -0.00299181   -0.00387182   -0.0022866   0.00627112   -0.000133819   0.000323682   -0.00948432   -0.0090033   -0.00206541   0.0104212   0.000823071   -0.00550303   0.0121899   -0.00128391   0.0027046   0.00971961   0.00956776   -0.0287223   -0.0193564   -0.00521683   -0.0687261   -0.0957463   0.209838   0.000630977   0.0115342   0.0576753   -0.151706   -0.00768888   0.0068066   -0.00142096   0.00984414   0.0122562   -0.00287554   -0.095831   -0.00826047   -0.00108785   0.0073963   0.181544   -0.000189097   -0.0137215   -0.0048195   -0.00915739   0.00377664   0.00495239   -0.0170607   -0.00308047   0.000327378   0.000650287   -0.00644016   -0.00311575   0.014896   -0.00228324   0.0102556   0.00152674   -0.0282666   -0.0106158   0.000361454   0.00187914   0.000604807   0.0319726   0.0276782   -0.0268182   0.0189879   0.0109768   0.00425655   0.0287048   0.0812488   0.0854753   -0.127617   
-0.0389514   -0.0341835   -0.00048529   0.000303282   -0.00478497   -0.00624887   0.0177649   0.0177547   0.0154479   0.00989366   0.00209112   0.000133133   -0.0115864   0.0164308   0.00294538   -0.000407589   0.00173568   -0.0009954   -0.0125763   0.000326404   -0.00856945   -0.0232023   -0.00537214   -0.0117141   0.0033547   -0.00634914   0.00684868   -0.000310262   -0.000364699   0.00126433   -0.00977427   -0.00951724   -0.00263692   0.0044023   -0.000954884   0.00522727   0.00403659   -0.00503745   0.00860209   0.00409889   0.00626889   0.00029542   -0.00299803   -0.000833869   0.0122067   0.0104139   -0.0131723   0.00477588   0.0152162   0.000117916   0.00495236   -0.0159201   -0.00343976   -0.00506674   -0.00424347   -0.00824995   0.0186389   -0.00324393   0.0108598   -0.0102907   0.00132937   0.00227028   0.00771742   0.00321708   -0.00433388   0.00373361   0.000373535   -0.00195875   -0.00235315   -0.00785511   -0.00827494   -0.00260856   0.00519786   -0.00235036   0.0062736   -0.000300426   -0.0011245   0.00399698   0.00331065   0.00779738   -0.00739025   -0.00329069   -0.00103391   -0.00373502   -0.000192049   -0.00553682   -0.00768146   -0.00248499   0.000174207   -0.0624424   -0.0532926   0.0730247   0.199079   1   0.136768   0.0842495   0.025731   0.0133421   0.0214975   0.0201979   0.0274736   0.00885274   0.00485159   -0.0468678   0.0129374   -0.0092679   -0.0180536   -0.00108189   -0.0198372   -0.0100379   0.00570053   -7.53082e-05   -0.00277444   -0.00449912   -0.00380748   -0.00375289   -0.000775924   -0.00276161   -0.00443319   -0.00405406   -0.00179896   0.00308176   0.00175553   0.00662293   -0.0106086   -0.00176368   0.00451936   -0.00106239   0.000373847   -0.00732795   0.0034224   0.000880413   -0.00167091   0.0091363   0.00894409   0.000496509   -0.00128704   -0.0018015   0.0080934   -0.0182154   -0.0127639   -0.00254779   -0.00264641   -0.000682786   -0.0015823   0.000725555   -0.000995291   0.00134268   0.00139394   -0.0109187   -0.0154023   0.0271897   0.0443414   0.0803724   0.0555499   0.0273023   0.0166782   0.0131786   0.0143113   0.00596533   0.0120036   -0.00937412   0.00636387   0.00467925   0.0107882   -0.0128761   0.00610529   -0.00244824   -0.00239598   0.0133878   0.0315741   0.0066018   0.00105916   -0.0155829   -0.00727946   -0.0155443   -0.00436931   0.00222567   0.0107242   0.0011777   -0.00184031   -0.00187848   -0.00204003   0.0040609   -0.00278284   -0.000168735   -0.0145303   -0.00776443   -0.000678138   0.0102045   -0.000458983   -0.0134966   0.00420564   -0.000249   0.00430774   0.0146452   0.0198688   -0.0503206   -0.0230484   -0.0209001   -0.0564252   -0.0664294   0.2843   0.0237274   0.00595705   0.073046   0.0874311   0.0016055   -0.00830494   -0.00185067   0.0215141   0.00235342   -0.00477216   -0.0306413   -0.00690202   -0.00380465   0.00502703   0.0627633   -0.0140176   -0.00707676   -0.00512849   0.00353489   -0.00281213   0.00549014   -0.020087   -0.00144496   0.00179699   -0.0017437   -0.000381895   -0.00345515   0.0233574   -0.000867576   0.0117921   0.00182265   -0.0259154   -0.0626939   -0.000405783   0.00610428   -0.00116935   0.0284088   0.0352534   -0.0252678   0.021089   0.0141645   0.00546621   0.0321726   0.0510461   0.0518218   -0.220693   
-0.0464266   -0.0414297   -0.00430632   0.0176116   -0.00391959   -0.0170353   0.02993   0.0120317   0.0264216   0.0100188   0.0106344   0.00441967   -0.0178246   -0.00015596   0.00156184   -0.00014782   0.00512762   0.000982902   -0.0101927   -0.00972304   -0.00476195   -0.00761592   0.000232478   -0.012054   0.00141022   -0.00725549   0.0111943   0.00423671   0.00021458   0.000572038   -0.00983647   -0.0197631   -0.00755417   0.000823371   0.00234037   0.0174195   0.00513927   -0.0106787   0.0124458   0.00192153   0.00742261   0.000840595   -0.000702494   0.00235212   0.00590613   -0.00242491   0.0284787   0.00705649   -0.00696698   -0.0219721   -0.00662737   -0.0123293   -0.0035517   -0.00626735   -0.00790561   -0.0119603   0.0151604   -0.00247753   -0.0036136   -0.0186603   0.00345737   0.00703556   -0.0128349   -0.00161248   0.000901171   0.00546033   -0.00203617   -0.000681632   -0.00398097   -0.00370433   -0.000398571   -0.00536895   0.000262297   -0.00392072   0.00597552   0.0129321   0.0197931   0.00121204   0.00459397   -0.0176153   -0.0219512   0.000306295   -0.000120009   -0.00359081   -0.00385605   0.000405186   -0.0232093   -0.00644846   0.000728241   -0.0524087   0.032698   0.160396   1   0.199079   0.112866   0.0630936   0.0270216   0.0203381   0.0152049   0.0244106   0.031673   -0.00328662   0.00747595   -0.0377425   -0.00152012   -0.00348641   0.00725216   0.00685242   -0.0406382   -0.0283069   -0.0115258   -0.0110528   -0.0114444   -0.00275456   -0.00642132   -0.0107568   -0.0149691   -0.00265091   -0.000674626   0.00117685   -0.00462435   0.0235269   0.00518268   0.0150391   -0.00943137   -0.0113645   -0.00494322   0.00157275   0.00164153   -0.00714359   0.00262827   0.00582118   -0.00256372   0.00203343   0.00892251   -0.0245966   0.00727045   -0.00485986   -0.0212647   -0.0176396   0.00736274   -0.00719415   0.00401121   0.00375359   0.00163002   -0.00510464   -0.00214064   0.00247429   0.00205111   0.00683748   0.0141121   0.062398   0.0117592   0.0602495   0.057165   0.0282355   0.00623559   0.0222415   0.0290638   0.0087812   0.0271903   -0.00640364   0.00857946   0.00520187   -0.012102   -0.000949831   0.0236751   0.0229524   0.0111405   -0.00595945   -0.0289258   -0.0208259   0.00326243   -0.00331633   -0.00802467   -0.0218205   -0.0255326   0.00293736   0.0173324   -0.00250966   0.00102391   0.00265221   0.000194263   -0.00177393   0.00036488   0.000210065   -0.0158182   -0.00692122   -0.00029224   0.0149019   -0.00337606   -0.00504425   -0.01035   0.00158833   0.00971913   0.023475   0.0325106   0.00751321   0.0164693   -0.0135629   -0.0208561   -0.0355013   0.22709   -0.0105569   -0.0190473   0.0234548   0.0783999   -0.123727   0.0252869   -0.00221663   0.0102876   -0.00823152   -0.00579548   0.0755678   -0.00667522   -0.000652829   0.00301962   -0.0782946   -0.0242571   -0.0113494   -0.00778726   0.00499248   -0.0100062   0.00701417   -0.0153982   -0.0157399   -1.67601e-05   -0.00945289   0.022932   -0.00558031   0.021065   0.00440621   0.0138626   0.00592662   -0.0222671   -0.0338497   -0.00391084   0.00215058   -0.00522209   0.0487121   0.0421135   -0.0202529   0.0247681   0.0197568   0.0240426   0.040825   0.0573066   0.0661093   -0.225641   
-0.0179077   -0.0365352   -0.00501087   -0.0137901   9.07823e-06   0.0181612   0.000584309   0.016181   -0.00701237   0.0039581   -0.0143402   -0.0107471   0.0084597   -0.0360534   8.32618e-05   0.000774544   -0.00813553   -0.00747789   0.0198309   -0.00372536   0.00437565   0.00606884   -0.0085401   0.0189093   0.000766702   0.00109907   -0.00986419   -0.0185611   -0.000770905   -0.0016685   0.00373369   -0.00485977   -0.0114876   -0.0166736   -0.00224428   -0.0236455   -0.00666676   0.00758323   0.00241724   -0.00161013   -0.00476919   0.00561271   -0.00340699   -0.000277822   0.00191073   0.0375433   0.0331878   0.0125409   -0.0126189   -0.0124702   -0.0103608   0.0203044   -0.00830743   -0.00615164   -0.0111671   -0.0127192   -0.045061   -0.0125585   -0.00680195   0.00983729   0.000222556   0.0156155   0.0138751   -0.0142303   0.00209794   -0.0153485   -0.00114952   -0.0104274   -0.00162461   -0.00284037   -0.00633432   -0.00234142   -0.0183725   0.00177696   -0.00222408   0.0125024   0.0188222   0.0133313   -0.0173483   -0.0186055   0.00661363   -0.00129326   0.00225346   0.00505753   -0.00326048   -0.004364   -0.00386188   0.00633516   -0.00107227   0.0786644   0.203245   1   0.160396   0.0730247   0.0374159   0.0213132   0.0212904   0.0338006   0.0251071   0.0204423   0.0102559   -0.0141515   0.00536654   0.0304635   -0.0267771   0.00746355   0.00735197   -0.0324549   -0.0139885   -0.0114916   -0.0259608   0.00226857   -0.00445675   -0.00137652   0.000891671   -0.00961628   -0.0507033   -0.000555022   0.00732219   0.0106123   0.00267538   -0.0154638   0.000271308   -0.0119365   0.00229703   -0.004905   -0.00394567   -0.00135198   0.00130402   0.00505946   -0.00130506   -0.00407434   0.00258493   -0.0204995   -0.0292448   0.00210456   -0.00811461   -0.0100311   -0.0288054   -0.0106393   -0.0105635   -0.00701123   -0.00637499   0.00134574   0.00198976   0.00479908   0.00641903   -0.00987786   -0.000779856   0.0125321   0.0487671   0.0579613   0.0969142   0.0248552   0.0279444   0.0215241   0.0168737   0.0362731   0.0166562   0.0311895   0.0131969   0.0457171   0.00163862   0.00195193   -0.0138324   0.0289605   0.0150307   0.00627396   0.0233762   -0.0190643   -0.0374385   -0.00688932   -0.00309575   0.0112246   -0.00361604   -0.00908977   -0.0376831   -0.00344988   -0.0110483   -0.00604694   0.00432392   0.00560381   0.00694209   -0.00970496   -0.00042652   0.00032994   -0.0122143   0.00384283   -0.00245439   0.00748059   -0.00396373   0.0124555   -0.0301175   0.00269592   0.0153434   0.0206341   0.0147005   0.106711   0.0450869   0.01093   0.0400133   0.013601   -0.103602   0.0724126   -0.021568   -0.142062   -0.0312112   0.0678025   0.00854784   -0.00157745   -0.03154   -0.00568174   -0.00300489   0.1277   0.00297172   0.00296508   -0.00828303   -0.0761053   -0.00182535   -0.0205964   0.00108332   -0.000648032   -0.0106952   -0.00127545   0.0109693   -0.00587247   0.000917265   -0.00225072   0.00774334   -0.00263041   0.0151664   -0.0107521   0.00249397   -0.0178321   0.0118923   0.0487432   0.000229382   0.00283471   -0.0033123   0.0227705   0.0218816   -0.0276505   0.0053757   0.00990813   0.0204404   -0.00765036   -0.00598655   0.0171196   -0.116274   
-0.0372816   -0.0375138   -0.00690787   0.00528144   0.00709353   0.0052551   0.00886959   -0.0136941   -0.0134299   -0.0215686   0.000435119   0.00232008   -0.00396902   -0.008802   -0.00379312   1.45442e-05   -0.0043291   -0.00388529   0.0216574   0.0134488   0.0268637   0.0279299   0.0183659   0.000246224   -0.00142145   -0.000735978   -0.00126063   0.00183129   -0.00012594   -0.00180334   0.0127424   0.0270029   0.0267134   0.0190271   -0.00319442   0.00726466   -0.00321462   -0.00577483   -0.0107209   -0.0116462   -0.0142058   -0.0107679   0.0140107   0.000293323   -0.00704834   -0.00364567   0.0227153   0.00754303   0.00594034   0.0122165   0.00253988   0.00153409   0.00122484   0.000422968   -0.00120956   -0.00648976   -0.0354383   0.00269458   -0.0154109   -0.000289618   0.000361127   -0.00324553   -0.0111791   0.00395949   0.00431403   0.0026709   -0.000442424   -0.000554641   -0.00235665   0.00228845   0.00388768   -0.000591868   -0.00101195   -0.00245188   -0.00133857   0.00157901   0.0043106   0.00199322   0.0115797   0.00025131   -0.00144092   0.00283748   0.00180995   -0.000563176   -0.00150814   0.00106976   -0.00283926   -0.00385066   0.000255811   0.197307   1   0.203245   0.032698   -0.0532926   -0.0414826   -0.02483   -0.0049555   0.0270129   0.0102967   0.014563   0.00990526   -0.00230703   0.0244899   0.104061   -0.0291422   -0.0169402   -0.0103476   -0.00430335   0.00449939   0.00677269   0.000532877   -0.00506421   -0.000940741   0.00321079   -0.000724529   -0.0147494   -0.036796   0.00140377   0.00186597   -0.00194847   -0.00661792   0.002826   -0.00488492   -0.00015996   0.00299486   -0.00243986   -0.0046633   0.00146501   0.00123198   0.0022273   -0.000881571   0.00183713   0.00105612   -0.00266593   -0.00868691   -0.0211182   -0.0101712   -0.00788471   -0.00881951   0.011702   0.0165937   -0.00154348   0.00537921   0.00414255   0.00359405   -0.00061726   -0.00608275   0.00297003   0.00106238   0.0427093   0.111994   0.107748   0.0168971   -0.00910193   -0.00364076   -0.00329363   -0.00971355   0.0137131   0.0169328   0.0103862   0.0134614   -0.0133809   0.00112376   3.77424e-05   0.0102316   0.0136949   0.00671454   0.001244   -0.0117032   -0.00729906   -0.00843718   -0.00485957   -0.00321197   -0.00223448   -0.0050655   -0.00225301   0.022332   -0.00312632   -0.0105335   -0.00192773   -2.60793e-05   0.000397011   0.000232466   -5.3208e-05   0.000557313   0.000165454   -0.00160929   0.000905974   -0.00156151   -0.0172365   0.00765502   0.028433   -0.00133133   0.0165861   0.0217584   0.0298516   0.0200136   0.151396   0.0573462   0.0177365   0.0249494   0.0293342   -0.42479   -0.0297662   -0.00327028   -0.00662672   -0.0475775   -0.0603391   -0.00344469   -0.00199533   -0.0347929   -0.0033296   -0.00449761   -0.0308008   -0.000283032   0.00369192   0.00308928   -0.00749329   -0.00479909   -0.0106796   0.00757333   0.00640547   0.000765999   -0.00227677   0.0338729   -0.00432289   -0.00253205   -0.00625976   0.0108647   -0.00600416   0.00453233   0.0022583   -0.00700027   0.00484144   0.0457127   0.0892682   -0.00386329   -0.00358151   -0.00268485   0.0407556   0.0260145   0.0208842   -0.00292245   0.00741643   0.00873129   0.0170617   0.0326272   0.0266484   0.104519   
-0.0313681   -0.034504   -0.00237144   -0.0154955   0.00966452   0.0120581   -0.0193829   -0.00326262   -0.019078   -0.000170401   -0.00934061   -0.00221539   0.00658171   0.0111555   0.00476143   -0.000285621   -0.00341832   -0.00304107   0.00833255   0.0191909   0.0155947   0.00197553   0.0102231   0.00495019   0.00152316   0.000838896   -0.00356225   0.00134555   -0.000257565   -0.000723096   0.00836191   0.0244443   0.018829   0.0149641   -0.00328529   -0.00898998   -0.00472288   0.00249336   -0.0154054   -0.00589379   -0.0109257   -0.00626017   0.0109154   0.00049566   -0.0107434   -0.00257666   -0.0133607   0.0195377   0.0159965   0.0102663   0.00342562   -0.00108532   -0.00691525   -0.00794509   -0.00287861   -0.000985065   0.0244692   0.00414954   -0.00728631   0.0069687   0.00164061   -0.00326872   0.016495   0.0069245   -0.00136478   0.0027721   0.00141361   -0.00461455   -0.0029783   -0.00928065   -0.0116009   -0.00482889   0.00451423   -0.00261379   -0.00440068   -0.00776148   -0.00610128   -0.000273403   -0.000424908   0.0224806   0.0175439   -0.000950011   -9.79468e-05   -0.00229796   0.000229791   -0.0079954   0.00754298   0.00574469   -0.00024052   1   0.197307   0.0786644   -0.0524087   -0.0624424   -0.0476955   -0.0248606   -0.0131167   0.00825446   0.0231385   0.00193666   0.0405341   0.242899   0.0123768   0.0643148   -0.0176318   -0.0190525   -0.0217413   0.000726946   0.020395   0.000610119   0.0134511   0.0112676   0.00712341   -0.00214695   0.0010211   -0.0110469   -0.0139738   0.0018629   0.000124106   -0.00385948   0.00491587   -0.02172   -0.00731528   -0.00981105   0.00380444   0.0175831   0.0140313   -0.000881685   -0.000134544   0.00271712   0.003488   -0.00449699   0.00263394   0.00484762   0.00424397   0.0128908   -0.0130463   -0.00476416   0.0245681   -8.02036e-05   -0.0159539   0.00287742   0.00205618   -0.00208835   0.000978608   0.00548122   -0.00301954   0.00312763   0.000942258   0.0211142   0.0679017   0.0460356   0.0361325   0.000505503   -0.0154922   -0.00597052   0.00739709   -0.00294032   -0.0054854   0.00319383   -0.00754119   -0.00665311   -0.000903673   0.000246298   0.0256637   0.00210112   -0.0124687   -0.00201374   -0.0116778   0.003986   0.0173002   0.0135466   -0.00128652   -0.0141869   -0.00441674   -0.000550094   0.0234317   0.00353323   -0.005773   0.000859672   -0.00145822   -0.0013305   -0.00037905   0.00146377   -0.0006281   0.000202577   -0.000755065   -0.00423658   -0.000968734   0.0157505   0.00755435   -0.0175475   0.00994383   0.00625468   0.00458901   0.00404413   -0.00396454   -0.214639   0.0188893   0.0020843   0.0121522   0.0571931   -0.286056   -0.043416   0.0118673   0.0488322   0.00434248   0.103635   -0.00918267   -0.000507153   0.0129157   0.00273517   -0.00126456   -0.0635648   -0.00378359   -0.00046581   0.00332822   0.0147191   -0.00190656   -0.0026367   0.00363056   0.00453976   0.00511312   -0.00161768   0.0203674   -0.00600575   0.00267979   -0.00270096   -0.000169319   -0.00299369   0.0241882   -0.00442989   -0.00442613   0.00466465   0.0322618   0.025667   -0.00369782   0.00835509   -0.00117357   0.0308583   0.0194805   0.0199385   0.000640023   0.00600005   0.00689951   0.0250878   0.0246255   0.00839726   0.126659   
-0.00427909   -0.0038774   -0.000738755   -0.000211828   -0.000577629   -0.00108938   0.000210358   0.000102826   0.000721839   -0.00063828   -9.88629e-05   -8.4029e-05   -0.00124449   0.000604402   -0.000743063   -2.79287e-05   0.000220403   -0.000192951   -0.00034183   -0.000260645   -0.000466576   -0.000818086   -4.98125e-05   -0.000620179   -5.21325e-05   -0.000212306   0.000161647   -0.000322198   0.000154225   7.21939e-05   -6.4948e-05   -1.62264e-05   0.000146337   0.000109251   0.000366322   0.000627775   -6.96315e-05   -0.00070124   -0.00077459   -0.000159213   -2.54481e-05   -0.000127225   0.000281319   0.00038933   -7.65799e-07   -0.00145192   -0.000912868   -0.000596633   -9.81891e-05   -0.000535873   0.000715842   0.00153184   0.00371512   0.0029152   0.00270714   0.00205337   0.00165404   0.00268082   0.00146375   -6.27689e-05   -0.000285063   -0.00115219   -0.00160379   -0.00040403   -0.000216824   0.00100605   0.00156743   0.00312415   0.00210834   0.00185514   0.00250895   0.00167161   0.00124776   0.00112399   -0.00136721   -0.000200007   0.00313838   0.00462409   0.00436123   0.00322486   0.0015076   0.00131298   0.00283365   0.00229692   0.00247866   0.00282742   0.000539949   0.0020479   1   -0.00024052   0.000255811   -0.00107227   0.000728241   0.000174207   -0.000268716   -0.000272171   0.000516342   0.00141432   0.00115775   0.0014034   0.00122441   -0.000864189   0.000929006   0.000896574   -7.45283e-05   -0.00106096   -0.000485965   0.000267319   -0.00115367   -0.000872848   -1.96392e-05   -0.000157123   -0.000133697   2.09464e-06   -0.000236056   -0.000362934   -0.000242607   0.000113654   0.000336791   -0.000654444   -0.000968222   -0.000246686   -0.000760972   -4.45314e-05   -0.000819582   -0.000459793   -0.000104756   0.000112544   5.18132e-05   -0.000506876   0.000163614   0.000179013   3.46708e-05   0.00048534   -0.000930422   -0.00055795   0.00214369   0.00268641   0.00204837   0.000917546   0.00102406   0.000579055   0.00048416   0.000628892   0.000372602   0.000352734   -0.000804973   0.00110226   0.000534874   0.000703975   0.00097682   0.00120285   -0.00172335   -0.000199335   -0.000675505   -0.000621107   -0.000431313   -0.000902096   -0.000229381   -0.000845627   -3.02843e-05   -0.00130294   0.000146746   0.0001365   0.00107786   -0.00102131   -0.000283876   -0.000728893   -0.00130418   -0.00112237   -0.000950263   -0.00046214   -0.000221825   -0.00122839   -0.00115222   -0.00113683   0.00135841   0.000687595   0.000858759   -0.00130991   -0.00034168   0.000293745   0.000721733   0.00194215   3.09982e-05   0.000212145   0.00119121   -0.000703125   -0.000262909   0.00752137   0.00064043   -0.000461943   -0.00369063   -0.000427742   -0.00111357   -0.00201487   -0.00122322   0.00126226   -0.000909131   -0.000226882   0.00805017   0.00170646   0.000780998   0.00039569   -0.00151625   0.00455355   0.00148088   -0.00330781   0.000689776   0.000111809   0.00131044   0.000195738   0.000674177   -0.00360877   -0.000598194   0.00168065   -0.000581411   -0.0043685   -0.00809126   -0.000413342   -0.00112075   -0.0137496   -0.000300137   -0.00022005   -0.00087256   -0.00277575   0.000670668   -0.00126241   0.00317545   0.000176823   0.00208176   0.000440469   -0.000386962   -0.000755358   -0.00124403   -0.00198206   -0.000730207   0.000234175   -0.000610216   0.00376061   -0.000683248   0.00225563   1.58446e-05   -7.62622e-05   0.00281076   0.00462539   -0.00151695   0.0037298   0.00316724   
-0.00502055   -0.014883   0.00162652   -0.00486817   0.00968186   0.0104405   -0.00890341   0.00270896   -0.0113166   0.0162344   -0.0045081   -0.00200231   0.00693506   -0.010127   0.011171   0.000247988   0.000637319   0.00307504   -0.00377202   0.000802299   0.00221687   -0.00101471   -0.000777613   0.00904166   0.000578758   0.00221135   0.000649155   0.00161651   -0.00252084   -0.000585577   -0.000757642   -0.00465598   -0.00266533   0.000205964   0.00258403   -0.00835965   0.00345766   0.00780162   -0.00220075   -0.000746935   -0.000524405   0.00350449   0.000932946   0.0022931   -0.00833582   0.0125479   -0.00834817   -0.00184285   -0.00466118   -0.00393303   0.0109333   0.0207442   0.0110366   0.00820013   0.00996212   0.0120118   0.00110345   0.00874348   0.0083336   0.00526348   -0.00428148   -1.6487e-05   0.00874711   -0.00419465   0.00636415   0.00297285   0.00470652   0.00547607   0.0058088   0.000322612   0.00198464   0.00280227   -0.00250933   0.00629045   -0.00862355   -0.00442875   0.0167916   0.0135539   0.00614201   0.0104443   0.0203053   0.00566894   0.0100707   0.00953439   0.00583258   0.0115297   0.00751524   1   0.0020479   0.00574469   -0.00385066   0.00633516   -0.00644846   -0.00248499   -0.0122133   -0.00080821   0.00731489   0.00413917   0.00749628   0.00135431   -0.00492359   -0.00125516   -7.03174e-05   0.00213325   -0.00435544   -0.00306588   -0.00795191   -0.00420541   0.000544395   -0.00773506   7.26078e-06   0.0068375   -0.00176367   -0.00381652   0.000585524   -0.00228141   0.00209597   -0.000745386   0.00195782   0.00280753   0.00204028   -0.0169963   -0.00431039   -0.00856783   0.000338191   0.00854408   0.00934042   -0.000568796   -0.00114514   0.00243656   0.00252595   -0.00532398   -0.000702912   -0.0084225   -0.00263552   0.000848406   0.00350893   0.0101602   0.0194474   0.00995239   -0.00244547   0.002566   0.00328975   -0.0014666   0.0031561   0.00305372   0.00181705   -0.000659963   0.000242743   -0.0117617   -0.00558616   -0.0101584   0.0172939   0.00289239   0.00510171   0.0103341   0.0130253   0.00194707   -0.00423626   0.00350523   -0.00493326   0.0156692   -0.000759288   -0.000242468   0.000419739   0.01192   -0.00804995   -0.00162468   -0.00382688   -0.00216592   0.000180894   0.00347488   -0.00452179   0.000764762   -0.00108505   0.00391023   -0.00297274   0.001704   -0.00758641   -0.00414872   0.000719052   0.00205182   0.004019   0.00112205   0.000167409   -0.000171569   -0.00438183   0.00246941   -0.00735986   0.0198418   -0.000119186   -0.000230351   -0.0161116   -0.00200617   -9.9652e-06   0.000533782   -0.00129335   0.00229615   0.00155292   -0.00640965   0.0590884   0.0191905   -0.00413227   -0.0317471   -0.00214552   -0.0472931   0.0546688   0.0588257   -0.00332094   0.000195055   0.00528478   -0.00123111   0.00119309   0.0213585   0.00282314   0.003191   0.00392547   -0.0195378   -0.0139908   0.00368192   -0.00138127   -0.0530593   -0.00156636   0.00207087   0.00290994   -0.00932902   0.00241053   -0.00277949   -0.00189977   0.00267988   0.0175608   -0.00148865   0.00454812   0.00549048   0.00661293   -0.00739186   -0.00250631   0.00247271   -0.00165645   0.00847576   -0.00491158   0.000891049   -0.00398386   -0.000670849   -0.000218799   0.0180811   -0.0297826   0.0035268   0.0065258   
0.0013921   -0.00818808   0.00617059   -0.00537329   0.00930664   0.0155267   -0.0136928   -0.000803082   -0.00637368   0.0170614   -0.00215096   -0.00119246   0.0157735   0.00170653   0.00997289   6.4057e-05   -0.00148321   -0.00232392   0.0016722   0.000714869   0.000790942   -0.00142299   0.00238467   0.0110258   0.000222342   -0.00156192   -0.00510796   0.00445919   0.000337669   -0.000498298   0.000825081   0.00396852   0.00175358   0.000517946   -0.000714813   -0.0108427   -0.00459411   0.0122464   -0.00243745   -2.53037e-05   -0.00207471   0.000638738   -0.00122336   0.000861157   -0.00142356   0.0104079   -0.0116759   -0.00336765   -0.00162356   0.00643433   0.000910842   0.00734819   -0.00243841   0.00862971   0.0186792   0.0282238   0.00464308   0.00172671   -0.00257022   0.0202511   -0.00176797   -0.00792604   0.00568925   0.00116923   0.000566393   -0.00244224   -0.00276464   0.0130614   0.0162859   0.0158732   0.0219745   0.0191511   -0.00399553   -0.00360805   0.141757   0.109673   0.0263132   -0.0218877   -0.0248501   -0.00481924   0.0122295   -5.84909e-05   0.00746905   0.0202925   0.0242296   0.0529096   1   0.00751524   0.000539949   0.00754298   -0.00283926   -0.00386188   -0.0232093   -0.00768146   0.00653867   0.00866293   0.00244813   0.0121013   0.0214615   0.0166993   0.0145178   -0.00978032   -0.00109566   0.00337424   -0.0104288   -0.0124248   -0.0211623   -0.0130888   0.0184433   0.000190817   0.00589028   0.00805271   0.00215822   -0.00340859   -0.000442418   -0.00381971   0.00608962   0.0013301   0.000756436   -0.00802562   -0.00559556   -0.032845   -0.0170012   -0.0190367   0.00257468   0.0121006   0.00731124   -0.00527586   -0.00522665   0.00184082   -0.00360085   -0.0103974   0.00123844   -0.00385969   0.0646665   0.0600966   -0.00186268   -0.0242648   -0.0120309   -0.0131486   -0.018454   -0.00398737   -0.000406877   -0.00674358   -0.00404425   -0.00115148   0.0310938   -0.00482498   -0.00334012   -0.00965552   -0.00683145   -0.0159957   0.0302914   0.00866193   0.00832483   0.00569946   0.0102183   -0.00220053   -0.00735557   0.00352974   -0.0084539   0.00401251   -0.000808889   -0.00012569   0.0108391   0.0086137   -0.0142863   -0.00185557   -0.00786874   0.00640752   0.0141628   0.0104216   -0.00127739   -0.0014744   0.00176026   0.0100035   0.0187353   -0.000728492   -0.0150863   -0.00209453   -0.0015379   -0.00115879   0.000481896   -0.00112983   0.000421694   -0.000402667   0.0129658   0.00454999   -1.5472e-06   -0.0110875   -0.00164611   0.00182764   0.00471292   0.000105376   0.00525663   0.00654842   0.000524088   0.0262725   -0.00342256   0.00659441   -0.174103   0.0340232   0.00421602   -0.0521093   0.0133468   -0.01456   -0.0237124   0.0837661   0.028292   0.00012944   0.00809421   -0.00251411   0.000145135   -0.0434541   -0.00236151   -0.000283626   -0.00181331   0.0144799   -0.0969028   0.0167079   0.00291564   0.0645805   -0.00980834   0.00323471   0.0054515   0.00198935   0.00963936   0.00497108   0.00654454   0.00302435   -0.0607654   -0.011868   0.00598823   0.010122   0.00999874   4.1378e-05   0.000489984   0.012866   -1.87387e-05   -0.00205626   -0.00937174   0.0307208   -0.00615918   -0.00437087   0.00335061   0.0229725   0.0461939   -0.00477925   0.00417848   
0.00601336   0.00221949   0.000749145   0.0066695   0.00570608   -0.000554215   0.00085876   -0.00659232   -0.00668681   0.00646387   0.00243898   0.00176178   -0.000502163   -0.0104026   0.00528845   0.000203017   0.00227445   0.00312171   -0.00306393   -0.00375463   0.00287451   0.00505781   0.00219471   0.00326779   -0.000681853   -3.22718e-06   0.00377285   0.00429612   -0.00212765   -0.000454055   -0.000730264   -0.00704797   -0.00204984   0.000974932   0.00322044   0.00326814   0.0041689   0.00209332   0.000699008   -0.00124553   0.000920306   0.00232548   0.00113516   0.00201214   -0.00427727   -0.0107213   -0.00952337   -0.00803349   -0.00121571   0.000854911   0.0076403   0.00666717   0.00467497   0.0162033   0.0235022   0.0346311   0.0246629   -0.000932444   0.000453114   0.00371045   -0.00862752   -0.00656201   -0.00867694   -0.00534378   0.00383856   -0.000445304   -0.00333746   0.0164573   0.0186977   0.0207183   0.0314765   0.0204421   -0.00784915   -0.00250085   0.0215863   0.013736   0.018468   0.00907236   0.0110328   0.000781239   0.00771646   0.00626359   0.014876   0.0275966   0.0302104   1   0.0529096   0.0115297   0.00282742   -0.0079954   0.00106976   -0.004364   0.000405186   -0.00553682   -0.0132718   -0.00467879   0.00499015   0.00974842   0.0133263   0.0182294   0.0188201   -0.00670362   3.74202e-05   0.00430669   -0.00773227   -0.00853534   -0.00291928   0.0035186   -0.0028127   -0.00130422   0.000489651   -0.000726198   -0.0045419   -0.00071396   0.000554033   0.000623023   0.00203128   -0.00101575   0.00152957   -0.00182217   -0.00946094   -0.00887259   -0.00772999   -0.00438448   -0.00432016   -0.00185342   0.000668707   0.000147148   -0.00120432   -4.38284e-05   0.000425562   -0.00273281   -0.00236952   -0.00700637   0.00250829   -0.0110194   0.00498474   0.00605476   0.00472722   0.0107765   0.0105994   0.000418675   0.00475711   0.00104458   0.00368834   -2.16753e-05   0.00291253   -0.000120801   0.000226652   -0.00516894   -0.00225504   0.000429878   -0.0121903   -0.00509004   0.00494531   0.00645008   0.0020959   0.00204611   0.00243396   0.000128422   0.00270524   0.00696897   -7.24608e-05   -0.000436376   -0.0043835   0.0111089   0.00210132   0.00293741   -0.00218802   0.00044422   -0.00148182   -0.0043708   -0.00159548   0.00459189   2.92572e-05   0.00434237   -0.00042156   -0.00197088   -0.00468788   -0.00333793   -9.32907e-05   0.000340046   0.000534595   -0.00182141   -0.00018982   0.000153183   0.00256116   0.00424446   0.00248354   0.00552056   -0.00158071   0.00454904   -0.00973644   -0.00206911   -0.00305103   -0.00543734   -0.00214362   0.0355797   0.0125418   0.00238638   0.0278787   0.0215497   -0.014481   -0.0306471   0.000459076   -0.0401804   0.0442986   -0.0281615   0.0074614   0.000900002   0.00326924   0.00234953   0.00291886   0.0209941   0.00155165   0.00315739   -0.000815602   -0.00299164   -0.14496   0.00142732   -0.0012611   0.0770216   -0.00363749   0.000683441   0.00201025   -0.00695852   0.00201083   -0.00405177   0.000148979   0.00363655   -0.044125   0.00373403   0.000586658   0.00594278   0.00333985   0.00181231   -0.00197038   0.00447572   -0.00201418   -0.00628445   -0.0216456   -0.00865653   -0.00287114   -0.00398277   0.00400972   0.0248549   -0.0111936   0.00222663   0.00957945   
0.0106229   0.0148696   -0.000622006   -0.00516415   -0.00347949   -0.00326326   -0.00560785   0.00225811   0.00172074   -0.0032388   -0.00222196   -0.000982233   -0.00110103   0.00884808   -0.0022184   -0.000199617   -0.000107793   -0.00090347   -0.00105734   0.00202943   -0.00297928   -0.00753592   -0.00168547   -0.0025939   0.000826201   0.000529991   -0.00080325   -0.00222945   0.00167301   0.000463891   -0.000248479   0.00193158   -0.00118147   -0.00197526   -0.00127931   -0.00172778   -0.00215954   -0.00261024   -0.000951284   0.00149935   0.000375981   -0.000398221   0.000698615   -0.00100189   -0.00374753   -0.00494623   -0.00797954   8.64195e-05   -0.00106118   -0.00569871   -0.00614719   -0.00648364   0.00967477   0.0143719   0.0169387   0.0180968   0.00682967   0.000188313   -0.000854211   0.00305079   -0.00114342   -0.00475155   -0.00117545   -0.00208267   -0.00681045   -0.0015503   0.00142285   0.00923099   0.0104779   0.0105521   0.0140059   0.010653   0.00300115   2.73896e-05   -0.00334021   -0.00170643   0.0050271   0.014596   0.00909391   0.0124512   0.00499721   0.00197202   0.0204614   0.0218447   1   0.0302104   0.0242296   0.00583258   0.00247866   0.000229791   -0.00150814   -0.00326048   -0.00385605   -0.000192049   -0.000813092   -0.00221197   -0.00261556   0.00812724   0.0130227   0.0116688   0.012765   -0.00661452   0.000727521   5.39989e-05   0.00157944   0.000757134   9.92155e-06   -0.000123242   -0.0029356   -0.00457538   9.84316e-05   0.00161682   0.00289007   9.72233e-05   0.000152924   -0.00138045   -0.00365447   0.000389271   -0.000568522   -0.00466025   -0.0034904   -0.00722503   -0.00499074   -0.0033246   -0.00326655   0.00058299   0.00134953   -0.000318985   0.000198677   -0.00125455   0.000319801   -0.000734393   0.000777375   0.00513822   -0.00734365   0.00263967   0.00120493   0.00454828   0.00779345   -0.00375202   -0.0062471   0.00254087   6.00464e-05   0.00177103   0.00092483   0.00341031   -0.00468897   0.00265712   0.00124549   0.00355013   0.00413827   0.00150948   0.00454025   0.00261982   -0.00610768   -0.00455174   0.000104271   -0.00136165   -0.00129041   -0.000451343   -0.00131671   -0.00503155   0.000372424   0.000566327   0.0037817   -0.00690325   0.000726494   0.00298055   0.00469279   -0.000630166   -0.00282562   0.001346   0.000487644   -0.00354719   0.000446251   -0.00335113   -0.00365803   0.00229724   0.00922344   -0.000751801   -0.00166652   -0.000967971   -0.000858436   0.0022051   -0.000243399   0.000391975   -0.000269951   -0.00216871   0.000110641   0.0128711   0.00194444   -0.00209942   -0.00598683   -0.0025895   -0.00614948   -0.010123   -0.00760126   0.00944588   -0.00367293   0.0017077   0.018816   -0.0038856   0.00281217   0.0140808   0.00117587   0.0360639   -0.00546893   0.0231767   -0.00723039   0.00119184   -0.000330984   0.00375649   0.00246691   0.00300973   -0.00107785   0.00231186   -0.000804407   -0.00610661   -0.0989172   -0.00299997   -0.000809327   0.0417958   0.000389092   -0.00148631   -0.00389514   0.00197322   -0.00597128   -0.00114311   -0.00193708   0.000822523   0.0113533   -0.000206351   -0.0026489   -0.00402467   -0.00533838   -0.00967761   0.00064178   -0.00352839   -0.00055247   -0.0119975   -0.00671578   -0.00962954   0.00468191   -0.00135585   -0.00285819   0.00792497   -0.0088197   4.65579e-05   -0.000274275   
0.0123691   0.00907715   -0.000130393   -0.00239244   -0.00126764   0.00142616   -0.00172605   0.00122976   -0.00220598   -0.000525512   -0.00228251   -0.00163982   0.0012262   -0.00526813   -0.00129886   0.000130923   -0.000647185   -0.000822091   0.00157016   -0.0017511   -0.00118701   -0.000728376   -0.00289717   0.00281804   -7.86361e-05   0.00100066   -0.0012982   -0.0032676   -0.000179507   -0.000113543   0.000229506   -0.00286042   -0.00429263   -0.00456906   0.000318374   -0.00398099   -0.000766012   0.0013196   0.000755419   0.000665195   0.000378804   0.00192337   -0.00141438   -0.000295468   -0.00120336   -0.00311844   -0.00748681   -0.00523005   -0.00245456   -0.00133862   -0.000545472   0.0038807   0.0171578   0.016985   0.0142782   0.01582   0.00582966   -0.00134291   0.00225677   0.00134043   -0.00210652   -7.94958e-05   0.000623947   -0.00300393   0.000785099   -0.00166612   0.00203073   -0.000476236   0.00294574   0.0036212   0.00481773   0.00389449   -0.00160169   0.00339266   0.00143085   0.00228629   0.00893305   0.0127297   0.00742632   0.00544872   0.00723263   0.00363965   0.0354262   1   0.0218447   0.0275966   0.0202925   0.00953439   0.00229692   -0.00229796   -0.000563176   0.00505753   -0.00359081   -0.00373502   -0.0033635   -0.00212784   0.00194131   0.00621094   0.00602179   0.0045537   0.00443251   -0.00172764   -0.00136787   0.00122899   -0.00348951   -0.00121485   -0.000702189   -0.00564231   -0.00215631   -0.000424732   -0.00351084   0.000481511   -0.000703386   -0.000192316   0.000552875   0.0011674   -0.00395446   -0.000308392   0.000911263   0.0015821   6.49049e-05   -0.00244725   0.000313443   -0.00176772   -0.000268617   -0.00146269   -0.000943425   -4.11854e-05   0.000167196   0.000625607   -0.00035425   -0.000714938   0.000132588   -0.00286709   -0.00786619   0.00059136   0.00372409   0.00603843   0.00222035   0.00320135   0.00073351   0.000977266   -0.000484707   0.00102514   0.00114692   0.00178123   0.000202455   -0.000784761   0.000142674   -0.00164373   -0.0036001   -0.00507985   0.00560542   -0.00333019   -0.00182355   0.000115065   0.00117031   0.0020194   -0.000742773   0.00209354   -0.000430437   0.00833458   -0.000568604   -0.000227599   -0.00316591   0.00218102   0.000367822   -0.00161481   0.00344205   -0.0017465   -0.00279591   -0.000538629   0.00028497   0.0035978   0.00148983   0.00199367   -0.00520569   -0.000969003   -0.00109511   -0.00122337   9.27794e-05   0.000279978   0.00073738   -0.00058411   9.865e-05   -0.000150526   0.000526262   0.00237107   -0.00175482   0.00438195   -0.000160584   0.000204736   -0.00673393   -0.00185068   -0.00213826   -0.00494956   -0.00403899   0.0104092   0.00224398   0.000712448   0.0234875   0.00488533   -0.00279406   0.0165385   -0.000985374   -0.0231728   -0.00163261   0.0120146   0.00258843   0.0010816   0.00156891   0.00130815   0.00193656   0.0171304   0.00176746   0.00106769   -0.00131856   -0.00107852   -0.0877188   -1.3854e-05   -0.000230702   0.0261074   -0.00136209   -0.00118241   -0.000759725   0.000629448   -0.0165377   -0.000938996   -0.00208788   0.0019838   0.0755841   -0.00161829   -0.00147949   -0.00439043   -0.00165073   0.00214787   0.000664767   -0.011479   -0.000781487   -0.0119831   -0.0107225   -0.0089541   -0.00219523   -0.00332856   -0.00085498   -0.00703425   -0.0224618   -0.00619503   -0.00516936   
0.00346686   0.00705575   0.000539441   0.000771267   -0.00115716   -3.61778e-05   0.000593972   0.000523262   0.00317394   -0.00218244   0.000648727   0.000229838   0.000631711   9.51686e-05   -0.000621051   1.59345e-05   -1.9098e-05   0.000184559   0.000687598   -0.00110985   -0.00148857   0.00061823   -0.000696725   -0.000215726   -0.000360871   0.000974185   -0.000817498   -9.73661e-05   0.00117013   -5.44716e-06   0.000159946   -0.000286087   -0.00148763   -0.00190309   -0.000195932   -0.000338105   -0.000468061   -0.000499479   0.00131649   0.000515931   0.000344049   -0.000211887   -0.000993053   -0.00039389   -0.00137882   -0.00715018   -0.00591176   -0.00834904   -0.00522884   -0.00173859   -0.00211289   0.00189118   0.036907   0.0241289   0.0127631   0.00700279   0.00134553   0.00291444   0.00169679   -0.00461164   0.00301406   0.00229955   0.000373153   0.00225776   0.00385313   0.00425481   0.00725167   -0.0135555   -0.0113535   -0.0103859   -0.0142849   -0.0104869   0.0059677   0.00800836   0.00500068   0.00825661   0.00914097   0.00915578   0.008794   0.00736565   0.00555675   0.00487337   1   0.0354262   0.0204614   0.014876   0.00746905   0.0100707   0.00283365   -9.79468e-05   0.00180995   0.00225346   -0.000120009   -0.00103391   0.00282399   0.000873433   0.000196429   0.00365051   -0.00253174   -0.00644409   -0.00570213   0.000584526   -6.27987e-05   0.00038808   -0.00241006   -0.00261188   -0.00324579   -0.00652174   -0.00276928   -0.000391733   -0.00292627   -0.00176504   -0.000815344   -0.00054474   -0.00128883   -0.000803962   -0.00113013   -8.7275e-05   -0.000896887   0.00366689   0.00628041   0.00942995   0.00648883   0.0041785   0.00388513   0.000142953   -0.00138455   0.000367272   0.000605039   0.00101312   -0.000438044   0.00217595   0.000787147   0.000726495   0.000297161   0.00470983   0.00559784   0.00459978   0.00032545   0.00367296   0.00307624   0.00108901   0.000490129   0.000701972   -0.000329027   -0.000491001   0.000260415   0.000494516   -0.000182159   0.00245831   -0.00101595   -0.00254898   -0.00148635   -0.00276281   -0.00151432   -0.00177889   -0.0021805   -3.20852e-05   0.000145731   0.000108634   0.000248384   0.000840749   -0.000159526   -0.000158246   -0.00397194   -0.00261445   -0.000948519   -0.000551187   0.00167981   -0.00074029   -0.00288142   6.7746e-05   0.00218116   0.00175837   0.000913378   -0.000119973   -0.0027149   0.000281862   0.000556204   0.00332453   0.00140983   0.000261014   -0.000579998   -0.00181432   -0.000219645   5.94037e-05   0.00286038   0.000225196   0.0020221   -0.00368225   0.0012665   -0.00130379   0.0104604   0.000347759   0.00123883   0.00147486   0.00118311   -0.00243102   -0.000828093   -0.00301012   0.0011578   -0.00314991   0.00342281   0.00647344   -0.00172574   -0.00109575   -0.0211166   -0.00524545   -0.00659181   -0.00067167   -0.00120791   -0.00215849   -0.000563155   0.00266727   0.0014423   -0.00041345   -0.00250448   -0.00201132   -0.0707256   0.00512126   0.00060334   -0.0135368   -0.000131585   0.000106268   -0.000407436   0.00237185   -0.0381577   -0.000681064   -0.00690841   0.000531967   0.211929   -0.00338257   0.00025845   -0.000558292   -0.00131172   0.00389747   0.00084226   -0.0287338   -0.000701348   -0.00329384   0.000330929   0.0017494   -0.00263659   -0.000761572   0.00148429   -0.0176912   -0.0133014   0.00235994   -0.00209792   
-0.0161913   -0.0144788   0.00034794   0.0044342   0.00419428   0.00123374   0.000777447   -0.0013774   0.00162055   0.0042753   0.00236448   0.0011912   0.000845613   -0.00539678   0.00486005   0.000100057   0.00174736   0.00324201   -0.00218775   -0.00368512   -0.000736703   0.0039237   0.00165461   0.00186318   -0.000894227   0.00142162   0.00102628   0.00379726   0.000624489   -0.000254674   -0.00033166   -0.00286322   -0.000831557   -0.000118559   0.0019928   0.00212394   0.00234984   0.000450914   -0.000257077   -0.00106435   0.000132154   0.000345997   0.000918457   0.00211163   0.00131295   -0.00239244   0.000592712   -0.00569712   -0.00312552   0.00258649   0.00509355   0.00838253   0.00546309   0.00358418   0.00314055   0.00389892   0.00519955   0.00516875   0.00399475   0.00104432   -0.00114149   -0.00212636   -0.0048273   0.000213855   0.00526766   0.00327689   0.00200799   0.00376229   0.00208178   0.002594   0.0046307   0.00159109   -0.000678933   0.00117573   -0.0039217   0.0010283   0.0136045   0.0122174   0.0142958   0.00668134   0.00722201   1   0.00487337   0.00363965   0.00197202   0.00626359   -5.84909e-05   0.00566894   0.00131298   -0.000950011   0.00283748   -0.00129326   0.000306295   -0.00329069   -0.0011761   0.00150735   0.00310562   0.00168572   -0.000750024   0.000644633   0.000114267   -0.000510175   0.000978527   0.0022184   -0.00296082   -0.00315418   -0.00276385   -0.00128323   0.000703818   0.00117653   -4.64853e-05   -0.00154417   -0.00289875   -0.000657443   -0.001052   -0.00101317   0.00425557   -1.05041e-05   0.000757373   0.000795585   -0.00131187   4.54417e-05   -0.00176801   -0.00102586   0.0014085   0.000560518   6.59871e-05   0.00047131   -0.000506249   0.00119721   0.000154705   0.000191733   -0.00044782   -0.00392299   -0.00135626   -0.00673829   0.00546079   0.00830263   0.00738974   0.0146468   0.0120588   0.00193016   0.00346673   0.000732603   0.00169487   -0.000825078   -0.0011562   0.00195382   0.000540162   -0.00106129   -0.000696624   -0.000980658   -0.00742369   -0.0034061   0.00412771   0.00336723   -0.000345624   -0.000342069   0.000488382   -0.000809297   0.000885307   0.00134237   -9.53575e-05   -0.000290375   -0.00238917   0.00573967   -0.00165015   -0.000328683   -0.00547943   -0.0023599   -0.0028285   -0.000685129   0.000811137   0.00122042   -0.00228635   -0.000545887   0.0032736   0.00018171   -0.00458517   -0.00245495   0.000467317   0.00126994   0.00195482   0.00147202   0.000336698   -0.000102817   0.00553766   0.000765022   -0.00165271   0.0075148   -3.93414e-05   0.00163241   -0.00467105   -0.000101308   0.00138835   0.00299481   0.00308787   0.00661346   0.00342297   -0.000919872   0.0365714   0.0068321   -0.00473368   -0.0252699   -0.0030734   -0.0201789   -0.000990397   -0.0209415   -0.00733724   -0.000292767   0.00771939   -0.000962753   0.000124139   -0.00109292   0.000745436   0.00257141   0.00106788   -0.00531315   -0.00722471   0.0024443   -0.0017697   -0.0241931   -0.000351872   0.00189793   0.000908422   -0.00824994   0.00175176   -0.00305302   -0.00115547   0.000627392   0.0027469   0.00206836   0.00319878   0.0054833   0.000964556   0.00492463   -0.00218348   0.00124609   -0.00129977   0.0159482   0.00146737   0.00580788   -0.0026338   0.000985487   0.0128277   0.0141136   -0.00912689   0.0150252   0.0152409   
-0.0310407   -0.0386166   0.00431886   -0.00984498   0.014921   0.0208047   -0.019851   0.0100983   -0.00570872   0.0250366   -0.00580416   -0.00334255   0.0179865   -0.00706545   0.0181906   0.000228053   0.00147587   0.005281   -0.00500388   -0.0014887   -0.00422223   -0.00442697   -0.0012352   0.0143933   0.00040776   0.00690757   -0.00402437   0.00514977   0.00224585   -0.000647939   -0.000317581   -0.00211358   -0.00549717   -0.00502736   0.00155143   -0.0163774   -0.000424006   0.0099731   -0.00398989   4.02492e-05   -0.00147219   0.00334249   0.00143214   0.00360731   -0.00229053   0.0261621   -0.00661807   -0.00375706   -0.00830457   0.00218411   0.00589805   0.0197738   0.000620936   -0.000184259   0.00431904   0.0067596   -0.00858059   0.00628806   0.00842114   0.0161628   -0.000431635   -0.00181276   0.0148453   0.00174033   0.00808958   0.00169302   0.002413   0.000480785   0.0029324   -0.00260151   -0.00218719   0.00110942   -0.0041435   0.00114684   -0.0190028   -0.00536144   0.0311796   0.0363828   0.0254363   0.0326903   1   0.00722201   0.00555675   0.00723263   0.00499721   0.00771646   0.0122295   0.0203053   0.0015076   0.0175439   -0.00144092   0.00661363   -0.0219512   -0.00739025   0.000766738   0.00900758   0.00557301   0.00374717   0.00970051   -0.000446439   -0.00856292   -0.00356695   -0.0019325   0.00188807   -0.00399979   -0.00143188   -0.0179227   -0.015817   0.0154337   -0.00461344   0.00313015   0.00986541   0.000908102   -0.00514802   -0.000481637   -0.0053238   0.0102949   0.000509135   0.00113931   0.00122554   0.0055301   -0.0296023   -0.0103151   -0.0178603   0.00723701   0.0181859   0.0132954   -0.00150542   -0.00258816   0.00634007   0.00173303   -0.00775719   0.0013658   -0.00969138   -0.00752837   0.00789636   0.00168152   0.0181662   0.0408856   0.0307667   0.00273546   0.00735607   0.00476125   -0.00251858   0.00359993   0.00504516   -0.00249624   0.00214512   0.000464824   -0.0140188   -0.00713944   -0.0207545   0.0377778   0.00780778   0.0103569   0.0118721   0.0166625   0.000214596   -0.00971312   0.00548602   -0.0102757   0.0142063   -0.00172862   -0.000603606   0.00828377   0.0174561   -0.0162602   -0.000929007   -0.00914268   0.00026188   0.00696185   0.0131826   -0.0027232   -0.00321865   -0.00348667   0.0025405   0.0085141   0.00212081   -0.0164965   -0.00274121   0.00102179   0.00185588   0.00425112   -0.00099742   -0.00166076   -0.0011634   -0.000321263   0.00163051   -0.00077071   0.0189755   -0.000608909   0.000125218   -0.00116483   -0.00255986   0.00365115   0.00847644   0.00193844   0.00168094   -0.0050029   -0.00525644   0.108028   0.0163133   -0.00577245   -0.066939   0.00378958   -0.045596   -0.000946722   0.110303   -0.00277965   -0.000729356   0.0296606   -0.000638634   -0.000331399   -0.0125539   0.00297724   0.00390071   0.000315507   -0.000908097   -0.000792779   0.00617988   -0.0017753   -0.0224513   0.0022645   0.00556929   0.002649   -0.0130367   0.00311012   -0.00205207   0.000325833   0.00234678   0.00110403   -0.00328673   0.0113889   0.0116532   0.00598134   -0.00344862   -0.00307904   0.00258485   -0.00100581   0.0295255   0.00883515   0.0141649   -0.00434362   0.00398846   0.012224   0.0330319   -0.0401824   0.0253822   0.028943   
-0.0350854   -0.0325785   0.0013694   -0.0127415   -0.000552785   0.00513836   -0.00859837   0.0181333   0.0113363   0.000447941   -0.00336959   -0.000552427   0.00252406   0.027231   0.00206378   -0.00060691   0.00203356   0.000700667   -0.00674414   0.00791586   -0.00671537   -0.0196341   -0.0002652   -0.00625351   0.0017947   0.00557385   -0.00154414   0.00253024   0.00600961   0.00100358   -0.000533269   0.00935875   0.00208888   0.00145756   -0.00258768   -0.00546829   -0.00444   -0.00527291   -0.00391381   0.00248429   -0.000760801   -0.00389002   0.00452322   -0.000818109   0.0046549   0.0166319   -0.00940234   0.00701138   0.00540187   -0.000577314   -0.00712941   -0.0121724   0.000818737   -0.000362142   0.00354878   -0.00271525   -0.00775078   0.00662216   0.00424012   0.00911429   0.00730543   -0.00620753   0.0100327   0.00835511   -0.00812273   0.00364057   0.00361811   0.00439247   0.00232988   -0.00258491   -0.0040487   0.00295499   0.0119346   -0.00312462   -0.0371697   -0.00455652   0.0575517   0.092568   0.0735078   1   0.0326903   0.00668134   0.00736565   0.00544872   0.0124512   0.000781239   -0.00481924   0.0104443   0.00322486   0.0224806   0.00025131   -0.0186055   -0.0176153   0.00779738   0.0169726   0.0109356   -0.00704043   0.00375247   0.0114289   0.00373095   0.000703639   -0.0109907   0.00472045   0.00405573   0.0080817   -0.00927956   -0.0258668   -0.00962436   0.00523252   -0.00661245   0.00950114   0.00627615   0.00788095   -0.00325037   -0.00362017   -0.00733681   0.00647656   0.00126347   -0.00449308   -0.0120334   -0.00132023   -0.0190254   -0.0111092   -0.00893834   -0.00178988   0.011466   0.0093659   -0.00112813   -0.0016597   -0.00243903   0.000184825   -0.00394992   0.00177066   0.0131846   -0.0163851   0.014928   0.0226583   0.0442391   0.0649124   0.0257836   0.000716349   0.0155082   0.00592691   0.00397206   0.003051   0.00855132   -0.0172336   0.0144596   0.00425536   0.00454381   0.0105682   0.00130507   0.0197815   0.0176573   -0.00565749   -0.00734178   0.00428795   -0.00989698   -0.00939066   -0.00557447   -0.0105402   -0.0223639   0.000330025   0.000856079   0.0312631   -0.0137844   -0.0111699   -0.00512532   -0.0123725   0.00502459   0.0214351   0.0132799   0.00678166   -0.0171635   -0.00273563   -0.00306136   0.0321453   0.00422213   0.000645391   0.000285312   -0.00377038   -0.00267562   -0.00177409   0.00539931   0.000104558   -0.00261336   0.00984976   -0.00469507   0.00352074   0.0050864   0.00596261   -0.00639237   0.0142145   0.000774565   0.00446444   0.010276   0.00601601   -0.00564569   -0.0351922   -0.00597152   0.125535   -0.0164596   0.00291326   -0.0140242   0.0166297   0.109317   -0.0197652   0.0838634   -0.0206567   -0.00143246   0.0416364   0.00362436   -0.00341905   -0.102328   2.93743e-05   0.00104554   0.0159056   0.0193191   -0.00102146   0.012889   -0.00129485   -0.00611187   0.00608645   0.00346275   -0.0070974   0.00025924   0.00358589   -0.0026087   0.00511411   -0.00147123   -0.0031219   -0.00087258   0.00658507   0.00314979   -0.00808397   -0.0263375   -0.000398334   0.0041223   -0.000614516   0.0319836   0.0373557   0.0320229   0.0041421   0.00954123   0.0183976   0.0308994   -0.0677018   0.0293484   0.0301187   
-0.0398403   -0.042196   -0.00315818   0.00970908   -0.0059074   -0.00603069   0.020822   0.00859132   0.0188878   -0.0158722   0.00714365   0.00423603   -0.0115638   0.00270702   -0.0100411   -0.000185414   0.00501295   0.000626228   -0.00197343   -0.00537458   -0.00243753   0.000479923   0.00219611   -0.0103928   -0.00210891   0.00465664   0.00367112   0.00248869   0.0040301   0.000378972   0.000128755   -0.0018535   -0.000156583   -0.0002953   0.00387519   0.0120069   -0.000159175   -0.0110411   0.00133763   -0.000884969   0.000992731   -0.00332603   0.00320196   0.00140074   0.0212524   -0.00643684   0.00810074   -0.00184403   0.012369   0.0166519   0.0048817   -0.00918066   -0.00218456   -0.00310172   -0.00491569   -0.00667257   0.012353   0.000345469   0.00491176   -0.00312641   0.00409241   -0.00235389   -0.0130788   0.00881563   0.0027409   0.0042743   -0.00122749   0.00359617   -0.000693937   0.00424459   0.00601591   0.00381916   0.002086   -0.0020978   -0.0399394   0.0171894   0.117084   0.152202   1   0.0735078   0.0254363   0.0142958   0.008794   0.00742632   0.00909391   0.0110328   -0.0248501   0.00614201   0.00436123   -0.000424908   0.0115797   -0.0173483   0.00459397   0.00331065   0.0150213   0.0064237   -0.000762872   -0.00107348   -0.00902667   0.000260448   0.00340592   -0.00362775   0.00566994   0.010254   -0.00325985   -0.0223187   -0.0221952   -0.0107605   -0.00817501   0.00585049   0.000984522   -0.0108225   -0.00550165   -0.00129736   -0.00695639   -0.00215906   0.00607533   -0.000885793   -0.00341495   -0.00759782   -0.0114377   0.0106712   -0.0043989   0.00450555   -0.00445979   -0.0108594   -0.00981113   0.00230844   -0.00130758   -0.00545076   -0.0041872   0.00211617   -0.00190537   0.00260631   -0.0275057   -0.0120832   0.057785   0.0812855   0.0654971   0.0647457   0.0501858   0.0174471   0.0119292   0.0116338   0.00786999   0.00326724   -0.018547   0.0175084   0.00583836   0.0111461   0.00458889   0.00862511   -0.0369385   -0.00859518   -0.00267536   -0.00789962   -0.0151096   -0.00896308   -0.000377018   -0.0115168   0.00224162   -0.0152243   -0.000215231   -0.000698467   0.00849545   -0.00373275   0.00709996   -0.00487534   -0.0123323   0.00622419   0.0171757   -0.00237327   -0.00324183   -0.00768265   -0.0072853   -0.00512635   0.0243824   -0.00435257   -0.00775411   0.000954621   -0.00104189   -0.000985894   -0.00138395   0.00247147   0.0011737   -0.00200226   -0.00890736   -0.00266304   -0.000914605   -0.00244141   0.0024753   -0.00115278   0.0162022   0.00410696   0.0117156   0.0177531   0.0173037   0.0185846   -0.0238574   -0.00229573   0.196158   -0.0190797   -0.021552   -0.000526462   0.00106103   0.0325286   -0.027867   -0.0943664   0.0114841   -0.00225466   0.0332928   -0.00652766   -0.00591297   -0.0739456   0.00745531   -0.00193056   0.0138897   0.0446726   0.000782255   0.0220355   -0.0039862   0.0051913   -0.00140678   0.00222418   -0.0051512   -0.00933078   0.00513758   -0.0121824   0.00751202   -0.000709536   -0.0235185   0.00695091   0.00369366   -0.000501521   -0.0100489   0.00501639   -0.00258671   0.00434354   -0.00529847   0.0362564   0.0442267   0.0240782   0.00589592   0.0131557   -0.00746403   0.0199622   -0.130352   0.0391345   0.04231   
-0.00537619   -0.00937114   -0.00384506   -0.0115628   -0.0164917   -0.000707492   0.0132012   0.0214152   0.00860838   -0.0243037   -0.00807622   -0.00367862   -0.0102413   -7.89004e-05   -0.0193392   -6.25278e-05   -0.000631709   -0.00673777   0.00463675   0.00175288   -0.00233013   -0.0132   -0.0105162   -0.00616521   0.000223941   0.00616272   -0.00154604   -0.0160227   0.0011228   0.000591383   0.000633534   -0.0038493   -0.00979375   -0.0113918   0.00199809   -0.00707118   -0.00431006   -0.00561323   0.00372924   0.00350681   0.001697   0.00157127   -0.00335619   -0.00375907   0.0172433   0.0191429   0.0145876   0.0213828   0.0176251   0.00285173   -0.00462489   -0.00900861   -0.00988781   -0.00644571   -0.00883582   -0.0113836   -0.00450435   -0.00925097   0.0002249   0.00179798   0.00652578   0.0116948   0.0103274   -0.00309116   -0.00968566   -0.00926326   -0.00101854   7.24705e-06   0.00178885   0.00115928   -0.00200611   0.00505042   -0.00193715   -0.000996012   -0.037697   0.0531186   0.183008   1   0.152202   0.092568   0.0363828   0.0122174   0.00915578   0.0127297   0.014596   0.00907236   -0.0218877   0.0135539   0.00462409   -0.000273403   0.00199322   0.0133313   0.00121204   0.00399698   0.00156604   -0.00460678   -0.00290308   -0.000629531   -0.000657329   0.000233577   -0.000576673   -0.000769385   -0.00150313   -0.000371958   -0.00578319   -0.0177256   -0.01888   -0.027655   -0.0256676   -0.00714196   -0.0125598   -0.00362189   -0.0028655   -0.0047944   -0.00680841   -0.00172609   -0.016822   -0.00218054   -0.00297274   -0.00855412   -0.0115096   -0.00699039   -0.00406835   -0.00290651   -0.0113873   -0.0140076   -0.00777889   0.000201806   -0.00133095   -0.00817863   -0.00614084   -0.00453095   -0.000990473   0.00175062   -0.0426558   0.0252138   0.0877624   0.111925   0.0815782   0.0529305   0.0279972   0.022671   0.00722012   0.0147734   0.00891384   0.0128898   -0.0129003   0.0164282   0.00674292   0.010054   -0.00458914   -0.01168   -0.00307698   -0.0122612   -0.0231028   -0.0150822   -0.00562472   -0.00496825   -0.0078601   -0.00590644   -0.0060996   0.0129256   -0.0016583   -0.000499344   -0.000417719   -0.0110291   0.0121845   -0.00710268   0.0130369   0.00232723   0.0096842   0.000990011   0.00056661   -0.00307772   -0.00154367   -0.00993489   -0.0172386   -0.00203941   0.00471102   0.000458471   -0.000469016   -0.000358103   -0.000102803   0.000533373   0.000648137   0.00120211   -0.0096241   -0.00330794   -0.000246872   -0.00859159   0.00126789   -0.0104502   -0.00217953   0.000144201   0.00773202   0.00520797   0.00423932   0.0016934   -0.0476366   -0.00037186   0.22578   -0.0291028   -0.00838772   0.110663   -0.00316362   0.0142638   -0.00424791   0.0184432   -0.0075483   -0.00184963   -0.0151838   -0.00940319   -0.00630567   0.0105143   0.0166919   -0.00541554   0.000933081   0.0212893   0.0243213   0.0337854   -0.000856456   0.00523414   -0.0109966   -0.00399103   -0.00876071   0.00884985   0.00894623   -0.0110421   0.0115014   0.000421756   -0.0423866   -0.00456655   -0.00442806   -0.0245418   -0.0146371   -0.0072161   0.00354551   0.00827528   -0.00701511   -0.000365466   0.0592734   -0.0125339   0.0151503   0.0151738   -0.00321251   -0.0155566   -0.230691   0.00262641   0.0068773   
-0.019359   -0.0107879   0.00211255   0.00569698   0.00416431   0.00360965   0.0073729   0.00516353   0.00254338   0.0032677   0.00191755   0.00359643   -0.000714401   -0.00875779   0.00353431   0.000156815   0.00439471   0.00192226   -0.00379605   -0.000664707   0.00705331   0.00277824   0.00252205   0.000767205   -0.000537259   0.00391616   0.00497072   0.00376508   -0.00156177   -0.000565554   -0.00153416   -0.00884033   -0.00335742   0.000264011   0.00673337   0.00141361   0.00357497   0.00422687   0.00442338   4.48902e-05   0.00194071   0.00143433   0.000390455   0.001283   -0.000971298   0.017848   0.0357601   0.0226652   0.00244949   -0.00548102   0.00203016   0.00479342   -0.0114636   -0.011501   -0.00990581   -0.00831217   0.0010344   -0.000806068   -0.0109178   -0.000460834   0.00782543   0.0146736   0.00711819   -0.000113669   0.00464402   0.00130387   -0.00252556   -0.00346659   -0.00388712   -0.00528962   -0.00484091   -0.00429607   -0.00400272   -0.0030135   0.0548284   0.133573   1   0.183008   0.117084   0.0575517   0.0311796   0.0136045   0.00914097   0.00893305   0.0050271   0.018468   0.0263132   0.0167916   0.00313838   -0.00610128   0.0043106   0.0188222   0.0197931   -0.0011245   -0.018721   -0.0110098   3.51648e-05   -0.00676955   -0.00788334   -0.00678079   -0.0085063   0.00333936   -0.00361426   -0.0106341   -0.0172302   -0.0202983   -0.0161248   -0.018166   -0.0270733   -0.0244757   -0.0124336   -0.00424716   -0.0124655   -0.0106095   -0.0109134   -0.0119301   -0.00318788   -0.0027418   -0.00278794   -0.00525963   -0.00787437   -0.00812502   -0.00701819   -0.00408219   -0.00346313   -0.000754049   0.0014368   -0.000681182   -0.00425108   -0.00421761   -0.00469598   -0.00770597   -0.00222287   -0.00678819   0.026646   0.0457385   0.0891847   0.0870236   0.0620838   0.0503555   0.0323628   0.015932   0.0163865   0.00835725   0.00826544   0.00381575   0.0122105   0.0130067   0.00334419   0.00468682   -0.00518563   -0.017108   -0.0289661   -0.019628   -0.00928757   -0.00123007   0.00046259   -0.00596744   -0.00465519   -0.0065293   -0.00335178   0.0171401   -0.000514096   -0.000674208   -0.0247576   0.00542953   0.00814546   0.0180222   0.0136918   0.000190104   -0.0173479   -0.00510021   0.00494635   0.00622875   0.000143485   -0.0132751   -0.0426615   0.0033873   0.0065664   -0.000920948   0.00261204   0.00295582   0.00191764   -0.00438501   -8.70643e-05   0.00130041   -0.00810788   -0.00330413   -0.00086839   -0.0140595   -0.00287961   -0.00813324   -0.0112917   0.00250823   0.0139338   0.0182895   0.0149639   -0.00289369   -0.0276112   -0.00465316   0.0961824   -0.00346237   0.00033315   -0.0281481   -0.0125714   -0.0301   0.0410853   -0.0190889   0.00641637   -0.00287185   -0.0505969   -0.00294815   -0.00902443   0.096178   0.01817   -0.00652917   -0.0027206   -0.0475074   0.049975   0.0527687   0.000980937   -0.0107459   -0.022212   0.00320737   0.00313148   -0.00179379   0.00727932   -0.0146806   0.00899178   -0.000249762   -0.0302851   -0.00766407   0.00598617   0.00563483   0.00573084   -0.000936601   -0.000578523   0.00624008   -0.0104339   0.01716   0.0737541   -0.0106486   0.019605   0.0209984   0.0174755   0.0135016   -0.17292   0.022792   0.0253317   
-0.0167479   -0.0138145   0.00148178   0.00586502   -0.00149924   0.000833872   0.0101234   -0.00604977   0.00743728   -0.00470099   0.00282352   0.00224612   -0.00200486   -0.00278136   0.000375332   5.89943e-05   -0.00265562   -0.00369497   0.0060725   -0.00167533   0.00497719   0.00953264   0.00366045   0.000846743   -0.00205563   -0.00573703   -0.00275594   -0.00125984   -0.00154218   -0.000433867   0.000739891   0.00313827   0.00711083   0.00434987   0.00362822   0.00457159   0.00138968   0.00867571   0.000305868   -0.00211069   -0.00135824   -0.00274832   -0.00395529   0.000988275   0.00529289   0.004219   0.0324276   0.0174714   0.00223799   0.00161141   -0.00347177   -0.000188931   -0.00620675   -0.00882277   -0.0122735   -0.0145452   -0.00482556   -0.000922964   -0.0112636   0.00297542   0.00889683   0.00923668   -0.000718133   0.00260942   0.00111826   -0.000913302   0.0004323   -0.0035225   -0.00537358   -0.00227659   -0.00452662   -0.0030592   -0.000452499   0.00113146   0.215276   1   0.133573   0.0531186   0.0171894   -0.00455652   -0.00536144   0.0010283   0.00825661   0.00228629   -0.00170643   0.013736   0.109673   -0.00442875   -0.000200007   -0.00776148   0.00157901   0.0125024   0.0129321   -0.000300426   0.0026074   -0.0015577   -0.00102612   -0.00315664   -0.00879203   -0.00657951   -0.0033264   0.00664639   -0.00214353   -0.00861991   -0.0181035   -0.0192647   -0.0114659   -0.0156931   -0.0117924   -0.00204581   -0.00950566   -0.00581427   -0.00832594   -0.00642651   -0.00924703   -0.00847846   -0.00702929   0.000158024   -0.000378568   -0.00634097   -0.00850343   0.000782125   -0.00468071   -0.00190495   0.0004082   -0.00571749   -0.00584624   -0.00438268   -0.00502898   -0.00429542   -0.00833945   -0.00383294   0.000638375   -0.00188259   0.101285   0.10006   0.0584992   0.00812751   -0.0283373   -0.01447   -0.00147902   -0.00276372   0.00382258   -0.00086178   -0.00624589   -0.00687012   0.0491057   -0.000308128   -0.00211162   0.00905113   -0.00713716   -0.0135925   -0.0204315   -0.0145267   -0.00798862   -0.00463784   -0.00758435   -0.00867433   -0.00373187   -0.00617931   -0.00326046   0.00492476   1.74191e-05   -0.000109144   -0.0170179   -0.0020471   0.00759993   0.00781403   0.0102767   -0.000261922   -0.0111718   -0.00335472   -0.00432266   0.00256184   -0.00186621   -0.00883294   -0.0195793   -0.000180669   -0.00251092   0.000294549   0.00171995   0.00258351   0.00217149   -0.00134657   0.000317012   -0.000345229   -0.0152205   -0.00492224   -0.00173821   -0.00238118   -0.00364755   -0.00724119   0.00190886   0.00535805   0.0136447   0.0145765   0.010255   -0.0105204   -0.024277   0.00834252   -0.263858   0.0196469   0.0264948   0.0153349   -0.0132296   -0.0100894   -0.0457907   -0.0362829   -0.0357427   -0.00206263   -0.0262279   0.0025582   -0.00652482   0.0259752   0.00375286   -0.00504262   0.00368357   -0.0419297   0.052137   0.0457069   0.000958947   -0.0179476   -0.0286038   0.000921307   0.0054236   -0.00218822   0.00475508   -0.00424055   0.00305508   -0.00225741   -0.0137015   -0.0193249   0.00177713   0.000966928   0.00737083   0.012593   -0.000652087   0.00371246   -0.0074728   0.0171924   0.0518839   0.0371854   0.0116655   0.0125324   -0.017811   -0.00604809   0.00314679   0.00940497   0.00928455   
-0.0340143   -0.0536408   -0.00136406   0.00614304   -0.000708142   0.00264834   0.0175488   -0.0140058   -0.0051991   -0.00349785   0.00153005   0.000402833   -0.00630548   -0.0104442   -0.00365231   0.000198968   -0.00565916   -0.00860734   0.0101372   -0.00104938   0.00986656   0.0137805   0.00449755   0.00361099   -0.00260627   -0.013266   -0.00269555   -0.0040252   -0.00695205   -0.000686067   0.00224183   0.00577368   0.0146182   0.0125828   0.00416123   0.00629159   0.00258938   0.0124755   -0.00541197   -0.00586194   -0.00400188   -0.00245879   -0.00486787   0.00266176   0.0101686   -0.00115083   0.00761443   0.00724408   0.0143846   0.014759   0.00933547   0.00705864   -0.00213625   -0.00356623   -0.00671669   -0.00681365   0.0029182   -0.000668067   -0.00442505   0.00252383   0.00156994   0.00320362   -0.00252833   0.00156941   0.00626789   -0.000399465   -0.000473323   -0.000920181   -0.00152316   0.000100263   0.000460246   0.00402244   -0.004483   0.000451827   1   0.215276   0.0548284   -0.037697   -0.0399394   -0.0371697   -0.0190028   -0.0039217   0.00500068   0.00143085   -0.00334021   0.0215863   0.141757   -0.00862355   -0.00136721   -0.00440068   -0.00133857   -0.00222408   0.00597552   0.0062736   0.00970971   0.00635056   0.00509039   -0.00125419   -0.00738804   -0.00249372   -0.00190793   0.00532541   0.000454474   0.00285235   -0.017423   -0.0293578   -0.0185784   -0.00643112   0.00269099   0.0146853   0.000899622   -0.0028016   -0.0067575   -0.00264327   -0.00420676   -0.000234093   -0.00383796   0.000413984   0.00342217   -0.00365844   -0.00956939   0.00189347   -0.00106467   0.00125601   -0.00214857   -0.00841274   -0.00637573   -0.00508045   -0.0046158   -0.00537723   -0.00650738   -0.00330218   -0.000713163   -0.0050515   0.120354   0.0944825   0.0273148   -0.0340103   -0.0645804   -0.0424087   -0.0148453   -0.0145159   -0.00358624   -0.00676401   -0.011369   -0.0116412   0.0619237   -0.00928606   -0.00449039   -0.00222129   -0.0101789   -0.00362785   -0.0101009   -0.00324428   0.00421706   0.00220459   -0.003791   -0.00848467   -0.00301029   -0.00631295   -0.00312737   0.00360218   5.33412e-05   -8.59788e-05   0.00443975   0.00381124   0.000777686   -0.0154298   -0.0117417   0.00517973   0.0200383   -0.00295253   0.000540137   0.000604472   -0.0053339   0.00548473   0.0250494   -0.00673762   -0.0255778   -0.000458315   0.00111626   0.00116123   0.00173349   -0.00149051   -0.000111091   -7.35389e-05   0.0054876   0.00138989   0.000102714   0.00717414   -0.00427844   -0.00120656   0.0182417   0.0065084   0.0111039   0.00847413   0.00525333   0.00281031   -0.017359   0.0107958   -0.387366   0.0529944   0.0200944   0.0220846   0.00117797   -0.0365865   -0.00192133   -0.0457781   -0.00533881   -0.000947408   0.00606703   -0.00323535   -0.00120969   -0.0736692   -0.00705959   0.00162648   0.00724963   0.00486417   0.0148152   0.0300981   -0.00187142   -0.0080063   -0.025378   -0.00111812   0.00807269   -0.0127774   0.00245888   0.000684752   0.00133057   -0.000304183   -0.00884769   -0.0183425   -0.00182897   -0.00191445   0.0121784   0.00994912   -0.00394749   0.00180812   -0.00467149   0.0350374   0.0117942   0.073476   -0.0104868   0.00125141   0.00859645   -0.00237929   0.105102   -0.000112379   0.00447124   
0.0397363   0.0232649   -0.000582995   -0.00126583   -0.00206733   0.00226849   0.00500103   0.00446215   3.05675e-05   -0.000530371   -0.00110147   -0.000882454   0.000146211   -0.00457785   -0.00241009   0.000157343   -0.00146385   -0.00198515   0.00249321   -0.00103776   0.000435721   0.000940155   -0.00201991   0.00157819   0.000399262   0.000192326   -0.00155691   -0.0029642   -0.00127998   -0.000138493   0.000152834   -0.00190926   -0.00275284   -0.0035508   0.000494798   -0.00234478   -0.0002391   0.0018728   0.00122419   0.000353205   0.000515577   0.000742943   0.0041704   -0.000829254   0.000568786   -0.000955737   -0.0053555   -0.0050397   -0.00249134   -6.58156e-05   0.00628087   0.00957367   0.0143229   0.00852324   0.00474839   0.00392304   0.000758825   0.00608228   0.0143529   -0.00342077   -0.000529475   0.0147123   0.0208449   0.0147814   0.00988935   0.00610298   0.00815204   0.00903362   0.00533864   0.00607349   0.00399341   0.000538965   0.0107171   1   0.000451827   0.00113146   -0.0030135   -0.000996012   -0.0020978   -0.00312462   0.00114684   0.00117573   0.00800836   0.00339266   2.73896e-05   -0.00250085   -0.00360805   0.00629045   0.00112399   -0.00261379   -0.00245188   0.00177696   -0.00392072   -0.00235036   -0.00168048   -0.00170289   0.00465075   0.00392191   0.000842127   -0.0010535   -0.000947093   0.00136716   0.00414738   0.0116269   -0.00216094   -0.00185652   -0.00304229   -0.00459288   -0.00239462   0.000736684   -0.00330021   -8.24035e-06   -0.0011629   -0.000784207   0.000628062   0.00153568   -0.00329793   -0.000516084   0.000150246   0.00326734   0.00228158   0.00587725   0.00879849   0.00701987   0.00537985   0.00037669   -0.000226722   0.000983382   0.00182116   0.00177506   0.00109956   0.0013327   0.00113738   0.00565255   -0.00362186   0.0019811   0.000609275   0.000581207   -0.00422635   -0.0041951   -0.00420471   0.00450332   -0.00170635   3.25105e-05   -8.31841e-06   0.00027612   0.000877152   -0.00268989   -0.000487864   -0.00152546   -0.00450608   -0.00242056   0.00427711   -0.00123155   -0.0017248   0.00142768   -0.000544299   0.00102697   -0.000567775   0.00181522   -6.48594e-05   0.00674312   -0.000562793   -0.000358239   -0.00140858   0.00118949   0.00150673   -0.00196203   0.00443476   -0.000455888   -0.000892867   0.00161605   -0.0226055   -0.00208175   -0.00100664   0.00617369   -0.000747666   -0.00191483   0.0107619   9.44268e-05   8.4251e-05   0.000729831   0.00161693   0.00138398   -0.000117817   -0.00088722   -0.0298199   0.000671431   -0.0023164   0.0169172   -0.0587196   -0.000155489   -0.0134093   0.00109739   0.0047879   0.00712489   0.00512302   0.00122688   0.00174881   0.0367206   -0.00229495   0.00167207   -0.00131563   0.0219146   -0.00351534   -0.0193216   0.00266503   0.0058393   0.00525184   0.000594475   -0.00617167   0.00144651   -0.00172133   0.00851652   0.00231762   -0.0066759   0.0411257   -0.0040579   0.00954234   0.000425248   0.000642241   -0.0712034   0.000151404   -1.52862e-05   -8.45335e-05   0.00242644   0.00447178   -9.72511e-05   -0.00779988   0.00137997   0.026862   -0.00468183   0.000958601   -0.00400015   -0.000497684   0.0015762   0.000575094   0.00418756   -0.000492032   -0.0270042   -0.00903838   0.0053406   -0.000225091   -0.00414697   -0.0757015   -0.0585817   -0.0250265   -0.0231607   -0.0211051   
0.0247585   0.04424   0.00211624   0.00044482   -0.00208107   -0.00573217   -0.000839015   0.00486283   0.01293   -0.00269482   0.00478944   0.00465693   -0.000847652   0.02986   -0.000764494   -0.000600795   0.00198074   0.000368851   -0.00536687   0.00782252   -0.00123828   -0.00894403   0.00528191   -0.0116759   0.00203165   7.67648e-05   0.00181483   0.00906448   0.00388148   0.000944667   -0.00120722   0.00862317   0.00537255   0.00500504   -0.00417807   0.00645839   -0.00340086   -0.00725389   0.00173074   0.00262864   0.00152714   -0.00605304   0.00868103   -0.00293256   -0.00710153   -0.00786042   -0.00263863   0.00193673   -0.00328687   -0.00893972   -0.0084797   -0.0136788   0.012266   0.00668823   0.00735241   0.000932296   -0.000740491   0.0124146   0.00787185   -0.00638863   0.00981269   0.0158649   0.0267958   0.0294218   0.00411044   0.0147384   0.00933762   0.0128065   0.0046779   0.00457615   0.00324263   -0.00261972   1   0.0107171   -0.004483   -0.000452499   -0.00400272   -0.00193715   0.002086   0.0119346   -0.0041435   -0.000678933   0.0059677   -0.00160169   0.00300115   -0.00784915   -0.00399553   -0.00250933   0.00124776   0.00451423   -0.00101195   -0.0183725   0.000262297   0.00519786   0.00671085   0.00106902   -0.00834329   0.0023134   0.00553372   0.00230146   0.00561283   -0.00528761   0.00740975   0.00593062   0.00835843   0.00116733   -0.00372126   0.00547198   -0.00381963   -0.0126984   0.00542003   0.000228332   0.00437438   -0.00110753   -0.00272244   -0.00678406   0.00392796   0.000948861   -0.00551432   -0.00665488   0.00468025   0.00998871   0.00809012   0.0130737   0.0079991   0.0111197   0.00653317   0.000974185   0.00254404   0.000169499   0.00277734   0.00344284   0.00336639   0.0268914   0.0114315   0.00851882   -0.00298531   -0.00449026   0.00925052   -0.0108534   -0.0104061   0.0093781   0.00177697   0.000219349   -0.00160102   -5.20536e-05   -0.00798961   0.00628459   0.000555136   0.0113568   0.0142095   0.0107515   -0.009043   0.0090927   -0.00708836   -0.00977143   -0.00400297   -0.00716972   0.00034963   -0.00498947   -0.000568177   -0.0280383   0.00198909   0.00123247   0.00673945   -0.0223888   -0.00562374   0.00867288   0.00122844   0.0011692   -0.00525801   0.00566633   0.0063916   -0.00702153   0.00457566   -0.00251098   0.00358888   0.00713072   0.0368728   0.000122344   -0.00424746   -0.00305291   -0.00349964   0.00743565   9.53954e-05   0.000909096   0.0102995   -0.00357366   0.00372288   -0.00298252   -0.0668888   -0.00431487   -0.00379373   0.00336764   0.00478166   0.0123072   0.0102152   -0.0114288   -0.00875119   0.0475462   -0.0319116   -0.0270523   0.0127783   -0.0271627   0.0121794   0.117531   -0.0192859   0.00861711   -0.00203632   8.67446e-05   -0.0151458   0.00017123   -0.00456086   -0.022468   -0.00158749   -0.0080823   0.00883606   -0.0114968   0.0100224   0.00614025   0.00409849   -0.0487958   0.00588723   0.00291247   -0.00314668   0.0152406   0.0037931   0.00127469   0.00469609   -0.00285658   0.0249501   -0.00402852   0.00361748   0.00856436   -0.00295981   -0.0166712   0.00275551   0.00490907   0.000886353   -0.0223352   0.0174597   0.000288976   0.00857878   0.000328483   -0.00139175   -0.056888   0.00202311   -0.00847932   -0.0131297   
0.00212181   -0.0127049   -0.00205461   -0.002629   -0.00517531   -0.00411364   0.0012016   0.00183601   0.00151225   -0.00392998   -0.0025209   -0.00248104   -0.00463433   -0.00338036   -0.00495631   1.84335e-05   -0.000951873   -0.00133705   0.00151942   0.00317453   0.000547724   -0.000272122   -0.00390865   -0.000545512   -0.000890572   0.000436142   0.00175084   -0.00886745   -0.0011508   -1.60818e-05   -4.12988e-06   -0.00087013   -0.000421467   0.00485322   0.000228819   -0.00154502   0.00288291   -0.00194077   -0.00144115   -0.00038327   -0.000578654   0.000681816   -0.00264421   -9.1676e-05   0.00584672   -0.00263284   -0.00594688   0.000402359   0.00476159   0.00100668   0.00284245   0.00447334   0.000198673   0.00702413   0.0105992   0.0149087   0.0104322   0.00251404   -0.00550387   0.105   0.107388   0.0594774   0.0119364   -0.00083323   -0.00050353   -0.0015311   0.00144088   0.024554   0.0210649   0.0222381   0.0322494   1   -0.00261972   0.000538965   0.00402244   -0.0030592   -0.00429607   0.00505042   0.00381916   0.00295499   0.00110942   0.00159109   -0.0104869   0.00389449   0.010653   0.0204421   0.0191511   0.00280227   0.00167161   -0.00482889   -0.000591868   -0.00234142   -0.00536895   -0.00260856   -0.00143759   -0.00121846   0.00294066   0.00889941   0.0107508   0.013965   0.014531   -0.00502671   0.00161034   0.00478527   -0.00666862   -0.0133014   -0.00728465   -0.00256887   -0.00164016   0.0052716   -0.0012848   -0.000218286   -1.64741e-05   0.000788336   0.000686897   0.00370178   -0.0049559   -8.1367e-05   0.000890568   0.0297576   0.0445191   0.0485738   0.0272616   0.0106798   -0.000158044   -0.00532262   -0.00447146   0.0012578   0.00137283   -0.00140524   0.00119787   0.0112775   -0.00162054   -0.00299053   -0.0167187   -0.01124   -0.00498197   -0.00160975   -0.00698657   -0.00690442   -0.00341825   -0.00107471   -0.00472671   -0.000921553   -0.00232841   -0.00109927   -0.00529046   -0.00179061   4.68692e-05   -9.22215e-05   -0.00318219   7.82923e-05   0.00147096   -0.0010145   -0.00334253   -0.00207206   -0.00150193   -0.000471042   -0.0011098   -0.0010426   -0.000796801   0.00319387   -0.000533416   -0.000257932   0.0138153   0.00313927   0.00339729   -0.010843   -0.00547662   -0.00260168   0.00589768   -0.00361469   -0.00281133   -0.00163832   -0.00180506   0.00680589   0.0214511   -0.00423265   -0.00921285   -0.000686461   -0.000675624   -0.000728317   -0.000524302   -0.000403569   -0.000323855   0.000166643   0.00183966   0.00292758   -0.00198332   0.00977716   -0.000982693   0.000919939   0.00233362   0.00190228   -0.00131418   -0.00389528   -0.00289369   0.0184724   -0.00873978   -0.168995   0.0222846   0.0354174   0.00958041   0.0384982   0.00316403   -0.00702148   0.00536664   -0.00396311   -0.00598851   0.00106442   -0.0248486   -0.00134583   0.00200267   -0.041331   -0.00277838   0.00252555   -0.00327008   -0.00650749   -0.0511444   -0.000372608   -0.00213168   -0.00371655   0.00666114   -0.00229472   -0.000479669   -0.00498829   0.0177435   -0.00258674   -0.00437701   0.00123341   -0.083514   -0.00108558   -0.00323287   -0.0088501   -0.000466024   -0.00320955   -0.00141182   0.0152275   -0.000704723   0.00240704   -0.0144133   0.0295562   -0.0103248   -0.00462271   -0.00326509   0.0303515   -0.00299215   -0.0123902   -0.00627229   
-0.000948996   0.00297304   -0.00207684   0.00698992   -0.00119938   -0.00673563   0.00272057   -0.00655598   0.00467177   -0.004102   0.00397926   0.00154342   -0.00380116   -0.00398727   -0.0013528   6.40108e-05   0.00134278   0.00198965   -0.000364167   -0.00671578   -0.00355931   0.00496529   0.000853941   -0.0014807   -0.00142229   -0.000161586   0.00027181   0.00231029   0.00173191   1.85914e-06   0.000239167   -0.00293049   -0.00203995   -0.0032572   0.00142563   0.00627005   0.000778305   -0.00382082   -0.000298555   -0.000921344   0.000763581   -0.000149533   0.000493494   0.0018004   0.00389849   -0.0178506   -0.00295834   -0.0104631   -0.00166048   0.00568566   0.00557678   0.00744453   0.00282205   0.0111248   0.0167351   0.0234474   0.0201779   0.00793843   0.00596855   0.0155801   0.0121918   0.0177086   0.0102183   0.0170528   0.01171   0.00684715   0.00487657   0.0357414   0.0285828   0.0340504   1   0.0322494   0.00324263   0.00399341   0.000460246   -0.00452662   -0.00484091   -0.00200611   0.00601591   -0.0040487   -0.00218719   0.0046307   -0.0142849   0.00481773   0.0140059   0.0314765   0.0219745   0.00198464   0.00250895   -0.0116009   0.00388768   -0.00633432   -0.000398571   -0.00827494   -0.000349972   -0.000359576   0.00400706   0.0120891   0.011398   0.0194541   0.0229626   -0.00596334   0.003157   0.00562378   -0.00421083   -0.00212046   0.00417549   0.00187376   -0.0014537   0.00499166   -0.00173494   -0.00565376   -0.00365858   0.00158641   -0.000348773   0.0007597   -1.03434e-05   3.29025e-05   0.000766265   0.00242053   -0.00079667   0.0136157   0.00641781   0.00884133   0.00493062   -0.00289754   -0.00415595   0.00220339   0.00238223   0.00229142   0.00154644   0.00554724   0.00103988   0.000295383   -0.0088749   -0.0183357   -0.00355855   -0.00197935   -0.00793101   0.00793032   0.0134177   -0.000959987   0.00113906   0.00194682   0.00114617   -0.00186524   -0.00466025   0.000579466   0.000505314   0.00411486   0.00163939   0.00428605   -0.0183032   -0.00820671   0.000616454   -0.00119167   -0.00741093   -0.00087455   0.00347091   -0.0015558   0.00503871   -0.00349905   0.000160046   -0.000237769   -0.00439228   0.00546608   0.00857807   0.00589228   0.00200872   -0.00122581   -0.00722932   -0.00513609   -6.52743e-05   0.00189777   -0.00296656   -0.00419508   -0.00133112   -0.00228818   0.000380018   -0.00140869   -0.000474598   -0.000314549   -0.000972835   -0.00155707   0.00029204   0.000311925   0.000733897   -0.000521034   -0.00014758   0.0180656   0.00118456   0.00321237   -0.00389725   -0.00227333   -0.00615518   -0.0102013   -0.0053114   0.0302841   0.0125555   0.028334   0.020861   0.00440614   -0.00956726   -0.0058992   -0.00299471   -0.0102582   -0.0241523   -0.0580745   -0.00599152   0.00182363   -0.00440835   0.00325441   0.00410059   0.010805   -0.00230444   0.00495948   -0.00272582   0.0020515   -0.0750524   -0.00777247   -0.0033263   -0.0156353   0.00178256   -0.000766092   -0.00197106   -0.00888074   0.0263347   -0.00513829   0.00101476   0.00151138   -0.122778   0.00151865   -0.00206275   0.00021527   -0.00485518   0.00859984   -0.00201081   0.0215459   -0.00214598   -0.00120136   -0.0188237   -0.00830144   0.00229758   -0.00175831   0.00406113   -0.017979   0.0165894   0.0163787   0.0173045   
0.0102193   0.0119823   -0.00166338   0.00284065   -0.00435268   -0.00455498   0.00295359   -0.00188562   0.00557095   -0.00688461   0.00175939   0.000209343   -0.0023299   -0.00185278   -0.00495135   5.14355e-05   -0.000149026   -0.000605918   0.0022351   -0.00539612   -0.00429812   0.00203425   -0.0014775   -0.0012793   -0.000861446   0.000149825   -0.00188114   -0.000879817   0.00196988   0.000125154   0.0006445   -0.00179036   -0.00388387   -0.00640142   -0.000121092   0.0023279   -0.00203617   -0.00334555   0.00106693   0.000465899   0.000823019   7.66506e-05   -0.000943648   1.68357e-05   0.00518181   -0.013114   -0.0029456   -0.00845697   -0.0016913   0.0042285   0.00185948   0.00475802   0.00383049   0.00961434   0.0124682   0.0169966   0.0125296   0.00557646   0.00644029   0.00828009   0.00641123   0.0163115   0.014561   0.0176116   0.00930876   0.00478456   0.00524403   0.0285421   0.022707   1   0.0340504   0.0222381   0.00457615   0.00607349   0.000100263   -0.00227659   -0.00528962   0.00115928   0.00424459   -0.00258491   -0.00260151   0.002594   -0.0103859   0.0036212   0.0105521   0.0207183   0.0158732   0.000322612   0.00185514   -0.00928065   0.00228845   -0.00284037   -0.00370433   -0.00785511   0.00230784   -0.000391519   0.00250299   0.0108056   0.0097401   0.0150931   0.0184066   -0.00424228   0.00238425   0.00496825   -0.00256613   0.000434428   0.00411163   -0.00228554   -0.00113646   0.00485837   -0.00334849   -0.00439182   -0.00143782   0.00179543   8.29096e-05   0.00160401   -0.00311719   0.000221561   0.00032908   0.000707987   -0.00157963   0.0101925   0.00668047   0.00806512   0.00534388   -0.00311823   -0.00477196   0.00158763   0.00238806   0.00200023   0.00037173   0.00420592   0.00175201   0.0020425   -0.0100842   -0.00899321   -0.00221669   -0.00134542   -0.00888299   0.00281525   0.00696556   -0.000708931   -0.0010764   0.00192388   0.000187174   -0.000738735   -0.00368862   -0.000241871   0.000181301   0.0045804   0.000270356   0.00157763   -0.00868271   -0.00701066   -0.00265733   -0.00374601   -0.00709573   -2.01293e-05   0.00214585   -5.52612e-05   0.00338378   -0.00159258   -0.000150855   -0.000226541   -0.00409066   0.000191344   0.00601013   0.00221928   0.00423284   -0.00151422   -0.00610486   -0.00321803   -0.00328795   0.00150737   -0.000912712   -0.00187858   -0.00251487   -0.00190301   0.0016377   -0.000189091   -0.000281726   -0.000232108   -0.000547248   -0.000372293   9.95037e-05   -0.000451738   -0.0032015   -0.000262351   0.000517202   0.00763066   0.00154157   0.00166962   -0.00223684   -0.0017526   -0.00357291   -0.006688   -0.00371114   0.0221537   0.00798504   0.0411689   0.00976298   -0.00132985   -0.00670129   0.0171768   -0.00378597   -0.00526121   -0.0372148   -0.0348053   -3.77268e-05   0.00145493   3.80409e-05   0.00201256   0.00235313   0.0079308   -0.000999164   0.00188228   -0.000959446   0.00422217   -0.0503548   -0.00596112   -0.00141797   -0.0212243   0.0016122   -0.00138074   -0.00278043   -0.00114811   0.0219617   -0.00196733   -0.000941636   0.00109742   -0.0922714   -0.00119927   -0.002505   -0.00429774   -0.00632627   0.00858779   0.000345485   0.0187568   -0.000893237   -0.0111757   -0.0146379   -0.00740499   0.00129321   -0.00288486   -0.011267   -0.0385791   0.00332595   0.00268304   0.00381318   
0.00280425   0.000594794   -0.00214769   -0.00406549   -0.00230246   -0.00181709   -0.00248305   8.98826e-05   -0.0021749   -0.00161703   -0.00280694   -0.00163571   -0.00206937   0.000572148   -0.00250936   -1.05891e-05   -0.000804567   -0.00138852   0.000187654   -0.000133359   -0.0018571   -0.00368402   -0.00221111   5.42262e-05   0.000341689   -0.000893706   -0.00111073   -0.00266783   -0.000275169   0.000180504   0.000215232   -0.000361987   -0.00165127   -0.00254818   0.000134076   -0.00192362   -0.0010186   -0.000532425   -0.00213608   0.000196675   2.15632e-05   0.000804202   -0.000137102   0.000298823   -0.00155993   -0.00332969   -0.0075903   -0.00127726   0.000918821   -0.00158307   0.00338928   0.0073916   0.0039267   0.00896186   0.013728   0.0167203   0.00830077   0.00762657   0.0071161   0.00853411   0.00449448   0.0138366   0.0190212   0.0118627   0.00586152   0.00420304   0.00604033   0.0277563   1   0.022707   0.0285828   0.0210649   0.0046779   0.00533864   -0.00152316   -0.00537358   -0.00388712   0.00178885   -0.000693937   0.00232988   0.0029324   0.00208178   -0.0113535   0.00294574   0.0104779   0.0186977   0.0162859   0.0058088   0.00210834   -0.0029783   -0.00235665   -0.00162461   -0.00398097   -0.00235315   -0.00362038   -0.00188522   0.00272113   0.00995414   0.0136064   0.0145249   0.0138051   -0.00530496   0.00218938   0.00331508   -0.000740592   -0.000529166   0.00103149   0.000165482   -0.00288615   -0.00234743   -0.0011412   0.00122898   0.00039739   2.53081e-06   0.000674991   -2.68523e-05   -0.00453025   -5.9349e-05   0.000893589   -0.0003079   -0.000769357   -0.000629237   0.00375029   0.00381782   0.00160617   0.00140065   0.00184069   0.000794158   0.00193558   0.000727997   0.00232079   0.00100234   0.00135649   0.00241804   -0.0075142   -0.00261527   -0.00219226   -0.000388169   -0.000203045   -0.00524363   -0.0048631   -0.000339333   -0.00106389   0.000782659   0.000467819   0.00176482   -0.00225531   -0.000162057   0.000653956   4.14319e-05   0.00125899   0.000727735   0.00395872   6.48589e-05   -0.00363198   -0.00148383   0.00116691   -0.000994024   -0.00112235   7.05683e-05   -0.000802783   0.00126805   5.36298e-05   0.000281479   0.00229695   -0.000685991   0.00210028   0.000518403   0.00322805   -0.000998452   -0.00164059   -0.000720657   0.000918097   -0.00171167   -0.00175125   -0.00273373   -0.00280404   0.000534446   0.00253507   -0.000378426   -0.000259739   -0.000101841   -0.000175216   -0.000422623   -2.19459e-05   0.000586693   0.00141908   -0.00139577   -0.00180723   0.0213442   0.00207628   -0.000807437   -0.00308232   -0.0028234   -0.00647924   -0.011507   -0.00855021   0.0130916   0.000474223   0.0304842   0.0127484   0.00522778   -0.00167949   0.0158868   -0.000837763   0.00426521   0.00905631   0.0132453   -0.00206333   0.00135547   -7.93646e-05   0.00249048   0.00343067   0.00635535   -0.00205161   0.00459902   -0.00169097   -0.00774845   -0.0446246   -0.00601914   -0.00248982   -0.0350048   0.000796893   -0.00189052   -0.00277151   -0.00453324   0.0215377   -0.00248944   -0.00221225   0.0013231   -0.0874911   -0.00235005   -0.00304181   -0.00523238   -0.00389119   -0.00664462   -0.000900073   0.0174397   -0.00136619   -0.00348319   -0.0128152   -0.0054313   0.000874804   -0.00169456   0.00506232   -0.0213505   0.00366127   0.00266724   0.00366555   
-0.00228336   0.00249095   -0.00217993   0.000381834   -0.00218887   -0.0062628   -0.000623056   -0.00182076   0.00365613   -0.00285724   0.00116314   0.00106434   -0.0043197   0.00818825   -0.00239045   -0.000192825   0.000933213   -0.000172809   -0.00232643   4.91493e-05   -0.00230106   -0.00356167   0.00110733   -0.00449552   0.000244885   -0.00132142   0.000648558   0.00212903   0.00126733   0.000419081   -0.000225908   0.00141925   0.00102873   0.000360059   1.31998e-05   0.00413303   -0.00100947   -0.00406614   -0.00209334   7.77099e-05   0.000423696   -0.00144305   0.00169857   0.000648481   -0.0027882   -0.0114203   -0.00651929   -0.00388042   -0.00127878   -0.0026448   0.00455624   0.00719853   0.0117374   0.0130341   0.0177506   0.0187473   0.0126541   0.0166957   0.00917472   0.00860425   0.00967579   0.0176706   0.0205388   0.0210317   0.00908333   0.0116147   0.0107321   1   0.0277563   0.0285421   0.0357414   0.024554   0.0128065   0.00903362   -0.000920181   -0.0035225   -0.00346659   7.24705e-06   0.00359617   0.00439247   0.000480785   0.00376229   -0.0135555   -0.000476236   0.00923099   0.0164573   0.0130614   0.00547607   0.00312415   -0.00461455   -0.000554641   -0.0104274   -0.000681632   -0.00195875   -0.00158805   -0.00133879   0.00197576   0.0129534   0.0146845   0.0169574   0.0178898   -0.00731731   0.00591956   0.00490646   0.00049427   -0.0021248   0.000366117   0.00400559   -0.00483316   -0.00540986   0.000516866   -0.00127238   0.000423273   2.22341e-05   -0.000891245   -0.00262848   -0.0011244   0.000194969   -0.00079429   -0.00194391   -0.000249191   0.00685251   0.00565998   0.00893848   0.00370807   0.00293431   0.00190214   0.00155293   0.00245432   0.000374201   0.00285357   0.00328219   0.00176719   0.00754312   -0.00143882   -0.00502984   -0.00131131   -0.00101333   0.000755985   -0.00440066   -0.00140323   0.000120301   0.00148381   0.00146229   0.000346292   8.68919e-05   -0.00509158   0.00251663   0.0010165   0.00527737   0.00713108   0.00743264   -0.00929176   0.00019663   -0.004079   -0.00401313   -0.00302706   -0.00392745   0.000612664   -0.00303616   0.00102813   -0.010094   0.000863556   0.000553136   0.00214307   -0.00640577   0.00178266   0.0052651   0.00172192   -0.000240179   -0.00522576   -0.0025002   0.00158351   -0.00439458   -0.00227396   -0.00543012   -0.000426361   0.00242714   0.00764124   0.00359524   0.000396307   -0.000408033   -0.00194066   -0.000928937   7.04412e-05   0.000349264   -0.00297554   -0.00411429   0.00272247   0.021995   0.00445196   -0.00117414   0.0107247   -0.0018276   -0.00600499   -0.00935664   -0.00555845   0.0136182   0.000625682   0.0387635   0.00561745   0.000592276   0.000416648   -0.0057125   -0.00225431   0.0379355   0.000374488   -0.0142493   -0.000871765   0.000751186   -0.0012467   0.00166062   0.00358922   -0.00354539   -0.0034354   0.00470813   -0.0024934   -0.0169347   -0.0339015   -0.00405678   -0.00278545   -0.0842359   0.0021669   -0.000700098   -0.00363814   -0.0053955   0.0289   -0.00376713   -0.00053572   0.000412631   -0.0999771   -0.00169063   -0.00189559   -0.000349213   -0.00506797   -0.00902375   -0.00151142   0.0243273   -0.00177224   0.00186093   -0.00814129   0.00172331   0.00205447   -8.60678e-06   0.000418722   -0.0248044   0.0147584   0.0127466   0.0114416   
-0.00789268   -0.00327973   -0.000823458   -0.00227599   -0.000483522   -0.000484864   -0.00207917   0.000269442   0.00152576   -0.000894489   -0.000962677   -0.000373533   -0.000597722   0.00403585   0.000785552   -7.33631e-05   -0.000553212   0.000400664   -0.000740641   0.000550545   -0.00220688   -0.00212909   -0.000414923   -0.000998372   0.000175043   -0.000255637   -0.00134602   0.000368486   0.000905087   0.000176818   0.000165018   0.00214385   0.00081022   -0.000495157   -0.000364204   -0.000414635   -0.000122211   -0.000516416   -0.00170231   -1.00921e-05   -0.000286062   -0.000852922   0.000218236   0.000349852   -0.0012056   -0.00122994   -0.00317042   -0.00174104   -0.00154263   -0.00101509   0.00236227   0.00629719   0.0135951   0.00795236   0.00551548   0.00176058   -0.000693274   0.0097028   0.00612922   -0.000388977   0.00383147   0.0121471   0.0179355   0.014154   0.00762765   0.00774721   1   0.0107321   0.00604033   0.00524403   0.00487657   0.00144088   0.00933762   0.00815204   -0.000473323   0.0004323   -0.00252556   -0.00101854   -0.00122749   0.00361811   0.002413   0.00200799   0.00725167   0.00203073   0.00142285   -0.00333746   -0.00276464   0.00470652   0.00156743   0.00141361   -0.000442424   -0.00114952   -0.00203617   0.000373535   0.00266106   0.00223593   0.00134011   0.00397971   0.00306414   0.000856646   0.000142598   -0.00148509   0.00248514   0.00139573   0.000867705   0.000257885   -0.00140609   -0.00178263   -0.00149814   -0.00106695   -0.000235998   0.000430101   2.7015e-05   -0.000851472   -0.000859343   -0.00189171   -0.00121787   0.00030002   -0.000308996   0.000774884   0.00333391   0.0047861   0.00670059   0.00616159   0.00547692   0.00407733   0.00269084   0.000737288   0.00187174   0.00180616   0.0021888   0.00237097   0.00205426   0.00417173   0.000657489   0.00389815   -0.000644912   -0.00153279   -0.000239573   -0.00323461   -0.00349802   0.000242957   -0.000540711   -0.000159652   -0.000815162   0.000221103   -0.000904811   0.000787727   0.000290373   0.00180176   0.001835   6.29964e-05   0.0023112   0.00152903   -0.00219582   -0.00135286   6.88216e-05   -0.00243063   -0.00124474   -0.000688671   -0.00124112   -0.00314593   0.000216729   0.000283977   0.00225225   -0.00194241   0.000367371   0.0007732   0.000571402   -0.00132404   -0.00131126   0.00176124   -0.000529488   -0.00302394   -0.00187012   -0.00398773   -0.00100362   0.00152834   0.00257542   -0.00211451   -0.00100037   0.00012831   0.000847557   0.00291251   -7.85394e-06   -0.00236448   -0.000365382   -0.0025267   0.00255665   0.0137398   0.00264125   -0.00218341   -0.00620155   -0.000771154   -0.00235153   -0.00357445   -0.0029083   -0.00357439   -0.00276367   0.0295275   -0.00663734   -0.00406917   0.00394992   0.00483142   -0.00144845   0.0163588   -0.0094918   0.0101135   -0.0202562   0.000205047   -0.00302125   0.000904212   0.000863352   -0.00326575   -0.00173144   0.00253879   -0.000614776   -0.00568773   0.0046567   -0.000948504   -0.00134835   -0.0706118   0.00129746   -0.000157263   -0.00159553   -0.00292532   0.00424197   -0.00183015   -0.000986299   -0.000290421   0.0213933   -0.00387003   -0.000256815   -0.000574519   -0.00220728   -0.00373381   -0.000710727   0.00262435   -0.00113537   0.00572858   0.00137423   0.00183932   0.00344947   0.00117104   0.0028307   -0.0271451   0.0101744   0.0109489   0.00710105   
-0.0176154   -0.00439074   0.00165711   0.00922162   0.00857951   -0.00142346   0.000334942   -0.00591907   0.00293448   0.00792983   0.00759145   0.00586283   0.000738646   0.0101317   0.00864673   -0.000197151   0.00391796   0.00516352   -0.00754812   0.00190922   0.00253387   0.00351329   0.00877589   -0.00456452   0.000215508   -0.000316658   0.00432566   0.0149514   0.0010768   -8.49539e-06   -0.000833574   0.00314023   0.00729867   0.00896951   0.000687349   0.00948353   0.00285682   -0.00197324   -0.000982718   -0.00155879   8.49033e-05   -0.00374037   0.00518634   0.00197825   -0.00678582   -0.00740868   0.000329928   -0.00351222   -0.00214963   0.00181155   0.00649892   0.000984871   0.00923098   0.00361016   0.00507965   0.00311031   0.00663544   0.0119412   0.00324289   -0.00409559   0.0103152   0.0244472   0.0316852   0.0356498   0.0211238   1   0.00774721   0.0116147   0.00420304   0.00478456   0.00684715   -0.0015311   0.0147384   0.00610298   -0.000399465   -0.000913302   0.00130387   -0.00926326   0.0042743   0.00364057   0.00169302   0.00327689   0.00425481   -0.00166612   -0.0015503   -0.000445304   -0.00244224   0.00297285   0.00100605   0.0027721   0.0026709   -0.0153485   0.00546033   0.00373361   0.0020722   0.00424912   -0.000135983   -0.000418104   -0.00122612   -0.00103656   -0.000468969   -0.00254186   0.00483474   0.0015344   0.00129091   -0.00418043   -0.00691282   0.00686531   0.000331099   -0.0071238   0.00670014   -0.00174129   -0.00348692   -0.00296429   -0.00330211   -0.00677949   0.011588   -0.000264922   -0.00341884   0.00181502   0.00852869   0.0161472   0.0130618   0.0161471   0.013509   0.0135716   0.00829124   0.00251952   0.0026611   0.00400426   0.00524514   0.00456671   0.00199735   0.00812726   0.0157188   -0.00815952   -0.00418814   -0.00366336   0.0104661   0.00890797   0.00760571   0.000672777   0.00538104   -0.00166389   0.00046543   -0.00368782   -0.00407791   0.00350908   -0.000158512   0.00204478   0.0079182   0.00763568   -0.0193179   0.00385825   0.006233   0.00285687   -0.000863892   -0.00622859   0.00161548   -0.00451466   0.00170277   -0.0163392   0.00121953   0.000231779   -0.00128438   -0.00123846   -0.00355329   0.0111249   -0.00669482   0.00457867   0.000702386   0.00167778   -0.000278966   -0.00473722   -0.00161266   -0.00504013   0.00113558   0.00400008   0.00569957   -0.000640492   -0.00108961   -0.000405347   -0.000712187   0.0030695   -0.0018896   0.000766878   -0.00198218   -0.00392206   -0.000455262   -0.000528905   0.00341753   -4.81524e-05   -0.000181318   0.00269285   0.0031888   0.00943285   0.00846311   -0.00042247   0.00353342   0.0482165   -0.00576684   -0.0119954   -0.00483133   -0.0789786   0.00120484   0.0403949   0.0149168   -0.0295666   0.000878381   -0.000863263   0.00350859   0.00170535   -0.00217753   -0.00745057   -0.00120657   -0.000554832   0.00321304   0.00200217   0.00608346   0.00581866   0.000472985   -0.0423373   0.00462668   0.00448356   0.00266935   -0.00403488   0.00168919   -0.004436   0.00291004   -0.00180814   0.0217721   -0.00186792   0.00583374   0.0179441   0.0056628   -0.00525693   -0.00224831   0.00172595   -0.00177713   0.0151641   0.0149624   0.00111954   0.00828413   0.0055741   0.00139641   -0.0388309   0.0265817   0.0281991   0.0246144   
-0.0349271   -0.0375944   0.000157149   0.0113407   0.0128439   0.00955308   0.00655541   -0.00824225   -0.00662429   0.0127251   0.00486168   0.0026182   0.00490754   -0.0215505   0.0105413   0.000558574   0.00146675   0.00536425   -0.00139401   -0.00800446   0.00278975   0.017041   0.00421894   0.00829096   -0.00180909   0.000251729   0.000269689   0.0115656   -0.00241087   -0.00116426   0.00105952   -0.00582876   0.000137511   0.000154886   0.0043885   0.00245789   0.00537447   0.00650826   -0.00101068   -0.00416341   -0.000705705   0.00142243   0.000820631   0.00488362   0.00343416   0.000572064   0.00202029   -0.010754   0.000423545   0.0165677   0.0174367   0.0196797   0.00176287   -0.00130495   -0.00286238   0.0010619   0.00665827   0.00177987   0.011448   -0.00126923   0.0132652   0.0593549   0.0717699   0.0596125   1   0.0211238   0.00762765   0.00908333   0.00586152   0.00930876   0.01171   -0.00050353   0.00411044   0.00988935   0.00626789   0.00111826   0.00464402   -0.00968566   0.0027409   -0.00812273   0.00808958   0.00526766   0.00385313   0.000785099   -0.00681045   0.00383856   0.000566393   0.00636415   -0.000216824   -0.00136478   0.00431403   0.00209794   0.000901171   -0.00433388   8.1279e-05   0.00703965   0.0093838   -0.00289788   -0.00925432   -0.00619381   -0.00880978   0.00406352   -0.00100663   0.00445054   -0.00899109   -0.00706811   -0.00803243   -0.00578258   0.00595662   0.00752021   3.65317e-05   -0.00361935   -0.0117781   -0.00374458   -0.0021585   -0.00103584   0.00963219   -0.00164468   0.000462625   0.0162829   0.0172523   0.0296841   0.0338586   0.0281386   0.0283841   0.0137301   0.00622163   0.00476825   0.00584108   0.0116898   0.00755763   0.007671   0.00338698   -0.0065237   0.00398282   -0.0186097   -0.00533544   -0.00258907   -0.000838445   0.0253744   0.0223587   -0.00321522   0.00204301   -0.00366123   0.000380675   -0.00661921   0.00263357   -0.00465158   -0.00218915   -0.00993606   -0.00887867   -0.00796701   -0.0105504   -0.00779857   0.0151759   0.0131644   0.00216863   -0.00145215   0.000564393   0.00083779   0.00207048   0.013345   -0.00119595   -0.0015591   -0.0129872   0.0218624   -0.000930663   0.00124181   -0.00801019   0.00410971   0.00709995   0.00122588   -0.000429681   0.00649012   -0.004985   -0.000526885   -0.00269105   -0.00377168   -0.0194092   -0.00215023   0.0027623   0.00243658   0.00305116   -0.00458201   0.00012126   -0.00234607   0.00143011   0.00218356   0.000417297   0.00324766   -0.00156888   0.00503091   0.00115905   0.00199171   0.00662144   0.0119238   0.00903844   0.0129723   0.0135414   0.107576   0.0207174   0.00581108   -0.0238533   -0.0616304   -0.003107   -0.0907306   0.0134357   -0.0418238   0.00188664   -7.63184e-05   0.0284855   0.000537538   -0.0004315   0.0149103   0.00173725   0.00195828   0.00516685   0.0293192   0.00766321   0.00335654   -0.0017828   -0.0140516   0.00461344   0.00409529   0.00727386   -0.0160563   -0.00302152   -0.00689456   -0.00011424   0.000353378   0.0214266   -0.0084259   0.00693794   0.0136316   0.0100241   0.0190143   -0.00424779   -0.00309341   -0.00356721   0.0301741   0.0051071   -0.00219902   -0.0017863   0.00488541   0.0178685   -0.113476   0.0177711   0.0333754   0.0350265   
-0.0210488   -0.00732419   0.000202851   0.00597921   0.00514217   0.00344211   0.00360109   -0.00123063   0.00812292   0.00360336   0.00708085   0.00535242   0.00411777   0.0143518   0.00186474   -0.000139253   0.00184317   0.00125915   -0.00338059   0.000434408   -0.00177153   0.00330317   0.00688627   -0.00494055   0.000648341   -0.000437842   -0.00187368   0.0170439   0.00311211   0.000122044   0.00127615   0.00707127   0.00509042   0.00127716   -0.00173845   0.00534491   -0.00396346   -0.00251159   -0.00107497   -0.000634429   -0.00022544   -0.00517499   0.0041485   0.00102468   0.00155628   -0.00191253   0.00454962   -0.00115574   0.00241529   0.0110251   0.000309169   -0.00882895   -0.00069875   -0.00334485   -0.00193972   -0.00418391   -0.000868783   0.00301815   0.00431401   -0.00445354   0.0329835   0.0977598   0.129178   1   0.0596125   0.0356498   0.014154   0.0210317   0.0118627   0.0176116   0.0170528   -0.00083323   0.0294218   0.0147814   0.00156941   0.00260942   -0.000113669   -0.00309116   0.00881563   0.00835511   0.00174033   0.000213855   0.00225776   -0.00300393   -0.00208267   -0.00534378   0.00116923   -0.00419465   -0.00040403   0.0069245   0.00395949   -0.0142303   -0.00161248   0.00321708   0.0161726   0.0100624   -0.00319427   -0.00228916   -0.00312959   -0.00329978   -0.00163364   -0.00237257   0.00314694   0.00163395   0.00170378   -0.00333868   -0.0125298   -0.00466937   0.00579117   -0.00345807   0.00544133   -0.00335252   -0.00533381   -0.00479092   -0.00526592   -0.00792983   0.0112428   -0.000379669   -0.00633359   0.011028   0.0283495   0.0479859   0.0526826   0.0499893   0.0444492   0.0283636   0.012691   0.00683809   0.011007   0.0135285   0.01158   0.0140134   0.00985837   0.0202681   0.0102311   -0.00418323   -0.0122565   -0.00844708   0.0089696   0.0109883   0.00627922   -0.000756723   -0.000161461   -0.00361806   -0.00285509   -0.00583829   -0.00879251   0.00108866   -0.00162524   0.00453216   0.00609182   0.00169559   -0.0104948   0.00346965   0.00410718   -0.00176568   -0.00438948   -0.0119436   -0.00196659   -0.00424839   -0.000255915   -0.0179196   0.000351174   -0.00026756   -0.00318482   -0.00579432   -0.00486622   0.011323   -0.00348522   0.0102111   0.00909892   0.00766321   -0.0027347   -0.00665317   -0.00194929   -0.00893685   -0.00249449   0.00300818   0.00434232   0.00163534   -0.00130212   -0.00109575   -0.00114589   0.00300242   -0.000375707   5.07442e-05   -0.0148895   -0.00708634   -0.00147008   -0.00713756   0.00477496   -0.00132502   0.00814423   0.00418573   0.0077784   0.0169133   0.0122573   -4.56435e-05   -0.00421364   0.19502   -0.0201419   -0.0335577   -0.0120116   -0.0674217   0.00224303   0.0494536   -0.0391356   -0.0130481   0.0206385   -0.00183374   0.0268668   -0.000256666   -0.00435644   -0.0204259   -0.0018476   -0.00393283   0.00922498   0.0389166   0.00793457   0.00602165   0.00149793   0.0130269   0.013497   0.00475331   0.00111379   0.000929796   -0.00417364   -0.00538906   0.0105263   -0.00404057   0.0210356   -0.0179042   0.0068764   0.0146017   0.00202617   -2.94522e-05   -0.00025351   -0.00260362   -0.00275922   0.0148902   0.0309495   -0.00421632   0.0154698   0.00985788   -0.0169684   -0.215663   0.0352138   0.0371657   0.0337717   
0.00222621   -0.00603377   6.29843e-05   -0.0192136   0.00353132   0.018783   -0.00554905   0.0118328   -0.0176855   0.0107498   -0.0120987   -0.00432367   0.00919408   0.00276626   0.000917013   0.000253894   -0.00538274   -0.00476534   0.000661177   0.0116102   0.00296808   -0.00884013   -0.0062743   0.00654031   0.00391572   -0.000818209   -0.00583335   0.00148532   -0.00544936   -0.000217009   0.00176503   0.00275047   -0.0035933   -0.00458211   -0.00322485   -0.0197845   -0.00335623   0.0101696   -0.00153769   0.00213847   -0.000569466   0.00242533   -0.0025705   -0.00262185   -0.00821435   0.0357856   -0.00610186   0.0198061   0.00952408   -0.0043781   0.000718025   0.00272595   -0.00790152   -0.00620146   -0.00344481   -0.00379861   -0.0179903   -0.00751816   0.00377662   0.0165602   0.0563064   0.153552   1   0.129178   0.0717699   0.0316852   0.0179355   0.0205388   0.0190212   0.014561   0.0102183   0.0119364   0.0267958   0.0208449   -0.00252833   -0.000718133   0.00711819   0.0103274   -0.0130788   0.0100327   0.0148453   -0.0048273   0.000373153   0.000623947   -0.00117545   -0.00867694   0.00568925   0.00874711   -0.00160379   0.016495   -0.0111791   0.0138751   -0.0128349   0.00771742   -0.00662629   0.00018579   -0.00014485   -0.0029703   0.00817606   -0.00513851   -0.0138628   6.43715e-05   -0.00493747   -0.00503689   -0.000526224   -0.00302975   -0.0164814   -0.0156489   -0.00383523   -0.0145871   -0.00200922   0.0119981   -0.00278278   -0.00962157   -0.0012882   -0.00427203   -0.00820984   -0.0025309   -0.00419308   0.0257433   0.0502286   0.0444833   0.07872   0.0584941   0.0504175   0.038974   0.0270773   0.00659284   0.0151573   0.0169051   0.0180567   0.0104989   0.0117496   0.0172325   -0.00835088   0.0165647   -0.0120906   -0.00535584   0.0138784   -0.0184641   -0.033585   -0.0022504   -0.00951359   -0.00761607   -0.00446804   0.00138416   -0.00234457   -0.00849179   -0.00330393   -0.0126068   -0.00782222   -0.0194846   0.045229   0.0109736   -0.00681956   0.00321795   0.0191729   -0.00618108   -0.0115275   0.00503037   -0.0125999   0.0207321   -0.00159089   -0.000395056   0.00247613   -0.00171373   -0.00967406   -0.00433377   0.00818617   0.00762093   0.018959   0.0137911   0.00123455   -0.00262455   0.00320684   9.06023e-05   -0.0198042   0.00319864   -0.00183682   5.65582e-05   0.000288008   0.000207554   0.00182443   -0.00148063   -0.00102898   0.000753166   -0.00316492   -0.00201633   7.87917e-06   -0.0136431   0.00262722   -0.00688853   -0.00420458   0.00113016   0.00527486   0.00894658   0.00124211   -0.0167211   -0.0241541   0.226716   -0.00426917   -0.0105049   -0.00291314   0.0261522   0.0073412   -0.0112794   0.0651969   0.152205   -0.000282139   -0.00107863   0.00923025   -0.00254978   -0.00366447   0.024433   0.00275252   -0.0049296   0.00437187   0.0158485   0.0223369   0.00921248   0.00434807   0.0244817   0.0141916   0.00025553   0.00147702   0.0129053   -0.0059436   -0.00108749   0.00475179   -0.00171713   0.0286808   -0.0348643   0.00252151   -0.00424208   0.00624077   -0.0231292   0.00385132   -0.00265125   -0.00227287   -0.00573596   0.0250475   -0.0162537   0.00797367   0.00621582   0.00292816   -0.314825   -0.0174986   -0.00999742   -0.00526179   
-0.000411156   -0.00725908   -0.00253266   -0.0026262   -0.00257949   0.00348518   0.00845082   0.00259733   -0.00537956   -0.00080124   -0.00355459   -0.00133271   -0.00155055   -0.00939085   -0.00602272   0.000360101   -0.00298097   -0.00295926   0.00321303   0.00546204   0.00518469   0.00582939   -0.0043887   0.00147598   0.000472382   -0.00113983   -0.000124087   -0.00271717   -0.00513441   -0.000499382   0.00122578   -0.0027374   -0.00254259   0.00109236   -0.000143708   -0.00542899   0.00224551   0.00311007   0.00158145   -0.000113134   0.000263221   0.001476   -0.00471465   -0.00117694   -1.10712e-06   0.0118896   0.0114776   0.0142896   0.00696163   -0.00150422   0.000679614   0.00227726   -0.0048443   -0.00472036   -0.00748163   -0.00712941   -0.00543888   -0.00823405   -0.00438639   0.0833102   0.130304   1   0.153552   0.0977598   0.0593549   0.0244472   0.0121471   0.0176706   0.0138366   0.0163115   0.0177086   0.0594774   0.0158649   0.0147123   0.00320362   0.00923668   0.0146736   0.0116948   -0.00235389   -0.00620753   -0.00181276   -0.00212636   0.00229955   -7.94958e-05   -0.00475155   -0.00656201   -0.00792604   -1.6487e-05   -0.00115219   -0.00326872   -0.00324553   0.0156155   0.00703556   0.00227028   -0.00935153   -0.00631431   0.00114859   -0.00452601   -0.00524687   -0.00638605   -0.00838112   0.00541292   -0.00452929   -0.00550805   -0.00892889   -0.00941307   -0.00545695   -0.0106412   -0.0129542   -0.00648246   -0.00946913   -0.000742496   -0.00905481   -0.00578796   -0.00302588   -0.000458188   -0.00963619   -0.00254021   -0.00256316   0.0490431   0.0763169   0.0968964   0.0900508   0.0634169   0.0411599   0.0171024   0.00810867   0.00783035   0.0133039   0.0116868   0.0128617   0.0223663   0.00672231   0.00728318   -0.0129675   -0.00600757   -0.0031948   -0.00330213   -0.0111417   -0.011172   -0.00851342   -0.00490801   -0.00881635   -0.00484621   -0.00524382   -0.00560758   -0.00383548   -0.00786167   -0.00294636   -0.00267487   -0.00876255   -0.0113042   0.001233   -0.00847075   -0.00749786   -0.000853339   0.00235828   -0.00421165   -0.00321258   0.000488079   -0.00227567   0.0187709   -0.00123308   -0.000995656   -0.00981454   0.00155471   0.00357903   -0.00295973   0.00797706   -7.94309e-05   -0.000268104   -0.00228221   0.000350058   0.00521367   0.00153955   -0.00011368   -0.0176332   -0.00118899   -0.00377789   -0.000682397   0.00170691   0.00169515   0.0020087   -0.00226327   0.000465586   -0.000572395   -0.00212537   5.78594e-05   -0.000405302   -0.0158521   -0.00105548   -0.00327984   -0.00405906   0.00502372   0.00715235   0.0100653   0.00615706   -0.00664529   -0.0143052   0.0304798   0.000855226   0.010369   0.00445481   0.0403035   -0.00520485   -0.0418837   0.0320591   0.0147452   0.00348542   -0.00172154   -0.011716   -0.00398695   -0.00409083   0.0377842   0.00295177   -0.0046739   -0.00664845   -0.013138   0.01938   0.0115169   0.00208846   0.0199857   0.0121489   -0.00130586   0.0035406   0.00477934   -0.00696841   -0.00580918   0.00933261   -0.00250321   0.0275148   -0.0245559   -0.00105198   -0.00745633   0.00611193   -0.000957585   0.00151052   -0.00499491   -0.0038732   -0.000209252   0.0223629   -0.00168859   0.00278247   0.0049034   0.00369644   -0.225833   -0.0169132   -0.0114252   -0.0073161   
-0.0100593   -0.0046666   0.000991467   -0.000919898   -0.0020449   -0.00408   -0.00701754   0.00302091   0.0113058   0.00210798   0.00176085   0.00061735   0.00240769   0.012041   -0.000174269   -0.000259254   0.00135605   0.000984957   -0.00205377   0.0104824   0.00199514   0.000296173   0.00107923   -0.0045623   -3.60781e-05   0.00292574   0.00299292   -0.00181342   0.00240131   5.96642e-05   -0.000496863   0.0067154   0.00552181   0.0133699   -0.00239546   -0.000795605   0.00177863   -0.00390159   -0.000991813   0.000234286   -0.00114018   -0.00373904   -0.000253589   -0.000745114   -0.00136569   0.00313188   0.0150482   0.0120495   -0.000395144   -0.0042244   -0.0104703   -0.00884447   -0.00106841   -0.00298205   -0.00327867   -0.00674142   -0.00720489   0.00154906   -0.0155044   0.168524   1   0.130304   0.0563064   0.0329835   0.0132652   0.0103152   0.00383147   0.00967579   0.00449448   0.00641123   0.0121918   0.107388   0.00981269   -0.000529475   0.00156994   0.00889683   0.00782543   0.00652578   0.00409241   0.00730543   -0.000431635   -0.00114149   0.00301406   -0.00210652   -0.00114342   -0.00862752   -0.00176797   -0.00428148   -0.000285063   0.00164061   0.000361127   0.000222556   0.00345737   0.00132937   0.00576504   0.000198218   -0.00593028   -0.00119024   -0.000495151   -0.00261697   -0.000507568   -0.000244586   -0.000577391   -0.00732272   -0.00582805   -0.00985046   -0.0093379   -0.00664049   -0.00173378   -0.00885812   -0.00207067   -0.00120672   -0.00124341   -0.00344084   -0.00461729   -0.00555654   0.00142384   0.000426917   -0.00434619   0.0566131   0.0993623   0.103766   0.0646818   0.0328769   0.0206063   0.0108346   0.00143062   0.00362954   0.00457871   0.00353797   0.0049715   0.0237165   0.00189524   0.00594317   -0.00335435   -0.00241691   -0.0105931   -0.00939994   -0.00277951   -0.00706836   -0.00685055   -0.000739883   -0.0055409   -0.00513474   -0.00638289   -0.00559469   -0.0106147   0.000253039   -0.00138614   0.00758156   0.00215269   -0.00480749   -0.00385584   -0.000483915   -0.00557272   -0.00703218   -0.00320601   -0.00685671   -0.00337966   -0.00341327   -0.00269705   -0.00878215   0.000104008   -5.78786e-05   0.00483428   -0.00700028   -0.002184   0.00516335   -0.000303455   -0.0022259   -0.00820066   0.00013267   0.00432242   -0.00332099   0.000946602   -0.00291579   0.00457123   0.00307363   0.00471993   0.000341729   -0.000906829   -0.00026676   -0.000597211   0.00171737   0.000332892   0.00125931   0.00584579   -0.00303167   0.00126049   -0.0120678   -0.000236749   -0.00421195   0.00325412   0.00764322   0.00607836   0.0118614   0.0068227   -0.0116252   -0.0193853   -0.264208   -0.00196664   0.0158781   0.0277408   -0.0147645   0.000664308   0.0476066   -0.0385203   0.011148   0.00677641   -0.00118194   -0.0291359   -0.00164073   -0.00427958   -0.0171096   -0.00169125   -0.00301032   0.00225254   -0.0322644   0.0136504   0.0138741   0.00188094   0.0084786   0.014115   0.00116583   0.00356053   0.00247525   -0.0046537   -0.00470528   0.00229912   -0.00435615   0.0222787   -0.0099629   0.00182209   0.00201152   0.00715336   -0.00516593   -0.000456852   -0.00329908   -0.00180106   0.0129903   0.0311344   0.0277963   0.00324934   0.00602245   0.00906377   -0.00203462   0.0100976   0.00340981   0.00225875   
-0.0108002   -0.0195621   0.00362269   -0.00839244   0.0044685   0.00932569   -0.0200539   0.00721436   0.00488227   0.0140059   -0.0043837   -0.00445453   0.0139803   -0.00306604   0.00957441   8.63861e-05   -0.000128077   0.00327241   -0.000276723   0.00408473   -0.0035367   -0.000299997   -0.00387175   0.00931095   -0.00091393   0.00687027   -0.00250941   -0.00590362   0.00353827   -0.000513174   -0.000140849   0.00221465   -0.00238697   0.00368392   -0.00135769   -0.0142419   0.0012368   0.00446491   -0.0025939   0.000437312   -0.00214994   0.00106519   -0.00279099   0.00117899   0.00367105   0.0161006   0.00406274   0.0015648   -0.00687616   0.00133541   -0.00467505   0.00916387   -0.00423103   -0.00128354   0.00181446   0.0044429   -0.0087874   0.00180733   -0.0111266   1   0.168524   0.0833102   0.0165602   -0.00445354   -0.00126923   -0.00409559   -0.000388977   0.00860425   0.00853411   0.00828009   0.0155801   0.105   -0.00638863   -0.00342077   0.00252383   0.00297542   -0.000460834   0.00179798   -0.00312641   0.00911429   0.0161628   0.00104432   -0.00461164   0.00134043   0.00305079   0.00371045   0.0202511   0.00526348   -6.27689e-05   0.0069687   -0.000289618   0.00983729   -0.0186603   -0.0102907   0.00724729   0.0067651   0.00139123   0.00564574   0.00934238   0.0035533   0.00166251   -0.00248106   -0.00309506   -0.00249119   -0.00993081   -0.00703173   -0.0137864   -0.0172133   0.0141771   0.00228264   -0.00168448   0.00484107   0.0018961   -0.00242853   -0.000786789   -0.00185109   0.00364689   0.00134091   -4.79367e-05   0.0485356   0.0809334   0.0588797   0.0341339   0.000949434   0.0109344   0.00897473   0.0013598   -0.000174476   -0.000790937   0.00480296   0.00068293   0.0130146   0.000106498   -0.00964325   -0.0120963   0.00216938   -0.0178039   -0.0104093   0.00166639   0.00490349   -0.00732444   0.000648016   -0.00555884   -0.00632368   -0.0043831   -0.00142309   -0.00521956   -0.00313636   -0.00175449   -0.00450579   -0.0089164   -0.0204183   0.029475   0.0021851   0.00310403   0.00259417   0.00618175   0.000391977   -0.0074473   0.00454105   -0.00732883   0.00953766   -0.00178964   -0.000773667   0.0117323   0.0122322   -0.00798464   -0.00322915   -0.00489039   -0.00404349   -0.00143762   0.00716408   -0.00354495   -0.0015873   -0.00141581   0.00520078   0.0163684   -0.000995088   -0.0141922   -0.000425588   0.000460312   0.000507295   0.00161444   -0.00229522   0.000150885   0.000153779   0.00246144   0.00231546   -0.000433904   0.00425641   -0.00342235   -0.000141771   0.00438678   0.00293261   0.00358588   0.00705571   0.000361912   0.00297492   -0.0109234   -0.289116   0.0345816   0.0394881   0.0222981   -0.0171644   0.00333575   -0.0249626   -0.0600424   0.0753973   -0.00950917   -0.000127537   -0.0280291   -0.00121444   -0.00163138   -0.0293073   -0.00112004   0.00104172   -0.00471826   -0.0173947   -0.00685685   0.0063079   0.000108324   0.00220683   0.0112118   0.00213584   0.00444128   -0.0056279   0.0069301   -0.000835128   0.000888676   0.00013575   -0.0319151   -0.0058613   0.00529987   0.00168176   0.00760939   0.00485249   -0.00152563   0.00627877   0.000163538   0.0147422   0.00335056   0.0372687   -0.00884769   -0.000278613   0.000470263   0.0764024   0.00129639   0.00110218   0.00475113   
0.0193437   0.0310063   -0.00220369   -0.00265575   0.00177659   0.0100063   0.00649101   -0.00841356   -0.0201888   -0.0115582   -0.00441847   -0.0025884   0.000556988   -0.0137188   -0.00317251   0.000279163   -0.00523832   -0.00319182   0.0103972   0.0088408   0.0144711   0.0135844   0.00232032   0.00149448   -0.000162576   -0.0019386   -0.00226221   -0.00821514   -0.005524   -0.000873033   0.00404578   0.0143526   0.018831   0.0129678   0.000232194   -0.00203732   0.00342412   0.00714096   -0.00506756   -0.00619877   -0.00543802   -0.00378477   0.00902498   -0.00163623   0.0190099   0.0144613   -0.0070705   -0.00763163   0.0137267   0.0247715   0.0224221   0.0222056   0.0205965   0.0163378   0.0122086   0.0145037   0.0147123   0.00920412   1   -0.0111266   -0.0155044   -0.00438639   0.00377662   0.00431401   0.011448   0.00324289   0.00612922   0.00917472   0.0071161   0.00644029   0.00596855   -0.00550387   0.00787185   0.0143529   -0.00442505   -0.0112636   -0.0109178   0.0002249   0.00491176   0.00424012   0.00842114   0.00399475   0.00169679   0.00225677   -0.000854211   0.000453114   -0.00257022   0.0083336   0.00146375   -0.00728631   -0.0154109   -0.00680195   -0.0036136   0.0108598   0.0166393   0.0142781   0.0107242   0.00869835   0.00550538   0.00526208   0.00104101   -0.00187873   0.00626058   0.0250409   0.0142311   0.0211933   0.00466482   -0.0126488   -0.00336258   0.00595679   -0.00295124   -0.0018056   -0.00351603   -0.00110949   -0.000372573   -0.000188542   -0.00386931   -0.00198023   -0.000551532   0.00349134   0.000181564   -0.00264948   0.000144361   -0.00362007   -0.00148858   -0.00416982   -0.00259256   -0.000464784   -0.00049147   0.000204252   -0.00170699   -0.00200461   -0.000576721   0.00290195   -0.000336821   0.00653129   0.00267091   0.00340795   0.00124309   0.0101934   0.00661393   0.00914676   -0.00416046   -0.00138817   -0.000471942   0.000172807   0.00625975   -0.00436849   -0.000916605   -0.0101081   -0.00837128   -0.00811476   0.00764743   -0.00435165   0.00173251   0.00289618   0.001588   0.00268082   -0.00145153   0.002488   -0.00142166   0.008367   -0.00138992   -0.000856757   -0.0307685   -0.0117983   -0.0074576   -0.00398304   0.0133509   0.0115769   0.0178537   0.0157475   0.00829396   0.00895076   0.00211849   -0.00435368   -0.0336574   0.00033163   0.0264916   -0.00623459   -0.00127667   0.000955319   0.00412269   0.00477808   -0.00136704   9.40123e-05   0.0164335   0.00309815   0.00052422   0.0211979   -0.122525   0.000626502   -0.0111937   0.00762492   0.00846384   0.0107615   0.00149036   0.0132221   0.011196   -0.0194417   -0.025297   -0.0964344   -0.0462412   0.0263197   0.00827203   -0.050406   0.00148209   0.00793572   -0.00542235   -0.0011957   0.196031   -0.00257777   -0.00590904   0.0450517   0.00932923   -0.00723025   0.00345624   0.0878132   0.0276951   -0.00128301   0.00554112   -0.0816733   -0.00616244   -0.00376177   0.0141574   0.00821799   0.00827492   -0.000601735   -0.0014146   -0.00275481   -0.0157736   -0.000793997   -0.00692477   -0.00540814   0.0205278   0.0264205   0.000188508   0.000942418   -0.00102796   -0.0393122   0.026041   -0.0743782   0.0149877   0.00200198   0.016111   -0.0094494   -0.0300165   -0.00800246   -0.0130345   
-0.0168518   -0.00137654   0.00272293   0.0038184   0.00611197   -0.002207   -0.00778446   0.00137824   0.00925365   0.0120759   0.0048013   0.00368289   0.00391649   0.0121546   0.00851028   -0.000267041   0.00412269   0.00442473   -0.00743575   6.63861e-05   -0.00218675   -0.00252387   0.00549237   -0.00134918   0.000605747   0.00142512   0.00277338   0.0108351   0.00301054   0.000274377   -0.00192641   -0.000823094   -0.00076701   0.00186101   -0.000163979   0.00408381   -0.000323743   -0.00218142   0.000245177   0.00131714   0.00120421   -0.0014264   0.00308391   0.00167929   -0.0143592   -0.00495881   0.0144678   0.0197687   0.0139595   0.0117659   0.0148819   0.0164394   0.0260232   0.0181011   0.0193174   0.0167345   0.00444256   1   0.00920412   0.00180733   0.00154906   -0.00823405   -0.00751816   0.00301815   0.00177987   0.0119412   0.0097028   0.0166957   0.00762657   0.00557646   0.00793843   0.00251404   0.0124146   0.00608228   -0.000668067   -0.000922964   -0.000806068   -0.00925097   0.000345469   0.00662216   0.00628806   0.00516875   0.00291444   -0.00134291   0.000188313   -0.000932444   0.00172671   0.00874348   0.00268082   0.00414954   0.00269458   -0.0125585   -0.00247753   -0.00324393   -0.00057089   0.00245669   0.00169814   0.00883249   0.0088798   0.00641159   0.00602399   -0.00451948   0.00674711   0.0039256   -0.00313144   -0.00257603   0.00203195   0.0138735   0.00996827   -0.00403959   0.00826306   0.00228281   0.00149496   -0.000419243   -0.000646724   -0.00443166   0.00850362   0.00163554   -0.000366026   -0.00516524   -0.00116382   -0.00671852   -0.00836242   -0.00436236   0.000814385   0.00819921   0.00551853   -0.000477114   -0.00142018   0.000218783   0.000918659   -0.00127183   0.000166371   0.00408259   0.0137238   -0.000800907   -0.00544054   -0.00575847   0.00851301   0.00310227   0.000754165   0.0013109   0.00414913   -0.00132781   0.000411936   -0.00108532   -0.00269125   0.0044834   0.000504351   0.0031238   0.00795825   0.00262229   -0.0105628   0.0017981   0.0011073   -0.000589311   0.000554842   -0.00486783   -0.000796365   -0.00337551   -0.000797681   -0.0139914   0.00100044   0.000480845   0.00115612   -0.00547533   -0.00991669   0.00595659   -0.00889045   -0.00362918   -0.009116   0.00246063   0.00159518   -0.00490919   -0.000689713   -0.00396338   0.00283   0.00745787   0.00944941   -0.00497491   -0.00178659   0.000924377   0.00254149   0.00982831   0.000756739   0.00185229   0.0113913   -0.00318988   -0.0033215   0.00355968   0.00475687   -0.000543236   -0.0160435   -0.000230493   0.0012635   0.00629969   0.00613121   0.00188647   -0.00117509   -0.00830259   -0.00187913   0.0306138   -0.000411458   -0.0673394   -0.00316714   0.0449777   -0.00216104   7.48722e-05   0.0059377   -0.000709415   -0.00174614   0.000356596   -0.00151526   -0.00659001   -0.00325779   0.00201343   -0.00281368   -0.0229597   0.0344026   0.00185635   -0.000437078   -0.114323   0.0031193   0.00456327   -0.000581381   -0.00420508   0.00294416   -0.000553963   0.00596313   -0.00187669   -0.00558434   0.00396314   0.00703405   0.0139069   0.000651909   -0.00878936   -0.00149399   -0.0095814   0.000490353   0.0155483   0.0136219   0.00490152   0.00288144   0.00211454   0.0158032   0.0336053   0.0213417   0.00108989   0.0225809   
0.00396869   0.00412884   -0.000786694   0.0190547   0.00534397   -0.00147087   0.0264248   -0.0199538   -0.0157389   -0.0142315   0.0104397   0.00611938   -0.0113241   -0.0070181   6.81019e-05   6.3653e-05   0.000851417   0.00535226   -0.00339635   0.00441734   0.0130909   0.0177455   0.00872543   -0.0129801   -0.00224188   -0.00390587   0.0082044   0.00652899   -0.00656779   -0.000347939   0.000384433   0.0109539   0.0275344   0.0259357   0.00263314   0.0215777   0.0133982   -0.000756161   -0.00158493   -0.0078308   -0.00195444   -0.00647666   0.00355861   2.24198e-06   0.152497   0.105373   0.0505677   -0.0244591   -0.0276036   -0.019133   0.00231334   0.000527918   0.0222673   0.0233992   0.0235349   0.0488204   1   0.00444256   0.0147123   -0.0087874   -0.00720489   -0.00543888   -0.0179903   -0.000868783   0.00665827   0.00663544   -0.000693274   0.0126541   0.00830077   0.0125296   0.0201779   0.0104322   -0.000740491   0.000758825   0.0029182   -0.00482556   0.0010344   -0.00450435   0.012353   -0.00775078   -0.00858059   0.00519955   0.00134553   0.00582966   0.00682967   0.0246629   0.00464308   0.00110345   0.00165404   0.0244692   -0.0354383   -0.045061   0.0151604   0.0186389   0.00712043   0.00688227   0.00799702   0.00422134   0.00809836   0.0136478   0.0454221   0.121449   0.00140403   -0.0118352   0.0490874   0.0392848   0.0106461   0.000745091   -0.0254411   -0.0071326   -0.00399146   -0.0104424   -0.00391508   0.00210286   -0.00152582   0.0031214   0.0252428   -0.00271168   -0.00310012   -0.00303226   -0.0135603   0.0111757   -0.00197566   0.0077033   -0.00648499   -0.0102349   -0.00536924   0.00201221   -0.000384672   -0.00308383   -0.000699545   0.0015645   -0.00452358   -0.00231834   -0.00493135   -0.03763   -0.000347714   0.0012768   -0.00606238   0.00965597   0.0213692   -0.000906824   0.00436199   0.00064395   0.00109226   -0.00672497   -0.00631446   0.00106658   -5.06174e-05   -0.0201399   -0.0299983   -0.0094688   -0.0505138   -0.00541763   0.0087209   0.00550579   -0.00753311   -0.0018907   0.00577781   -0.00845231   0.00381249   -0.0213158   0.000737071   -0.000485527   -0.00451378   0.00360055   0.00600063   -0.00380287   -0.011348   0.00409931   0.00888845   -0.00909813   -0.00271318   0.00440529   0.00093018   0.0085998   0.0139069   -0.00448599   -0.00651523   -0.00218622   -0.000787227   -0.000664367   -0.00116747   0.0017521   -0.00159001   -0.000749516   0.00463886   0.00699935   0.0001118   -0.0203461   -0.000693353   -0.00998595   -0.00177906   0.0087107   0.00557713   0.0129599   0.00852543   -0.131202   0.0301183   0.00623991   0.0199632   -0.170708   0.0779348   -0.0256325   0.00211121   -0.0131897   0.0547839   -0.117425   -0.0145124   -0.000290595   -0.0234587   -0.00346208   -0.00283788   -0.0219627   0.00757491   -0.005939   0.00212259   0.013689   -0.00362799   0.000763413   0.00335802   0.0111842   -0.000189772   -0.000181407   0.00652137   0.00579642   -0.0188058   0.00392655   0.00215353   -0.000763757   -0.0470222   0.0149785   -0.00345411   0.0113344   0.0101259   0.0049972   -0.00108466   -0.0401073   0.0034495   -0.000970269   -0.00726949   0.0194536   -0.00544328   -0.00313591   -0.00632788   0.00813965   -0.00023355   0.0368814   -0.0179548   
0.0424469   0.0465567   0.00617129   0.00423621   0.0071271   0.00399752   -0.00381008   0.000136525   -0.00514342   0.0103569   0.00289217   0.00295081   0.00747386   -8.37971e-05   0.00796807   7.06051e-05   0.00220419   0.00443211   -0.00438314   0.00224374   0.00398649   0.00234316   0.00266514   0.00240861   0.00100421   0.0031113   0.00390205   0.00775221   -0.00141971   -0.000267515   -0.00154979   -0.00462573   -0.00334067   0.000481038   -0.000678966   -0.000513766   0.00220523   0.00239143   0.00646001   0.00242829   0.00217289   0.00181289   0.000405102   -0.00216761   0.0166818   0.024202   0.0186884   0.0178277   0.0134993   0.0103819   0.0184796   0.0191209   0.0322191   0.037963   0.0441825   1   0.0488204   0.0167345   0.0145037   0.0044429   -0.00674142   -0.00712941   -0.00379861   -0.00418391   0.0010619   0.00311031   0.00176058   0.0187473   0.0167203   0.0169966   0.0234474   0.0149087   0.000932296   0.00392304   -0.00681365   -0.0145452   -0.00831217   -0.0113836   -0.00667257   -0.00271525   0.0067596   0.00389892   0.00700279   0.01582   0.0180968   0.0346311   0.0282238   0.0120118   0.00205337   -0.000985065   -0.00648976   -0.0127192   -0.0119603   -0.00824995   -0.0118416   -0.00241919   0.00608441   0.0207842   0.0269171   0.0253448   0.0298316   0.00576499   0.00326879   0.00553587   0.00296299   0.0082159   0.00709539   0.0102849   0.00513545   -0.00301245   0.00387286   0.00356158   0.00196735   0.000727443   0.0033679   0.00205225   0.00591338   -0.000373964   -0.00105925   -0.00374647   -0.00590527   -0.0149536   -0.0097482   -0.00821496   -0.00338375   0.00336029   0.00388578   -0.000984139   -0.00199357   0.000811942   -0.000693044   -0.00564466   -0.00251386   -0.0031287   -0.00445735   -0.0135688   -0.011163   -0.0060184   0.00535169   0.00209064   -0.00240988   0.000514393   0.00214329   -0.00170317   0.0022425   0.000493127   -0.00324618   -0.00197419   -0.00152436   -0.00955568   -0.00715177   -0.00906563   -0.00466063   -0.00318524   0.000271845   0.0034712   0.00453923   0.0044606   0.00130157   0.00257473   -0.000433523   0.00101238   -0.000450472   -0.000711376   -0.00704835   0.00120716   -0.00784696   0.00260278   -0.000452556   0.000405609   -0.00325134   5.68158e-05   -0.00335185   0.00834225   0.010186   0.0145055   -0.00486595   0.0012917   0.00390675   -0.00223774   -0.00115846   -0.000721205   -7.89137e-05   0.00188214   0.000146945   0.00116749   0.00625712   -0.0011545   0.000247091   -0.0402607   0.00234899   0.00481034   -0.0136562   0.000941379   0.00503969   0.0117964   0.00867452   0.0174399   0.0140156   -0.00484399   0.0250949   0.0017051   -0.00745556   -0.0382092   0.0056336   -0.013361   0.0365921   0.0159628   0.012242   0.00026954   -0.00351196   -0.000313477   -0.00263182   0.0308456   0.00687366   -0.00679325   -0.00194207   0.000265034   0.011917   0.00197554   0.00722897   0.00396965   0.00352287   0.00303278   0.0041147   0.0180712   -0.0349304   0.00700462   0.0014956   0.00116564   -0.0687233   0.00576573   0.00458181   0.0114484   0.00734112   0.000772519   0.00446093   -0.0709883   0.00444308   -0.0392072   -0.0106484   -0.0205774   -0.00434691   -0.0075876   -0.0167922   0.00569758   -0.0263693   -0.0425903   -0.0133553   
0.0240155   0.0321209   0.00315501   -1.6106e-05   0.00243714   -0.00174281   -0.00635116   0.0013111   0.000375213   0.0056418   0.00128492   0.00204338   0.00279355   0.00970559   0.00393332   -0.00018488   0.00182726   0.00222756   -0.00444452   0.00378007   0.000917186   -0.00397472   0.00216153   -0.00156276   0.00134543   0.00138905   0.00277477   0.00512758   0.00039674   0.000250479   -0.0012754   -0.00085964   -0.00179959   0.000968237   -0.00176143   0.00061314   -7.61951e-05   -0.00121272   0.00270413   0.00236939   0.0014804   7.07145e-06   0.00137701   -0.00153469   -0.00398106   0.00485811   0.00986242   0.0208371   0.0170941   0.00927868   0.0140665   0.0126586   0.0341874   0.0350065   1   0.0441825   0.0235349   0.0193174   0.0122086   0.00181446   -0.00327867   -0.00748163   -0.00344481   -0.00193972   -0.00286238   0.00507965   0.00551548   0.0177506   0.013728   0.0124682   0.0167351   0.0105992   0.00735241   0.00474839   -0.00671669   -0.0122735   -0.00990581   -0.00883582   -0.00491569   0.00354878   0.00431904   0.00314055   0.0127631   0.0142782   0.0169387   0.0235022   0.0186792   0.00996212   0.00270714   -0.00287861   -0.00120956   -0.0111671   -0.00790561   -0.00424347   -0.00719277   -0.0020375   0.00243718   0.0188369   0.0230216   0.0208518   0.0210754   -0.0123821   0.00531709   0.00642161   0.000449941   0.00188554   0.00487578   0.0122806   0.00429582   -0.00397368   0.0055617   0.00362727   0.00361536   0.0006018   0.00188599   -0.000395148   0.00184645   0.000407992   -0.00116083   -0.0053714   -0.00395426   -0.0107174   -0.00794854   -0.0052295   -0.00381432   0.00384905   0.00430635   -0.000717116   -0.000974465   -0.00083489   0.000399536   -0.00306982   -0.000948627   0.00357649   -0.000285116   -0.004868   -0.00837725   -0.00579144   0.00578981   -0.00557157   -0.007717   0.000787057   0.00144265   -0.000699347   0.000964433   0.00137805   -0.00422657   0.000875771   -0.000217178   -0.000560254   0.00344388   -4.8075e-05   -0.00348709   0.000868365   -0.00437324   -0.001871   0.0022672   -0.000383844   3.31964e-06   -0.000340419   -0.00101309   -0.00675037   0.000337406   0.000113238   -0.000657713   -0.00754276   -0.0064605   0.00344819   0.000100704   -7.02517e-05   -0.00370391   0.00118333   0.00269888   0.00119027   0.00647822   0.00416502   -0.0036319   0.00372898   0.00998151   -0.000396507   -0.00152233   -0.00111949   -0.00100515   0.00344102   0.000750363   0.00111845   0.00172156   0.00205503   -0.00242578   -0.0140218   0.00443718   0.00153657   -0.00696632   -0.000561684   -0.000654115   0.00172719   0.00178085   0.0270132   0.0021307   -0.00601372   0.00559469   0.0146058   -0.00927529   -0.0240699   0.00408544   0.0326451   0.0225076   0.0202591   0.00287926   0.000208561   0.000796738   -0.000166053   -0.000731736   0.0119762   0.000224165   -0.00192982   -0.00297872   -0.006556   0.0127639   -0.000696524   0.00335351   -0.0266184   0.00340892   0.0014973   8.41784e-05   0.0100459   -0.034199   0.00342097   0.00805123   -6.24932e-05   -0.0310905   0.00358517   0.00187055   0.00642719   0.00163846   -0.00865259   0.00235342   -0.0660542   0.00242537   -0.0224069   -0.00390633   -0.0152838   3.9816e-05   -0.00393098   -0.0051113   0.0128207   -0.00423272   -0.0273683   -0.000248333   
0.0203606   0.0259699   0.00126919   0.000883776   -0.0030201   -0.0034015   0.00169275   0.00121564   0.00201699   -0.00360242   0.000734281   0.000814035   -0.00115133   0.00280334   -0.00266318   -4.74765e-05   -0.00010974   -2.8354e-05   0.000424355   0.000990969   0.000227394   -0.000355143   -0.000772376   -0.00197246   0.000414067   0.000580605   0.00104525   -0.000536403   -0.000207419   0.000202097   -0.000288456   -0.00176156   -0.00314148   -0.00207937   -0.00158909   0.00123446   -0.000216846   -0.00214389   0.00380353   0.00199492   0.00135445   0.000416849   -0.0014099   -0.0021941   0.00654929   0.004945   0.0131903   0.018183   0.0189822   0.0131198   0.0149599   0.0156884   0.0427754   1   0.0350065   0.037963   0.0233992   0.0181011   0.0163378   -0.00128354   -0.00298205   -0.00472036   -0.00620146   -0.00334485   -0.00130495   0.00361016   0.00795236   0.0130341   0.00896186   0.00961434   0.0111248   0.00702413   0.00668823   0.00852324   -0.00356623   -0.00882277   -0.011501   -0.00644571   -0.00310172   -0.000362142   -0.000184259   0.00358418   0.0241289   0.016985   0.0143719   0.0162033   0.00862971   0.00820013   0.0029152   -0.00794509   0.000422968   -0.00615164   -0.00626735   -0.00506674   -0.00337344   -0.00163774   0.00408682   0.0185603   0.0163151   0.0159225   0.0167926   -0.0103234   0.00497582   0.00834831   0.000378088   0.00250893   0.00816679   0.00813179   0.00175867   0.00406802   0.00116838   0.000108092   0.00263333   0.00247033   0.00217256   0.00353976   -0.00266958   0.000307603   -0.000177873   -0.00244954   -0.00396819   -0.000768889   -0.00229321   -0.000822244   -0.00403382   -0.00428334   -0.00257185   -0.000350994   -0.000280697   -0.00153434   -0.00141235   -0.00059524   -0.00112933   0.00128797   -0.00661366   -0.00550827   -0.00405607   -0.00421848   -0.00642562   -0.00706756   -0.00348523   -0.000747177   -0.0013946   0.000400699   -0.00046093   -1.22479e-05   -0.00250535   -0.000915915   -0.000469559   0.00139277   -0.000214877   -0.000347758   -0.00680224   -0.00494663   -0.00677568   -0.0043711   -0.00275517   0.00125932   0.00136136   -0.00021688   0.000699258   -0.00192447   -0.00015767   -0.000285181   -0.00413228   -0.00896158   -0.00326516   -0.00501099   0.000430682   -0.0023309   -0.00269109   -0.00108137   0.00195527   0.00344364   0.00517991   0.00489768   -0.00224584   0.00123954   0.00529308   0.00134856   0.000309959   -1.56285e-05   -8.30694e-05   0.00258544   0.000245103   0.000740141   0.00630131   0.00282807   0.00275187   -0.020794   0.00409007   0.00241291   0.00087855   0.000276018   0.000749402   0.00173282   0.00209347   0.027072   0.000780029   -0.00373856   -0.00418018   0.0108867   -0.0100747   0.0196217   -0.000834396   0.00945997   0.00177021   -0.00741077   -0.00518208   0.000164033   0.00606158   -0.00210264   -0.000943129   0.00484935   0.00081957   -0.0021221   -0.00194174   0.000629393   0.0200217   -0.00157396   0.00300895   -0.0555096   0.00251375   -0.000593769   -0.000531866   0.0111167   -0.036507   0.00467588   0.00082035   -0.000346663   0.0182012   0.00295992   -0.0011912   -0.00184452   -0.00126273   0.00160802   0.00312799   -0.0646168   0.00286588   -0.0193872   -0.00484055   -0.00896249   -0.00552296   -0.0051827   -0.00379512   -0.0054468   -0.00865104   -0.0317893   -0.0059427   
0.0102715   0.0157683   0.000999706   0.00271874   -0.00188683   -0.00352601   0.00303603   0.000351682   0.00398839   -0.00308001   0.00226694   0.00169851   -0.00165642   0.00450845   -0.00177473   -9.66429e-05   0.00038776   0.00049061   -0.000285417   0.00121686   0.000668879   0.00100276   0.00104455   -0.00315513   0.000120442   0.000170967   0.00145534   0.00137432   0.000135788   0.000194428   -0.000298063   6.36393e-05   -0.000184909   0.0007006   -0.0011681   0.00356913   0.000252103   -0.0024968   0.00271571   0.00113165   0.000849891   -0.000845104   -0.00063932   -0.00143331   0.00938066   0.00710565   0.0167543   0.0163873   0.0166574   0.0129192   0.0177297   0.0204226   1   0.0427754   0.0341874   0.0322191   0.0222673   0.0260232   0.0205965   -0.00423103   -0.00106841   -0.0048443   -0.00790152   -0.00069875   0.00176287   0.00923098   0.0135951   0.0117374   0.0039267   0.00383049   0.00282205   0.000198673   0.012266   0.0143229   -0.00213625   -0.00620675   -0.0114636   -0.00988781   -0.00218456   0.000818737   0.000620936   0.00546309   0.036907   0.0171578   0.00967477   0.00467497   -0.00243841   0.0110366   0.00371512   -0.00691525   0.00122484   -0.00830743   -0.0035517   -0.00343976   -0.000401241   0.000438079   0.00509046   0.0185808   0.0114789   0.00934059   0.00940418   -0.00933988   0.00711308   0.00934034   0.00227925   0.00270098   0.0067267   0.00807131   0.0013366   0.00263242   0.00138684   -0.00109671   0.00285918   0.00211871   0.000993678   0.00200134   0.000979185   0.000317991   -0.00104401   -0.00172518   -0.00153598   0.00374664   -0.000656251   0.00110723   -0.00233096   -0.00309776   -0.00246601   -9.97279e-05   -0.000419715   -0.00164996   -0.00145656   0.000327741   -0.00105803   0.0020691   -0.000786056   -0.004257   -0.00326428   -0.00517416   -0.00696584   -0.0062572   -0.00183335   -0.00119317   6.21237e-05   -6.65747e-06   -0.00124824   -0.00179272   -0.00249127   -0.00041247   -0.000622509   0.00322526   0.00154751   0.00146359   -0.0112659   -0.00455178   -0.00553331   -0.0043332   -0.00407752   -0.000246243   0.00143951   -0.00176164   0.000760332   -0.00549329   4.18218e-05   -0.0002661   -0.00557809   -0.0119845   -0.00610277   -0.00456813   -0.00155804   -0.00130977   -0.00315029   -0.00144557   0.00403813   0.00215661   0.00391076   0.00323152   -0.000538882   0.00226057   0.00417824   0.00966094   0.0035642   0.000535616   -0.0017176   -0.00195925   0.000570887   0.000228153   -0.000695188   0.000604381   -0.00108966   -0.0172298   0.0054706   0.0026645   0.0276914   0.00160074   0.00263323   0.00533839   0.00478156   0.0180578   -0.00236523   -0.00741539   -0.0131469   0.00562286   -0.00605809   0.00604722   -0.00352667   0.017991   -0.00368908   -0.0179484   -0.00488823   -0.00299129   0.00954305   -0.0057271   -0.00205402   -0.00574543   0.000219877   -0.00261141   -0.00207337   -0.00699149   0.0395974   0.000675008   0.00240586   -0.126952   0.0029449   0.000309485   0.000138941   0.00791075   -0.0355539   0.00475145   -0.000879188   -0.00131177   0.0823545   0.00272803   0.000113624   0.000970999   -0.0001089   0.00177729   0.00200873   -0.0584142   0.00292476   -0.0056909   0.00246895   0.00418701   -0.00954424   -0.00277013   -0.00738627   -0.00270659   0.000371585   -0.0216207   0.000221284   
-0.0288368   -0.0425817   0.00120163   0.000697453   0.0121182   0.0151595   -0.00535888   0.000912758   -0.0109644   0.0232714   -0.00428453   -0.00419108   0.0113966   -0.0393858   0.0132269   0.000905534   -0.000299683   0.00409755   0.00195027   -0.01288   -0.000559515   0.0132155   -0.004457   0.0219858   -0.00165614   0.00292431   -0.0026996   -0.00136173   -0.00396091   -0.00149323   -4.6273e-05   -0.0172801   -0.0145303   -0.0119586   0.00590701   -0.0122033   0.00477208   0.0136834   1.45863e-05   -0.00164185   5.75303e-06   0.00918198   -0.00411774   0.00553351   -0.0079638   0.012079   0.017331   0.0209051   0.0255535   0.0342679   0.0377826   1   0.0204226   0.0156884   0.0126586   0.0191209   0.000527918   0.0164394   0.0222056   0.00916387   -0.00884447   0.00227726   0.00272595   -0.00882895   0.0196797   0.000984871   0.00629719   0.00719853   0.0073916   0.00475802   0.00744453   0.00447334   -0.0136788   0.00957367   0.00705864   -0.000188931   0.00479342   -0.00900861   -0.00918066   -0.0121724   0.0197738   0.00838253   0.00189118   0.0038807   -0.00648364   0.00666717   0.00734819   0.0207442   0.00153184   -0.00108532   0.00153409   0.0203044   -0.0123293   -0.0159201   -0.0118644   0.00301247   0.0186999   0.00750227   0.00193515   0.000337075   -0.00740983   0.0055667   -0.00227655   0.00850189   -0.0207154   -0.00622718   0.00467554   -0.000507705   0.0201148   0.0176101   -0.00129958   0.00463113   -0.00752386   -0.000641989   0.00407391   0.00689162   0.00115247   -0.000114056   0.00830279   0.0109443   0.000499798   -0.014773   -0.00222355   -0.0112361   0.00390417   0.000581972   0.00109813   -0.000523957   -0.00173939   0.00628072   0.000363392   -0.00478347   -0.00180438   -0.0263515   -0.0062292   -0.0104519   -0.00506884   -0.00198894   -0.00632899   0.0206111   0.0135175   -0.00386113   -0.00119133   -0.00400247   0.0016987   -0.00148993   0.0116377   -0.00856202   -0.00191131   -0.0188902   -0.0201003   -0.0248306   0.0154673   -0.0137099   0.012441   0.0171208   0.0114004   0.00680937   -0.00393188   0.00732775   -0.00258235   0.0408486   -0.00290838   -0.00200962   -0.0149416   0.0303671   -0.0086036   -0.0139425   -0.0099121   -0.00846474   -0.00202007   0.00228295   -0.000480584   0.0132949   -0.00418677   0.00644271   -0.00718965   -0.00316458   -0.0266974   -0.00938391   0.00405605   0.00599388   0.0101551   0.000373992   0.00110005   -0.00117341   0.0137072   0.00805645   0.000504916   0.0192511   -0.00362484   0.0045835   -0.0286754   -0.00380483   0.00268702   0.00274568   0.000793271   0.0200407   0.0125333   -0.00453075   0.0451754   0.0816704   -0.0256952   -0.0213783   -0.0114091   -0.168194   0.027398   0.0205282   0.00328646   2.10589e-05   0.014636   -0.00112828   0.00193541   0.0447372   0.00196231   0.0073972   0.0092067   0.00376169   0.0375551   -0.00460207   -0.00413646   -0.110506   -0.00220692   0.00246428   0.00614642   -0.0222923   0.00271948   -0.0014908   -0.00237014   0.00295826   -0.0108137   0.00105126   0.00694029   0.00228745   0.00799316   0.0209697   -0.00439071   -0.0108669   -0.000807993   0.028371   -0.0111516   -0.00554873   -0.0170105   -0.00313991   0.0354039   0.0174121   -0.00929994   -0.0160977   0.0238066   
-0.0250286   -0.0282411   0.000389755   0.00900744   0.00944682   0.00265921   0.00851388   -0.00497474   -0.0096337   0.0130265   0.00162873   0.00168625   -0.00243151   -0.0227194   0.0084452   0.000468587   0.00114899   0.00442214   -0.00165181   -0.0032405   0.00845902   0.014606   0.00290966   0.00848737   -0.000923043   -0.00131985   0.00585129   0.00432872   -0.00725243   -0.000942574   -0.000757772   -0.0119027   -0.00292032   0.0038343   0.00547397   0.00442057   0.00981034   0.00651174   0.00125479   -0.00240318   0.000231822   0.00423778   -0.00117946   0.00344392   -0.0273613   -0.0104753   0.0234872   0.0621387   0.0832627   0.0752565   1   0.0377826   0.0177297   0.0149599   0.0140665   0.0184796   0.00231334   0.0148819   0.0224221   -0.00467505   -0.0104703   0.000679614   0.000718025   0.000309169   0.0174367   0.00649892   0.00236227   0.00455624   0.00338928   0.00185948   0.00557678   0.00284245   -0.0084797   0.00628087   0.00933547   -0.00347177   0.00203016   -0.00462489   0.0048817   -0.00712941   0.00589805   0.00509355   -0.00211289   -0.000545472   -0.00614719   0.0076403   0.000910842   0.0109333   0.000715842   0.00342562   0.00253988   -0.0103608   -0.00662737   0.00495236   0.0020408   0.0132156   0.0160823   0.000206666   -0.00437714   -0.000418728   -0.00438996   0.00569649   0.00483645   0.0177045   -0.0230291   -0.0258315   -0.000918587   0.0283582   0.0289498   0.0375174   0.019186   0.00216877   -0.00725585   0.000543542   0.00468587   0.0100661   0.0034732   -0.0013499   0.00354896   0.0046601   -0.00599549   -0.00209953   -0.000783872   -0.000449173   -0.00443401   -0.00469764   0.000366207   0.000425231   -0.00144444   7.39526e-05   0.0015816   -0.00204682   -0.00512213   -0.0155509   0.0025388   -0.0225806   -0.00552808   0.000537443   0.00504418   0.0199142   0.0178342   -0.00396434   -0.000540347   -0.00365267   0.00133905   -0.00327768   0.00704161   -0.00643846   -0.00141745   -0.0143667   -0.0120072   -0.00508488   -0.0143775   -0.0034767   0.0128884   0.0147599   0.00438826   4.92567e-05   -0.000185774   -0.00179612   0.00128739   0.0181902   -0.0020085   -0.00201778   -0.00886726   0.0167963   -0.00210005   -0.0168636   -0.0165757   0.0132328   0.0407592   0.00896657   -0.0112426   0.00135247   -0.00630819   0.00183822   -0.00214292   -0.00530923   -0.0176551   -0.0019202   0.00193349   0.00106455   0.00326134   0.00264571   0.000149311   -0.00220416   -0.0150278   0.00133298   -0.0033503   0.00255701   -6.48219e-05   0.00207241   -0.00704233   0.00198886   0.00691108   0.0109628   0.0103444   0.0232108   -0.00163431   -0.0149803   -0.00650873   0.0915225   -0.055054   -0.0207227   0.000500269   -0.0888222   0.0885486   -0.0410691   -0.0145708   -0.000370396   0.00671758   0.00312442   -0.00211254   -0.0100006   0.000458857   -0.00107086   -0.000808791   0.118664   0.0183509   -0.00360482   -0.000957683   -0.0602913   0.00296223   0.00235001   0.00806988   -0.0127551   0.00437864   -0.00203147   0.00440667   -0.0011261   -0.00858765   0.00772485   0.00441168   0.00752117   0.0125878   0.0106314   -0.00351923   -0.00209814   0.000246536   0.0123225   0.0136717   -0.0313961   -0.00131898   0.00396504   -0.0142742   0.0210214   0.00970698   -0.0418602   0.0333977   
-0.0477029   -0.03723   -0.00121731   0.006935   -0.000319   -0.000584076   0.00435508   0.00112707   0.0119652   0.00506415   0.00320838   -0.00024394   0.0022483   -0.0177379   -0.00214694   0.000384472   0.000354002   -0.000246763   0.00623183   -0.0130306   -0.00390343   0.0145358   -9.67459e-05   0.00971035   -0.00184633   0.000454572   -0.00318162   -0.000159432   0.000571442   -0.000420751   0.00113199   -0.00933722   -0.010957   -0.0113593   0.00270729   0.00162014   -0.00165604   0.0012356   0.000906134   -8.18028e-05   -0.000111257   0.0030742   -0.00283766   0.00361059   -0.0310447   -0.0236284   0.0565416   0.107637   0.140452   1   0.0752565   0.0342679   0.0129192   0.0131198   0.00927868   0.0103819   -0.019133   0.0117659   0.0247715   0.00133541   -0.0042244   -0.00150422   -0.0043781   0.0110251   0.0165677   0.00181155   -0.00101509   -0.0026448   -0.00158307   0.0042285   0.00568566   0.00100668   -0.00893972   -6.58156e-05   0.014759   0.00161141   -0.00548102   0.00285173   0.0166519   -0.000577314   0.00218411   0.00258649   -0.00173859   -0.00133862   -0.00569871   0.000854911   0.00643433   -0.00393303   -0.000535873   0.0102663   0.0122165   -0.0124702   -0.0219721   0.000117916   0.0403822   0.0314756   0.0119674   -0.0016754   -0.0107815   -0.00285022   -0.00173688   0.00985238   0.00356275   0.02168   -0.0340484   -0.0285705   0.00796967   0.0323529   0.0672732   0.0724742   0.029098   -0.00193043   -0.00456437   0.00589622   0.00608104   0.0157342   0.00394844   0.00164268   0.00439265   0.00156315   -0.00677925   0.00175134   -0.00332064   -0.0032827   0.00220229   -0.00924969   -0.0112748   9.91832e-05   -0.00144365   0.00192248   -0.00287973   0.00196656   -0.00176227   -0.0133963   -0.00409838   -0.0190949   -0.0197422   -0.00849847   -0.00158225   0.0360021   0.032342   -0.00547944   -0.00877141   -0.00404968   -0.00253409   -0.00438082   0.00428702   -0.00651625   -0.00175726   -0.00442832   -0.0140867   -0.0141815   -0.0104749   -0.00849653   0.0127751   0.00362336   -0.00910419   -0.00573736   -0.00439796   -0.0036332   0.0014392   0.0100479   -0.00358541   -0.00287257   -0.010688   0.014057   0.00187941   -0.0177133   -0.0157837   0.0217277   0.0571022   0.0205724   0.00116313   -0.000196548   -0.0111939   -0.0134138   -0.00450074   -0.0088233   -0.0181124   -0.000147818   0.000654286   -0.0014216   0.000835142   0.0016066   -0.00311156   -0.000313656   -0.00335689   -0.0045511   -0.00149511   0.00600567   0.000336431   1.94354e-05   -0.000111623   0.000554037   0.00697889   0.0100094   0.00848683   0.0285835   -0.0123779   -0.0106763   -0.0458657   0.120795   -0.0775214   -0.00102394   0.00765741   -0.0719086   -0.0564329   -0.0593749   0.0176669   0.000416934   0.0108637   0.0123912   -0.00154477   -0.0454593   -0.00571078   -2.59747e-05   0.0185457   0.228324   0.00282123   -0.0176933   -0.00325849   -0.0079508   0.00922342   0.00156965   0.00353006   -0.0154322   0.00119887   -0.000780484   0.0110973   -0.00573428   -0.00797302   0.00895497   0.0039642   -0.00149554   0.00137253   0.0316216   -0.00274673   -0.00119239   0.00173862   0.0213114   0.0395745   -0.0599439   0.0097566   0.0119292   0.0134319   0.0206674   0.0501139   -0.0505965   0.0680332   
-0.0382851   -0.0412679   -0.00537992   -0.0057383   -0.0136672   -0.0145158   0.0104369   0.0167624   0.0144089   0.00131081   -0.00465565   -0.00213145   -0.0133751   -0.000575484   -0.0158263   -4.71667e-05   -0.00122863   -0.00739434   0.00314118   -0.000742135   -0.000221574   -0.00413447   -0.00568113   0.000781333   0.00177792   -0.00481934   0.00270045   -0.00997218   -0.00574294   0.000831003   -0.00187206   -0.0153008   -0.0177582   -0.0104679   0.000920627   0.00172799   -0.00212708   -0.0042926   0.00268801   0.00513262   0.00333281   0.00555719   -0.00544457   -0.000252106   -0.0576554   -0.0118676   0.0939908   0.190975   1   0.140452   0.0832627   0.0255535   0.0166574   0.0189822   0.0170941   0.0134993   -0.0276036   0.0139595   0.0137267   -0.00687616   -0.000395144   0.00696163   0.00952408   0.00241529   0.000423545   -0.00214963   -0.00154263   -0.00127878   0.000918821   -0.0016913   -0.00166048   0.00476159   -0.00328687   -0.00249134   0.0143846   0.00223799   0.00244949   0.0176251   0.012369   0.00540187   -0.00830457   -0.00312552   -0.00522884   -0.00245456   -0.00106118   -0.00121571   -0.00162356   -0.00466118   -9.81891e-05   0.0159965   0.00594034   -0.0126189   -0.00696698   0.0152162   0.0141781   0.0102459   0.00355522   -0.00441217   -0.00490948   -0.000403418   -0.00219012   0.0086883   0.00424276   0.0164709   -0.035793   -0.035987   0.0272278   0.0704761   0.0602982   0.0644323   0.0352088   0.00713077   0.0035068   0.0078186   0.0103848   0.020342   -0.0145301   0.00180795   0.00586752   -0.00478991   -0.0111429   -0.00128646   -0.000673577   0.00296724   -0.0154916   -0.0153638   -0.00671764   -0.000534314   -0.000266893   -0.0087583   -0.000221946   -0.000516359   -0.00455577   -0.000916009   -0.00969287   -0.0135077   -0.012785   -0.0070436   -0.00435345   -0.0123916   -0.00403352   -0.00782862   -0.0138153   -0.00314809   -0.00466531   -0.00041103   0.0012523   -0.00599768   -9.90489e-05   -0.00019472   -0.00455524   -0.00181423   -0.0146523   -0.00418816   -0.011684   -0.00846337   -0.00434149   -0.0109238   -0.00742485   -0.0103056   -0.00348705   0.00607511   -0.00225065   -0.00150693   0.00922886   -0.00534864   0.0100669   -0.0212335   -0.00761161   0.0189133   0.0568961   0.0106116   0.00824742   -0.00825067   -0.00840076   -0.0121957   -0.000898645   -0.00588888   -0.00315409   0.000645182   -0.0014326   -0.00302729   -0.0022158   0.00185031   -0.00122884   -0.00408502   0.00173407   -0.00790925   0.00226898   0.00122464   0.00218602   -0.00906226   0.00247207   -0.0004886   0.00475963   0.00598925   0.00906338   0.00758408   -0.0460785   -0.017484   -0.0660648   0.204738   -0.062845   0.0823434   0.0131858   0.00916534   0.0681849   -0.0174324   0.0197162   -0.00299541   0.00303279   -0.000854217   -0.00491006   -0.0508641   -0.0117931   -0.00258752   0.0178097   0.160218   -0.00834792   -0.0212905   -0.00442882   0.00894795   0.0113153   -0.00176691   -0.0056095   -0.00789245   0.00143278   0.00342851   0.0038072   -0.0103513   -0.00812219   0.0111298   -0.000336721   -0.0185269   -0.00806236   -0.0143772   -0.000561501   0.000737645   0.00422799   0.019467   0.0639125   -0.04889   0.0146561   0.0176119   0.0292737   0.012322   0.0380444   -0.12812   0.0469689   
-0.0334154   -0.0350858   -0.00168682   -0.0141314   -0.0088483   -0.0133543   -0.00823387   0.0350782   0.0309081   0.0235571   -0.00703372   -0.00187677   -0.0034087   0.015941   -0.00325117   -0.000352025   0.00112106   -0.00157762   -0.00654825   0.0028606   -0.0070221   -0.0156459   -0.00626145   0.00242912   0.00391655   -0.000242342   0.00253317   -0.00366769   -0.00233454   0.0013964   -0.00595143   -0.0201292   -0.0286302   -0.0183018   -0.00181008   -0.00509566   -0.00442417   -0.00403058   0.00550354   0.0110808   0.00678397   0.00722151   -0.00580199   -0.00030601   -0.0473691   0.0542426   0.184659   1   0.190975   0.107637   0.0621387   0.0209051   0.0163873   0.018183   0.0208371   0.0178277   -0.0244591   0.0197687   -0.00763163   0.0015648   0.0120495   0.0142896   0.0198061   -0.00115574   -0.010754   -0.00351222   -0.00174104   -0.00388042   -0.00127726   -0.00845697   -0.0104631   0.000402359   0.00193673   -0.0050397   0.00724408   0.0174714   0.0226652   0.0213828   -0.00184403   0.00701138   -0.00375706   -0.00569712   -0.00834904   -0.00523005   8.64195e-05   -0.00803349   -0.00336765   -0.00184285   -0.000596633   0.0195377   0.00754303   0.0125409   0.00705649   0.00477588   -0.0208389   -0.016406   -0.00897472   -0.00625768   0.00128118   -0.00413637   -0.00854898   0.00170788   -0.00149023   -0.00553038   -0.0250908   -2.32284e-05   0.0652091   0.0932003   0.0574933   0.0331902   0.027826   0.0160601   0.0129486   0.00702149   0.010999   0.010954   -0.0155789   0.0047326   0.00679631   -0.00887322   -0.00627469   -0.0179187   -0.00955562   -0.00679343   -0.0142047   -0.00133448   0.00488718   -0.00185988   -0.00136922   -0.00765785   0.00133726   -0.00503239   -0.0028307   0.00525189   -0.00877281   -0.00473737   -0.0209924   -0.0217559   -0.0104367   -0.0423327   -0.0353482   -0.00762028   -0.0113092   -0.00588754   -0.00604542   0.00050357   -0.00700803   -0.00404587   -0.000118563   0.00188284   0.00102737   -0.013181   -0.0114591   -0.0117407   -0.0308412   -0.0148834   0.00260873   -0.0131732   -0.0123421   -0.0093932   -0.0113355   -0.00178815   -0.00129662   -0.00047994   0.00982504   -0.0075751   0.011573   0.0114716   0.0141486   -0.000428179   -0.0038646   -0.000745166   -3.29742e-05   -0.0122192   -0.00428522   -0.0167291   -0.0204891   0.00489065   0.0158658   -0.000214075   -0.00104257   8.7492e-05   -0.000633858   -0.000879466   0.00151615   0.00124206   -0.0191528   -0.0137029   -0.000813102   0.00203935   0.000203759   -0.0158308   -0.00437952   -0.00220654   0.00929284   0.0216989   0.0203198   -0.017857   -0.0483807   -0.0161066   -0.0298247   0.240641   -0.0160381   0.0411412   -0.0029267   0.0625791   0.0690426   0.0630089   -0.00216203   -0.00517562   -0.00389086   -0.0145051   -0.0125417   0.0375643   -0.0135436   -0.00654085   -0.00075609   -0.0430655   -0.00946839   -0.0227896   -0.00366912   0.0290893   0.0150187   0.00452387   -0.00990297   -0.00580281   0.00614349   0.0104103   0.0149102   -0.016978   -0.00259493   0.0126789   0.0120547   -0.00920074   -0.0115797   -0.037156   0.00067078   0.0131851   0.00821518   0.0316325   0.105662   -0.0178687   0.0288987   0.0302552   0.00848484   0.0273291   0.0348468   -0.161494   0.0465448   
-0.0543165   -0.0478318   -0.00211469   0.0068903   0.00185056   -0.00382895   0.00274011   0.014418   0.0299966   0.0136242   0.00586426   0.00243717   0.00377947   -0.00266372   0.00291301   8.17828e-06   0.00210967   0.00551271   -0.00116944   -0.00645757   -0.0037167   0.0137184   0.00421216   0.000552465   -0.00112296   0.00232079   -0.00140711   0.00547909   0.00200832   0.0001461   -0.0017766   -0.00393306   -0.00497473   -0.00717156   1.76262e-05   0.00766383   -0.00134778   -0.00286182   0.00095211   0.00119267   0.00129643   -0.000837748   -0.000810582   0.00356271   0.0938339   0.155017   1   0.184659   0.0939908   0.0565416   0.0234872   0.017331   0.0167543   0.0131903   0.00986242   0.0186884   0.0505677   0.0144678   -0.0070705   0.00406274   0.0150482   0.0114776   -0.00610186   0.00454962   0.00202029   0.000329928   -0.00317042   -0.00651929   -0.0075903   -0.0029456   -0.00295834   -0.00594688   -0.00263863   -0.0053555   0.00761443   0.0324276   0.0357601   0.0145876   0.00810074   -0.00940234   -0.00661807   0.000592712   -0.00591176   -0.00748681   -0.00797954   -0.00952337   -0.0116759   -0.00834817   -0.000912868   -0.0133607   0.0227153   0.0331878   0.0284787   -0.0131723   -0.0152487   -0.0167476   -0.00734408   -0.00760815   -0.0155889   -0.0108047   -0.0125863   -0.0175468   -0.00493725   -0.0141558   0.0183401   0.0633809   0.0840605   0.0584563   0.0336269   0.012515   0.00255706   -0.00177605   0.00623466   0.00838457   0.00396871   0.00123283   0.00811423   0.00483835   0.00553942   -0.00458271   -0.00749922   -0.0020693   -0.0119358   -0.00652171   0.00122615   -0.00327367   -0.00656995   0.00057748   -0.00176192   5.4037e-05   -0.0031441   2.20602e-05   -0.000523404   -0.00515457   -0.0108782   -0.0295779   -0.0244339   -0.0284901   -0.0329002   -0.00884324   0.00409949   -0.00824365   -0.0040288   -0.00458529   -0.00502307   -0.00908576   -0.012617   -0.00179068   -0.00088751   -0.00231329   -0.00997455   -0.0214773   -0.0446415   -0.0349945   -0.0179599   -0.0112629   -0.0129074   -0.00949506   -0.00497884   -0.0080007   -0.00406348   -0.0184488   -0.00115178   -0.00139799   -0.0162201   0.0114238   0.0178336   0.0334305   0.016811   -0.0140335   -0.0517906   -0.0143964   -0.00487027   9.21875e-05   -0.0066307   -0.021578   -0.0278489   0.00334459   0.00639647   -0.00251283   0.00229877   0.00463943   0.00295956   -0.00514171   0.00240717   0.0019634   -0.0254612   -0.0105651   -0.00431544   -0.0011653   -0.00434299   0.00176918   -0.00765917   0.00609849   0.0191324   0.0412071   0.0297111   0.0157547   0.00284536   0.00580592   0.0207171   0.0348456   0.00807525   -0.0448647   -0.0255767   -0.00648643   -0.067634   -0.0595407   0.00904191   -0.00422375   -0.0173929   -0.0102496   -0.0140205   0.0888628   -0.00418093   -0.0041709   -0.00467439   -0.125628   -0.00696663   -0.0234655   -0.00197142   0.0246453   0.0102395   0.00714241   0.00285497   -0.0137514   0.0106081   0.0101045   0.0195481   -0.0188243   0.00475459   0.0201091   0.013988   0.0075308   0.00221243   0.0186262   -0.00283307   0.0214348   0.00828952   0.0592575   0.109366   0.0181021   0.0271735   0.0331725   0.00291812   0.0340366   0.0497661   -0.0569383   0.0623615   
-0.0371791   -0.0649261   -0.00213359   -0.0251196   0.0118996   0.0384773   -0.00309447   0.0039946   -0.0436349   -0.000250294   -0.0170456   -0.0100188   0.0138883   -0.010228   0.00367341   0.00024446   -0.0108763   -0.00434334   0.00995914   0.0248333   0.0196797   0.00591322   0.000269042   0.00540439   0.0016827   -0.00115367   -0.0090269   -0.0129358   -0.0100643   -0.000993294   0.00639049   0.0360143   0.0397676   0.0273342   -0.00375552   -0.0191367   0.0026174   0.0188658   -0.0177203   -0.0101685   -0.0127095   -0.00595954   0.00339838   -0.00184499   0.224691   1   0.155017   0.0542426   -0.0118676   -0.0236284   -0.0104753   0.012079   0.00710565   0.004945   0.00485811   0.024202   0.105373   -0.00495881   0.0144613   0.0161006   0.00313188   0.0118896   0.0357856   -0.00191253   0.000572064   -0.00740868   -0.00122994   -0.0114203   -0.00332969   -0.013114   -0.0178506   -0.00263284   -0.00786042   -0.000955737   -0.00115083   0.004219   0.017848   0.0191429   -0.00643684   0.0166319   0.0261621   -0.00239244   -0.00715018   -0.00311844   -0.00494623   -0.0107213   0.0104079   0.0125479   -0.00145192   -0.00257666   -0.00364567   0.0375433   -0.00242491   0.0104139   0.000352948   0.00534512   0.00323399   -0.00347277   0.00498185   -0.00779648   -0.0263336   -0.0392686   -0.00687674   -0.00826985   0.0816211   0.0988426   0.0270466   -0.0174477   -0.00282407   -0.021823   -0.0079536   0.0137633   0.0135524   -0.000364834   0.00339631   -0.00373817   0.0158101   -0.00036978   0.000688326   -0.00349776   -0.00122042   -0.0452806   -0.0131396   -0.0220891   -0.000717586   0.0139306   0.0139404   -0.00267896   -0.00223001   0.00216173   0.000351066   -0.0141512   0.000710366   -0.00934451   -0.0245408   0.00115447   -0.0288768   -0.0152091   0.0095541   -0.0142849   -0.0320054   -0.00230932   -0.0088317   -0.00878845   -0.00376276   0.00325435   -0.00582335   -0.00666993   -0.001461   -0.0446407   -0.033024   -0.0382137   0.0548304   0.0087895   -0.00163372   0.00717736   0.0222063   -0.000368511   -0.0168027   0.00495866   -0.0233495   -0.00472356   -0.00268202   -0.000745831   0.017332   0.0158327   -0.00967886   -0.00765475   -0.00175646   0.00110321   0.0146254   0.012261   -0.00322974   -0.00604362   -0.0030993   0.00176676   0.00439229   0.000201306   -0.0226142   -0.00191911   0.00171809   0.0022807   0.00450696   -0.00516118   -0.000356361   1.87601e-05   -0.00464366   0.00232157   -0.000778571   -0.00784356   -0.00262487   0.0105882   -0.00118377   0.0130536   0.0168727   0.0315316   0.00381229   0.023199   0.00345731   0.0130911   0.0489244   -0.245669   0.0283462   0.00716516   0.00467383   -0.0467239   0.037016   0.172843   0.00570098   -0.0010304   -0.0328682   0.00266357   -0.00601003   -0.0151976   0.0103675   0.000167365   0.00736384   -0.0292152   0.00997233   -0.0138342   0.00747892   0.00874107   0.00436749   -0.0020246   0.0190448   0.00899659   0.0120792   0.0183193   0.00629322   -0.0091918   0.013253   0.00488488   -0.00217316   -0.00372952   0.0326862   0.00450346   -0.000419988   0.0241921   0.0100576   0.039143   0.0574693   0.0478573   -0.00042191   0.0146004   0.0114164   0.00885347   -0.00446526   0.0268474   0.00089076   
-0.0359042   -0.0594898   -0.00942784   -0.000352117   -0.00606279   0.0177683   0.0337705   -0.0165222   -0.027905   -0.0443033   -0.00239809   -0.0054313   -0.0087207   -0.0188419   -0.0211094   0.000289082   -0.0108692   -0.00848126   0.0202055   0.00829759   0.0141741   0.0226114   0.00134027   -0.010585   -0.00407746   -0.00583995   -0.00932352   -0.0177992   -0.00591441   -0.000691329   0.00950492   0.0395556   0.0483688   0.028011   -0.00135354   0.00654747   0.00275233   0.00375408   -0.0158766   -0.0152104   -0.0127711   -0.0121437   0.00169677   -0.00151349   1   0.224691   0.0938339   -0.0473691   -0.0576554   -0.0310447   -0.0273613   -0.0079638   0.00938066   0.00654929   -0.00398106   0.0166818   0.152497   -0.0143592   0.0190099   0.00367105   -0.00136569   -1.10712e-06   -0.00821435   0.00155628   0.00343416   -0.00678582   -0.0012056   -0.0027882   -0.00155993   0.00518181   0.00389849   0.00584672   -0.00710153   0.000568786   0.0101686   0.00529289   -0.000971298   0.0172433   0.0212524   0.0046549   -0.00229053   0.00131295   -0.00137882   -0.00120336   -0.00374753   -0.00427727   -0.00142356   -0.00833582   -7.65799e-07   -0.0107434   -0.00704834   0.00191073   0.00590613   0.0122067   0.036933   0.0190338   0.00681419   -0.000243286   -0.00886642   -0.00094184   0.00611583   0.0177669   -0.00175321   -0.000353819   0.0866586   0.0842054   0.0120143   -0.0431136   -0.0240917   0.00156649   -0.0183764   -0.0125956   0.00364506   0.00645461   -0.00150213   0.00456785   0.0192954   -0.00126804   -0.00063986   -0.00233794   -0.0130679   0.00438623   -0.000899889   0.000587291   -0.000699529   -0.017326   -0.0166614   0.000941319   0.000519248   -0.00139473   -0.00612753   0.00147784   0.000520208   -0.00631818   -0.031755   -0.0213086   -0.00864661   -0.00162955   -0.0203912   0.0103993   0.0180835   -0.00252718   -0.00823972   0.000837742   -0.00415652   -0.00454389   -0.00710829   -0.00199466   0.000300636   -0.027418   -0.0372942   -0.0169446   -0.00141382   -0.00484961   0.00631849   -0.00250884   -0.0119146   -0.000981104   -0.00255782   -0.00322375   -0.00504695   -0.024686   -0.00166646   -0.00102843   0.0133001   0.00814999   0.00652924   -0.0270234   -0.0157861   0.00198121   0.0259686   -0.000821569   -0.00181838   -0.000207772   -0.00805357   0.00465926   0.0391136   -0.0121661   -0.0325189   -0.00154332   0.000330742   0.000108128   0.00161201   -0.000146795   -0.000343036   -0.000910785   0.00841405   0.00685573   0.000238541   -0.00201474   -0.00237466   0.0121871   0.0130558   0.0155271   0.0121343   0.0171767   -0.000721969   -0.0130859   0.0242533   0.0309797   0.0188943   -0.326986   0.0502704   0.0749784   0.00195808   -0.0521829   -0.0832234   -0.0613721   0.00846231   -0.000387138   -0.0280574   -0.000745186   -0.000509984   -0.108521   0.00877819   0.00378427   0.00979084   0.0549127   -0.000801337   -0.0150186   0.00250095   0.00873677   -0.000499482   -0.00821212   0.0127345   0.0033762   0.00124934   0.0106164   0.00409132   -0.00392186   -0.00789224   0.00930616   -0.0153457   -0.0166869   0.0149523   0.0413582   -0.00171216   0.00177841   0.00609896   0.034467   0.00544862   0.0695397   -0.0156416   -0.000387609   0.00701901   -0.0209524   0.00962513   0.0877054   -0.0119462   
-0.036305   -0.0390118   -0.00232041   0.00120668   0.00329004   -0.00398317   -0.0101204   -0.0120837   -0.00612921   0.00303916   0.000140148   -0.000650285   -0.000392188   -0.00601814   0.003567   8.70235e-05   0.00218578   0.00203772   -0.00354949   -0.00537435   -0.00566372   -0.00384317   -0.000290626   0.000331713   -0.00156939   -0.000831128   -0.000377592   0.00166597   0.00285818   5.53799e-05   0.021276   0.0109044   0.00682304   0.0118765   -0.00959442   0.00273534   0.00333246   0.00574281   0.00961529   0.00993913   0.0124702   0.0164052   0.0129258   1   -0.00151349   -0.00184499   0.00356271   -0.00030601   -0.000252106   0.00361059   0.00344392   0.00553351   -0.00143331   -0.0021941   -0.00153469   -0.00216761   2.24198e-06   0.00167929   -0.00163623   0.00117899   -0.000745114   -0.00117694   -0.00262185   0.00102468   0.00488362   0.00197825   0.000349852   0.000648481   0.000298823   1.68357e-05   0.0018004   -9.1676e-05   -0.00293256   -0.000829254   0.00266176   0.000988275   0.001283   -0.00375907   0.00140074   -0.000818109   0.00360731   0.00211163   -0.00039389   -0.000295468   -0.00100189   0.00201214   0.000861157   0.0022931   0.00038933   0.00049566   0.000293323   -0.000277822   0.00235212   -0.000833869   0.000511636   0.00195797   0.00249855   -0.00152733   -0.00301015   -0.00174316   -0.0031426   0.00120765   -0.00038044   -0.000988796   -0.00355248   -0.00259261   -0.000393624   0.00196291   0.00448527   0.00227727   0.00131242   -0.000577042   -0.00262466   -0.000607714   -0.000790993   -0.00142834   0.00423961   0.000342075   0.00205138   0.00195371   0.000367994   -0.000159714   -0.000932178   -0.000707551   0.00241587   0.00215522   0.00118841   0.000701021   0.000112288   0.00158266   0.00167881   0.00120268   0.000400456   -0.00413809   0.00314211   -0.00544896   -0.00167599   -0.00114474   0.000457647   0.00780582   0.00729402   -0.00114605   0.00177917   -0.000533138   0.00057901   -0.00122366   0.000874564   0.000489882   0.000607641   -0.00201958   -0.00110371   -0.00132518   -0.0037802   -0.00129597   0.00535401   0.00415937   0.000683268   -0.00291935   -0.00133425   -0.00145279   -0.000104389   0.00116811   -7.72706e-05   -4.69832e-05   0.00129588   0.00966747   0.00192381   0.00326275   -0.00405173   -0.000684241   -0.00144822   -0.000256278   -0.00117928   -0.00385258   -0.00750778   -0.00795957   0.00232568   -0.000168442   -0.00699206   -0.00049477   0.00137653   0.00152182   0.00155281   -0.00162356   0.000135849   -0.000429958   -0.00852235   0.00142824   -0.00131804   0.0287064   -0.000671896   0.00108668   0.00274315   -0.00102211   -0.0041987   0.00012186   0.00256339   -0.00167645   0.00178455   0.00160377   0.0128861   0.0168127   0.00340698   -0.02798   -0.00560091   -0.0195751   -0.00111124   -0.0138381   -0.00116642   3.7859e-05   0.00335108   0.00167925   0.00200267   -0.00371476   0.0281   0.00559982   -0.0014466   -0.00817042   -0.00598171   -0.00488493   -0.0281997   -0.002811   -0.000442806   -0.00239544   -0.00475067   -0.0963978   -0.00410565   -0.00529589   -0.000201096   0.000338275   -0.00208502   0.00120936   -0.00505554   0.000305964   -0.00728129   -0.00583732   0.0571177   -0.00729446   -0.00251128   0.0348275   -0.00185385   0.0107319   0.00172913   0.00473175   0.0103436   0.0260453   0.0309812   0.0328129   0.0312595   
0.00777831   0.0139774   8.87468e-05   0.0030436   0.00556859   0.000303538   -0.00190185   -0.00455973   -0.00295252   0.0028012   0.00326918   0.00247099   0.000624782   0.00745387   0.00579311   -0.000176098   0.00234989   0.00202975   -0.00285779   0.00626189   0.00461496   -0.00184263   0.00702983   -0.0064976   0.00121078   -0.000158524   0.00213419   0.00548408   0.0021307   6.27169e-05   0.0229102   0.0225452   0.018892   0.0235313   -0.0134266   0.00720384   0.00451356   0.0040082   0.0112598   0.00949664   0.0115669   0.0120142   1   0.0129258   0.00169677   0.00339838   -0.000810582   -0.00580199   -0.00544457   -0.00283766   -0.00117946   -0.00411774   -0.00063932   -0.0014099   0.00137701   0.000405102   0.00355861   0.00308391   0.00902498   -0.00279099   -0.000253589   -0.00471465   -0.0025705   0.0041485   0.000820631   0.00518634   0.000218236   0.00169857   -0.000137102   -0.000943648   0.000493494   -0.00264421   0.00868103   0.0041704   -0.00486787   -0.00395529   0.000390455   -0.00335619   0.00320196   0.00452322   0.00143214   0.000918457   -0.000993053   -0.00141438   0.000698615   0.00113516   -0.00122336   0.000932946   0.000281319   0.0109154   0.0140107   -0.00340699   -0.000702494   -0.00299803   -0.00325179   -0.00143183   -0.00271375   -0.00123571   -0.000175516   -0.00039677   -0.00119169   -0.00614307   0.00454526   0.0111446   0.00549316   0.00306047   -0.00415331   0.00192764   -0.0010656   -0.00763946   0.00379593   -0.000305566   -0.000570575   -0.00166151   -0.0018454   -0.00579897   0.00584748   -0.000131977   -0.00191432   -0.00242877   4.14644e-05   -0.00178097   -0.00353546   -0.000387835   0.00130625   0.00611171   0.00461577   0.000615724   -9.6571e-05   0.000375609   0.0018485   0.000166533   0.000318072   0.00876348   0.0083562   -0.00357491   -0.00352279   -0.0013627   0.0107406   0.00498646   0.00281698   0.00643687   0.00386276   -0.000282344   0.00122199   -0.00017262   -0.00286286   0.00323047   0.00060401   0.00277674   0.0105066   0.00840697   -0.00772379   0.00308217   0.00161408   0.000842104   -2.3789e-06   -0.0036116   0.000191799   -0.00256297   0.000209353   -0.0121177   0.000856056   0.000294264   -0.00265834   -0.00405192   -0.00343827   0.00828406   -0.000818106   0.002813   -0.0015301   0.00550597   0.00385218   -0.00331621   -0.00136209   -0.00601967   -0.0053826   0.00382011   0.0204283   0.000875105   -0.000613371   -0.000433323   -0.000812447   0.00111407   -0.00489371   -0.00219671   -0.0018875   0.00272127   0.00142239   0.0240955   -0.0547744   0.00300399   -0.00750396   0.00644423   0.00589065   0.0066217   -0.0112083   0.00904047   0.00521728   -0.00568602   -0.00098175   -0.0334224   -0.029841   -0.047773   0.00465329   0.0337169   0.00853642   -0.00513496   0.00301638   -0.000410728   -0.00163877   -0.000132079   -0.00103732   0.00594906   0.0348849   -0.000879237   0.0529794   0.00450512   -0.00513352   0.000189668   -0.0196862   0.00152316   0.000252706   0.00169437   0.00352225   -0.0794665   -0.00080118   -0.0036747   0.00113572   -0.000877674   -0.000898925   0.00203253   0.0016278   0.00957889   0.00626571   0.000201709   0.0628437   -0.00128626   -0.00155242   6.01661e-05   0.00619246   -0.00945789   0.0057015   0.00219684   -0.00351207   0.0169531   0.00970985   0.0184863   0.0192617   
-0.00697021   -0.0190839   0.000701197   -0.00206826   -0.000508927   0.000304321   -0.00514061   0.00167104   -0.00179097   0.00599086   -0.00262631   -0.00243777   0.00221601   -0.0097534   0.000893286   0.000240738   -0.000654037   0.000121629   0.000580568   -0.00776566   -0.00444227   0.00198657   -0.00503538   0.012474   -0.000171307   0.000921717   -0.0013168   -0.00330108   -0.000831572   -0.00018356   0.0594609   0.034403   0.0258287   0.00519008   0.0289765   -0.00392307   0.00167458   0.00824255   0.0574791   0.0622131   0.0572267   1   0.0120142   0.0164052   -0.0121437   -0.00595954   -0.000837748   0.00722151   0.00555719   0.0030742   0.00423778   0.00918198   -0.000845104   0.000416849   7.07145e-06   0.00181289   -0.00647666   -0.0014264   -0.00378477   0.00106519   -0.00373904   0.001476   0.00242533   -0.00517499   0.00142243   -0.00374037   -0.000852922   -0.00144305   0.000804202   7.66506e-05   -0.000149533   0.000681816   -0.00605304   0.000742943   -0.00245879   -0.00274832   0.00143433   0.00157127   -0.00332603   -0.00389002   0.00334249   0.000345997   -0.000211887   0.00192337   -0.000398221   0.00232548   0.000638738   0.00350449   -0.000127225   -0.00626017   -0.0107679   0.00561271   0.000840595   0.00029542   -0.00359852   -0.00156069   0.00373004   0.0011366   0.00119517   0.000206738   -0.000293539   0.00660008   -0.00335292   -0.00514758   -0.00912783   -0.00587317   0.00209185   0.000342031   0.00341846   0.00320445   -0.00257922   0.00210172   -0.000982221   0.000252226   0.00201873   0.00436119   -0.00254446   -6.50496e-05   0.00256773   0.00257702   -0.000612343   -0.0047893   0.000362804   -0.00257984   -0.000610022   -0.00186727   -0.000740361   -0.000337453   -0.000233224   0.000881071   -0.000189996   -0.001606   -0.000607127   -0.00671292   -0.00764682   -0.00178347   0.000784335   0.00173144   -0.00360912   -0.000550094   -0.00150895   -0.00149315   -0.00157229   -0.000299873   0.000511072   0.000863318   0.00239773   -0.00297485   -0.000471336   -0.0043204   -0.00881843   -0.00908293   0.00850195   -0.00244146   0.00135506   0.00331464   0.00372762   0.0035635   -0.00101084   0.00299098   -0.000483273   0.0162099   -0.000794654   -0.000374856   0.00109913   0.00977172   0.00227409   -0.00294422   0.00123387   -0.00379231   -0.00334283   -0.00324042   -0.00349297   0.00372173   -0.000173436   0.00532599   0.0016469   -0.0027203   -0.00941425   -0.00117459   0.00128798   0.0012951   0.00161437   -0.00331058   -6.94319e-05   0.000399196   -0.000746454   -0.00574778   -0.00129849   -0.0136253   -0.00109265   0.0018993   -0.00215639   0.00787327   -0.00113659   -0.000541969   -0.0130012   -0.00756135   -0.00365797   0.0050613   0.0228727   0.0462182   0.0205819   0.0167996   -0.001903   -0.0454403   0.0124069   0.0153652   0.00848582   -0.000265346   -0.00323794   -0.00105595   -0.00079163   0.0127014   -0.0516639   -0.0034792   -0.00309591   -0.0173889   0.000220488   -0.00147754   -0.0313261   -0.000271861   -0.000525882   -0.000986702   -0.00117636   -0.102   -0.000442016   0.00101152   0.0015883   0.00201454   -0.00307758   -0.000749185   -0.000515615   -0.00506086   -0.00189176   0.000328872   -0.0278484   -0.00126986   0.00036542   0.011642   -0.0116924   0.00643437   -0.00455962   -0.000837577   0.00175364   0.00122548   -0.00355041   -0.00645182   -0.00223067   
0.0105586   0.0103259   0.00282523   0.00306136   -0.000712816   -0.00255446   0.00110884   0.00645832   0.00989617   0.00539125   0.00250837   0.00144313   0.00104087   0.00219631   0.00195969   -1.01973e-05   0.00143123   0.00219772   -0.00301599   -0.00450424   -0.00407179   0.00024355   -0.00133252   0.00392799   0.000203011   0.00177748   0.00135867   0.00293769   0.00111504   0.000215916   0.0487183   0.0287665   0.0207418   0.00622525   0.0182613   0.00248354   0.00203932   0.00336998   0.0515116   0.0523801   1   0.0572267   0.0115669   0.0124702   -0.0127711   -0.0127095   0.00129643   0.00678397   0.00333281   -0.000111257   0.000231822   5.75303e-06   0.000849891   0.00135445   0.0014804   0.00217289   -0.00195444   0.00120421   -0.00543802   -0.00214994   -0.00114018   0.000263221   -0.000569466   -0.00022544   -0.000705705   8.49033e-05   -0.000286062   0.000423696   2.15632e-05   0.000823019   0.000763581   -0.000578654   0.00152714   0.000515577   -0.00400188   -0.00135824   0.00194071   0.001697   0.000992731   -0.000760801   -0.00147219   0.000132154   0.000344049   0.000378804   0.000375981   0.000920306   -0.00207471   -0.000524405   -2.54481e-05   -0.0109257   -0.0142058   -0.00476919   0.00742261   0.00626889   0.00204897   0.000381829   9.64083e-05   0.000720893   0.00130071   0.00138686   0.00448183   0.00551605   -0.00115451   -0.00730763   -0.00563998   -0.00506806   0.00266594   0.00541007   0.00108543   0.000444292   -4.59561e-05   3.38154e-05   0.000332761   0.000641316   0.000744375   0.00195651   7.97924e-05   0.000299927   -0.000102348   -0.00108975   -0.00150554   0.000978649   0.000224174   0.00116153   -0.000175149   -0.000854139   -0.000707568   -0.000181555   -0.000199811   -0.000124589   -0.000578118   -0.000136415   -0.000525785   0.00150098   -0.00248127   -0.00272622   0.00176707   0.00133531   -0.00135269   -0.00141397   -0.000141749   0.00118789   0.000806105   0.000525639   0.000277214   -0.000322734   -0.0015844   0.000283623   -0.000295443   0.000187854   -0.00479993   -0.00320668   -0.00386054   0.000601598   0.000806138   0.000187742   -0.000415381   0.00201439   0.0018509   0.00049366   0.00155548   0.00109614   0.00033101   7.08542e-05   0.000505853   -0.000593649   0.000225218   0.00047817   0.000298336   -0.00367983   -0.0073132   -0.00332062   -0.00131456   0.00247437   0.00307827   0.00578894   0.00364493   3.51322e-05   0.00270504   -0.000176341   -0.000102288   2.4944e-05   -0.000279133   3.7535e-05   5.03064e-05   -0.000152276   0.00541439   -0.0028856   -5.21029e-05   -0.0206047   -0.00695617   -0.000286759   -0.00110595   0.00314431   0.000454742   0.00534873   0.00542233   -0.0119744   -0.00224797   0.00814812   0.0118509   0.0331552   0.0357903   0.000737497   0.000606342   0.00283499   0.00134702   -0.00767605   -0.0017449   -0.000401778   -0.00881538   -0.00207706   -0.00239874   0.00423865   -0.032002   -0.00516689   -0.00182737   -0.0212633   0.00186544   0.00285101   -0.0239144   0.00287709   0.00179568   0.00257556   -0.00232957   -0.076801   0.0010492   0.00234813   0.00265685   0.000643469   -0.00093078   0.00052326   0.00516617   0.00254042   -0.00340551   -0.00337894   -0.0217557   0.00186092   0.00141252   -0.00546722   -0.00313466   0.00573115   -0.00334938   -0.00198268   -0.00314717   -0.00980255   -0.0120531   -0.018719   -0.0212611   
0.0240698   0.0253212   0.003632   -0.00137272   -0.00244976   -0.00114477   -0.00236288   0.011046   0.0114714   0.00548915   0.000555697   0.000400331   0.00385692   0.00639785   0.000502842   -7.70622e-05   -0.000518611   0.00118165   -0.00111648   -0.00388095   -0.0039563   0.00303899   -0.00215772   0.00904244   0.000850585   0.00256193   -0.000482904   0.00102634   0.000111585   0.000260213   0.0462969   0.0314446   0.0243051   0.00265928   0.0388747   -0.00113375   -0.000708794   0.00296906   0.0545093   1   0.0523801   0.0622131   0.00949664   0.00993913   -0.0152104   -0.0101685   0.00119267   0.0110808   0.00513262   -8.18028e-05   -0.00240318   -0.00164185   0.00113165   0.00199492   0.00236939   0.00242829   -0.0078308   0.00131714   -0.00619877   0.000437312   0.000234286   -0.000113134   0.00213847   -0.000634429   -0.00416341   -0.00155879   -1.00921e-05   7.77099e-05   0.000196675   0.000465899   -0.000921344   -0.00038327   0.00262864   0.000353205   -0.00586194   -0.00211069   4.48902e-05   0.00350681   -0.000884969   0.00248429   4.02492e-05   -0.00106435   0.000515931   0.000665195   0.00149935   -0.00124553   -2.53037e-05   -0.000746935   -0.000159213   -0.00589379   -0.0116462   -0.00161013   0.00192153   0.00409889   0.00295208   5.39224e-05   -0.00179596   0.00200085   0.00440913   0.00211701   0.00489061   0.00423636   -0.00136835   -0.00702806   -0.00553058   -0.00301077   0.00297976   0.00380318   0.00382893   -0.000252901   0.000211171   0.00213194   0.00310079   0.000900048   0.00153854   0.00142871   -0.00322301   0.000790098   -0.000472306   -0.00240475   -0.000420104   -0.00328118   -0.00111804   -0.00146509   -0.0001208   0.000691903   2.29675e-05   -0.000963663   -0.000459744   -0.000226326   -0.00134245   -0.00144789   0.000155475   0.00306255   -0.00422156   0.00402918   3.00517e-05   0.000360917   0.00043269   -0.00517721   -0.00651104   0.00143563   -0.000544958   0.000388146   -0.000228217   0.001166   -0.00233731   0.000279418   -0.000431659   0.000493448   -0.003537   -0.00461093   0.00590018   0.00247651   -0.00219124   -0.00230098   0.000653304   0.00284391   0.00045673   0.00190973   -0.000378047   -0.000340732   0.000195106   0.000196811   0.00168238   -0.00549997   -0.00362883   -0.00104875   0.00178338   -0.00423641   -0.00762503   -0.00162179   -0.000542127   0.00367763   0.00608599   0.00917698   0.00310386   0.00110456   0.00471781   0.000176866   -0.000787047   -0.000544478   -0.000533018   0.00144725   7.7143e-08   0.000837194   0.00766496   -0.0100622   0.000762675   -0.0224274   0.00157591   -0.000246925   -0.00168246   0.00717843   0.0118991   0.000122526   0.0133925   -0.0133502   -0.00413047   0.0066815   0.00807242   0.0335933   0.0316949   0.0104415   0.00269987   0.0158757   -0.0119716   0.020077   0.00221193   -0.000119577   -0.00862579   -0.0026006   -0.00232263   0.002384   -0.0802058   -0.00492158   -0.00283866   -0.0203492   0.00454984   0.00310724   -0.0184371   0.00331552   0.00286044   0.00246408   0.000103267   -0.0647342   0.00236147   0.00468306   0.00163114   0.000353722   -0.000505395   -0.00147967   0.00538281   0.000288093   0.000776994   -0.00240303   -0.017377   0.00406153   0.00246772   -0.0191431   -0.000427457   0.00275237   -0.00455055   -0.00386976   -0.00732933   -0.0185699   -0.024448   -0.0357163   -0.0324887   
0.0645173   0.0699493   0.00878887   0.00931511   0.000982886   0.00610451   0.018108   0.0254918   0.0252735   0.011008   0.0066544   0.00447264   0.0053799   0.00274371   0.00528514   6.64771e-05   0.00226765   0.00402474   -0.00159303   -0.000661625   0.000189387   0.00272532   0.000245827   0.000332473   0.00161832   0.00540349   0.00342187   0.00735109   0.00161758   2.78344e-05   0.0526584   0.0265789   0.0139031   0.00511436   0.000573994   0.00349745   0.00338724   0.00385374   1   0.0545093   0.0515116   0.0574791   0.0112598   0.00961529   -0.0158766   -0.0177203   0.00095211   0.00550354   0.00268801   0.000906134   0.00125479   1.45863e-05   0.00271571   0.00380353   0.00270413   0.00646001   -0.00158493   0.000245177   -0.00506756   -0.0025939   -0.000991813   0.00158145   -0.00153769   -0.00107497   -0.00101068   -0.000982718   -0.00170231   -0.00209334   -0.00213608   0.00106693   -0.000298555   -0.00144115   0.00173074   0.00122419   -0.00541197   0.000305868   0.00442338   0.00372924   0.00133763   -0.00391381   -0.00398989   -0.000257077   0.00131649   0.000755419   -0.000951284   0.000699008   -0.00243745   -0.00220075   -0.00077459   -0.0154054   -0.0107209   0.00241724   0.0124458   0.00860209   0.00388737   0.00154081   0.000488347   0.00308868   0.0028192   0.0029925   0.00909505   0.00647131   -0.00126545   -0.00704393   -0.00795428   -0.00550102   0.00324442   0.00384338   -0.000202341   0.00243112   -0.00177491   -0.000957159   0.000876364   0.00142945   0.00147994   0.0045928   -0.000985106   -5.18441e-05   -0.00215675   -0.00135303   -0.00209112   0.00346369   0.00117945   0.00157853   -7.73782e-05   -0.00341703   -0.00331618   -0.000854038   -0.00110117   0.000101167   -0.00345965   -0.00161067   -0.00183523   0.000936562   -0.00513274   -0.00335464   0.00373806   0.0025918   -0.00413311   -7.65774e-05   0.00122486   0.00236327   0.00108632   0.000555478   0.000170185   -0.00143049   -0.00198204   -0.00117509   -0.00194765   0.00155669   -0.00596577   -0.00297061   -0.00425244   -0.000157875   0.00196408   0.000806315   -0.00154262   0.00890502   0.00659355   0.00428649   0.0046984   0.00501335   0.000317264   -0.000361775   -0.00830041   -0.00752882   -0.00658049   -0.00573787   0.000107888   -0.00637037   -0.0120069   -0.004411   0.000372094   0.0126132   0.0147743   0.0199749   0.00235703   -0.000150694   0.00527673   0.000149989   -0.000482106   -0.000717043   -0.000756654   0.00265407   0.000757321   0.0017806   0.016749   0.011592   -1.95659e-05   -0.0594276   0.00123039   0.00365339   -0.00652501   0.0111247   0.0202611   0.0273928   0.00870775   -0.00641557   -0.00010314   0.00711081   0.0111072   0.0341506   0.0362041   0.00915707   0.00318053   -0.00663658   -0.00519878   -0.0160223   -0.00875077   0.00017719   -0.0118207   -0.0069205   -0.00359222   0.0176909   0.00762627   -0.00882666   -0.00198869   -0.016732   0.0144472   0.0126462   -0.0143805   0.0080429   0.00339652   0.0104785   0.00207701   -0.0594536   0.00784964   0.0101009   -0.000631722   0.000327902   0.00253738   0.000919623   0.020628   0.0117455   0.00167263   0.0138525   -0.0156995   0.0140901   0.00545036   -0.0563612   0.0017589   -0.00521727   -0.0144612   -0.0110666   -0.0188655   -0.0503814   -0.0695972   -0.0776543   -0.0796131   
0.0100891   0.0024108   0.00194045   -0.00375646   0.0080607   0.0152693   -0.000406893   0.00446674   -0.00926375   0.0105652   -0.00448263   -0.00221823   0.0081258   -0.014428   0.0074034   0.000362022   -0.00152166   0.000404609   0.00204232   0.00296226   0.00706801   0.00534144   0.00039508   0.00818464   -0.0003869   0.00125919   -0.00169595   -0.00122148   -0.00352111   -0.000808613   0.00992553   0.00556494   0.00545103   0.00741409   -0.00270938   -0.00714419   0.00420462   1   0.00385374   0.00296906   0.00336998   0.00824255   0.0040082   0.00574281   0.00375408   0.0188658   -0.00286182   -0.00403058   -0.0042926   0.0012356   0.00651174   0.0136834   -0.0024968   -0.00214389   -0.00121272   0.00239143   -0.000756161   -0.00218142   0.00714096   0.00446491   -0.00390159   0.00311007   0.0101696   -0.00251159   0.00650826   -0.00197324   -0.000516416   -0.00406614   -0.000532425   -0.00334555   -0.00382082   -0.00194077   -0.00725389   0.0018728   0.0124755   0.00867571   0.00422687   -0.00561323   -0.0110411   -0.00527291   0.0099731   0.000450914   -0.000499479   0.0013196   -0.00261024   0.00209332   0.0122464   0.00780162   -0.00070124   0.00249336   -0.00577483   0.00758323   -0.0106787   -0.00503745   -0.00614248   0.00142087   0.00540287   -0.00171053   0.000441269   -0.0036215   -0.00847809   0.00141925   -0.00338215   0.000238983   -0.00146037   0.00377865   -0.00378204   -0.00862301   0.0036653   -0.000159647   -0.00167024   0.00455338   -0.00189931   -0.00262119   0.000932548   -0.000259757   0.000930523   -0.000836558   0.00165927   0.00477165   0.0034365   -0.0119138   -0.00084759   -0.00686383   0.00294452   0.00554357   0.00511848   -0.000896416   -0.000941984   0.00334981   0.000779936   -0.0042213   -9.32969e-05   -0.00963691   0.00506356   0.00813211   -0.00249639   -0.00239323   0.00210267   0.00447226   -0.00340559   -0.000983074   -0.000536996   -0.00310603   0.000384468   0.000696779   0.00817227   -0.00492208   -0.00142295   -0.0126025   -0.0107555   -0.0147952   0.0190063   -0.000343972   0.00553711   0.00910599   0.00982476   0.00309388   -0.00383811   0.00486964   -0.0043361   0.0176674   -0.00139101   -0.000709778   -0.00653009   0.0117018   -0.00601231   -0.00278732   0.000902334   0.00170178   0.00468741   0.00485627   -9.34067e-05   0.00607581   0.00138731   0.00440273   -0.00928183   -0.00142068   -0.00979736   -0.000651795   0.00147464   0.000972393   0.00197551   -0.00337268   -0.015306   -0.0015779   -0.00642864   0.00707248   -0.00200982   0.0181631   -0.0016311   0.00160134   -0.0045267   0.00159689   -0.0263951   -0.00225162   0.0205429   -0.000135103   0.00513824   -0.00221954   -0.00315836   -0.00445024   -0.00836285   -0.0127655   0.000887075   -0.0648887   0.0231022   0.0495119   -0.00292324   0.000404159   0.00521803   -0.00103428   0.00141   0.0273353   0.0212884   0.00192921   -0.00102271   0.0106455   0.00940725   0.00210434   -0.00627711   -0.00470265   -0.00290637   0.00244635   0.00814414   -0.0309525   0.000207788   0.000321114   -0.00216051   0.00169377   0.00223302   -0.00396895   0.00572325   0.00336803   0.0133589   0.00736674   0.0249184   0.000239499   -0.000561244   -0.0105684   -0.00370594   -0.00993729   -0.00477747   -0.00223335   -0.0023791   -0.00570766   -0.0167195   -0.00936642   -0.00653544   
0.00148847   0.00577329   0.00155137   0.00845548   0.00864717   0.00261708   0.0106749   -0.00236783   -0.00318809   0.00544897   0.00328004   0.00322392   -0.00367311   -0.00727433   0.0122052   0.000145808   0.000656966   0.00785595   -0.00465435   0.0045204   0.0084599   0.0111822   0.00519033   -0.00164476   -0.000539227   0.000257315   0.00575045   0.00576758   -0.00431193   -0.000529176   0.00342886   0.00245807   0.00946459   0.0144351   -4.82123e-06   0.00900343   1   0.00420462   0.00338724   -0.000708794   0.00203932   0.00167458   0.00451356   0.00333246   0.00275233   0.0026174   -0.00134778   -0.00442417   -0.00212708   -0.00165604   0.00981034   0.00477208   0.000252103   -0.000216846   -7.61951e-05   0.00220523   0.0133982   -0.000323743   0.00342412   0.0012368   0.00177863   0.00224551   -0.00335623   -0.00396346   0.00537447   0.00285682   -0.000122211   -0.00100947   -0.0010186   -0.00203617   0.000778305   0.00288291   -0.00340086   -0.0002391   0.00258938   0.00138968   0.00357497   -0.00431006   -0.000159175   -0.00444   -0.000424006   0.00234984   -0.000468061   -0.000766012   -0.00215954   0.0041689   -0.00459411   0.00345766   -6.96315e-05   -0.00472288   -0.00321462   -0.00666676   0.00513927   0.00403659   -0.00877595   0.000252452   0.00367142   -0.00325588   -0.00416893   -0.00208201   -0.0027538   2.72519e-06   0.000458871   0.000312692   0.0015033   -0.0024383   -0.00211352   0.00621027   -0.00750679   0.00394553   0.00185955   -0.00135573   -0.00442284   -0.00166093   -0.00056582   -9.89633e-05   0.00384857   -0.00147952   -0.000504467   0.0043084   0.000380993   0.00698675   0.00271189   0.00338598   -0.00209431   -0.0011579   0.00302004   0.000703683   -0.000167656   0.000499779   0.00219458   0.00147415   -0.00268926   -0.00447233   0.00293407   -0.0123696   0.00339911   0.00182358   1.55373e-05   0.00447336   0.00678849   0.000558767   0.00424707   -0.000844388   0.000895981   -0.00257297   0.00146951   -0.000945971   -0.000424387   -0.00508917   -0.00297686   0.00202835   -0.0160044   -0.000599487   0.00473077   0.0088567   0.00246867   0.00169811   0.00351471   -0.00136422   0.0018609   0.00233895   0.00026225   -0.000427884   -0.00565734   0.00628322   0.00179705   -0.00230877   -0.00397294   0.000543744   0.00459137   -0.000557695   -0.000693004   0.00321724   -0.000333351   0.00284095   -0.00174557   -0.000933727   -0.00325475   -5.66947e-05   0.00101729   0.000643285   0.000284421   -0.00101907   -0.0227485   -0.0112353   0.00140679   0.00357838   0.00065933   0.0103519   -0.000544549   0.00274618   -0.00140456   -0.0117831   0.00173885   -0.00186375   0.0124214   0.00353778   0.00525415   -0.0186295   0.00572144   -0.00802747   -0.004071   -0.0136965   -6.16504e-05   -0.0242077   0.056451   -0.0337494   -0.0738664   -0.000220299   0.000881357   -0.00133253   -0.00043282   0.0104117   0.0105442   -0.000689289   0.0108402   0.00235525   -0.000144865   0.00429716   -0.00124498   0.00150355   -0.000337512   0.00397733   0.00743713   -0.0158349   0.000338022   -0.00190621   0.00059551   0.000290409   0.00146488   0.00315674   0.00665553   0.0117836   0.0122608   0.00531022   0.0103713   0.00115009   -0.000625217   0.00106102   -0.000523874   -0.00239527   -0.00353704   -0.000346238   -0.000223778   0.0109579   -0.00514765   0.00238456   0.00120309   
-0.00665874   0.00899481   -0.00123624   0.0192917   0.00143878   -0.0119564   0.0228097   -0.00578421   0.0125427   -0.0067112   0.0125884   0.00854569   -0.0132464   0.00842373   2.43702e-05   -0.000286341   0.00376011   0.00513798   -0.00486322   0.00299479   0.00856768   0.0131028   0.0119532   -0.014579   -0.00108692   -0.00317294   0.00897502   0.0111011   -0.00158863   0.000256627   0.00284889   0.0069729   0.0156181   0.0184866   -0.000887497   1   0.00900343   -0.00714419   0.00349745   -0.00113375   0.00248354   -0.00392307   0.00720384   0.00273534   0.00654747   -0.0191367   0.00766383   -0.00509566   0.00172799   0.00162014   0.00442057   -0.0122033   0.00356913   0.00123446   0.00061314   -0.000513766   0.0215777   0.00408381   -0.00203732   -0.0142419   -0.000795605   -0.00542899   -0.0197845   0.00534491   0.00245789   0.00948353   -0.000414635   0.00413303   -0.00192362   0.0023279   0.00627005   -0.00154502   0.00645839   -0.00234478   0.00629159   0.00457159   0.00141361   -0.00707118   0.0120069   -0.00546829   -0.0163774   0.00212394   -0.000338105   -0.00398099   -0.00172778   0.00326814   -0.0108427   -0.00835965   0.000627775   -0.00898998   0.00726466   -0.0236455   0.0174195   0.00522727   -0.00124067   -0.0017612   -0.0027861   -0.00444501   -0.01053   -0.000264148   0.00515181   -0.00273881   0.00605881   0.0037871   0.00515278   -0.00500191   0.00260794   0.0175018   -0.0103992   0.00195145   0.00547872   -0.0100115   -0.00455266   0.00137172   -0.00309773   -0.00204711   0.00815327   -0.000614347   -0.00287621   -0.00352921   -0.00689761   0.0231514   0.00224936   0.0136952   -0.00334786   -0.00704267   -0.00475058   0.00227523   0.000652123   -0.00376805   0.000637864   0.00635352   -0.00239966   0.00724462   0.0136964   -0.0207594   0.00660469   0.00083529   -0.00521825   0.00496738   0.0194771   -0.000142645   0.00656354   0.00245615   0.000548203   -0.00629017   -0.00421025   0.00531989   0.00103484   0.00986929   0.0114681   0.0226105   -0.0528841   -0.00450305   0.00156846   -0.00241269   -0.013327   -0.00537811   0.00869957   -0.00992029   0.00887554   -0.025706   0.00208589   0.000277066   -0.00434817   -0.00848563   0.00683231   0.00549123   -0.00786888   0.00287779   -0.00035274   -0.00841164   0.00224576   -0.00141993   -0.00118734   -0.00365544   0.00729846   0.00038726   0.00902467   0.00130688   -0.00110395   -0.00122578   -0.00305583   0.0035311   -0.022307   -0.0043092   -0.00248318   -0.00136103   0.00134725   0.00412652   0.00238806   0.00323012   0.00688874   0.00784203   0.00981771   -0.0166541   0.0210389   0.0086784   0.00653364   -0.00151594   -0.0248569   -0.0227747   -0.0105063   -0.037067   -0.00127864   0.0524732   0.0222334   -0.129295   -0.0230316   -0.000514029   -0.00330889   7.92652e-05   -0.001462   -0.0210617   0.00522597   -0.00157007   0.000206604   0.00580497   -0.00898431   0.00338249   -0.00136752   0.00378836   0.00037692   0.00411629   0.00456949   -0.0130565   -0.000439302   -0.00445113   0.00229766   -0.00260335   4.94641e-05   0.00876726   0.00494206   0.0138655   0.00670556   0.00620069   0.00874598   -2.02768e-05   -0.00124104   0.00584257   0.0100822   0.00460151   0.00366515   0.00237843   -0.00281252   0.0113837   0.0229877   0.0150837   0.0142373   
-0.0168524   -0.0218354   -0.00242908   0.00209485   0.000924755   -0.00408134   -0.00356452   -0.0120346   -0.00878978   -0.00231288   -6.96488e-05   -0.000121526   -0.00327536   -0.0099039   0.000158945   0.000155586   -0.00806483   0.00103857   0.00614781   -0.015069   0.0105876   0.0495031   0.00357791   0.0435936   -0.00210545   -0.00167662   -0.000190066   -0.00279301   -0.0155401   -0.00161263   -0.0379094   -0.00844262   0.0339357   -0.013229   1   -0.000887497   -4.82123e-06   -0.00270938   0.000573994   0.0388747   0.0182613   0.0289765   -0.0134266   -0.00959442   -0.00135354   -0.00375552   1.76262e-05   -0.00181008   0.000920627   0.00270729   0.00547397   0.00590701   -0.0011681   -0.00158909   -0.00176143   -0.000678966   0.00263314   -0.000163979   0.000232194   -0.00135769   -0.00239546   -0.000143708   -0.00322485   -0.00173845   0.0043885   0.000687349   -0.000364204   1.31998e-05   0.000134076   -0.000121092   0.00142563   0.000228819   -0.00417807   0.000494798   0.00416123   0.00362822   0.00673337   0.00199809   0.00387519   -0.00258768   0.00155143   0.0019928   -0.000195932   0.000318374   -0.00127931   0.00322044   -0.000714813   0.00258403   0.000366322   -0.00328529   -0.00319442   -0.00224428   0.00234037   -0.000954884   -0.00407116   -0.00102943   0.00328174   -0.00240325   -0.00439683   -0.002119   -0.00320321   0.00298928   -0.000527991   3.61407e-05   -0.00404035   -0.0048063   -0.00077442   0.00166567   -0.000568001   0.0022703   -0.000337501   -0.00126654   -0.00381911   -0.000758493   0.000838439   0.000282738   0.00160432   -0.00043426   0.00188988   0.0025393   -0.00107916   0.00203342   0.000708728   0.000970342   -0.00028295   -0.00167852   -0.000562161   0.00030342   -0.000154535   -2.94186e-06   0.000848448   0.000630407   -0.000756755   -0.00495422   0.00145029   -0.00581293   0.00376804   0.00350719   -0.000450993   0.00627014   0.00759859   -0.000830768   0.00159792   0.000201408   0.000887149   -0.00133837   0.00206558   -0.000451472   0.000420233   -0.00283434   -0.00348218   -0.00134438   -0.00761199   -0.00362567   0.00337289   0.0040165   0.000267862   0.00150854   -0.000350852   -0.0015642   0.000647457   0.00548967   -0.00019134   -0.000235772   -0.00381553   0.00788108   0.00117362   -0.000181468   -0.00253077   -0.000738125   0.00114529   -0.00561103   -0.00464701   0.00811691   -0.00306435   0.00963542   0.00215301   -0.00214692   -0.00471653   -1.91854e-07   0.000851894   0.000970533   0.000758179   -0.00202667   0.000490623   -0.000314384   0.000974359   -0.0667542   5.80303e-06   0.0261392   -0.00187868   0.00102107   0.00432532   0.00349481   -0.0355318   0.0144604   0.0167347   -0.000502828   0.00189268   -0.00119646   0.0121387   0.0143868   0.000687654   -0.00978471   0.000544462   -0.0306643   0.018847   -0.0229573   0.000461503   -4.62198e-05   0.00125853   0.000435838   0.000942413   0.00391157   -0.40847   -0.00127982   0.00212175   -0.0037693   -0.0025883   -0.0021026   0.0234345   -0.00299877   -0.0022527   -0.00340096   0.0229298   0.0589045   -0.00320875   -0.00392272   0.000312014   0.00111047   -0.00308154   0.000331068   -0.00684188   -0.00259969   0.0382002   0.0150432   0.0368255   -0.00597796   -0.00212263   0.0194704   -0.00441812   0.00606651   -0.00181318   0.00143417   0.0021455   0.0132507   0.00712804   0.0145419   0.0158474   
-0.00745696   0.00900417   -0.00204941   0.00697898   0.0104184   0.00618535   0.0195602   -0.0100863   -0.0164943   -0.00706801   0.00353354   0.0055617   -0.00927817   0.0105512   0.00362142   -0.000334993   -0.000355041   0.000972494   -0.000216483   0.0284559   0.0299533   0.0129887   0.0175254   -0.0168205   0.000892478   -0.00567371   0.00912461   0.00695076   -0.00754592   -0.00050037   0.0275625   0.042582   0.0504562   1   -0.013229   0.0184866   0.0144351   0.00741409   0.00511436   0.00265928   0.00622525   0.00519008   0.0235313   0.0118765   0.028011   0.0273342   -0.00717156   -0.0183018   -0.0104679   -0.0113593   0.0038343   -0.0119586   0.0007006   -0.00207937   0.000968237   0.000481038   0.0259357   0.00186101   0.0129678   0.00368392   0.0133699   0.00109236   -0.00458211   0.00127716   0.000154886   0.00896951   -0.000495157   0.000360059   -0.00254818   -0.00640142   -0.0032572   0.00485322   0.00500504   -0.0035508   0.0125828   0.00434987   0.000264011   -0.0113918   -0.0002953   0.00145756   -0.00502736   -0.000118559   -0.00190309   -0.00456906   -0.00197526   0.000974932   0.000517946   0.000205964   0.000109251   0.0149641   0.0190271   -0.0166736   0.000823371   0.0044023   -0.0100135   -0.00103406   -0.00259241   -0.00635651   -0.00447869   -0.00274287   -0.00753345   -0.0156264   0.00743063   0.0136016   0.0228231   0.008109   -0.0113888   0.00399865   -0.0175746   -0.0136482   0.00800753   -0.00146395   -0.00214967   -0.00370811   -0.00387944   -0.00924277   0.00808428   -0.00246514   -0.00512473   0.00130895   0.00624856   0.0108397   0.00192323   0.00597461   -0.00561797   0.00460147   0.00784341   0.000925778   -0.000227904   -0.00400302   0.00357683   0.00127093   -0.00252943   0.0060229   0.0249353   -0.00302384   0.000974384   -0.00161671   0.0139394   -0.00186636   0.000390881   6.99366e-05   0.00533938   -0.00154128   0.000543829   -0.00220056   0.00113133   0.00340638   0.000685382   -0.00195667   0.0165014   0.0220007   -0.0226557   0.00781056   0.00148932   0.00268573   0.00160536   -0.0066755   0.00201801   -0.00752281   -0.000128415   -0.0243677   0.0015754   0.000540321   -0.00305283   -0.0115318   -0.00401222   0.00374158   -0.00691035   0.0148129   0.0237471   0.00591593   0.00445191   -0.0075849   -0.00184515   -0.00861051   -0.00732835   0.0045958   0.0108118   0.0022496   -0.0012747   -0.00188732   -0.00262853   0.00409173   -0.00114845   0.000223687   -0.00460326   0.00167784   0.00144162   0.0209143   0.00636184   0.00294941   0.00657336   -0.0333156   -0.018566   -0.00641438   0.0093532   0.0187481   0.00603351   -0.0567919   -0.0530991   -0.111009   -0.0643069   -0.0530787   0.0061298   0.0606204   0.0874757   -0.0285359   -0.0196163   0.000259876   0.0117717   0.00384831   0.00244411   -0.0160295   0.0448502   0.00577926   0.000774319   0.0489969   -0.00143101   0.00711499   -0.0133319   -0.0029669   -0.00306913   0.00260169   0.0214138   -0.0728875   0.000416796   -0.00521741   -0.00277477   -0.0030592   0.0108002   0.0038926   0.00167342   0.0164833   0.0364355   0.00534619   0.0655168   0.00238543   -0.00252229   -0.00454526   0.020054   -0.0179952   0.0109949   0.00473193   0.0024151   0.0387721   0.0227402   0.0363846   0.0277138   
-0.0168673   0.0028292   -0.00512876   0.0022174   0.00676379   0.00725143   0.0163844   -0.0143937   -0.0202961   -0.0166898   0.000702878   0.00276038   -0.00890066   0.0096622   -0.00202324   -0.000345671   -0.00514873   -0.00207418   0.00756394   0.0247926   0.0313143   0.026412   0.0177673   -0.0064452   0.000383448   -0.0069797   0.00345697   0.000502694   -0.00994603   -0.000767971   0.0365292   0.0618719   1   0.0504562   0.0339357   0.0156181   0.00946459   0.00545103   0.0139031   0.0243051   0.0207418   0.0258287   0.018892   0.00682304   0.0483688   0.0397676   -0.00497473   -0.0286302   -0.0177582   -0.010957   -0.00292032   -0.0145303   -0.000184909   -0.00314148   -0.00179959   -0.00334067   0.0275344   -0.00076701   0.018831   -0.00238697   0.00552181   -0.00254259   -0.0035933   0.00509042   0.000137511   0.00729867   0.00081022   0.00102873   -0.00165127   -0.00388387   -0.00203995   -0.000421467   0.00537255   -0.00275284   0.0146182   0.00711083   -0.00335742   -0.00979375   -0.000156583   0.00208888   -0.00549717   -0.000831557   -0.00148763   -0.00429263   -0.00118147   -0.00204984   0.00175358   -0.00266533   0.000146337   0.018829   0.0267134   -0.0114876   -0.00755417   -0.00263692   -0.00292078   0.00126189   -0.00368308   -0.00568568   -0.00564219   -0.00339155   -0.00891954   -0.0193802   0.007235   0.0171302   0.0310191   0.0188371   -0.00998573   -0.00749899   -0.0175948   -0.0119032   0.00443929   -0.00362066   -0.00182196   -0.00328648   -0.00457091   -0.0097161   0.00901326   -0.00212665   -0.0049578   -0.00125024   0.00267293   0.0071631   -1.97013e-06   0.00429565   -0.00287249   0.0036263   0.00486793   0.00105722   0.000477906   -0.00286176   0.00276998   0.00206176   -0.000186576   0.00669507   0.0223291   0.00283962   -0.00182034   -0.00410333   0.00976195   0.000324334   0.00200435   -0.000686686   0.00232416   -0.00125644   -0.000678932   -0.00167593   0.00151667   0.0032189   0.00105087   0.0026292   0.0185764   0.0200488   -0.0163945   0.00458931   -0.00134394   -0.0015297   -0.00204411   -0.00797546   -0.000443619   -0.00739484   -0.00102048   -0.0238953   0.00101371   0.000490429   -0.00645757   -0.0123702   -0.00160822   0.00547499   -0.00207131   0.0165803   0.0255414   0.00867559   0.00534237   -0.00702222   -0.00491652   -0.0142177   -0.0148345   0.00387818   0.0119009   0.00233129   -0.00163771   -0.00210488   -0.00257167   0.00392965   0.000350656   -0.000965731   -0.00705092   -0.0187011   0.000355339   0.0423156   0.00736795   -0.000566571   0.00686497   -0.0103319   -0.0190777   -0.0276152   0.000188711   0.027503   0.00615553   -0.033587   -0.0676101   -0.156475   -0.0828592   -0.0355205   0.00527523   0.0606085   0.0372172   -0.0231866   -0.0143957   0.000415605   0.0167343   0.00594573   0.00401199   -0.0138215   -0.0596127   0.00722356   0.00268431   0.072167   -0.005548   0.00041298   -0.00403632   -0.00555139   -0.0053541   -0.000998858   0.028242   -0.0443448   -0.000502198   -0.00614139   -0.00380648   -0.00385288   0.00796355   0.00236207   -0.00480587   0.00874012   0.0459914   0.020808   -0.0158766   7.17203e-05   -0.00338949   0.000552557   0.0214698   -0.0281009   0.0175728   0.00687825   0.00524562   0.0326939   0.03983   0.0633011   0.0474916   
-0.00583416   0.0137016   -0.00352931   -0.0065777   0.00115443   0.00829949   0.0055695   -0.00397635   -0.010306   -0.0158714   -0.00274181   -0.000271644   -0.00205231   0.0178621   -0.00515245   -0.000442624   -0.00433396   -0.00432207   0.00803358   0.0238562   0.0182108   0.00661072   0.0107964   -0.0121072   0.0015197   -0.00383782   -0.00227959   -0.00285549   -0.00164065   6.0539e-05   0.0566518   1   0.0618719   0.042582   -0.00844262   0.0069729   0.00245807   0.00556494   0.0265789   0.0314446   0.0287665   0.034403   0.0225452   0.0109044   0.0395556   0.0360143   -0.00393306   -0.0201292   -0.0153008   -0.00933722   -0.0119027   -0.0172801   6.36393e-05   -0.00176156   -0.00085964   -0.00462573   0.0109539   -0.000823094   0.0143526   0.00221465   0.0067154   -0.0027374   0.00275047   0.00707127   -0.00582876   0.00314023   0.00214385   0.00141925   -0.000361987   -0.00179036   -0.00293049   -0.00087013   0.00862317   -0.00190926   0.00577368   0.00313827   -0.00884033   -0.0038493   -0.0018535   0.00935875   -0.00211358   -0.00286322   -0.000286087   -0.00286042   0.00193158   -0.00704797   0.00396852   -0.00465598   -1.62264e-05   0.0244443   0.0270029   -0.00485977   -0.0197631   -0.00951724   0.00364671   0.00167612   -0.00778903   -0.00130675   0.000956337   -0.00113889   -0.00524504   -0.018446   0.00544034   0.0146638   0.0277042   0.0215196   -0.00722811   -0.0131475   -0.00834504   -0.00992741   0.00268437   -0.000692575   0.00374056   -0.00181076   -0.00353066   -0.00859372   0.00421205   -0.000403297   -0.00489796   -0.00433547   0.00364196   -0.00105773   -0.00242911   -0.000841664   0.000239882   0.00597484   0.00390644   -4.85133e-07   0.000596831   -0.00130537   0.000936244   0.000995255   0.00244466   0.0106281   0.0123515   0.0147887   -0.00671159   -0.00648483   0.00938801   -0.00473564   -0.0080306   0.000735144   -0.00157849   -0.0010073   -0.00203798   0.00147143   -0.00162136   0.00338233   0.000891889   0.00744468   0.0188835   0.0125776   0.00434535   0.00555853   -0.00795319   -0.00850089   -0.00255033   -0.0077511   -0.00373137   -0.00395085   -0.00409959   -0.0227933   0.000432541   0.000626872   -9.08967e-06   -0.0167278   -0.00299659   0.00594448   0.00372652   0.0128069   0.0182906   0.0125151   0.00641778   -0.00958819   -0.00226969   -0.0157006   -0.013345   0.00462417   0.0143308   0.00204417   -0.00272896   -0.00278659   -0.00274627   0.00440923   0.000221682   -0.000676077   -0.00553511   -0.00564314   0.00199101   0.0269538   0.0083157   -0.00489842   0.00429547   -0.014512   -0.00137534   -0.0325999   -0.0124444   0.0220865   0.000214418   -0.0180728   -0.060462   -0.135721   -0.0733474   -0.00810808   0.00662392   0.0810665   -0.0258376   0.0285505   -0.00693183   0.000312985   0.0135259   0.00532519   0.00266768   -0.0187297   0.0198205   0.00470849   0.00436119   0.0620319   -0.00251379   -0.00225596   -0.0171237   -0.00371447   -0.0021755   -0.00128861   0.0167322   -0.073082   0.000377964   -0.0017621   -0.00259051   -0.00392059   0.00634903   -0.00132776   -0.00396329   0.00187986   0.0266674   0.0159202   -0.023449   0.00118008   -0.00127435   -0.0083326   0.0205056   -0.0261106   0.0183596   0.00560503   0.00167099   0.0155593   0.0325979   0.047948   0.0409834   
-0.00455263   -0.00609783   -0.00167382   -0.0013347   -0.000494537   0.00318945   0.00333555   -0.00231351   -0.00489981   -0.00631777   -0.00176206   -0.00108132   -0.00101207   -0.00272906   -0.00387062   5.03115e-05   0.000252345   -0.0027493   0.00346062   0.00665185   0.00311787   -0.00633469   0.000609232   -0.00868242   -0.000334544   -0.000931729   -0.00130887   -0.00288214   0.00272228   0.00010899   1   0.0566518   0.0365292   0.0275625   -0.0379094   0.00284889   0.00342886   0.00992553   0.0526584   0.0462969   0.0487183   0.0594609   0.0229102   0.021276   0.00950492   0.00639049   -0.0017766   -0.00595143   -0.00187206   0.00113199   -0.000757772   -4.6273e-05   -0.000298063   -0.000288456   -0.0012754   -0.00154979   0.000384433   -0.00192641   0.00404578   -0.000140849   -0.000496863   0.00122578   0.00176503   0.00127615   0.00105952   -0.000833574   0.000165018   -0.000225908   0.000215232   0.0006445   0.000239167   -4.12988e-06   -0.00120722   0.000152834   0.00224183   0.000739891   -0.00153416   0.000633534   0.000128755   -0.000533269   -0.000317581   -0.00033166   0.000159946   0.000229506   -0.000248479   -0.000730264   0.000825081   -0.000757642   -6.4948e-05   0.00836191   0.0127424   0.00373369   -0.00983647   -0.00977427   -0.00379639   -0.00254914   -0.000615274   -7.73622e-05   -0.00158091   -0.000936899   -0.0026187   -0.00330193   0.000541282   0.00715099   0.00282834   0.0032091   -0.000982023   -0.00535204   -0.000959619   0.00142094   -0.00136766   -0.000858204   -0.000248658   0.00026131   -0.000395683   -1.53097e-05   -0.00212795   -0.000241922   0.000178015   0.000872683   0.000299153   0.000900715   0.0013012   0.000464598   0.000523918   -0.00134629   -0.00148954   0.000308335   0.000493186   0.000208094   -0.000228034   0.000423248   0.000500419   -0.00114515   -0.00112069   0.00192096   -4.74201e-05   0.000122996   -0.00157678   0.0010287   0.00111333   -0.000957075   -0.0014582   0.000199457   -0.000204157   0.0003946   0.00137664   -0.000717372   5.63496e-05   0.00087523   0.00315077   0.00188327   0.00185216   -0.00374088   -0.00292115   -0.00210189   -0.00149401   -0.00132286   -0.000997832   4.97548e-05   -0.000659221   0.000820924   -0.000536658   -0.000269364   -0.000128894   0.00116437   0.0024222   -0.000950233   0.00146179   0.00272664   0.0051757   0.00195534   0.000561949   -0.00228707   -0.00200083   -0.00500094   -0.0022342   -0.00124814   -0.00323411   -0.000220422   5.644e-05   -0.000151393   2.07499e-05   -0.000903859   6.8032e-05   -0.000222243   -0.00159054   0.014221   0.00103743   0.00234763   0.00293765   -0.00173135   0.000434552   -0.00947002   -0.0123109   -0.00246699   -0.00576437   0.0132185   0.00445724   0.00226181   -0.0078663   -0.0217359   -0.0343529   0.0118551   -0.000639424   -0.00821782   -0.00919662   0.000460362   0.00649031   -1.03492e-05   0.0058927   0.0011124   0.000574314   -0.00253439   0.0934619   0.0019369   -0.000745723   0.01821   -2.87524e-05   -0.0016999   -0.0400872   -0.00140277   -0.00138472   -0.00154454   0.000716725   -0.133207   -0.000519449   -0.0011048   -0.000731102   -0.000120319   0.000160951   -0.000766702   -0.0027293   -0.00347919   -0.000112174   0.00821592   -0.037728   -0.00101367   -0.000785667   0.000522918   -0.00119794   -0.00469219   0.0025551   0.000823509   0.0024831   -0.00305312   0.00506286   0.0105544   0.0186575   
-0.000970531   -0.000174605   -0.000168168   -0.000645782   -0.00111584   -0.00188965   -0.00154867   -0.000716251   0.000242892   -0.00102561   -8.59175e-05   -6.51768e-05   -0.000535205   0.0020505   -0.000918021   -4.82358e-05   0.000274952   -1.12648e-05   -0.000347966   0.00704316   0.00321614   0.00136371   0.00326721   0.0031294   5.63272e-05   -0.000150189   -4.426e-05   -0.00023937   0.00534024   1   0.00010899   6.0539e-05   -0.000767971   -0.00050037   -0.00161263   0.000256627   -0.000529176   -0.000808613   2.78344e-05   0.000260213   0.000215916   -0.00018356   6.27169e-05   5.53799e-05   -0.000691329   -0.000993294   0.0001461   0.0013964   0.000831003   -0.000420751   -0.000942574   -0.00149323   0.000194428   0.000202097   0.000250479   -0.000267515   -0.000347939   0.000274377   -0.000873033   -0.000513174   5.96642e-05   -0.000499382   -0.000217009   0.000122044   -0.00116426   -8.49539e-06   0.000176818   0.000419081   0.000180504   0.000125154   1.85914e-06   -1.60818e-05   0.000944667   -0.000138493   -0.000686067   -0.000433867   -0.000565554   0.000591383   0.000378972   0.00100358   -0.000647939   -0.000254674   -5.44716e-06   -0.000113543   0.000463891   -0.000454055   -0.000498298   -0.000585577   7.21939e-05   -0.000723096   -0.00180334   -0.0016685   0.000572038   0.00126433   0.00108414   0.000111249   -0.000655001   0.000108107   0.000461173   0.000372534   0.000763794   8.97976e-05   0.000133144   -0.000935687   0.000433153   -0.000163929   0.00033411   0.000872831   -9.53874e-05   -0.000311704   0.000327614   7.57559e-05   0.000585935   0.000187166   -1.39965e-05   1.04088e-05   -0.000204262   0.000144587   -0.000133694   -0.000814016   -0.000403745   7.14877e-06   -0.000232172   0.000242165   -0.000423885   -0.000131775   -6.63986e-05   -2.85321e-05   7.2186e-05   -0.000400296   -9.96256e-06   0.000147258   0.000117467   0.00130305   -0.000234032   0.000615619   6.05996e-05   -1.63898e-05   0.000143895   -0.00157984   -0.00116041   0.000136439   -0.000176348   0.000198114   -0.000163629   0.000198187   -0.000648161   0.000475225   0.000162308   0.00083902   0.000376956   0.000476182   -0.000273621   0.000780385   -0.000832064   -0.00102823   -0.000421106   -0.000549637   -0.000102656   -0.000454433   -9.27796e-05   -0.00170695   0.00013786   0.0001248   0.00119497   -0.00185186   -6.30559e-06   -0.000107444   -3.87159e-05   -0.000264842   -0.000271396   9.47562e-06   0.000262052   -0.00100285   -8.34966e-05   -0.000657917   0.000726997   0.000456187   0.00139202   0.00011868   -0.000165209   -8.80714e-05   -0.000109831   0.000610335   7.93988e-05   0.000119287   0.000137244   -0.000233611   0.000684932   -0.000368189   0.000221619   -0.000645398   0.00034729   0.00168296   0.00234224   -0.00277631   0.00236224   -0.00221777   -0.0016931   0.000987463   -0.00135765   0.0010374   0.00474847   0.00279891   -5.41253e-05   0.00868039   -0.00170664   0.000740243   0.000119437   -3.91538e-05   -0.00108244   -1.43237e-05   -0.000181876   -0.00332803   0.00175982   -0.000107241   0.000258498   -0.00174008   -0.00078191   -0.000328584   -0.00299739   0.00023226   0.000322487   -0.000670301   -0.00905302   0.000169861   -7.11658e-05   0.000146337   0.000432962   -0.000144276   -0.000251406   5.63182e-05   -0.00131456   -0.00116323   -0.0182393   -0.00121038   8.87407e-05   -0.000137662   0.000110335   0.0010619   0.000372203   0.00117092   0.000394971   0.000138186   0.000302661   0.00042481   0.00195468   0.00015549   -0.000596387   
-0.0115872   -0.00191595   0.00179508   0.000377051   -0.000319924   -0.00731128   -0.0190667   -0.00981521   0.00320103   -0.000419007   0.00251461   0.000536333   0.00461423   0.00873285   0.00363181   -0.000167152   0.00437005   0.00449311   -0.00150166   0.0716801   0.0363744   0.0243903   0.0388681   0.0433111   -0.000453683   0.00280609   -0.0022077   0.00443   1   0.00534024   0.00272228   -0.00164065   -0.00994603   -0.00754592   -0.0155401   -0.00158863   -0.00431193   -0.00352111   0.00161758   0.000111585   0.00111504   -0.000831572   0.0021307   0.00285818   -0.00591441   -0.0100643   0.00200832   -0.00233454   -0.00574294   0.000571442   -0.00725243   -0.00396091   0.000135788   -0.000207419   0.00039674   -0.00141971   -0.00656779   0.00301054   -0.005524   0.00353827   0.00240131   -0.00513441   -0.00544936   0.00311211   -0.00241087   0.0010768   0.000905087   0.00126733   -0.000275169   0.00196988   0.00173191   -0.0011508   0.00388148   -0.00127998   -0.00695205   -0.00154218   -0.00156177   0.0011228   0.0040301   0.00600961   0.00224585   0.000624489   0.00117013   -0.000179507   0.00167301   -0.00212765   0.000337669   -0.00252084   0.000154225   -0.000257565   -0.00012594   -0.000770905   0.00021458   -0.000364699   0.0119294   0.00559061   -0.002661   0.00283686   0.002818   0.00180446   0.0049517   0.000501454   -1.16263e-05   -0.00476694   -0.00192552   0.00147826   0.000317087   -0.00226944   0.00740858   0.000517999   0.000787772   -0.000994927   0.00188397   0.000501928   -0.00120031   -0.00250383   0.00431635   0.00151281   -0.00100918   -0.00299715   0.00040825   -0.00216288   -0.0044762   -0.00347964   0.00449145   0.00404523   -0.000289414   -0.000260535   -0.000418784   0.00219304   -0.000934875   0.00104935   0.00188434   0.00333398   -0.000349602   0.00186231   -0.00439243   -0.00251403   0.00288455   0.00679901   0.00336286   0.00192093   0.00127747   0.000318552   -0.000190919   8.88578e-05   -0.00441775   0.00293718   0.000209591   0.00567859   0.0024346   -0.00214234   0.00203059   0.00200303   0.00186597   -0.00243462   -0.00307065   -0.00128589   -9.2816e-06   0.000493717   0.000528433   -0.0082719   0.000347107   0.000262623   0.00169839   -0.00100539   -0.00089112   0.00753957   0.000539314   -0.00256621   -0.00965279   0.00251872   0.000870517   -0.00297351   -0.000439517   -0.00550202   0.00149531   0.00205291   0.00372798   1.79632e-05   -0.00066575   -0.000194806   -0.000276857   0.00115429   0.00114741   0.0013971   -0.00185888   0.00190903   0.00126179   -0.00838969   0.000320219   -0.000639069   0.000573972   0.00842469   0.00532814   0.025168   -0.0095938   -0.00522252   0.000453112   0.00429011   0.0105346   0.00620955   0.0190311   -0.024618   -0.00106865   0.0282586   -0.0610626   0.00311135   -0.004833   -0.000633583   -0.00496765   -0.000880313   -0.00190414   -0.00488677   0.0258127   -0.00147785   0.00324802   -0.00979397   -0.000329052   -0.00101376   -0.0296059   0.000936975   0.0028304   -0.00214309   -0.0921737   -0.00176761   -0.000426312   0.000253257   0.00312547   -0.00039494   -0.001935   0.000148263   -0.00522777   0.00169896   -0.184717   0.0192856   2.76818e-05   -0.00113119   0.000460413   0.0128018   0.00241322   0.00405642   0.00451613   0.0024894   0.00117299   0.0141093   0.0176159   0.0199673   0.0108213   
-0.003369   0.0234345   0.00980111   0.0178162   0.019078   0.00558039   -0.000374482   0.00383985   0.0172153   0.0255944   0.0142845   0.010492   0.0108204   0.0136683   0.0246516   -0.000217899   0.021953   0.0373913   0.0157565   0.00120137   0.00177259   0.00738062   0.01369   -0.00208136   0.000585379   0.00613129   0.00925612   1   0.00443   -0.00023937   -0.00288214   -0.00285549   0.000502694   0.00695076   -0.00279301   0.0111011   0.00576758   -0.00122148   0.00735109   0.00102634   0.00293769   -0.00330108   0.00548408   0.00166597   -0.0177992   -0.0129358   0.00547909   -0.00366769   -0.00997218   -0.000159432   0.00432872   -0.00136173   0.00137432   -0.000536403   0.00512758   0.00775221   0.00652899   0.0108351   -0.00821514   -0.00590362   -0.00181342   -0.00271717   0.00148532   0.0170439   0.0115656   0.0149514   0.000368486   0.00212903   -0.00266783   -0.000879817   0.00231029   -0.00886745   0.00906448   -0.0029642   -0.0040252   -0.00125984   0.00376508   -0.0160227   0.00248869   0.00253024   0.00514977   0.00379726   -9.73661e-05   -0.0032676   -0.00222945   0.00429612   0.00445919   0.00161651   -0.000322198   0.00134555   0.00183129   -0.0185611   0.00423671   -0.000310262   0.000220912   0.00620828   -0.00215349   -0.00132911   0.00039843   -0.000295671   0.00306291   -0.0015297   0.00286064   -0.00426023   -0.00219306   -0.00367516   -0.00624753   0.0119361   0.00868143   -0.00696692   0.0104003   -0.000721408   -0.00200827   -0.00287687   -0.00294404   -0.00783551   0.0226065   0.000542588   -0.0048816   -0.00454406   0.000664873   -0.00102387   -0.00487336   0.00120156   0.0104533   0.0170738   0.0104072   0.000567366   -0.00145093   0.00529566   0.00231499   -0.000516026   -0.000236069   0.0045124   0.02134   -0.0132313   -0.00881123   -0.00677232   0.0168013   0.0209579   0.0137722   0.00385054   0.0112485   -0.00290715   0.00199267   -0.00492185   -0.00576414   0.0049575   -0.00129338   0.00177137   0.00773457   0.0035347   -0.0230741   0.00516823   0.0138505   0.00838082   0.00134654   -0.00136942   0.00494216   -0.0017357   0.00347736   -0.0179545   0.00147719   -8.21863e-05   -0.00563654   0.00256864   -0.0118141   0.0164475   -0.0111506   0.00145102   -0.00978594   0.00325586   -0.000430899   -3.82165e-05   0.00456241   0.00316382   0.00440176   0.00636763   0.00743194   0.000955941   -0.000448928   -0.000511351   -0.00140604   0.00272089   0.00101656   0.00140617   0.00591104   0.00182129   0.0039561   -0.0330565   0.00115933   0.00333868   0.00565967   -0.00931061   0.0102932   0.0244282   0.0177992   -0.000542584   0.0103867   0.0218019   0.015766   0.00975447   0.0082034   -0.140462   0.00370778   0.0393745   0.00102215   -0.0303441   -0.0221967   -0.00124622   -0.0122822   -0.00429978   -0.0046077   0.00316898   0.00788389   -0.00475488   -0.0121985   -0.0154518   0.00700248   0.0129089   0.00594682   0.00704965   0.00669178   0.0138573   0.00299234   0.00797455   0.0026593   0.00156022   0.0050548   -0.00147979   0.00533246   0.0047368   0.0224309   0.0389252   0.0118916   -0.0443907   0.000901943   0.00597598   0.00207681   0.00298838   0.0163341   0.00335262   0.00156765   0.00226541   -0.000440232   0.0064073   0.0106538   0.00982382   0.0103989   
0.00974236   0.0144995   0.00191271   0.00857652   0.0039821   -0.00343168   0.00849311   -0.00138542   0.000680284   0.0032059   0.00520158   0.00467201   -0.00442503   0.00369136   0.00410585   -0.000103956   0.0105101   0.0163911   0.0114235   0.00471219   0.00707794   0.00303542   0.00554039   -0.0049727   0.000432016   -0.000125302   1   0.00925612   -0.0022077   -4.426e-05   -0.00130887   -0.00227959   0.00345697   0.00912461   -0.000190066   0.00897502   0.00575045   -0.00169595   0.00342187   -0.000482904   0.00135867   -0.0013168   0.00213419   -0.000377592   -0.00932352   -0.0090269   -0.00140711   0.00253317   0.00270045   -0.00318162   0.00585129   -0.0026996   0.00145534   0.00104525   0.00277477   0.00390205   0.0082044   0.00277338   -0.00226221   -0.00250941   0.00299292   -0.000124087   -0.00583335   -0.00187368   0.000269689   0.00432566   -0.00134602   0.000648558   -0.00111073   -0.00188114   0.00027181   0.00175084   0.00181483   -0.00155691   -0.00269555   -0.00275594   0.00497072   -0.00154604   0.00367112   -0.00154414   -0.00402437   0.00102628   -0.000817498   -0.0012982   -0.00080325   0.00377285   -0.00510796   0.000649155   0.000161647   -0.00356225   -0.00126063   -0.00986419   0.0111943   0.00684868   -0.00821895   -0.0031916   -0.00017177   -0.0020496   -0.00155971   0.000579276   0.00172269   0.000123297   0.00238105   -0.000130354   -0.000359383   -0.00652032   -0.00143274   0.0117447   -0.00702657   -0.0050278   0.00384864   -0.00101864   -0.00185862   -0.000774588   -0.000596955   -0.00100578   0.00332975   -0.000993497   -0.0017935   -1.674e-05   -0.00015448   0.00703556   0.00102704   0.00460687   -0.00407153   -0.00045899   0.00218507   0.00054289   -0.000450993   -0.00235704   0.00106336   0.000278828   -0.00268449   0.00194181   0.0066   -0.010418   0.00438353   0.00339631   0.0052699   -6.03169e-05   0.00345136   0.000821361   0.00444973   0.000317062   0.00144238   -0.00181729   -0.00171747   0.00180825   6.28618e-05   8.88635e-05   0.00415609   0.00950883   -0.0199111   0.00167674   0.00202469   0.00265117   9.89e-05   0.0001273   0.0043701   -0.00297153   0.00320187   -0.00657569   0.00110152   0.000172038   -0.00208   -0.0038896   -0.00125163   0.00138981   -0.0045478   0.00130806   0.000535688   -0.00376437   -5.45251e-05   0.000520655   0.00283508   0.00420129   0.00177346   0.00177555   0.00538244   0.000613732   -0.000125839   -0.000325592   -0.0010939   0.00173559   -0.00352926   -0.00185067   0.00443463   0.00209775   -0.00205616   -0.0159776   0.000746341   0.0010625   0.00041416   -0.000538673   -0.00139365   0.0119671   0.00963928   0.000360131   0.00209207   -0.0186448   0.00407311   0.00605559   0.000423766   -0.0278419   0.00123879   0.0185971   0.0572572   -0.0359438   -0.00640029   -0.000335716   -0.00500976   -0.00145   -0.00187709   0.00233165   0.00546689   -0.00341629   -0.00317025   -0.00883368   -0.000134389   0.00706307   0.00235539   0.00279381   0.000576472   0.00295443   0.000411008   0.00526731   0.00157299   -0.000275962   0.00137597   -0.000432133   0.00138296   0.00419867   0.00410011   0.0102156   0.00642213   -0.0324936   0.000385166   0.00324597   0.000366686   -0.00764599   0.00445358   -0.000759854   -0.00155129   -0.000799686   -0.0024447   0.00901056   -0.011306   -0.012391   -0.0104712   
0.0187323   0.022736   0.00508431   0.00184733   0.00468008   0.00696491   -0.00123467   0.0108604   0.0108027   0.00968747   0.0022347   0.00145757   0.00835872   0.00102437   0.00871248   4.51977e-05   0.00492006   0.0100571   0.0047097   -0.00130295   -0.00227754   0.00114113   0.000757025   0.0032406   0.00027889   1   -0.000125302   0.00613129   0.00280609   -0.000150189   -0.000931729   -0.00383782   -0.0069797   -0.00567371   -0.00167662   -0.00317294   0.000257315   0.00125919   0.00540349   0.00256193   0.00177748   0.000921717   -0.000158524   -0.000831128   -0.00583995   -0.00115367   0.00232079   -0.000242342   -0.00481934   0.000454572   -0.00131985   0.00292431   0.000170967   0.000580605   0.00138905   0.0031113   -0.00390587   0.00142512   -0.0019386   0.00687027   0.00292574   -0.00113983   -0.000818209   -0.000437842   0.000251729   -0.000316658   -0.000255637   -0.00132142   -0.000893706   0.000149825   -0.000161586   0.000436142   7.67648e-05   0.000192326   -0.013266   -0.00573703   0.00391616   0.00616272   0.00465664   0.00557385   0.00690757   0.00142162   0.000974185   0.00100066   0.000529991   -3.22718e-06   -0.00156192   0.00221135   -0.000212306   0.000838896   -0.000735978   0.00109907   -0.00725549   -0.00634914   0.000255381   0.00141695   -0.00062577   0.00176487   0.0026497   0.000191012   0.00152184   0.000960473   -0.00134052   -0.00215129   -0.00315089   0.0017635   -0.000350012   -0.00271729   0.00605968   0.000999316   -0.000221933   0.00116712   0.00109252   -0.000328772   0.000216244   -0.000623355   0.00345388   0.00057359   -0.000949808   0.000322848   0.00223313   -0.00456689   -0.00305912   -0.00504314   0.00364959   0.00424837   0.00164695   -0.000557931   -0.00102284   0.00297336   -0.00101612   -0.00127966   0.000276767   -0.00148208   -0.0060758   -0.00174336   -0.00232277   0.00211944   0.00696879   0.00982401   0.00277949   0.00318102   0.00197394   -0.000478499   0.000838467   0.00046352   -0.00369577   0.00050799   -0.000729027   -0.000540359   -0.00241644   -0.00753454   0.00543463   -0.000791601   0.00175843   0.00189608   0.00142715   0.00297095   0.000141477   0.00312566   -0.000591106   0.00210192   -0.000410935   -0.000411291   -0.00265719   0.00279869   -0.0045728   0.00274968   0.000591925   -0.00317133   -0.00812522   0.00217029   1.55988e-05   0.00450575   0.00503158   0.00588334   -4.71058e-05   0.000519472   3.09236e-05   -0.000207887   -0.000214099   -0.000149984   2.58696e-05   -0.000410758   0.0003535   0.00087591   0.00269483   0.00432576   -0.0019138   -0.016581   -0.000395427   0.00104376   -0.00410705   0.0014336   -0.00395934   0.00931551   0.00965783   -0.000408787   0.0034416   -0.00503173   0.0348578   0.0109326   0.00461626   -0.0211401   0.00222021   -0.00727908   -0.0276714   0.0184927   -0.018463   -0.000255669   -0.00256523   -0.00279097   -0.00182236   0.0117979   0.00585762   -0.00281926   0.00877106   -0.0101474   0.00617801   0.00421455   0.00417807   0.0034477   0.00322365   0.0056698   -0.000185258   0.00935426   0.00260824   0.0031606   0.00104963   0.000408244   -0.000908466   0.000242066   0.0108503   0.00932481   0.00230148   -0.00328934   0.002837   0.00439555   0.00196488   -0.0134922   0.00185782   -0.00173615   -0.00350897   -0.00226044   -0.00790299   -0.00324995   -0.0270985   -0.0154342   -0.00962952   
0.0075999   0.0115576   0.00102939   -0.00148921   0.00062851   0.00435568   0.00473069   0.0103862   0.00536089   0.00479822   -0.000386135   6.54986e-05   0.00125273   0.00477893   0.0012207   -7.54201e-05   0.000210712   0.000117718   0.00131865   0.00463124   0.00294081   -0.00103966   0.00117516   -0.000790581   1   0.00027889   0.000432016   0.000585379   -0.000453683   5.63272e-05   -0.000334544   0.0015197   0.000383448   0.000892478   -0.00210545   -0.00108692   -0.000539227   -0.0003869   0.00161832   0.000850585   0.000203011   -0.000171307   0.00121078   -0.00156939   -0.00407746   0.0016827   -0.00112296   0.00391655   0.00177792   -0.00184633   -0.000923043   -0.00165614   0.000120442   0.000414067   0.00134543   0.00100421   -0.00224188   0.000605747   -0.000162576   -0.00091393   -3.60781e-05   0.000472382   0.00391572   0.000648341   -0.00180909   0.000215508   0.000175043   0.000244885   0.000341689   -0.000861446   -0.00142229   -0.000890572   0.00203165   0.000399262   -0.00260627   -0.00205563   -0.000537259   0.000223941   -0.00210891   0.0017947   0.00040776   -0.000894227   -0.000360871   -7.86361e-05   0.000826201   -0.000681853   0.000222342   0.000578758   -5.21325e-05   0.00152316   -0.00142145   0.000766702   0.00141022   0.0033547   -0.000142012   -0.000377019   -0.00103608   0.000623877   0.00282446   0.000937455   0.000639711   -0.000797965   0.000298305   -0.00110142   0.00169197   0.000579029   -0.000612009   0.000755205   -0.00089413   -0.00402291   0.000795913   0.00182793   0.00133116   -0.000564927   0.000140809   -0.000311055   0.000580856   -1.51541e-05   -0.000785295   -0.00147862   0.000337553   -0.0032544   -0.00067133   -0.000659066   -0.000679156   0.00211028   0.00219751   -0.00024477   -5.09581e-05   -0.000493835   0.000366942   -0.00112208   6.60314e-05   0.00235932   0.000713032   0.00282806   -0.00139256   -0.000821457   0.0032889   -0.00441699   -0.00568841   0.00047147   -0.000446013   -0.000479664   -0.000255238   0.000840096   -0.000777051   0.00030878   -4.84166e-05   0.00144672   0.00227565   0.00057275   0.00431595   0.00326805   -0.00129419   -0.000705632   0.00209082   0.000141125   -0.000514051   0.000350655   -0.000718136   0.000524746   0.000261528   0.00022716   -0.00121327   -0.00618017   -0.00459451   -0.00117158   3.80299e-05   -0.0005393   -0.000791622   0.00190686   0.00170066   -0.000161537   0.00227127   0.000398562   -0.00452779   0.0026924   0.00585963   0.000409842   1.25577e-05   0.000195802   0.000543469   0.00249153   0.000180434   -0.00338977   0.00046123   -0.000172892   0.00611429   -0.00338379   0.000919689   0.000944265   -0.00312369   0.000752   0.00921833   -0.00399576   -0.0211944   -0.00391444   -0.00684188   0.000355641   -0.00376778   -0.00319841   0.00259453   -0.000209128   -0.000310889   0.0151609   0.00984897   0.0187829   0.00546031   0.000185123   -0.00291515   -0.00107389   -5.01736e-05   0.00579945   0.00137509   -3.43748e-05   0.0102283   -0.00197079   0.000530194   0.00116728   0.00381482   0.00117576   0.000404961   0.00328896   0.000773475   0.00860283   0.00107424   0.00168489   -0.00062067   -0.000507417   0.000762626   -0.000237798   0.00670271   0.00295286   0.00438247   -0.000489907   0.00201207   0.00200166   0.000849828   -0.00671968   0.00376453   -0.00632258   -0.000637957   -0.00114341   -0.00153149   -0.00454332   -0.00606206   -0.00867431   -0.00957785   
-0.0108253   -0.0246775   0.0018475   -0.00471634   0.00752643   0.0113891   -0.0145218   0.000579415   -0.00788087   0.0165419   -0.00511527   -0.00450928   0.0123333   -0.0214328   0.00953473   0.000532232   -0.00133784   0.00385972   0.00582683   0.0579553   0.0413189   0.0451502   0.0318749   1   -0.000790581   0.0032406   -0.0049727   -0.00208136   0.0433111   0.0031294   -0.00868242   -0.0121072   -0.0064452   -0.0168205   0.0435936   -0.014579   -0.00164476   0.00818464   0.000332473   0.00904244   0.00392799   0.012474   -0.0064976   0.000331713   -0.010585   0.00540439   0.000552465   0.00242912   0.000781333   0.00971035   0.00848737   0.0219858   -0.00315513   -0.00197246   -0.00156276   0.00240861   -0.0129801   -0.00134918   0.00149448   0.00931095   -0.0045623   0.00147598   0.00654031   -0.00494055   0.00829096   -0.00456452   -0.000998372   -0.00449552   5.42262e-05   -0.0012793   -0.0014807   -0.000545512   -0.0116759   0.00157819   0.00361099   0.000846743   0.000767205   -0.00616521   -0.0103928   -0.00625351   0.0143933   0.00186318   -0.000215726   0.00281804   -0.0025939   0.00326779   0.0110258   0.00904166   -0.000620179   0.00495019   0.000246224   0.0189093   -0.012054   -0.0117141   -0.00500334   0.00174156   0.0074477   0.00118197   0.00117362   -0.0027614   -0.00722028   0.00575239   -0.00523959   -0.000104696   -0.0136096   -0.00217399   -0.000938941   -0.0085593   0.0147025   0.00698098   -0.00285068   0.00489883   -0.00236415   -0.00127008   0.00260064   0.00233155   0.000175874   0.000298736   0.00449093   0.00672867   0.00354006   -0.014947   -0.00255503   -0.0107499   0.00584114   0.00507966   0.00265238   -0.00102474   -0.00124207   0.00576882   1.58688e-05   -0.00407312   0.000509689   -0.015254   -0.0047796   0.00207554   -0.00667021   -0.00343288   -0.00152467   0.0117609   0.00194136   -0.00159807   -0.00127302   -0.00300922   0.000847547   0.000766076   0.00680136   -0.00592593   -0.00151612   -0.0116741   -0.0127259   -0.0195918   0.0259399   -0.00445561   0.00837332   0.0105569   0.00958921   0.00589757   -0.00439353   0.00761882   -0.00366363   0.0271292   -0.00208511   -0.00108604   -0.0047387   0.022393   -0.00471037   -0.00251718   -0.000328893   -0.00372134   -0.00316265   0.00262989   -0.00483181   0.00791379   -0.00200242   0.0069851   -0.00284516   -0.00314005   -0.0180598   -0.00173277   0.00279538   0.00258744   0.00389006   -0.00572738   -0.00184565   -0.00169374   -0.00119905   -0.0101353   -0.00146446   0.0121733   -0.00458297   0.00304966   -0.00325026   0.00946943   0.00274255   0.00638845   -0.00759584   0.00240599   0.00721439   0.00277349   0.0315886   0.0500431   -0.00525436   -0.016202   -0.00279529   -0.0999386   -0.0100772   0.0513375   0.00854634   8.999e-05   0.00431718   -0.00219396   0.000918928   0.027786   -0.0879178   0.00106573   -0.00292447   -0.00681908   0.00511752   -0.00332685   -0.0157143   -0.0032459   -0.000903103   0.00055422   -0.0686742   0.0162076   -0.00121999   0.000144406   -0.00106956   0.00297496   -0.00248248   -0.00352282   0.00274197   -0.000274283   -0.137279   0.0378518   0.00551006   -0.0028062   -0.000359568   0.0133391   -0.0128349   0.00243587   -0.00828504   -0.00136242   0.00494551   0.00645842   -0.00496826   -0.00330847   0.00961656   
0.00363712   0.0202855   0.00336639   0.0117602   0.0115955   0.0105235   0.0192195   0.0122052   0.0141275   0.0108395   0.00837294   0.0067131   0.0019364   0.00852601   0.0102575   -0.000201802   0.00343019   0.00630576   0.00127672   0.0742766   0.057342   0.0461283   1   0.0318749   0.00117516   0.000757025   0.00554039   0.01369   0.0388681   0.00326721   0.000609232   0.0107964   0.0177673   0.0175254   0.00357791   0.0119532   0.00519033   0.00039508   0.000245827   -0.00215772   -0.00133252   -0.00503538   0.00702983   -0.000290626   0.00134027   0.000269042   0.00421216   -0.00626145   -0.00568113   -9.67459e-05   0.00290966   -0.004457   0.00104455   -0.000772376   0.00216153   0.00266514   0.00872543   0.00549237   0.00232032   -0.00387175   0.00107923   -0.0043887   -0.0062743   0.00688627   0.00421894   0.00877589   -0.000414923   0.00110733   -0.00221111   -0.0014775   0.000853941   -0.00390865   0.00528191   -0.00201991   0.00449755   0.00366045   0.00252205   -0.0105162   0.00219611   -0.0002652   -0.0012352   0.00165461   -0.000696725   -0.00289717   -0.00168547   0.00219471   0.00238467   -0.000777613   -4.98125e-05   0.0102231   0.0183659   -0.0085401   0.000232478   -0.00537214   -0.00517925   -0.000430034   -0.00278526   -0.00251849   -0.0029833   -0.00130923   -0.00130137   -0.00700873   0.00442354   0.00721304   0.00485659   0.0025501   -0.00340401   0.00650624   -0.000434948   -0.00648549   0.00630891   -0.00229721   -0.00189938   -0.00172734   -0.00257745   -0.00713772   0.0099328   -0.000293698   -0.00328701   -0.00233882   0.000569603   0.0034244   -0.0031222   0.00173734   0.00264205   0.00705733   0.00456641   0.000612551   -0.00079175   0.000684042   0.00122309   0.000423247   -0.000609813   0.0037164   0.0185206   -0.00615904   -0.00304676   -0.00396075   0.00903452   0.0101085   0.00923785   0.00131068   0.00646343   -0.00106278   0.00118645   -0.00310597   -0.00163135   0.00346438   -0.00016159   0.00272293   0.0125163   0.0116404   -0.0206293   0.000575255   0.00466425   0.00220372   -0.0019702   -0.00311971   0.00307175   -0.00351847   0.00236333   -0.017665   0.00108028   6.06893e-05   -0.00695957   -0.00328106   -0.00503677   0.0109796   -0.00475994   0.00545521   3.19517e-06   0.00190987   0.00222066   -0.000710289   0.0013018   -0.00263404   -0.0041076   0.00390991   0.00879979   0.00112495   -0.000803877   -0.000958736   -0.0017641   0.00206776   -0.00352597   -0.00332286   0.00067952   -0.00201668   -7.53961e-05   0.00355139   0.00283219   0.00435437   0.00190872   0.00696751   -0.0140404   -0.00951351   0.00242994   0.0130443   0.0109423   -0.00877974   -0.0166163   -0.0341245   -0.0392407   -0.0786781   0.00245981   0.0352136   0.0119591   -0.0349341   -0.00123583   -8.9143e-05   0.00158064   0.000400054   -0.000240967   0.00418938   -0.000335226   0.00111409   0.0033309   0.0111335   0.00112695   0.00603063   -0.00671963   0.00106099   0.000702266   0.0115113   -0.0528788   0.021477   0.00124294   -0.00222951   -0.000620315   -0.00210792   0.00314058   0.00358954   0.019929   0.0246765   -0.102393   0.0419372   0.00316595   0.00276307   -0.000625223   -0.00695305   0.0157287   -0.0101451   0.00583788   0.00261507   -0.00189164   0.0152648   0.0098317   0.0113045   0.0181705   
0.0134806   0.0196348   0.00160205   0.0193195   0.0130589   0.0245782   0.0497413   0.0263917   0.02198   0.0121818   0.00848622   0.00523225   0.0018837   -0.0240641   0.00795016   0.000526125   -0.00294923   0.00748188   0.0142808   0.0644934   0.0677108   1   0.0461283   0.0451502   -0.00103966   0.00114113   0.00303542   0.00738062   0.0243903   0.00136371   -0.00633469   0.00661072   0.026412   0.0129887   0.0495031   0.0131028   0.0111822   0.00534144   0.00272532   0.00303899   0.00024355   0.00198657   -0.00184263   -0.00384317   0.0226114   0.00591322   0.0137184   -0.0156459   -0.00413447   0.0145358   0.014606   0.0132155   0.00100276   -0.000355143   -0.00397472   0.00234316   0.0177455   -0.00252387   0.0135844   -0.000299997   0.000296173   0.00582939   -0.00884013   0.00330317   0.017041   0.00351329   -0.00212909   -0.00356167   -0.00368402   0.00203425   0.00496529   -0.000272122   -0.00894403   0.000940155   0.0137805   0.00953264   0.00277824   -0.0132   0.000479923   -0.0196341   -0.00442697   0.0039237   0.00061823   -0.000728376   -0.00753592   0.00505781   -0.00142299   -0.00101471   -0.000818086   0.00197553   0.0279299   0.00606884   -0.00761592   -0.0232023   -0.0134378   -0.00344467   0.00565344   -0.00463227   -0.0152392   -0.0065876   -0.00741255   -0.00240049   0.000708039   0.0159463   -0.00154894   0.00523673   0.00436558   -0.00260947   -0.000568019   0.0134244   -0.00288043   -0.00877247   -0.00955211   0.000418946   -0.000642542   0.00113183   0.00519763   -0.0015277   0.000878139   0.00940419   0.00119982   0.0178429   0.00652447   0.00596213   0.00549758   -0.00623425   -0.00667451   0.00172086   -0.000117564   0.0036339   -0.00115207   0.0034061   -0.00211725   -0.013106   0.00539866   -0.0199898   0.000572015   -0.00274389   -0.0145012   0.0235552   0.0290275   -0.00258254   0.00320086   -0.000953384   0.000865075   -0.00725521   0.00564318   -0.00425723   -0.00186071   -0.00335697   -0.00131255   0.00206016   -0.0292602   -0.0200802   0.00735936   0.00774746   -0.00709936   0.00437126   0.00579119   0.000204728   0.00632172   0.00789128   -0.00124773   -0.00190397   -0.0253545   0.0143063   0.00177241   -0.00103098   -0.00326429   0.00241912   0.000979571   -0.00400785   -0.00206023   0.0158543   0.000517808   0.00718802   -0.00986596   -0.00524062   -0.010433   -0.000573417   0.00226967   0.00134371   0.00119836   -0.00303088   0.00041324   -0.00127464   0.00484126   -0.00898785   -0.000294957   0.0130577   -0.00141853   0.0102096   -9.25095e-05   -0.0294739   0.00821416   -0.0584567   0.0243154   0.0358387   0.0265405   -0.00724592   -0.00735572   -0.0324144   -0.0771566   -0.0334121   -0.00457999   -0.0923214   -0.00462045   -0.0960117   -0.0209061   0.000847585   0.0155396   -0.00122676   0.00305368   0.0336934   -0.0875108   0.00450774   -0.00553552   0.0379071   0.00454276   0.00282334   0.00947397   0.00205475   -0.00279853   0.0165836   -0.030394   0.0457395   0.00154738   -0.00234491   -0.00660477   -0.000670154   0.00394688   0.00404886   0.0321856   0.0222459   -0.0589684   0.0933802   0.0099664   0.00376216   -0.00100191   -0.0200629   0.00387213   -0.0182571   -0.00655167   -0.00291693   -0.00325495   -0.0189676   -0.0172738   -0.00944115   0.015239   
0.0408021   0.0433648   0.00103512   0.00709706   0.00867438   0.0274844   0.0528097   0.0341356   0.0101469   0.00486275   0.00151557   0.00412079   -0.00400042   -0.00407431   -0.000645325   6.9938e-05   -0.00267215   -0.00195522   0.0154176   0.106821   1   0.0677108   0.057342   0.0413189   0.00294081   -0.00227754   0.00707794   0.00177259   0.0363744   0.00321614   0.00311787   0.0182108   0.0313143   0.0299533   0.0105876   0.00856768   0.0084599   0.00706801   0.000189387   -0.0039563   -0.00407179   -0.00444227   0.00461496   -0.00566372   0.0141741   0.0196797   -0.0037167   -0.0070221   -0.000221574   -0.00390343   0.00845902   -0.000559515   0.000668879   0.000227394   0.000917186   0.00398649   0.0130909   -0.00218675   0.0144711   -0.0035367   0.00199514   0.00518469   0.00296808   -0.00177153   0.00278975   0.00253387   -0.00220688   -0.00230106   -0.0018571   -0.00429812   -0.00355931   0.000547724   -0.00123828   0.000435721   0.00986656   0.00497719   0.00705331   -0.00233013   -0.00243753   -0.00671537   -0.00422223   -0.000736703   -0.00148857   -0.00118701   -0.00297928   0.00287451   0.000790942   0.00221687   -0.000466576   0.0155947   0.0268637   0.00437565   -0.00476195   -0.00856945   -0.0227665   -0.0106643   -5.50178e-05   -0.0042562   -0.004299   -0.00275248   -0.00796803   -0.00970799   0.00400104   0.0178781   0.00919353   0.00482409   -0.00361931   0.00103085   -0.0144999   -0.00907297   0.000973589   -0.000165192   -0.00270419   -0.00198025   -0.000367042   -0.00297367   -0.0044644   -0.00268988   -0.00224451   0.00316221   0.00262458   0.00569037   0.00438687   0.00462802   -0.00551062   -0.00157467   0.00250139   0.0003286   -0.000223474   -0.00333253   0.000644241   -0.00219392   -0.00301771   -0.00105423   0.0118501   -0.000805752   0.00616391   0.00359685   0.00508652   -0.00309163   -0.000798172   -0.000791028   0.00171605   -0.000559552   0.00131963   -0.000835443   0.00511024   -0.00176592   -0.000626246   -0.00470815   0.0100908   0.0141074   -0.0111625   -0.00347249   -0.00329187   0.00176131   0.00249522   0.00144395   0.00251727   -0.00127275   0.000558397   -0.00182478   8.17052e-05   -0.000381986   -0.0124346   -0.00742485   -0.00460558   -0.00340305   0.000357372   0.00928362   0.0145054   0.000177172   0.00216419   0.0056347   0.00553914   0.00629623   -0.0141252   0.000854795   0.00637105   0.000971748   -0.00012886   -0.000990775   -0.00117325   0.00108638   -0.000673507   -0.00088127   0.00645991   0.00245711   0.00180822   0.00208207   0.00340614   0.00633525   -0.00288361   -0.0149482   -0.0462066   -0.0231003   -0.0045971   0.0264185   0.01085   -0.0288042   -0.0320666   -0.0637133   -0.085272   -0.00731025   0.0043145   -0.00886749   0.0853789   -0.0140646   0.0190121   0.00125896   0.0120988   0.00162939   0.00295511   0.0232472   -0.000646768   0.00327542   -0.00170639   0.0362756   0.00706652   0.00896746   0.00271117   -0.0011162   -0.0048071   0.0144329   -0.055101   0.0493951   0.00390943   -0.000399142   -0.00776054   -0.0013191   0.00616097   0.000629512   0.0282673   0.0164014   -0.101259   0.0682795   0.00929122   0.00755874   -0.00067307   -0.0485216   0.0122625   -0.0295001   -0.000719731   -0.00378006   -0.00750793   -0.0179261   -0.0429508   -0.0335607   -0.0138721   
0.0388554   0.0501073   0.00173034   -0.00438451   0.00432664   0.0198692   0.0299002   0.0302091   0.00838216   0.00231375   -0.00252306   0.00208559   -0.00195375   0.0180646   -0.000243319   -0.000363418   -0.00150003   -0.000384228   0.0110272   1   0.106821   0.0644934   0.0742766   0.0579553   0.00463124   -0.00130295   0.00471219   0.00120137   0.0716801   0.00704316   0.00665185   0.0238562   0.0247926   0.0284559   -0.015069   0.00299479   0.0045204   0.00296226   -0.000661625   -0.00388095   -0.00450424   -0.00776566   0.00626189   -0.00537435   0.00829759   0.0248333   -0.00645757   0.0028606   -0.000742135   -0.0130306   -0.0032405   -0.01288   0.00121686   0.000990969   0.00378007   0.00224374   0.00441734   6.63861e-05   0.0088408   0.00408473   0.0104824   0.00546204   0.0116102   0.000434408   -0.00800446   0.00190922   0.000550545   4.91493e-05   -0.000133359   -0.00539612   -0.00671578   0.00317453   0.00782252   -0.00103776   -0.00104938   -0.00167533   -0.000664707   0.00175288   -0.00537458   0.00791586   -0.0014887   -0.00368512   -0.00110985   -0.0017511   0.00202943   -0.00375463   0.000714869   0.000802299   -0.000260645   0.0191909   0.0134488   -0.00372536   -0.00972304   0.000326404   -0.0126842   -0.00644021   -0.00658028   -0.0017631   0.00549689   0.000357109   -0.00399637   -0.0120701   0.00414016   0.0093663   0.0171105   0.00922394   -0.00534395   0.00120752   -0.0128549   -0.0152278   0.00414317   0.00500993   0.00486467   -0.00255688   -0.00074728   -0.00521304   -0.00312708   -0.00136029   -0.0048165   -0.00217465   0.0061125   -0.00213606   0.00134314   0.00102852   -0.00591877   0.00555833   0.00832588   -0.000771919   -6.08715e-06   -0.00394347   0.00161957   -0.00262755   -0.000779891   0.010415   0.00867688   0.0128812   9.79473e-05   -0.00014192   0.0138514   -0.0174554   -0.0205986   0.00201833   -0.000518694   -0.00132184   -0.0008051   0.00280092   -0.00128989   0.00137802   7.47392e-05   0.00143223   0.0146461   0.0119027   0.00649245   0.00900974   -0.010472   -0.00483617   0.00554384   -0.00222736   -0.00156039   -0.00172965   -0.00442497   -0.0121101   0.000763601   0.000700053   0.00160592   -0.020227   -0.00755117   -0.000426272   0.00403356   0.0089124   0.0145871   0.00705428   0.00451829   -0.00426769   0.00690822   0.000885526   -0.0108169   0.00549059   0.0174966   0.00192895   -0.00257001   -0.00285148   -0.0030184   0.00444977   0.000746686   0.00167317   0.00449824   0.0040002   0.00173001   -0.00187225   0.00595935   -0.00443316   3.16569e-05   -0.0372594   -0.0147494   -0.0169898   -0.0166309   0.00744924   -0.00723716   -0.0322521   -0.0381467   -0.0696149   -0.048594   0.00763912   0.0100499   0.0718408   0.0621002   0.0536768   -0.00990584   0.000958603   0.00583015   0.00323691   0.00166284   -7.43901e-05   0.0349807   0.000579252   -0.0105511   0.0232999   0.00581774   0.00769297   -0.0161577   0.000676915   -0.000372098   0.0103032   -0.113278   0.0487074   0.00396506   0.00345249   -0.00471761   -0.00299158   0.00851483   -0.00161199   0.0200177   0.0114293   -0.212061   0.0533643   0.00928991   0.00801696   0.00146622   -0.0473628   0.021129   -0.0243284   0.00667326   -0.0013149   -0.0081024   -0.0121525   -0.030384   -0.0296879   -0.0194026   
0.0193167   0.00781083   -0.00451054   -0.00485643   -0.00803981   0.0117025   0.0236411   0.0158879   0.00411042   -0.0127013   -0.00554474   -0.00445414   -0.0035788   -0.0116061   -0.0155628   0.000244961   0.118397   0.199687   1   0.0110272   0.0154176   0.0142808   0.00127672   0.00582683   0.00131865   0.0047097   0.0114235   0.0157565   -0.00150166   -0.000347966   0.00346062   0.00803358   0.00756394   -0.000216483   0.00614781   -0.00486322   -0.00465435   0.00204232   -0.00159303   -0.00111648   -0.00301599   0.000580568   -0.00285779   -0.00354949   0.0202055   0.00995914   -0.00116944   -0.00654825   0.00314118   0.00623183   -0.00165181   0.00195027   -0.000285417   0.000424355   -0.00444452   -0.00438314   -0.00339635   -0.00743575   0.0103972   -0.000276723   -0.00205377   0.00321303   0.000661177   -0.00338059   -0.00139401   -0.00754812   -0.000740641   -0.00232643   0.000187654   0.0022351   -0.000364167   0.00151942   -0.00536687   0.00249321   0.0101372   0.0060725   -0.00379605   0.00463675   -0.00197343   -0.00674414   -0.00500388   -0.00218775   0.000687598   0.00157016   -0.00105734   -0.00306393   0.0016722   -0.00377202   -0.00034183   0.00833255   0.0216574   0.0198309   -0.0101927   -0.0125763   -0.00126625   -0.00442951   0.00109425   0.00129157   -0.00354325   -0.00096506   -0.00327823   -0.00314601   -0.00022959   0.0136545   0.00175227   0.0053246   0.00298435   -0.0134387   -0.00258474   0.00758794   -0.00734657   -0.00247512   -4.57877e-05   0.00242343   0.00141656   0.00479244   -0.0122648   -0.000407378   0.00221596   0.00287258   -0.00108547   0.00374264   0.00444098   0.000907865   -0.00205186   -0.0109418   -0.00959354   -9.55267e-05   0.000878454   -0.00165318   -0.00315552   0.000407043   0.000651065   -0.00400475   -0.00911405   0.00793134   0.00326205   0.00104275   -0.0148559   -0.00507576   -0.000472195   -0.00299838   -0.00724228   0.00135531   -0.00162124   0.000917265   0.0053646   -0.00423917   -0.000211058   0.00207802   0.000870392   0.0018256   0.0110718   -0.00943965   -0.0073846   -0.0063307   -0.00487002   0.00255673   -0.00127353   0.00239955   -9.39392e-06   0.0113773   -0.00143629   -0.000573027   -0.00444057   -0.0020451   0.00370941   -0.0114855   0.00552458   0.00140197   0.00775822   -0.00115517   0.000522361   0.00522804   7.37743e-05   0.00218528   -0.00393913   -0.00506266   -0.00580856   -0.000371849   0.000241685   -0.000154554   0.000624415   -0.000986268   0.000325968   0.000617805   0.0023503   0.000887914   0.000106856   0.0127877   0.000421309   0.00252811   -0.00106189   -0.000371823   -0.0129641   -0.00565533   -0.0319849   0.0212082   0.00132659   0.00277548   -0.0262762   -0.0273453   -0.0517625   0.0740811   -0.00134147   -0.041518   -0.0302551   -0.00212508   0.0358992   0.00126369   0.0136853   0.00149787   0.00373001   -0.000722943   -0.00923372   0.00392671   -0.00532749   0.0357195   0.00211166   -0.00542006   -0.000483063   -0.00319833   -0.00454641   -1.99707e-05   -0.0247037   0.0190095   0.000573548   0.00113796   -0.00692719   -2.281e-05   -0.000221682   -0.00320229   0.00281735   -0.014362   0.0238982   -0.396598   0.00496849   0.000544479   -0.000311603   -0.0251394   -0.00443778   -0.0108608   -0.00410543   -0.00464983   -0.00343178   -0.0335078   -0.0218923   -0.0220203   -0.0104511   
-0.00827552   0.00682999   0.00586285   0.00903584   0.0123275   0.000642898   -0.00823785   -0.00398947   0.00458329   0.015369   0.00646564   0.00447041   0.00664942   0.00131128   0.0203749   5.5876e-06   0.101246   1   0.199687   -0.000384228   -0.00195522   0.00748188   0.00630576   0.00385972   0.000117718   0.0100571   0.0163911   0.0373913   0.00449311   -1.12648e-05   -0.0027493   -0.00432207   -0.00207418   0.000972494   0.00103857   0.00513798   0.00785595   0.000404609   0.00402474   0.00118165   0.00219772   0.000121629   0.00202975   0.00203772   -0.00848126   -0.00434334   0.00551271   -0.00157762   -0.00739434   -0.000246763   0.00442214   0.00409755   0.00049061   -2.8354e-05   0.00222756   0.00443211   0.00535226   0.00442473   -0.00319182   0.00327241   0.000984957   -0.00295926   -0.00476534   0.00125915   0.00536425   0.00516352   0.000400664   -0.000172809   -0.00138852   -0.000605918   0.00198965   -0.00133705   0.000368851   -0.00198515   -0.00860734   -0.00369497   0.00192226   -0.00673777   0.000626228   0.000700667   0.005281   0.00324201   0.000184559   -0.000822091   -0.00090347   0.00312171   -0.00232392   0.00307504   -0.000192951   -0.00304107   -0.00388529   -0.00747789   0.000982902   -0.0009954   -0.00157618   0.00449706   0.000888913   -0.000556869   2.78132e-06   -0.000729106   0.00107207   0.000909692   -0.000448801   -0.00556954   -0.00247785   0.00082704   -7.71016e-05   0.00621562   0.00425704   0.00219023   0.00378156   -0.000382588   -0.00210819   -0.00164661   -0.00109693   -0.00366695   0.00996132   0.000173186   -0.00165181   0.000807222   0.00117035   -0.000774752   -0.00354284   -0.00244762   0.00474533   0.00746325   0.0056988   0.000129522   -0.00104477   0.00436666   0.00154152   0.000526338   -0.00071658   -0.00238909   0.00363032   -0.0115656   -0.0045141   -0.00258876   0.00657673   0.014317   0.00940932   0.00272255   0.00669766   -0.00155452   0.00145737   -0.00236264   -0.00342677   0.00146384   -0.000821971   -0.00277948   -0.00189386   -0.00424586   -0.0111288   0.000802443   0.00803098   0.00837907   0.00223147   0.00160733   0.00299679   0.000710829   0.0013931   -0.00472213   0.000361532   -0.000360172   -0.00551395   0.00904502   -0.00165051   0.00947027   -0.00274906   -0.00190832   -0.00816916   0.00234064   -0.00135309   0.00219868   0.00121079   0.000543652   -0.00220384   0.00178959   -0.000100069   -0.000277798   0.000402593   0.000449158   -5.40987e-05   -0.00105793   0.000400005   0.000105318   0.000210699   0.000145822   -0.000270708   -0.0120994   -0.000930299   0.00102798   -0.00048967   0.00105624   0.024999   -0.00284145   0.0127555   -0.00185956   0.0114015   -0.0053434   0.0279327   0.00920737   0.0124717   -0.0629689   0.000399596   -0.00382112   -0.000880483   -0.0149271   -0.0700961   -0.00087289   -0.00526025   -0.00202605   -0.00258364   0.0180716   -0.00271412   -0.00246631   0.000604409   -0.0152671   0.000838138   0.0047909   -0.00507504   0.00426794   0.00386535   0.00587288   -0.0194101   0.00211245   0.00148535   -0.00018334   0.00374996   -1.12628e-05   -0.000263903   0.00309232   0.00918526   0.0201932   0.00763712   -0.335368   0.000178917   0.00287452   0.000708804   0.0105486   0.00372044   -0.000793359   0.00168237   0.0026167   0.00067481   0.0223963   0.00841071   0.0153546   0.0142418   
-0.00925388   -0.00288995   0.00243902   0.00585663   0.00400435   -0.00349623   -0.00498387   -0.0031687   0.00431387   0.00682236   0.00485409   0.00309602   0.00217345   0.00409481   0.00591158   -8.77396e-05   1   0.101246   0.118397   -0.00150003   -0.00267215   -0.00294923   0.00343019   -0.00133784   0.000210712   0.00492006   0.0105101   0.021953   0.00437005   0.000274952   0.000252345   -0.00433396   -0.00514873   -0.000355041   -0.00806483   0.00376011   0.000656966   -0.00152166   0.00226765   -0.000518611   0.00143123   -0.000654037   0.00234989   0.00218578   -0.0108692   -0.0108763   0.00210967   0.00112106   -0.00122863   0.000354002   0.00114899   -0.000299683   0.00038776   -0.00010974   0.00182726   0.00220419   0.000851417   0.00412269   -0.00523832   -0.000128077   0.00135605   -0.00298097   -0.00538274   0.00184317   0.00146675   0.00391796   -0.000553212   0.000933213   -0.000804567   -0.000149026   0.00134278   -0.000951873   0.00198074   -0.00146385   -0.00565916   -0.00265562   0.00439471   -0.000631709   0.00501295   0.00203356   0.00147587   0.00174736   -1.9098e-05   -0.000647185   -0.000107793   0.00227445   -0.00148321   0.000637319   0.000220403   -0.00341832   -0.0043291   -0.00813553   0.00512762   0.00173568   0.000505637   0.00103553   -0.0005608   -0.00023721   -7.76363e-05   0.000459707   0.00243944   0.00209585   0.00060987   -0.00413637   -0.00272748   -0.00419649   -0.0011755   0.00546268   0.00252694   -0.00347567   0.00282931   -0.000805669   -0.00111577   -0.000701264   -0.00113568   -0.00145076   0.00885788   0.000302811   -0.00102878   -0.00131405   4.7776e-05   0.000529782   -0.00273796   -0.000317371   0.00160064   0.00375916   0.00197787   0.000389692   -0.000683815   0.00077973   0.000509271   0.000221262   -0.000444355   0.000839761   0.00473185   -0.00694669   -0.00100593   0.000535826   0.00644882   0.0077046   0.0063362   0.00120912   0.00373829   -0.000314764   0.00101639   -0.00145638   -0.00300112   0.00247516   7.08692e-05   0.0030128   0.00225364   0.000889067   -0.0109794   0.000678081   0.0042212   0.00183294   -0.00057028   -0.00125085   0.00152009   -0.00151089   0.00201613   -0.00364502   0.000604575   7.02586e-05   -0.00140769   0.000811707   -0.00253389   0.00627945   -0.00384117   -0.00113459   -0.00679581   -0.00084504   -7.76445e-05   -0.00125269   0.000135938   -0.00136687   0.00127229   0.00247055   0.00293984   0.00015908   0.000280773   0.000459851   0.00011907   0.00110651   -0.000624554   0.000317898   -0.000244906   0.00213975   -7.47184e-05   -0.0118775   -0.000264488   -0.00115027   -8.65362e-05   0.0061224   -0.00444652   0.00747593   0.00596464   -0.00405441   -0.000655444   -0.00384998   0.0175897   0.0164629   0.0142515   -0.0456787   -0.00180423   0.0137316   0.000831501   -0.0180086   0.006959   -0.000614824   -0.00624695   -0.00167881   -0.00194674   0.00335741   0.0184584   -0.00275192   0.00339695   -0.0148008   -0.000331304   0.00331435   -0.00662763   0.00165157   0.00165715   0.00222292   -0.0163339   -0.00562085   -0.000116045   -0.000511676   0.00297343   -0.000266536   -0.000977162   0.00341825   0.00290898   0.00920494   -0.00239379   -0.208073   -0.00154322   -0.000174669   0.000301714   0.0122096   0.00367172   0.00372575   0.00109802   0.00179597   0.00169575   0.0180307   0.007761   0.0106805   0.0091994   
0.000221966   -0.000563897   -2.66078e-05   9.19966e-05   0.000148807   0.000405739   0.000240512   -3.55252e-05   -0.000386633   0.000233201   -0.000118755   -0.000135995   0.000168535   -0.00132697   7.66738e-05   1   -8.77396e-05   5.5876e-06   0.000244961   -0.000363418   6.9938e-05   0.000526125   -0.000201802   0.000532232   -7.54201e-05   4.51977e-05   -0.000103956   -0.000217899   -0.000167152   -4.82358e-05   5.03115e-05   -0.000442624   -0.000345671   -0.000334993   0.000155586   -0.000286341   0.000145808   0.000362022   6.64771e-05   -7.70622e-05   -1.01973e-05   0.000240738   -0.000176098   8.70235e-05   0.000289082   0.00024446   8.17828e-06   -0.000352025   -4.71667e-05   0.000384472   0.000468587   0.000905534   -9.66429e-05   -4.74765e-05   -0.00018488   7.06051e-05   6.3653e-05   -0.000267041   0.000279163   8.63861e-05   -0.000259254   0.000360101   0.000253894   -0.000139253   0.000558574   -0.000197151   -7.33631e-05   -0.000192825   -1.05891e-05   5.14355e-05   6.40108e-05   1.84335e-05   -0.000600795   0.000157343   0.000198968   5.89943e-05   0.000156815   -6.25278e-05   -0.000185414   -0.00060691   0.000228053   0.000100057   1.59345e-05   0.000130923   -0.000199617   0.000203017   6.4057e-05   0.000247988   -2.79287e-05   -0.000285621   1.45442e-05   0.000774544   -0.00014782   -0.000407589   -0.000326922   -5.15075e-05   0.000425704   -3.00556e-05   -0.000255024   -0.000160444   -0.000277432   0.000285763   -0.000209378   0.0001276   -0.000436325   -7.61262e-05   7.38501e-05   -0.000427298   0.00011948   0.000472826   -0.000326281   -4.34425e-05   -0.000275428   4.68786e-06   9.30511e-05   0.000274158   -0.000143093   -5.10982e-05   0.000195469   0.000428166   4.13056e-05   3.07794e-05   0.000254137   -3.11189e-05   0.000158694   -0.00023375   -0.000189135   2.10888e-05   7.45959e-06   0.000169712   -3.08099e-05   -3.92421e-05   -4.60691e-05   -0.000741699   -0.000463672   -0.000370596   7.80999e-05   0.000115991   -0.000497128   0.000537511   0.000505142   -0.000127852   -8.77493e-05   -3.9272e-05   4.72222e-05   -6.19214e-05   0.000338077   -0.000319102   -6.8649e-05   -0.000495732   -0.000699795   -0.000613654   0.000341431   -0.000508225   0.000311444   0.000428731   0.000149469   0.000321593   6.11414e-06   0.000261316   4.50778e-05   0.00130005   -9.11895e-05   -6.62483e-05   -0.000509744   0.000915376   9.20913e-05   -0.000404699   4.55853e-06   -0.000143765   -9.43382e-06   -0.000133914   -0.000173099   0.000524461   -4.42942e-05   0.00036391   -0.000200033   -0.000298597   -0.000887797   -8.67874e-05   0.000148192   0.000120331   0.000163838   -0.000264173   -0.000454533   -3.30194e-05   4.6253e-05   0.000337449   -7.61331e-05   0.000228653   -0.000212331   0.000216752   -0.000284205   -0.000572552   0.000187512   0.000176122   9.31856e-05   0.000526248   0.000549346   0.000492427   0.00124229   0.00101377   -0.000581084   0.000888984   -0.000261527   -0.00547403   0.000408784   -0.000446242   0.000261925   1.49777e-05   0.000293991   -0.000120852   6.32198e-05   0.00144364   0.00018763   5.0171e-05   0.000263565   0.000351473   0.000200243   -7.74602e-05   -4.70073e-05   -4.52788e-05   -0.000142232   -1.79292e-05   0.000204538   -0.00035263   -1.95575e-05   -2.59339e-05   -0.000136756   0.000138494   -3.30403e-05   -7.3046e-05   4.84885e-05   -0.000205258   0.000214882   0.000940417   -4.86352e-05   -3.76262e-05   -3.47887e-05   -7.9442e-05   -0.000766862   -0.000140521   -0.000546549   -0.000206581   3.45979e-05   -0.00104961   -0.00111747   -0.000566589   -0.00031186   
-0.0115104   0.00962177   0.0157135   0.0154546   0.0369135   0.0334707   0.00342658   0.0234394   0.0267539   0.0560249   0.00844739   0.00607149   0.0204772   0.00453277   1   7.66738e-05   0.00591158   0.0203749   -0.0155628   -0.000243319   -0.000645325   0.00795016   0.0102575   0.00953473   0.0012207   0.00871248   0.00410585   0.0246516   0.00363181   -0.000918021   -0.00387062   -0.00515245   -0.00202324   0.00362142   0.000158945   2.43702e-05   0.0122052   0.0074034   0.00528514   0.000502842   0.00195969   0.000893286   0.00579311   0.003567   -0.0211094   0.00367341   0.00291301   -0.00325117   -0.0158263   -0.00214694   0.0084452   0.0132269   -0.00177473   -0.00266318   0.00393332   0.00796807   6.81019e-05   0.00851028   -0.00317251   0.00957441   -0.000174269   -0.00602272   0.000917013   0.00186474   0.0105413   0.00864673   0.000785552   -0.00239045   -0.00250936   -0.00495135   -0.0013528   -0.00495631   -0.000764494   -0.00241009   -0.00365231   0.000375332   0.00353431   -0.0193392   -0.0100411   0.00206378   0.0181906   0.00486005   -0.000621051   -0.00129886   -0.0022184   0.00528845   0.00997289   0.011171   -0.000743063   0.00476143   -0.00379312   8.32618e-05   0.00156184   0.00294538   -0.000450229   0.0119567   0.00384392   0.000157573   0.00545608   -0.0015819   -0.00268303   -0.000123174   -0.00151922   -0.00946221   -0.00508121   0.00196416   -0.00728661   0.00439455   0.0124758   -0.00280058   0.00786994   0.0052293   -0.00280444   -0.00568186   -0.00176665   -0.00918067   0.019699   0.000259939   -0.0024312   0.00164629   0.00528477   -0.0164699   -0.0102462   -0.0120383   0.0104308   0.022017   0.0171226   -0.000976714   -0.00283319   0.00950544   0.00389492   -0.00343508   -0.00035229   -0.00681201   0.016226   -0.00704609   -0.013807   -0.0101923   0.0181532   0.0227226   0.00623665   0.00428438   0.0110486   -0.00574556   0.00232523   -0.00235939   -0.000633194   0.00060268   -0.00211888   -0.00979314   -0.00291818   -0.0123836   0.00493099   0.0099021   0.0195194   0.0203653   0.0136968   0.00383133   0.00128634   0.0049633   -0.00167125   0.000525279   0.000354896   -0.000428761   -0.00828539   0.0198161   -0.0106728   0.0179563   -0.00483445   -0.00123083   -0.0109213   0.0103077   -0.00151241   0.00281274   0.0019585   0.000947511   -0.0085186   0.00517145   -0.00205621   -0.000514463   0.0011214   0.0011734   0.00102805   -0.00311402   0.00146197   0.000976221   -0.00127466   0.00174801   -0.000888152   -0.00440622   -0.00166365   0.0023535   -0.00484643   0.0114789   0.0111937   0.0194555   -0.0176821   -0.00532205   0.0152954   -0.0125014   0.0334456   0.0161588   0.0195878   -0.134723   0.00311244   -0.0197907   0.0123272   0.0384469   -0.103541   -0.000860121   -0.00603864   -0.002491   -0.00218759   0.0408497   0.00458664   -0.000374269   0.0162132   -0.0252363   0.0076209   0.00911129   0.000282464   0.00219846   0.00490669   -0.00850416   0.0097872   0.00273122   0.00230724   0.000163061   0.00312927   0.000443391   0.00241326   0.00167601   -0.06041   0.0388294   0.0167436   0.0101995   -0.000263791   0.00434243   0.000888329   0.016437   0.00906552   -0.00557242   0.00269362   0.004755   0.00238746   0.046039   0.01682   0.0267239   0.0163663   
0.0213632   0.0586111   0.0295204   0.0289938   0.0525092   -0.00583807   -0.00590563   0.0168348   0.0295958   0.0030221   0.00982462   0.00680258   0.00992415   1   0.00453277   -0.00132697   0.00409481   0.00131128   -0.0116061   0.0180646   -0.00407431   -0.0240641   0.00852601   -0.0214328   0.00477893   0.00102437   0.00369136   0.0136683   0.00873285   0.0020505   -0.00272906   0.0178621   0.0096622   0.0105512   -0.0099039   0.00842373   -0.00727433   -0.014428   0.00274371   0.00639785   0.00219631   -0.0097534   0.00745387   -0.00601814   -0.0188419   -0.010228   -0.00266372   0.015941   -0.000575484   -0.0177379   -0.0227194   -0.0393858   0.00450845   0.00280334   0.00970559   -8.37971e-05   -0.0070181   0.0121546   -0.0137188   -0.00306604   0.012041   -0.00939085   0.00276626   0.0143518   -0.0215505   0.0101317   0.00403585   0.00818825   0.000572148   -0.00185278   -0.00398727   -0.00338036   0.02986   -0.00457785   -0.0104442   -0.00278136   -0.00875779   -7.89004e-05   0.00270702   0.027231   -0.00706545   -0.00539678   9.51686e-05   -0.00526813   0.00884808   -0.0104026   0.00170653   -0.010127   0.000604402   0.0111555   -0.008802   -0.0360534   -0.00015596   0.0164308   0.0162985   0.00386545   -0.0197737   0.00244973   0.0149267   0.00720502   0.0136644   -0.0102978   0.00771312   -0.0094243   0.0186912   0.00479477   -0.00518189   0.0151377   -0.00139615   -0.0228618   0.0142957   0.00430985   0.01379   -0.00104599   -0.00364508   -0.0115774   0.00973592   0.00245797   -0.0102386   -0.0194103   0.00085158   -0.00531071   -0.0095909   0.000918699   -0.00172149   0.0161483   0.0114048   -0.00139865   -0.000315991   -0.00480172   0.00116488   0.000139053   0.00309383   0.0346678   0.0207586   0.0218434   -0.00804479   -0.00857968   0.0243477   -0.024192   -0.0277734   0.00696781   0.0032948   0.000132733   -0.00267183   0.00310973   -0.0153508   0.0128479   0.00168873   0.0216173   0.0273678   0.0188045   -0.00541452   0.024534   -0.0134164   -0.0183798   -0.0038153   -0.0118689   -0.000961738   -0.00841023   -0.00324901   -0.0529282   0.00372435   0.00271302   0.0196532   -0.0432037   -0.0111043   0.0177902   0.00120248   0.00510913   -0.00345411   0.00903576   0.00920286   -0.0183051   0.00924812   -0.00829335   0.00611029   0.0143847   0.0424541   0.00412659   -0.00713613   -0.00599132   -0.00752586   0.0126702   0.000501346   0.00158048   0.00164992   -0.0105908   -4.90427e-05   -0.0302654   0.00965578   -0.0148131   0.00675622   0.000901476   0.0069769   0.00640677   -0.00920867   -0.0268759   -0.0243696   -0.00169152   -0.0568758   -0.0418504   0.0384364   -0.0483259   0.0157677   0.243387   -0.0326628   0.0525804   -0.011367   -0.00113511   -0.0205989   0.0012705   -0.00594733   -0.052003   -0.0050962   -0.00986131   -0.000854838   -0.0166547   0.000525424   0.00857013   0.00303388   0.00572498   0.00878482   -0.021685   -0.00733614   0.0332408   0.00294053   0.00632926   0.00823829   -0.00588239   0.00615111   0.000444688   -0.0156575   -0.120921   -0.00683182   -0.0381277   0.00696809   0.00609688   0.00409514   -0.0208132   0.0347501   -0.000731478   0.0202546   0.00471437   -0.0124084   0.0111993   0.0270191   -0.000481361   -0.0101465   
0.0227455   0.0324232   0.0211289   0.0129931   0.0400103   0.0219552   -0.015508   0.0157316   0.00957728   0.0295986   0.00261891   0.000356562   1   0.00992415   0.0204772   0.000168535   0.00217345   0.00664942   -0.0035788   -0.00195375   -0.00400042   0.0018837   0.0019364   0.0123333   0.00125273   0.00835872   -0.00442503   0.0108204   0.00461423   -0.000535205   -0.00101207   -0.00205231   -0.00890066   -0.00927817   -0.00327536   -0.0132464   -0.00367311   0.0081258   0.0053799   0.00385692   0.00104087   0.00221601   0.000624782   -0.000392188   -0.0087207   0.0138883   0.00377947   -0.0034087   -0.0133751   0.0022483   -0.00243151   0.0113966   -0.00165642   -0.00115133   0.00279355   0.00747386   -0.0113241   0.00391649   0.000556988   0.0139803   0.00240769   -0.00155055   0.00919408   0.00411777   0.00490754   0.000738646   -0.000597722   -0.0043197   -0.00206937   -0.0023299   -0.00380116   -0.00463433   -0.000847652   0.000146211   -0.00630548   -0.00200486   -0.000714401   -0.0102413   -0.0115638   0.00252406   0.0179865   0.000845613   0.000631711   0.0012262   -0.00110103   -0.000502163   0.0157735   0.00693506   -0.00124449   0.00658171   -0.00396902   0.0084597   -0.0178246   -0.0115864   0.00510274   0.00766757   0.000704163   0.00307394   0.00811696   -0.00113075   -0.00229831   0.000758835   -0.0041642   -0.00602252   -0.00374296   0.010495   -0.00349767   -0.0123732   0.0191719   -0.00556202   0.000739975   0.00653581   0.00233511   -0.00285001   0.000357704   -0.00471966   0.0112364   0.00119315   -0.00148921   0.00108868   0.008433   -0.0216695   -0.00869445   -0.0158427   0.012308   0.0183351   0.00906042   -0.00205549   -0.00264209   0.00855485   -0.00101838   -0.00626422   0.00224416   -0.00574995   0.00532548   0.0104045   -0.0161554   -0.00982929   0.0134638   0.0170468   -0.0024755   0.00281103   0.00200526   -0.00481363   0.000784528   0.00122924   0.000610182   -0.00204207   -0.00263651   -0.00803744   -0.00755687   -0.0232287   0.0301947   0.00349282   0.0100004   0.00779722   0.0103521   0.00514377   -0.00396576   0.00921899   -0.00480451   0.00917531   -0.00122413   -0.000724639   -0.00932064   0.010367   -0.0156212   0.0118409   0.00301055   -0.000664416   -0.0117292   0.0113488   -0.00034597   0.00648703   0.00732484   0.00571407   -0.0125232   0.00382835   -0.000647507   -0.000585848   0.000402277   0.00039204   0.00143109   -0.00212921   0.000544823   0.00109396   0.00621478   0.00464894   0.00212851   -0.0279327   -0.00111421   0.00200666   -0.00775271   0.00117219   0.0154243   -0.00228881   0.0158626   -0.00355533   0.0109465   -0.00246019   0.0230305   0.00129009   0.00665582   -0.0819605   0.00414807   -0.0305588   -0.0573023   0.088568   0.0151636   -0.000503154   -0.00365379   -0.00416047   -0.00269762   0.0422808   0.00581475   -0.00421531   0.00871447   -0.00385592   0.0153967   0.00638596   0.00568809   0.00144564   0.00363768   -0.00389441   0.00612071   0.0153573   0.00438491   0.00623797   0.00162676   0.00092451   0.00411713   -0.00377451   0.00697755   -0.04332   0.00961303   0.0126129   0.00451695   0.00777411   0.00312613   -0.0203164   0.00463458   -0.016548   -0.000169703   -0.00169819   -0.00493882   0.00124226   -0.0183424   -0.0103593   -0.00888568   
0.0124111   0.0238129   0.00365829   0.0101616   0.00490015   -0.000535021   0.00775642   0.00196175   0.00919365   0.00428704   0.00752902   1   0.000356562   0.00680258   0.00607149   -0.000135995   0.00309602   0.00447041   -0.00445414   0.00208559   0.00412079   0.00523225   0.0067131   -0.00450928   6.54986e-05   0.00145757   0.00467201   0.010492   0.000536333   -6.51768e-05   -0.00108132   -0.000271644   0.00276038   0.0055617   -0.000121526   0.00854569   0.00322392   -0.00221823   0.00447264   0.000400331   0.00144313   -0.00243777   0.00247099   -0.000650285   -0.0054313   -0.0100188   0.00243717   -0.00187677   -0.00213145   -0.00024394   0.00168625   -0.00419108   0.00169851   0.000814035   0.00204338   0.00295081   0.00611938   0.00368289   -0.0025884   -0.00445453   0.00061735   -0.00133271   -0.00432367   0.00535242   0.0026182   0.00586283   -0.000373533   0.00106434   -0.00163571   0.000209343   0.00154342   -0.00248104   0.00465693   -0.000882454   0.000402833   0.00224612   0.00359643   -0.00367862   0.00423603   -0.000552427   -0.00334255   0.0011912   0.000229838   -0.00163982   -0.000982233   0.00176178   -0.00119246   -0.00200231   -8.4029e-05   -0.00221539   0.00232008   -0.0107471   0.00441967   0.000133133   -0.00161143   -0.000114034   -0.00200533   -0.00103426   -0.0018388   0.000130332   0.00311865   -0.00064237   0.00221254   -5.0334e-05   3.10031e-05   -0.00239337   -0.000941644   0.00711253   -0.00113283   -0.00236186   0.00353901   -0.00260176   -0.00123651   -0.000358694   -0.00137789   -0.00235791   0.00663841   -0.000125522   -0.00268041   -0.00217178   -0.00101595   0.00599063   -0.000408829   0.00373453   0.00157963   0.00234196   0.00116096   0.000467716   -0.000452017   0.00019718   2.88311e-05   0.000923719   -0.000932989   0.00365022   0.00905098   -0.00679583   0.00079937   -0.000404731   0.00362969   0.00589298   0.00741058   0.00156393   0.0046214   4.80061e-05   0.000771165   -0.00262136   -0.00247941   0.00250989   -0.000412672   0.00324833   0.00480395   0.00622152   -0.0191997   -0.000276817   0.0027073   0.000700693   -0.00321826   -0.000500034   0.00413259   -0.0022424   0.00337881   -0.011046   0.000901514   -2.8037e-05   -0.00422799   -0.00366968   -0.00219967   0.00573752   -0.0033304   0.000986122   -0.0040481   -0.0016036   0.000895387   0.00181047   0.00401765   0.00315534   0.00147791   0.0017878   0.00628396   0.000634159   -0.000746821   -0.00082911   -0.00158274   0.00168039   0.000402317   0.00068118   0.00376931   0.00177154   0.00174661   -0.020079   0.00117136   0.00140106   0.000842915   -0.00165167   -0.0048767   0.0130046   0.0148723   0.00253629   0.00544208   0.00201554   -0.00390783   -0.00364198   -0.00236452   -0.042685   0.00227695   0.0259791   0.00564903   -0.0377212   -0.00874692   -0.000423973   -0.00513662   -0.00177164   -0.00222303   0.00143901   0.00382836   -0.00304016   0.00292467   -0.00306797   0.00382758   0.0072938   0.00481797   0.0034093   0.00186327   0.00537413   0.00385879   0.00913955   0.00196055   0.000867394   0.00174869   -0.000966651   0.00221903   0.00296007   0.00845061   0.0144252   0.00621666   0.00408523   0.00161441   0.00397586   0.00095482   -0.0109613   0.00761758   -0.00190845   0.000394655   -0.00049918   -0.00558577   -0.00365442   -0.00591601   -0.00715439   -0.00443428   
0.00940845   0.0217028   0.0087017   0.022416   0.015716   -0.00112284   0.0122586   0.00318323   0.0180181   0.00740514   1   0.00752902   0.00261891   0.00982462   0.00844739   -0.000118755   0.00485409   0.00646564   -0.00554474   -0.00252306   0.00151557   0.00848622   0.00837294   -0.00511527   -0.000386135   0.0022347   0.00520158   0.0142845   0.00251461   -8.59175e-05   -0.00176206   -0.00274181   0.000702878   0.00353354   -6.96488e-05   0.0125884   0.00328004   -0.00448263   0.0066544   0.000555697   0.00250837   -0.00262631   0.00326918   0.000140148   -0.00239809   -0.0170456   0.00586426   -0.00703372   -0.00465565   0.00320838   0.00162873   -0.00428453   0.00226694   0.000734281   0.00128492   0.00289217   0.0104397   0.0048013   -0.00441847   -0.0043837   0.00176085   -0.00355459   -0.0120987   0.00708085   0.00486168   0.00759145   -0.000962677   0.00116314   -0.00280694   0.00175939   0.00397926   -0.0025209   0.00478944   -0.00110147   0.00153005   0.00282352   0.00191755   -0.00807622   0.00714365   -0.00336959   -0.00580416   0.00236448   0.000648727   -0.00228251   -0.00222196   0.00243898   -0.00215096   -0.0045081   -9.88629e-05   -0.00934061   0.000435119   -0.0143402   0.0106344   0.00209112   0.0055267   0.0034779   -0.00120063   -0.000908417   -0.00470557   0.000118661   0.0058543   0.000992349   0.00251606   -0.00198348   -0.00123498   -0.0033929   -0.000285918   0.00765979   0.00138952   0.000614873   0.0036394   -0.00602715   -0.00293114   0.000479019   -0.00210543   -0.00193855   0.011677   0.000182558   -0.00284296   -0.00193435   -0.00175365   0.0115456   -0.000696052   0.00513264   0.00366385   0.000921256   -0.00188533   0.000933035   -0.000669415   0.000968615   -0.000816929   0.0027422   -0.000998414   0.00287844   0.0108451   -0.0135009   -0.000632753   -0.00227139   -5.09778e-05   0.0129696   0.0168923   0.00131219   0.00596979   0.000337796   0.00086105   -0.00484753   -0.00352775   0.00328696   -0.000591753   0.00521666   0.00343524   0.00689962   -0.0293562   -0.00203227   0.00738911   0.00151388   -0.00743361   -0.000458671   0.00646179   -0.00309858   0.00646337   -0.0146092   0.00116718   -0.0001591   -0.00646494   -0.00120194   -0.000894223   0.00824893   -0.00601108   5.94669e-05   -0.00813046   -0.00362352   0.000662288   0.00291572   0.00323022   0.00295063   0.00552537   0.000999664   0.00492821   0.000602983   -0.000577934   -0.000656678   -0.001732   0.00149422   0.000715585   0.00100193   0.00717424   0.00207473   -0.00378284   -0.0261791   0.000481058   0.00348093   0.000202153   0.00029999   0.00309887   0.0148913   0.0096942   0.00359873   0.00950657   0.00160305   -0.00266635   -0.00210112   0.00991902   -0.0618979   0.000861192   0.0226881   -0.0179924   -0.0733452   -0.00250475   -0.000769428   -0.00678402   -0.0030142   -0.0031007   -0.003142   0.00280292   -0.00418139   0.0151311   -0.00274517   0.00265327   0.00724934   0.00380031   0.00471087   0.00263056   0.00320162   0.00312695   0.00816023   0.00192887   0.000471634   0.00309505   -0.000995159   0.00274201   0.0053344   0.00854983   -0.00425268   0.00393715   0.0107812   0.00145913   0.00416548   0.00109494   -0.00402768   0.00608048   0.00307251   -0.000442374   -0.000350977   -0.00579951   0.00207612   0.00440486   0.00213233   -0.00318755   
0.00261898   -0.000620116   0.0185206   0.0147262   0.0434551   0.0625144   0.0388704   0.0878078   0.0744364   1   0.00740514   0.00428704   0.0295986   0.0030221   0.0560249   0.000233201   0.00682236   0.015369   -0.0127013   0.00231375   0.00486275   0.0121818   0.0108395   0.0165419   0.00479822   0.00968747   0.0032059   0.0255944   -0.000419007   -0.00102561   -0.00631777   -0.0158714   -0.0166898   -0.00706801   -0.00231288   -0.0067112   0.00544897   0.0105652   0.011008   0.00548915   0.00539125   0.00599086   0.0028012   0.00303916   -0.0443033   -0.000250294   0.0136242   0.0235571   0.00131081   0.00506415   0.0130265   0.0232714   -0.00308001   -0.00360242   0.0056418   0.0103569   -0.0142315   0.0120759   -0.0115582   0.0140059   0.00210798   -0.00080124   0.0107498   0.00360336   0.0127251   0.00792983   -0.000894489   -0.00285724   -0.00161703   -0.00688461   -0.004102   -0.00392998   -0.00269482   -0.000530371   -0.00349785   -0.00470099   0.0032677   -0.0243037   -0.0158722   0.000447941   0.0250366   0.0042753   -0.00218244   -0.000525512   -0.0032388   0.00646387   0.0170614   0.0162344   -0.00063828   -0.000170401   -0.0215686   0.0039581   0.0100188   0.00989366   -0.00110361   0.0093935   0.00634344   -0.00142774   0.00744444   -0.00260787   -0.00562007   0.00828335   -0.00439177   -0.0171744   -0.0186779   -0.00755327   -0.00367123   0.0134708   0.0270806   -0.00872431   0.00987523   0.0116304   -0.000906074   -0.00533293   0.00110076   -0.00680576   0.0196997   0.0015004   0.00175939   0.00335587   0.00950106   -0.0254612   -0.0103484   -0.0153431   0.011922   0.0270128   0.0194547   -0.00149693   -0.00339854   0.00901449   0.0043322   -0.00737435   5.03824e-05   -0.00949763   0.0171911   -0.0048221   -0.0187729   -0.0129325   0.0205701   0.0176789   -0.0019463   0.00226201   0.00891764   -0.00741474   0.00261065   -0.00146964   0.000635527   -0.00115354   -0.00208483   -0.0172073   -0.0111465   -0.0216178   0.0209584   0.0129857   0.0242283   0.0224201   0.0205605   0.00315024   -0.00360689   0.00645723   -0.00478061   0.0114797   9.48203e-05   -0.000143834   0.00115309   0.0251614   -0.0184154   0.0173037   -0.00878712   -0.00509007   -0.019571   0.00433678   -0.00392049   0.00237964   0.00128918   0.00957671   0.00526091   0.00548686   -0.0078673   -0.000941789   0.00189466   0.00205682   0.00219121   -0.00555705   0.000120431   0.00253183   0.000477945   0.00557237   -0.00154906   0.0259575   -0.00421811   -0.000656654   -0.00378357   -0.00611475   0.0369013   -0.0340769   -0.0291563   -0.0268832   0.00659213   -0.0055546   0.058359   0.105679   0.0655943   -0.158893   0.00192008   -0.0450957   0.032987   0.0797693   0.00444696   0.000581652   -0.00647707   -0.00131413   0.00135303   0.0342142   0.00588977   0.00586355   0.00585138   -0.0711584   0.00668939   0.00515841   0.00439328   0.00139233   0.00686575   -0.0115783   0.0157594   0.0105234   -0.000206023   0.00102783   -0.00210683   0.00120232   0.00433406   0.000298455   -0.0621099   0.044929   0.0269444   0.0121956   0.00285009   0.000691064   0.00139956   0.00662836   0.00873243   0.018389   -0.00877174   0.00135115   0.00144929   0.0281872   -0.00888974   -0.0299022   -0.0266451   
0.0521339   0.059007   0.0161375   0.027104   0.0175174   0.0660625   0.121572   0.163616   1   0.0744364   0.0180181   0.00919365   0.00957728   0.0295958   0.0267539   -0.000386633   0.00431387   0.00458329   0.00411042   0.00838216   0.0101469   0.02198   0.0141275   -0.00788087   0.00536089   0.0108027   0.000680284   0.0172153   0.00320103   0.000242892   -0.00489981   -0.010306   -0.0202961   -0.0164943   -0.00878978   0.0125427   -0.00318809   -0.00926375   0.0252735   0.0114714   0.00989617   -0.00179097   -0.00295252   -0.00612921   -0.027905   -0.0436349   0.0299966   0.0309081   0.0144089   0.0119652   -0.0096337   -0.0109644   0.00398839   0.00201699   0.000375213   -0.00514342   -0.0157389   0.00925365   -0.0201888   0.00488227   0.0113058   -0.00537956   -0.0176855   0.00812292   -0.00662429   0.00293448   0.00152576   0.00365613   -0.0021749   0.00557095   0.00467177   0.00151225   0.01293   3.05675e-05   -0.0051991   0.00743728   0.00254338   0.00860838   0.0188878   0.0113363   -0.00570872   0.00162055   0.00317394   -0.00220598   0.00172074   -0.00668681   -0.00637368   -0.0113166   0.000721839   -0.019078   -0.0134299   -0.00701237   0.0264216   0.0154479   0.0301794   0.00942852   -0.00672024   0.00208695   -0.000896724   0.00276935   0.0155211   0.0090338   0.000941826   -0.0153045   -0.0165162   -0.0108545   0.0133578   0.0189443   0.0201675   0.0123503   0.00393765   -0.00508917   0.00541798   0.00528123   -0.000383782   0.0007081   0.00360379   0.00470953   -1.95452e-05   -0.0074331   -0.00276849   0.0130404   -0.00348796   0.00292701   0.00575069   -0.00239636   -0.00889094   -0.000295184   -0.000749233   -0.000236016   -0.00437536   0.00542911   0.00220128   0.0135432   -0.00360232   -0.00381599   0.000253959   -0.00244004   -0.00963753   0.00345519   0.00963617   0.00535527   0.00265455   0.00275095   -0.00256414   -0.00430597   -0.0130709   0.00737942   0.000806221   0.0168533   0.00178277   0.00320984   -0.0179621   0.0017955   0.00205257   -0.0091931   -0.015256   -0.00184391   0.0046968   -0.00338444   0.0055562   -0.0248357   0.00190489   0.000895337   0.0120323   -0.0119235   -0.00166579   0.00611437   -0.004176   -0.0147838   -0.0342673   -0.0111023   0.000960183   0.000428457   0.00457379   0.0105974   0.0353758   0.00102248   0.0108117   0.000906015   -0.00315538   -0.00218936   -0.00384658   0.00299387   -0.0025307   -0.00117212   0.0178541   0.00785922   0.00216838   0.0381259   0.000585599   -0.0039743   0.00856173   -0.00771654   -0.0307847   -0.0537689   -0.0323609   -0.0313297   -0.0130435   0.0186679   0.0249216   0.110191   0.101044   -0.0194178   0.000501055   0.0777609   -0.125737   -0.0625558   -0.00934577   0.00265401   -0.00378261   0.00163918   0.00461095   -0.0520918   0.0179081   0.0100362   -0.00839675   -0.0774428   0.00374157   0.00018419   0.0193352   0.00735148   0.0111469   -0.013556   0.0182707   0.0515824   0.000361246   0.00521694   -0.00891634   -0.00381761   -0.000180738   0.00353511   -0.0294831   0.037015   0.0237619   0.0542629   0.0146574   0.00145568   0.00419379   -0.0452391   0.0242657   0.0482214   -0.0146158   -0.00619638   -0.0170337   -0.0471824   -0.054237   -0.0988719   -0.0959957   
0.0986703   0.0752583   0.0167228   0.0079013   0.0195761   0.0992122   0.146756   1   0.163616   0.0878078   0.00318323   0.00196175   0.0157316   0.0168348   0.0234394   -3.55252e-05   -0.0031687   -0.00398947   0.0158879   0.0302091   0.0341356   0.0263917   0.0122052   0.000579415   0.0103862   0.0108604   -0.00138542   0.00383985   -0.00981521   -0.000716251   -0.00231351   -0.00397635   -0.0143937   -0.0100863   -0.0120346   -0.00578421   -0.00236783   0.00446674   0.0254918   0.011046   0.00645832   0.00167104   -0.00455973   -0.0120837   -0.0165222   0.0039946   0.014418   0.0350782   0.0167624   0.00112707   -0.00497474   0.000912758   0.000351682   0.00121564   0.0013111   0.000136525   -0.0199538   0.00137824   -0.00841356   0.00721436   0.00302091   0.00259733   0.0118328   -0.00123063   -0.00824225   -0.00591907   0.000269442   -0.00182076   8.98826e-05   -0.00188562   -0.00655598   0.00183601   0.00486283   0.00446215   -0.0140058   -0.00604977   0.00516353   0.0214152   0.00859132   0.0181333   0.0100983   -0.0013774   0.000523262   0.00122976   0.00225811   -0.00659232   -0.000803082   0.00270896   0.000102826   -0.00326262   -0.0136941   0.016181   0.0120317   0.0177547   0.0124169   0.00307339   -0.00164744   0.00254397   0.00867145   0.00208788   0.00337466   0.00374003   -0.00206362   -0.00747691   -0.00981695   -0.0061614   0.00380661   0.0059   0.014026   0.00221299   0.000536781   0.00833589   0.00954839   0.00233622   0.00416092   0.00445548   -0.00865556   0.00246442   0.00188129   -0.0043014   -1.39162e-05   -0.0128981   -0.00237865   -0.00597806   -0.000879111   0.001424   0.000496267   -0.00231532   -0.00113941   -0.0016071   -0.00291818   -0.00490759   0.000836316   0.00648934   -0.0187049   0.0111165   0.00133166   0.00621132   0.00545439   -0.0124634   -0.0189325   0.00575092   -0.00352714   0.000230571   -0.00169915   0.00332069   -0.00711968   0.000252128   -4.06795e-05   -0.00224177   -0.00666689   -0.00709045   0.0337041   0.0117648   -0.00186498   -0.00258711   0.00555168   0.00544953   -0.00296628   0.00499438   -0.00487806   0.00435265   7.18954e-05   0.000612443   0.0206102   -0.00949999   -0.012716   -0.0137079   -0.00192753   -0.0111555   -0.0122846   -0.00456917   -0.000427446   0.00379955   0.0103349   0.0276495   0.0344766   -0.000810411   0.000573525   0.000506177   -0.00239147   -0.00220388   -0.00201988   -0.000152479   -0.000362388   -0.000763799   0.0266951   0.018069   0.00244485   0.0431428   0.000609657   -0.0042726   0.0011382   0.0019948   -0.0345741   -0.0911776   -0.0580183   -0.0253655   -0.0227861   0.0173288   0.0528542   0.0936126   0.0727911   0.0436411   0.0104554   0.0180394   -0.0214602   0.0761022   0.0209299   0.00449396   0.00775717   0.00259326   0.00945429   -0.0453838   0.0330459   0.0134416   0.00198293   -0.0633137   0.0121743   0.00244887   0.0356755   0.00522615   0.00839815   0.00169462   0.0369869   0.0802438   0.00540519   0.0115125   -0.018105   -0.00126436   0.0027283   -0.00343408   0.00770756   0.0331753   0.0550295   0.063421   0.0214929   0.010066   0.00627189   -0.0898813   0.0169125   0.0402209   -0.0289233   -0.0150361   -0.0236437   -0.087609   -0.133649   -0.159667   -0.14911   
0.0732134   0.0501604   0.00632017   0.0321417   0.0123989   0.0741896   1   0.146756   0.121572   0.0388704   0.0122586   0.00775642   -0.015508   -0.00590563   0.00342658   0.000240512   -0.00498387   -0.00823785   0.0236411   0.0299002   0.0528097   0.0497413   0.0192195   -0.0145218   0.00473069   -0.00123467   0.00849311   -0.000374482   -0.0190667   -0.00154867   0.00333555   0.0055695   0.0163844   0.0195602   -0.00356452   0.0228097   0.0106749   -0.000406893   0.018108   -0.00236288   0.00110884   -0.00514061   -0.00190185   -0.0101204   0.0337705   -0.00309447   0.00274011   -0.00823387   0.0104369   0.00435508   0.00851388   -0.00535888   0.00303603   0.00169275   -0.00635116   -0.00381008   0.0264248   -0.00778446   0.00649101   -0.0200539   -0.00701754   0.00845082   -0.00554905   0.00360109   0.00655541   0.000334942   -0.00207917   -0.000623056   -0.00248305   0.00295359   0.00272057   0.0012016   -0.000839015   0.00500103   0.0175488   0.0101234   0.0073729   0.0132012   0.020822   -0.00859837   -0.019851   0.000777447   0.000593972   -0.00172605   -0.00560785   0.00085876   -0.0136928   -0.00890341   0.000210358   -0.0193829   0.00886959   0.000584309   0.02993   0.0177649   0.00330437   -0.00219907   0.00483072   -0.0043634   -0.0154603   -0.00129527   0.00265996   -0.000479215   0.00464015   0.0133333   0.00307482   -0.0124767   1.63671e-05   0.00624588   -0.0184522   0.0148657   -0.00383895   -0.0110441   -0.00487668   0.00489161   0.000935961   0.0111526   -0.00819087   -0.00208323   0.000749464   0.00103813   -0.0116974   0.0315043   0.0153068   0.0222195   -0.00880187   -0.025497   -0.016859   0.00206939   0.00179438   -0.00803775   -0.00346666   0.00495927   -0.00448721   0.00157571   -0.00831841   -0.0192589   0.0217773   0.0147325   -0.0216775   -0.00537722   0.0172199   -0.00110109   -0.00168778   0.00474346   -0.0011599   -0.00616866   0.00144785   -0.00151253   0.000214865   0.00228431   -0.00201748   0.0240936   -0.0358304   -0.00675594   0.000540551   -0.00229428   -0.0141889   0.00439115   0.010741   -0.00546823   0.0100353   -0.00190766   0.000738188   -0.000476063   0.00332752   -0.0101483   0.0060327   -0.0295927   -0.0128563   -0.00071745   0.015049   -0.0179079   -0.000769561   0.0101924   0.00487009   0.0260365   0.0371606   -0.0105274   -0.00981408   0.000961843   -0.000615153   -0.00188323   -0.00282884   0.00115566   0.00257502   0.000286962   0.0259953   0.0196201   0.00280089   0.0198287   0.000859118   0.00335302   0.00978544   -0.0140854   -0.0602803   -0.0535312   -0.0443486   0.0217461   -0.00242877   0.0291047   -0.0153442   -0.00522253   -0.00279433   0.0885619   0.00449655   -0.029843   0.0530173   -0.14109   0.0127096   0.00343329   0.015912   0.000594681   0.00838633   -0.0689183   0.0358507   0.0108127   0.00167731   0.021783   0.00605034   0.00649446   0.0295614   0.00457296   -0.00158531   -0.013114   0.0439779   0.0661123   0.00435177   0.00374302   -0.0165263   -0.0011598   0.00693542   0.0049138   -0.0339798   0.0199076   0.0629604   0.0841387   0.0151775   0.0093112   0.0021694   -0.0724773   0.00279989   0.0316768   -0.0310107   -0.0162952   -0.0190431   -0.105586   -0.100814   -0.106868   -0.112188   
0.0330749   0.0245269   0.0140115   0.00668492   0.032453   1   0.0741896   0.0992122   0.0660625   0.0625144   -0.00112284   -0.000535021   0.0219552   -0.00583807   0.0334707   0.000405739   -0.00349623   0.000642898   0.0117025   0.0198692   0.0274844   0.0245782   0.0105235   0.0113891   0.00435568   0.00696491   -0.00343168   0.00558039   -0.00731128   -0.00188965   0.00318945   0.00829949   0.00725143   0.00618535   -0.00408134   -0.0119564   0.00261708   0.0152693   0.00610451   -0.00114477   -0.00255446   0.000304321   0.000303538   -0.00398317   0.0177683   0.0384773   -0.00382895   -0.0133543   -0.0145158   -0.000584076   0.00265921   0.0151595   -0.00352601   -0.0034015   -0.00174281   0.00399752   -0.00147087   -0.002207   0.0100063   0.00932569   -0.00408   0.00348518   0.018783   0.00344211   0.00955308   -0.00142346   -0.000484864   -0.0062628   -0.00181709   -0.00455498   -0.00673563   -0.00411364   -0.00573217   0.00226849   0.00264834   0.000833872   0.00360965   -0.000707492   -0.00603069   0.00513836   0.0208047   0.00123374   -3.61778e-05   0.00142616   -0.00326326   -0.000554215   0.0155267   0.0104405   -0.00108938   0.0120581   0.0052551   0.0181612   -0.0170353   -0.00624887   0.00235705   0.00866516   0.00581643   0.000693937   0.00435573   -0.00343424   -0.0101908   -0.00455605   -0.00300136   0.00514012   0.00391669   0.00869422   -0.0120849   -0.0201687   0.0104902   -0.00109349   -0.00106117   0.00719972   0.000791575   -0.00339123   0.000979409   -0.000588677   0.00917335   -0.000402576   0.000126289   0.00327211   0.00526018   -0.0216546   -0.0037174   -0.0123855   0.0083028   0.0125652   0.00817639   -0.00167324   -0.00191427   0.00639448   -0.000242082   -0.00722334   0.000972311   -0.00966914   -0.000614164   0.0099487   -0.008916   -0.00184793   0.0129653   0.0145087   -0.00369223   0.00229395   -0.000651696   -0.00498824   3.44292e-05   0.00124024   0.00450934   -0.00486361   -0.00228238   -0.0131311   -0.00868398   -0.017708   0.0389496   0.00566532   0.0112648   0.0118136   0.0139192   0.0064817   -0.00526784   0.00902603   -0.00653848   0.0210806   -0.00195235   -0.00101142   -0.00123963   0.0133131   -0.0165824   -0.0071319   -0.00440247   0.00257831   0.00943051   0.0107294   -0.00173786   0.00696488   0.0046814   0.0145149   0.00423011   -0.00138273   -0.0146977   -0.000310632   0.000875603   1.07079e-05   0.001646   -0.0032828   -0.000791479   0.000249523   0.00946933   0.0124851   0.000895249   0.0131562   -0.00089276   0.00192531   0.00130056   -0.00817564   -0.0359677   -0.0199937   -0.0460386   0.0108885   0.000676008   0.0101309   0.0270583   -0.0223151   -0.0165952   -0.034665   0.00829166   -0.0703116   -0.00604603   0.0911458   0.00559694   0.00156025   0.013466   -0.00136161   0.00452088   0.00122885   0.0256212   0.0056274   -0.0106376   0.0227616   0.0182353   0.00594651   0.0170163   -0.00185983   0.000910702   -0.0179755   0.0340162   0.0406365   0.00456814   0.00660084   -0.00868036   0.000979505   0.00718461   -0.00441746   -0.0694957   0.0245072   0.0514107   0.0562298   0.00956026   0.00842952   0.0029467   -0.0373136   0.00578015   -2.29437e-05   -0.0140058   -0.00686291   -0.00540266   -0.0340791   -0.058885   -0.0360538   -0.0396626   
-0.0124244   -0.000143399   0.0714844   0.0987508   1   0.032453   0.0123989   0.0195761   0.0175174   0.0434551   0.015716   0.00490015   0.0400103   0.0525092   0.0369135   0.000148807   0.00400435   0.0123275   -0.00803981   0.00432664   0.00867438   0.0130589   0.0115955   0.00752643   0.00062851   0.00468008   0.0039821   0.019078   -0.000319924   -0.00111584   -0.000494537   0.00115443   0.00676379   0.0104184   0.000924755   0.00143878   0.00864717   0.0080607   0.000982886   -0.00244976   -0.000712816   -0.000508927   0.00556859   0.00329004   -0.00606279   0.0118996   0.00185056   -0.0088483   -0.0136672   -0.000319   0.00944682   0.0121182   -0.00188683   -0.0030201   0.00243714   0.0071271   0.00534397   0.00611197   0.00177659   0.0044685   -0.0020449   -0.00257949   0.00353132   0.00514217   0.0128439   0.00857951   -0.000483522   -0.00218887   -0.00230246   -0.00435268   -0.00119938   -0.00517531   -0.00208107   -0.00206733   -0.000708142   -0.00149924   0.00416431   -0.0164917   -0.0059074   -0.000552785   0.014921   0.00419428   -0.00115716   -0.00126764   -0.00347949   0.00570608   0.00930664   0.00968186   -0.000577629   0.00966452   0.00709353   9.07823e-06   -0.00391959   -0.00478497   -0.00650911   0.00629914   0.00396622   -0.00192093   0.00085576   -0.00302238   -0.00661331   -0.00320104   1.81662e-05   0.000428988   -0.00113598   0.00247771   -0.00845989   0.000986324   0.00877844   -0.00535526   0.00653368   0.00345267   -0.00373417   -0.00473983   -0.00159979   -0.00751668   0.0176726   -0.000461439   -0.00162127   0.00240311   0.00465664   -0.011896   -0.00637037   -0.00761218   0.00871227   0.0175395   0.0130658   -0.000177735   -0.00207255   0.00693404   0.00324285   -0.00354073   -0.000606373   -0.0073434   0.0161433   -0.00849996   -0.0105853   -0.00638049   0.0172353   0.0227433   0.00943741   0.00209618   0.00869643   -0.00478544   0.00253086   -0.00257702   0.000998899   -4.25259e-05   -0.00160072   -0.00990473   0.000292911   -0.00621397   0.00073164   0.00451551   0.0166268   0.0162139   0.0106966   0.00171522   0.000300773   0.00290618   -0.00127921   0.00147654   -7.45913e-05   -0.000610324   -0.00805036   0.0169475   -0.0110512   0.0121819   -0.00759861   0.00328033   -0.00134276   0.00745121   -0.00177047   0.00234177   0.000309759   0.00163024   -0.00509506   0.00333914   -0.00532617   -0.000178194   0.00131063   0.000913046   0.000977445   -0.00241132   0.000765886   0.00116134   -0.00196453   0.00239639   -0.00147042   0.00214703   -0.00087028   0.00325267   0.000875321   -0.000201873   0.00320422   0.0126598   -0.00763095   0.00809962   0.0162573   -0.0058689   0.026741   -0.00552313   -0.0169567   -0.121605   0.00249828   -0.0315377   0.0271044   0.0201814   -0.0332512   -0.000479533   0.000875198   -0.0016787   -0.000596738   0.0256544   0.00732402   0.00124782   -0.00673794   -0.0016476   0.00581474   0.00739976   -0.00636944   0.00064304   0.00228418   -0.062065   0.0151494   0.00551077   0.0014955   -0.0012162   0.000575563   0.000252655   0.00361507   0.00200201   -0.0359314   -0.328261   0.0247837   0.0165759   -0.000150141   0.00316463   -6.16535e-05   0.0103288   0.00854783   -0.00553451   0.000710088   0.00323088   0.004171   0.0296284   0.00840343   0.0226245   0.0220954   
0.00766145   0.0207765   0.0427702   1   0.0987508   0.00668492   0.0321417   0.0079013   0.027104   0.0147262   0.022416   0.0101616   0.0129931   0.0289938   0.0154546   9.19966e-05   0.00585663   0.00903584   -0.00485643   -0.00438451   0.00709706   0.0193195   0.0117602   -0.00471634   -0.00148921   0.00184733   0.00857652   0.0178162   0.000377051   -0.000645782   -0.0013347   -0.0065777   0.0022174   0.00697898   0.00209485   0.0192917   0.00845548   -0.00375646   0.00931511   -0.00137272   0.00306136   -0.00206826   0.0030436   0.00120668   -0.000352117   -0.0251196   0.0068903   -0.0141314   -0.0057383   0.006935   0.00900744   0.000697453   0.00271874   0.000883776   -1.6106e-05   0.00423621   0.0190547   0.0038184   -0.00265575   -0.00839244   -0.000919898   -0.0026262   -0.0192136   0.00597921   0.0113407   0.00922162   -0.00227599   0.000381834   -0.00406549   0.00284065   0.00698992   -0.002629   0.00044482   -0.00126583   0.00614304   0.00586502   0.00569698   -0.0115628   0.00970908   -0.0127415   -0.00984498   0.0044342   0.000771267   -0.00239244   -0.00516415   0.0066695   -0.00537329   -0.00486817   -0.000211828   -0.0154955   0.00528144   -0.0137901   0.0176116   0.000303282   0.00048474   0.00234954   0.00254374   -0.0024859   -0.0109654   -0.00116913   0.0055681   0.0031416   0.00282304   0.000948878   -0.00497211   -0.00741664   0.000834555   0.0102277   -0.00248592   0.00564669   0.00237368   -0.0104919   -0.00800607   0.000784856   -0.00248064   -6.05273e-05   0.0136449   -0.000786731   -0.00231083   0.00142309   -0.00378796   0.0209668   0.00232055   0.00962423   0.00345917   -0.00423088   -0.00546105   0.0019225   -0.000665891   0.00127718   -0.00107426   0.00448286   -0.002902   -0.00275431   0.0125126   -0.0259669   0.0036321   -0.000168273   -0.00661989   0.0216276   0.0305622   4.14112e-05   0.00834738   0.000821844   0.00186624   -0.00813874   -0.00127762   0.00197798   -0.00108847   0.0041375   0.00150643   0.0103064   -0.0474731   -0.0090708   0.0121256   0.00594199   -0.0105857   0.0018534   0.0109049   -0.00370836   0.0111044   -0.0100116   0.00107927   -0.000788031   -0.0146907   0.00585903   0.00281465   0.0070326   -0.00882622   3.24553e-05   -0.00857094   -0.00857053   -0.00087863   0.00863918   0.00330527   0.00621741   0.00519986   -0.00201616   -0.00101385   8.21024e-05   0.000545606   4.98978e-05   -0.00134805   -3.66065e-05   -0.00241935   -0.00161002   0.00541187   0.0056328   -0.000270129   -0.0320017   -0.00100576   0.00705907   0.001822   0.00101242   -0.00246711   0.0251089   0.0058865   0.0139393   0.0188927   0.000578562   0.00169438   0.00193848   -0.0022734   -0.0720423   -0.00203368   -0.0164058   0.000318832   -0.130943   -0.0120765   -0.00100747   -0.0060414   -0.00459558   -0.00380976   0.00823262   0.00711816   -0.00485745   0.00472024   0.00309256   0.00282277   0.00973524   -0.00148074   0.0054791   0.000974484   -0.0275561   0.00866373   0.0105338   0.00216824   -0.00115371   0.0031776   -0.000451358   0.00216836   0.00836897   -0.0188471   -0.191007   0.0111452   0.0266588   0.00171657   0.00466347   0.000437361   -0.00402243   0.00231824   0.00124137   -0.00420153   -0.00153788   -0.00627339   3.45742e-05   -0.000253614   0.00206761   -0.00214422   
0.0288509   0.0381839   1   0.0427702   0.0714844   0.0140115   0.00632017   0.0167228   0.0161375   0.0185206   0.0087017   0.00365829   0.0211289   0.0295204   0.0157135   -2.66078e-05   0.00243902   0.00586285   -0.00451054   0.00173034   0.00103512   0.00160205   0.00336639   0.0018475   0.00102939   0.00508431   0.00191271   0.00980111   0.00179508   -0.000168168   -0.00167382   -0.00352931   -0.00512876   -0.00204941   -0.00242908   -0.00123624   0.00155137   0.00194045   0.00878887   0.003632   0.00282523   0.000701197   8.87468e-05   -0.00232041   -0.00942784   -0.00213359   -0.00211469   -0.00168682   -0.00537992   -0.00121731   0.000389755   0.00120163   0.000999706   0.00126919   0.00315501   0.00617129   -0.000786694   0.00272293   -0.00220369   0.00362269   0.000991467   -0.00253266   6.29843e-05   0.000202851   0.000157149   0.00165711   -0.000823458   -0.00217993   -0.00214769   -0.00166338   -0.00207684   -0.00205461   0.00211624   -0.000582995   -0.00136406   0.00148178   0.00211255   -0.00384506   -0.00315818   0.0013694   0.00431886   0.00034794   0.000539441   -0.000130393   -0.000622006   0.000749145   0.00617059   0.00162652   -0.000738755   -0.00237144   -0.00690787   -0.00501087   -0.00430632   -0.00048529   0.00129889   0.00354483   -0.000724757   0.00168736   0.00430807   0.000858043   0.00304993   0.00119339   -0.000807109   -0.00445656   -0.00177634   0.000278036   -0.00343155   -0.000534391   0.00461094   -0.00217442   0.00220288   0.00206625   0.00131787   -0.00111961   7.63668e-05   -0.00113675   0.00636123   0.00010471   -0.0028263   -0.00150327   0.00162931   -0.00631992   -0.00401637   -0.00486149   0.00293525   0.0065769   0.00411881   -0.00120245   -0.00176642   0.00256137   -0.00118332   -0.00292628   -0.000610998   0.000266842   0.00513103   0.00249287   -0.00358009   -0.00249428   0.00682686   0.00554683   -0.00098657   0.0027355   0.00297414   -0.00175354   0.000515076   -0.000356778   -0.000605496   -5.56403e-05   -0.00172029   -0.00222169   -0.00299305   -0.00686499   0.00356362   0.00350757   0.00426384   0.00365726   0.00349429   0.00414784   0.00184833   0.00343125   -2.10528e-05   -0.000523468   4.305e-05   -0.000322042   -0.00396705   -0.000157081   -0.00766484   0.0035247   -0.000608676   -0.000302336   -0.00423816   0.00378107   -0.00015932   0.00488654   0.00851477   0.00951793   -0.000845209   0.00184624   0.00312365   0.000197545   -0.000625081   -0.000824909   -0.000814448   0.000482337   0.000946088   0.00167343   0.0108448   0.00576193   3.78052e-05   -0.0453042   0.000105769   0.00207996   -0.00315401   0.0105452   -0.000986141   0.0102052   0.0121901   -0.00337898   0.00375847   -0.00600061   0.00355188   0.00411678   0.0133809   -0.037279   0.0061755   0.00529615   -0.00715108   0.0216509   -0.0181875   -0.000758107   -0.00785773   -0.00450083   -0.00419962   0.0127545   0.00717324   -0.00741366   0.00541179   -0.00255776   0.0127271   0.0105635   0.00332474   0.00345495   0.00288535   -0.0207183   0.00400407   0.0237404   0.00516682   0.00620088   0.00351748   0.000411784   0.00320265   -1.02881e-05   -0.0113634   -0.138784   0.00647447   0.00599876   0.00610378   0.00922512   0.00338109   -0.024353   0.00283589   -0.00620834   -0.00314908   -0.00362444   -0.00849333   -0.00581207   -0.0241601   -0.0231475   -0.022928   
0.891795   1   0.0381839   0.0207765   -0.000143399   0.0245269   0.0501604   0.0752583   0.059007   -0.000620116   0.0217028   0.0238129   0.0324232   0.0586111   0.00962177   -0.000563897   -0.00288995   0.00682999   0.00781083   0.0501073   0.0433648   0.0196348   0.0202855   -0.0246775   0.0115576   0.022736   0.0144995   0.0234345   -0.00191595   -0.000174605   -0.00609783   0.0137016   0.0028292   0.00900417   -0.0218354   0.00899481   0.00577329   0.0024108   0.0699493   0.0253212   0.0103259   -0.0190839   0.0139774   -0.0390118   -0.0594898   -0.0649261   -0.0478318   -0.0350858   -0.0412679   -0.03723   -0.0282411   -0.0425817   0.0157683   0.0259699   0.0321209   0.0465567   0.00412884   -0.00137654   0.0310063   -0.0195621   -0.0046666   -0.00725908   -0.00603377   -0.00732419   -0.0375944   -0.00439074   -0.00327973   0.00249095   0.000594794   0.0119823   0.00297304   -0.0127049   0.04424   0.0232649   -0.0536408   -0.0138145   -0.0107879   -0.00937114   -0.042196   -0.0325785   -0.0386166   -0.0144788   0.00705575   0.00907715   0.0148696   0.00221949   -0.00818808   -0.014883   -0.0038774   -0.034504   -0.0375138   -0.0365352   -0.0414297   -0.0341835   -0.033282   -0.0301495   -0.0280997   -0.00487099   0.0193021   0.00939747   0.0388864   0.0136289   0.000493377   0.000523296   0.0205001   0.0435429   0.0206814   -0.0144595   -0.0428927   -0.0423437   -0.0140835   -0.00154267   0.0138013   -0.00134567   0.00433057   -0.00262721   -0.0118384   -0.00353716   -0.0257239   -0.0172613   5.54216e-05   -0.000142476   -0.00612881   -0.00368139   -0.00308949   0.00206286   -0.00179245   -0.00546102   -0.00372981   -0.00186977   -0.0159131   -0.0122794   -0.00189722   0.0475338   0.00591506   0.0367592   0.000457483   -0.00793362   0.00391878   -0.0284783   -0.0366671   0.0295815   0.00385023   0.00204458   0.000588571   0.00288123   -0.0125663   -0.00342885   -0.00948908   0.0260302   0.00318388   -0.0190847   -0.0214229   -0.0143376   -0.0391719   -0.025874   -0.0116293   0.0365418   0.0226421   0.0189059   0.0133576   -0.00895252   0.0022999   -0.000484767   -0.117178   -0.118672   -0.0622709   0.0145663   0.0727181   0.00418355   -0.0687477   0.00468901   0.0392891   0.0962824   0.112686   0.108435   -0.126486   0.0199243   0.166296   0.0103514   -0.0198049   -0.0239973   -0.0270775   0.0231627   -0.000822902   0.00333917   0.165142   0.0707742   0.025033   0.156087   0.0267063   0.00648168   -0.101127   0.0617727   0.155346   0.279337   0.204863   7.81975e-05   0.0561226   -0.0319729   -0.124821   -0.208244   -0.0305808   0.0321303   0.0589197   0.166717   -0.0637369   0.0633257   -0.0406846   -0.0157721   -0.145908   -0.0843702   -0.0982804   0.332483   0.0801296   -0.215621   0.0782994   0.0613165   0.0543299   0.0631694   0.0805643   0.0392507   0.00342542   0.0293567   0.0410815   0.215852   0.0335677   0.0476313   0.0711008   2.66753e-05   -0.0173638   -0.00878615   0.0525598   0.0469938   0.0616492   0.0673167   0.0527087   0.0551346   0.0228246   -0.794763   0.00810568   -0.300968   -0.0439451   -0.108233   -0.193521   -0.46256   -0.669018   -0.696685   -0.637747   
1   0.891795   0.0288509   0.00766145   -0.0124244   0.0330749   0.0732134   0.0986703   0.0521339   0.00261898   0.00940845   0.0124111   0.0227455   0.0213632   -0.0115104   0.000221966   -0.00925388   -0.00827552   0.0193167   0.0388554   0.0408021   0.0134806   0.00363712   -0.0108253   0.0075999   0.0187323   0.00974236   -0.003369   -0.0115872   -0.000970531   -0.00455263   -0.00583416   -0.0168673   -0.00745696   -0.0168524   -0.00665874   0.00148847   0.0100891   0.0645173   0.0240698   0.0105586   -0.00697021   0.00777831   -0.036305   -0.0359042   -0.0371791   -0.0543165   -0.0334154   -0.0382851   -0.0477029   -0.0250286   -0.0288368   0.0102715   0.0203606   0.0240155   0.0424469   0.00396869   -0.0168518   0.0193437   -0.0108002   -0.0100593   -0.000411156   0.00222621   -0.0210488   -0.0349271   -0.0176154   -0.00789268   -0.00228336   0.00280425   0.0102193   -0.000948996   0.00212181   0.0247585   0.0397363   -0.0340143   -0.0167479   -0.019359   -0.00537619   -0.0398403   -0.0350854   -0.0310407   -0.0161913   0.00346686   0.0123691   0.0106229   0.00601336   0.0013921   -0.00502055   -0.00427909   -0.0313681   -0.0372816   -0.0179077   -0.0464266   -0.0389514   -0.0550256   -0.0487031   -0.0181759   -0.00546234   0.0122109   0.00413111   0.026175   0.0159877   -0.00363581   0.015084   0.00851167   0.0204933   0.00863547   -0.019788   -0.0417998   -0.0350395   -0.025589   0.00239132   0.0122222   0.000448532   0.010318   0.014738   -0.0241781   -0.00671423   -0.0170233   -0.00628967   -0.00258124   -0.00498323   0.000937313   -0.00444971   -0.0136547   -0.0153193   -0.0106503   -0.00497566   -0.00282184   -0.00554341   -0.0153449   -0.0143894   -0.00414821   0.0303188   -0.0196859   0.0324083   0.00930812   0.00224994   -0.0158972   -0.0527181   -0.0537908   0.0210706   -0.00581195   0.00262234   0.00222576   0.00784962   -0.00180063   -0.0176333   -0.009867   0.006793   -0.0154205   -0.019715   0.0108463   -0.0164537   -0.0407155   -0.0193193   -0.00658497   0.0381621   0.0141324   0.0213418   0.00799349   0.0262896   -0.00134046   -0.00162814   -0.0099166   -0.0150963   0.0309572   0.0508875   0.105674   0.0269625   -0.0382058   -0.0448038   0.022199   0.101998   0.112012   0.158713   0.000997796   -0.0428168   0.0626278   0.00284114   -0.0363915   -0.0439356   -0.0571631   -0.0511078   -7.99642e-05   0.00239803   0.105542   0.101132   -0.156245   0.182502   0.0154371   0.0238856   -0.101902   0.0587556   0.160869   0.280127   0.206739   0.0132511   0.0399726   -0.0211679   -0.0605341   -0.082085   -0.0160958   0.146294   0.144388   0.0319912   0.0270505   0.0916126   0.0577941   -0.014858   -0.0949771   -0.0391568   -0.0889386   0.204147   0.0697491   -0.242287   0.165136   -0.0187193   0.0503338   0.047681   0.0677121   0.0225033   -0.0040928   0.0256316   0.0313572   0.184681   0.0251863   0.0433549   0.0651812   0.00769524   -0.01179   -0.0112306   0.0523845   0.0142932   0.0466031   0.0505025   0.0468264   0.0406016   0.0195549   -0.820207   -0.0516238   -0.162483   -0.0319017   -0.0977568   -0.296314   -0.486329   -0.702034   -0.743623   -0.661746   


NLL
549885.44949

