NUISANCE_PARAMETERS
AlphaS  -0.101983 +0.973865 -0.973865
ElectronER  1.45973 +0.946577 -0.946577
ElectronES  8.38619e-07 +0.981538 -0.981538
ElectronID  0.415798 +0.0312609 -0.0312609
ElectronRECO  -1.55617 +0.344318 -0.344318
FakeClosure_tautau_c0_hi  -0.0783794 +0.920494 -0.920494
FakeClosure_tautau_c1_hi  -0.13543 +0.45762 -0.45762
FakeClosure_tautau_c1_lo  0.774618 +0.803895 -0.803895
FakeClosure_tautau_c2_hi  1.62838 +0.793509 -0.793509
FakeClosure_tautau_c2_lo  0.258476 +0.985119 -0.985119
FakeMethod_mumu  0.341407 +0.94231 -0.94231
FakeOSSS_tautau_c0  -0.227589 +0.560223 -0.560223
FakeOSSS_tautau_c1  0.451673 +0.902412 -0.902412
FakeOSSS_tautau_c2  0.339276 +0.96959 -0.96959
FakeStat_mumu  0.203391 +0.961152 -0.961152
L1Prefiring  2.63492 +0.265044 -0.265044
Lumi  -0.452435 +0.12295 -0.12295
MCStatNorm_WJets_tautau  -0.176072 +0.515961 -0.515961
MET_Unclustered  -0.198983 +0.880959 -0.880959
MuonID  1.06178 +0.626151 -0.626151
MuonIso  1.14365 +0.403348 -0.403348
MuonReco  3.28894 +0.2064 -0.2064
MuonRes  0.350396 +0.0831232 -0.0831232
MuonScale  -0.399643 +0.0724064 -0.0724064
MuonTrigger  0.546993 +0.650761 -0.650761
PDF  1.49787 +0.830134 -0.830134
PS_FSR  -0.639291 +0.212804 -0.212804
PS_ISR  1.62523 +0.514991 -0.514991
Pileup  -0.00658147 +0.325988 -0.325988
QCDScale  -1.16295 +0.201207 -0.201207
SigModel_mumu  0.588326 +0.0572587 -0.0572587
TauES_DM0  -0.437977 +0.91891 -0.91891
TauES_DM1  -0.226066 +0.885801 -0.885801
TauES_DM10  -0.248966 +0.975284 -0.975284
TauES_DM11  0.0584894 +0.979292 -0.979292
TauFakeEle  -0.0269155 +0.983673 -0.983673
TauFakeMu  0.000991745 +0.981548 -0.981548
TauID_DM0  0.645643 +0.983563 -0.983563
TauID_DM1  0.620912 +1.01419 -1.01419
TauID_DM10  0.101346 +0.454364 -0.454364
TauID_DM11  0.25898 +0.972433 -0.972433
TauTrigger_DM0  0.356642 +1.09986 -1.09986
TauTrigger_DM1  0.383108 +1.02185 -1.02185
TauTrigger_DM10  0.20012 +0.879542 -0.879542
TauTrigger_DM11  0.118766 +0.979825 -0.979825
XS_DYll  -0.00234446 +0.98117 -0.98117
XS_DYlowmass  -0.00634169 +0.981755 -0.981755
XS_DYtautau  -1.74149 +0.881025 -0.881025
XS_DYtautau_nonfid  -0.160301 +0.935752 -0.935752
XS_SingleTop  0.107822 +0.974949 -0.974949
XS_TTbar  0.423088 +0.838704 -0.838704
XS_VV  -0.222828 +0.977284 -0.977284
XS_WJets  -0.945008 +0.910385 -0.910385
XS_WW  0.123216 +0.973081 -0.973081
XS_WZ  0.088248 +0.976504 -0.976504
XS_ZZ  0.046494 +0.978814 -0.978814
gamma_stat_ee_SR_bin_0  0.966132 +0.00746643 -0.00746643
gamma_stat_ee_SR_bin_1  0.989312 +0.00737275 -0.00737275
gamma_stat_ee_SR_bin_10  1.01148 +0.00288359 -0.00288359
gamma_stat_ee_SR_bin_11  1.01853 +0.00242805 -0.00242805
gamma_stat_ee_SR_bin_12  1.00822 +0.00173807 -0.00173807
gamma_stat_ee_SR_bin_13  1.00147 +0.00123216 -0.00123216
gamma_stat_ee_SR_bin_14  0.99663 +0.000929491 -0.000929491
gamma_stat_ee_SR_bin_15  1.00702 +0.00935808 -0.00935808
gamma_stat_ee_SR_bin_16  0.996973 +0.00101 -0.00101
gamma_stat_ee_SR_bin_17  0.977864 +0.00152213 -0.00152213
gamma_stat_ee_SR_bin_18  0.979361 +0.00219726 -0.00219726
gamma_stat_ee_SR_bin_19  0.999908 +0.00300536 -0.00300536
gamma_stat_ee_SR_bin_2  0.946917 +0.00662659 -0.00662659
gamma_stat_ee_SR_bin_20  0.995716 +0.00374211 -0.00374211
gamma_stat_ee_SR_bin_21  1.01368 +0.00464236 -0.00464236
gamma_stat_ee_SR_bin_22  1.00407 +0.0053697 -0.0053697
gamma_stat_ee_SR_bin_23  1.03402 +0.00622628 -0.00622628
gamma_stat_ee_SR_bin_24  1.01276 +0.00656906 -0.00656906
gamma_stat_ee_SR_bin_25  1.00676 +0.00731836 -0.00731836
gamma_stat_ee_SR_bin_26  1.02641 +0.00827435 -0.00827435
gamma_stat_ee_SR_bin_27  1.04542 +0.00936102 -0.00936102
gamma_stat_ee_SR_bin_28  1.01308 +0.00939414 -0.00939414
gamma_stat_ee_SR_bin_29  1.0171 +0.0100647 -0.0100647
gamma_stat_ee_SR_bin_3  0.964929 +0.00610865 -0.00610865
gamma_stat_ee_SR_bin_4  0.977374 +0.00600332 -0.00600332
gamma_stat_ee_SR_bin_5  0.979531 +0.00530396 -0.00530396
gamma_stat_ee_SR_bin_6  0.992588 +0.00494101 -0.00494101
gamma_stat_ee_SR_bin_7  1.00398 +0.00439248 -0.00439248
gamma_stat_ee_SR_bin_8  0.989641 +0.00383383 -0.00383383
gamma_stat_ee_SR_bin_9  1.00076 +0.00334456 -0.00334456
gamma_stat_mumu_SR_bin_0  1.00736 +0.00434067 -0.00434067
gamma_stat_mumu_SR_bin_1  0.995889 +0.00342091 -0.00342091
gamma_stat_mumu_SR_bin_10  1.00928 +0.00462587 -0.00462587
gamma_stat_mumu_SR_bin_11  1.00925 +0.00581381 -0.00581381
gamma_stat_mumu_SR_bin_2  0.997662 +0.00290963 -0.00290963
gamma_stat_mumu_SR_bin_3  0.99557 +0.00213685 -0.00213685
gamma_stat_mumu_SR_bin_4  1.00067 +0.00150429 -0.00150429
gamma_stat_mumu_SR_bin_5  1.00023 +0.000948052 -0.000948052
gamma_stat_mumu_SR_bin_6  1.00008 +0.00075417 -0.00075417
gamma_stat_mumu_SR_bin_7  1 +0.00202679 -0.00202679
gamma_stat_mumu_SR_bin_8  0.998361 +0.00228425 -0.00228425
gamma_stat_mumu_SR_bin_9  1.00631 +0.00337976 -0.00337976
gamma_stat_tautau_SR0_bin_0  0.986011 +0.0191056 -0.0191056
gamma_stat_tautau_SR0_bin_1  0.997943 +0.0141155 -0.0141155
gamma_stat_tautau_SR0_bin_2  1.00475 +0.00891595 -0.00891595
gamma_stat_tautau_SR0_bin_3  1.00551 +0.00898759 -0.00898759
gamma_stat_tautau_SR0_bin_4  0.997068 +0.0107618 -0.0107618
gamma_stat_tautau_SR0_bin_5  1.00206 +0.010137 -0.010137
gamma_stat_tautau_SR0_bin_6  0.990154 +0.00975612 -0.00975612
gamma_stat_tautau_SR1_bin_0  0.833454 +0.393341 -0.393341
gamma_stat_tautau_SR1_bin_1  0.980961 +0.0808615 -0.0808615
gamma_stat_tautau_SR1_bin_10  1.07461 +0.191072 -0.191072
gamma_stat_tautau_SR1_bin_11  0.676011 +0.393139 -0.393139
gamma_stat_tautau_SR1_bin_12  0.776648 +0.386138 -0.386138
gamma_stat_tautau_SR1_bin_13  1.12498 +0.290437 -0.290437
gamma_stat_tautau_SR1_bin_2  1.04284 +0.0530442 -0.0530442
gamma_stat_tautau_SR1_bin_3  1.04298 +0.0490452 -0.0490452
gamma_stat_tautau_SR1_bin_4  1.05229 +0.0416636 -0.0416636
gamma_stat_tautau_SR1_bin_5  1.00644 +0.033123 -0.033123
gamma_stat_tautau_SR1_bin_6  0.979903 +0.0285448 -0.0285448
gamma_stat_tautau_SR1_bin_7  0.992123 +0.0269233 -0.0269233
gamma_stat_tautau_SR1_bin_8  1.01443 +0.0456308 -0.0456308
gamma_stat_tautau_SR1_bin_9  1.00481 +0.064544 -0.064544
gamma_stat_tautau_SR2_bin_0  4.15573e-10 +47194.5 -47194.5
gamma_stat_tautau_SR2_bin_1  0.994762 +0.117294 -0.117294
gamma_stat_tautau_SR2_bin_10  1.32096 +0.327083 -0.327083
gamma_stat_tautau_SR2_bin_11  0.85525 +0.248027 -0.248027
gamma_stat_tautau_SR2_bin_12  0.499606 +0.869686 -0.869686
gamma_stat_tautau_SR2_bin_13  1.04976 +0.370034 -0.370034
gamma_stat_tautau_SR2_bin_2  1.02131 +0.0547592 -0.0547592
gamma_stat_tautau_SR2_bin_3  1.0301 +0.0339273 -0.0339273
gamma_stat_tautau_SR2_bin_4  0.9906 +0.0258229 -0.0258229
gamma_stat_tautau_SR2_bin_5  0.975161 +0.0280179 -0.0280179
gamma_stat_tautau_SR2_bin_6  0.994087 +0.0425194 -0.0425194
gamma_stat_tautau_SR2_bin_7  1.17584 +0.0925818 -0.0925818
gamma_stat_tautau_SR2_bin_8  1.24757 +0.160557 -0.160557
gamma_stat_tautau_SR2_bin_9  0.747231 +0.134067 -0.134067
mu_comb  0.95488 +0.0135353 -0.0134633


CORRELATION_MATRIX
134   134
0.0146413   0.000255237   9.22557e-05   0.000331139   -0.000512178   0.000668947   0.000380488   -0.000272682   0.000324213   -0.000103989   -0.000669416   -0.000810396   0.000877443   0.00101729   1.45438e-06   -0.000158284   0.000314422   -0.000426493   0.000905132   0.000752159   -0.00072918   0.000391217   -0.000552457   7.97694e-05   -0.000600941   -9.66604e-05   -0.000195292   -8.62858e-05   -6.94867e-06   0.00037962   2.52182e-05   0.000125818   -8.58483e-06   -0.000324339   -3.12578e-05   0.000568794   0.028326   -0.0115077   0.000283332   0.00305589   0.0095376   0.0163864   -1.60541e-05   0.00307317   -0.00413799   0.0602281   -0.0383081   -0.0453885   0.00385663   0.00293371   0.00182097   0.00210377   0.00299761   0.00414913   0.0050385   -0.000525839   -0.0013521   5.13727e-05   -0.000629864   -0.000932338   -0.000177353   -0.00111315   -0.00239391   -0.00268074   -0.00172445   0.00503426   -0.00277475   -0.00240503   -0.00533282   -0.00492026   0.00175505   -0.00244141   -0.000744878   0.00162902   0.0015191   0.0029028   0.0034488   0.00574997   0.000333455   0.00150747   -0.00085646   0.000507689   -0.000446455   0.000452901   -3.49258e-05   0.000401103   -0.0174848   7.1145e-06   2.73865e-05   0.000443679   -7.58439e-05   0.00113305   -0.00256818   0.000579514   0.000119508   0.00176649   -0.00192469   -3.47403e-07   0.000227947   2.10682e-05   0.000201624   0.000711091   0.000390236   0.0668252   0.00154392   0.0068249   0.0157847   0.000384504   -0.011447   -0.00648782   -0.0421634   0.0499427   0.02925   -0.00972025   0.0207508   7.62654e-06   -0.000562848   0.0138779   -0.0142356   -0.00309401   0.000353323   0.00016105   0.000945588   -0.00652936   0.000556226   0.000967892   0.000602871   -0.00151758   0.000245719   -0.0112226   -0.00896393   -4.084e-08   -0.000579195   1   
0.043196   -0.00163103   0.000770905   -0.00251802   0.00467532   0.0274041   0.0451391   0.0529072   0.00742486   0.00370322   0.0195131   -0.0114145   0.0249014   0.0140661   1.96602e-05   -0.0006421   -0.00498457   0.00638096   -0.00453406   -0.00695471   -0.028866   0.00436044   -0.00431858   0.00260676   -0.00192679   -0.00276816   -0.000623659   0.0238136   -0.000288344   0.0177399   0.00735877   0.0024642   -0.00214562   -0.0080418   -0.00360422   -0.00586126   -0.0048471   -0.0165302   -0.00649502   0.00329849   0.00288224   -0.0159548   -0.0278013   0.0115552   0.0588498   0.0474146   0.0453648   -0.00657018   0.00382225   -0.0447934   -0.0488798   -0.0370861   0.000995099   0.0544227   0.0332136   -0.000473102   -0.0242183   0.0283476   0.00301095   -0.0134431   0.00675802   0.00697936   -0.044218   -0.0218535   0.059656   0.0261651   0.11065   0.166551   0.105847   0.030441   0.0452983   -0.05058   0.0391278   0.0907272   0.0232733   0.00376681   -0.0059602   0.018196   0.00158469   0.00271043   0.00638221   0.00575666   0.00518655   0.0541198   0.00615784   0.01824   0.0112587   0.000250104   0.000578977   0.0228449   -0.0106626   0.085823   -0.0272281   0.044279   0.00349685   0.123686   -0.147737   -2.38173e-05   0.012183   -0.00124472   0.00439443   0.00439697   0.00821015   0.00693692   -0.0362152   0.224448   -0.0644333   -0.0382889   -0.060393   0.010592   0.00159694   -0.0573056   0.0147797   0.0173285   0.0136006   -0.0178315   -0.0400709   0.0450407   -0.0363323   0.00828471   0.0202612   -0.00585977   0.0270405   0.0133572   0.0361803   0.0175302   -0.0123168   0.0116428   0.00707763   0.0600628   0.146121   -1.22209e-06   1   -0.000579195   
-1.3463e-06   9.10225e-08   -1.36854e-07   9.26945e-08   -1.61333e-07   -8.91032e-07   -1.33147e-06   -1.63741e-06   -2.62735e-07   -1.91886e-07   -8.02666e-07   3.52078e-07   -6.67401e-07   -5.41086e-07   -1.16952e-09   -1.67956e-08   1.21592e-07   -1.8101e-07   2.60212e-07   1.96302e-07   7.95309e-07   -1.82647e-07   1.21212e-07   -7.89014e-08   -2.57532e-08   9.60022e-08   -8.11385e-08   -7.55201e-07   1.11699e-08   -5.98673e-07   -1.87751e-07   -7.53573e-08   8.56196e-08   2.34699e-07   1.66496e-07   2.0092e-07   -3.10042e-07   3.61508e-07   2.70067e-07   1.39711e-07   1.33904e-07   7.38493e-07   7.12577e-07   -4.5823e-07   -2.33885e-06   -2.04218e-06   -1.19373e-06   -2.95743e-08   4.22231e-07   9.00881e-07   1.08828e-06   1.42829e-06   2.9525e-07   -1.45574e-06   -3.6543e-07   -3.90169e-07   1.04032e-08   -1.64127e-06   -8.12364e-07   1.69158e-07   -2.50075e-07   -5.92192e-07   1.31129e-06   1.06466e-06   1.43653e-07   9.0241e-08   5.75008e-07   8.60521e-07   1.19886e-06   -1.00927e-06   1.72561e-06   -2.20328e-07   1.47334e-06   2.46093e-06   3.21136e-06   2.37947e-06   -2.37763e-07   -1.27591e-07   -3.10898e-08   -5.47245e-08   -2.59311e-07   -1.10717e-06   -9.42309e-07   -1.0453e-06   -2.47237e-07   -5.77895e-07   -2.13085e-06   -7.32331e-09   -1.47023e-08   -6.97819e-07   3.92985e-07   -2.67978e-06   1.69514e-07   -1.43146e-06   -1.36407e-08   -3.83499e-06   4.71777e-06   7.76144e-10   -3.66211e-07   3.10671e-08   -1.29613e-07   -1.0126e-07   -2.29787e-07   5.20529e-07   2.78765e-06   -6.06368e-06   2.18216e-06   2.32787e-06   2.03388e-06   2.62047e-07   -5.5265e-07   1.61686e-06   4.59837e-07   2.14808e-07   1.47588e-07   5.16786e-07   1.22716e-06   -4.97281e-06   5.21155e-07   -3.58645e-07   -6.49263e-07   1.53838e-07   -7.00603e-07   -5.80141e-07   -1.16317e-06   -6.07605e-07   3.67566e-07   -5.51994e-07   -1.83624e-07   -7.91764e-07   -4.72337e-06   1   -1.22209e-06   -4.084e-08   
-0.0669875   -0.00212529   0.00334707   -0.00255146   0.0095154   0.0269027   0.0457111   0.0502252   0.0183149   0.00758027   0.0283187   -0.00955841   0.0222287   0.0240171   1.17424e-05   0.00026979   -0.00470144   0.00453317   -0.00899763   -0.00295222   -0.0279873   0.00877624   -0.00184202   0.00348754   0.00210282   -0.00320016   0.00855047   0.0231096   -0.000417751   0.0197743   0.00520437   0.00193102   -0.00313008   -0.00693177   -0.00500525   -0.0055771   0.0413954   0.00115977   -0.00343455   0.0177224   0.0146345   -0.00202469   -0.0107069   0.021222   0.068399   0.0900522   0.0177304   -0.00321085   -0.206972   -0.184955   -0.129365   -0.117639   -0.0513896   0.0143924   0.00101067   0.0580047   0.0175144   0.0818819   0.034681   0.0173982   0.024821   0.0591234   -0.0135924   -0.00430506   0.00786044   0.00551955   -0.023086   -0.0462185   -0.0771588   0.070369   -0.13731   -0.00574078   -0.242231   -0.328273   -0.365358   -0.318154   0.0204082   0.025319   0.00461973   0.00728133   0.010513   -0.00867222   -0.0224448   0.00873953   0.00989557   0.018887   -0.0109455   0.000228737   0.000557534   0.0238582   -0.0113237   0.0922476   -0.00203355   0.0499726   0.00316725   0.132337   -0.156749   -2.77638e-05   0.012357   -0.000622396   0.00443721   0.0050903   0.00690424   0.0163285   -0.206265   0.194591   -0.0336944   -0.0411299   -0.0359343   0.0700688   0.00592931   -0.0512716   0.116387   0.0984536   0.088264   -0.0155822   -0.0268239   -0.0649946   0.0641432   0.0148335   0.0228871   -0.00351352   0.022722   0.0237448   0.0418874   0.0211664   -0.00839493   0.014319   0.00594035   -0.357825   1   -4.72337e-06   0.146121   -0.00896393   
-0.00385248   -0.00612158   0.00700853   -0.00670984   0.0116861   0.0681593   0.104062   0.122528   0.022162   0.0125046   0.0535934   -0.0280079   0.0550766   0.0383411   4.24977e-05   -2.36454e-05   -0.0111408   0.0134278   -0.0148596   -0.0127228   -0.0644065   0.0138804   -0.0103708   0.00639441   -0.00207803   -0.00664598   0.00435209   0.0557494   -0.000809404   0.0428393   0.0151167   0.00554509   -0.00580787   -0.0180838   -0.0102726   -0.012711   0.0213728   -0.0262391   -0.0110345   0.0246036   0.0235881   -0.0236461   -0.0484496   0.0372934   0.149929   0.141587   0.0752324   -0.0250456   0.0687618   0.0218804   -0.0237813   -0.0580295   0.0153369   0.141924   0.0868881   0.00765582   -0.0475996   0.0866098   0.0140598   -0.0241981   0.00848397   0.0271901   -0.113328   -0.109144   -0.0206688   0.0599535   -0.0660497   -0.0651118   -0.145257   -0.0377024   -0.0492904   -0.0264929   -0.0961675   -0.0819437   -0.127374   -0.0598025   0.0275215   0.0597375   0.0067306   0.0111013   0.0173884   0.00501646   -0.00986478   0.106638   0.0168489   0.042539   0.0303924   0.000570735   0.0013269   0.0542166   -0.0246357   0.204992   -0.0448096   0.10835   0.00888614   0.294798   -0.350216   -5.7652e-05   0.0284085   -0.00243395   0.0103072   0.0109654   0.0187917   0.0529169   -0.188763   0.49631   -0.117946   -0.136613   -0.12527   0.0848665   -0.0115124   -0.122432   0.143797   0.121559   0.110253   -0.0404681   -0.084971   0.00204299   0.0590468   0.0230186   0.049179   -0.0120696   0.0575613   0.0366473   0.0881044   0.0447369   -0.0264271   0.0304352   0.0150579   1   -0.357825   -7.91764e-07   0.0600628   -0.0112226   
0.013516   0.00501141   0.00212238   0.00203907   0.0149135   0.0203898   0.023604   0.0193367   0.00541086   0.00201728   0.00388862   0.0027985   0.00512565   0.00511641   -1.88473e-05   -0.000108247   -0.00625888   0.00710205   0.00253313   0.012253   0.0228088   0.00242883   0.00656324   0.00105198   0.00123418   0.0108285   0.0224639   -0.00329054   -0.000650732   -0.0191922   -0.0050345   -0.0230832   -0.0284549   -0.0401491   -0.0171882   -0.0019921   0.00302643   8.10909e-05   -0.00144635   -0.000624107   -0.000866693   -0.00304684   -0.0042686   0.0016513   0.011673   0.0106616   0.00798135   0.00092932   0.0029958   -0.000867118   -0.00210163   -0.00255464   0.0014898   0.00836433   0.00668402   0.00354822   -0.00306645   0.00636872   0.00123869   0.000194155   0.00271517   0.00246913   -0.00546207   -0.00480786   -0.000464478   0.00578246   -0.00407319   -0.00186002   -0.00961884   0.00137475   -0.00997177   0.00254606   -0.00700149   -0.00691118   -0.0112016   -0.00606243   0.000117495   0.00473646   0.000737013   0.00135239   -0.00111751   -0.00433286   0.00169461   -0.00181976   -0.00113422   -0.0721793   0.00339152   -0.000518796   -0.00149554   0.00548274   -0.0103587   0.00944665   -0.00586582   0.0119944   -0.0141624   0.0179537   -0.0284672   -4.4711e-05   -0.0031167   0.00255341   -0.000774372   -0.00907279   0.000787563   -0.00408409   -0.0083351   0.0319999   -0.0125495   0.000621928   -0.0106085   -3.99341e-05   0.00443933   -0.00794296   -0.000987023   0.000719496   0.000360724   -0.0154395   -0.103373   0.0109364   -0.00540743   0.00215683   0.0124814   0.0177854   -0.409427   0.00351291   0.0220491   0.0142385   0.0263447   0.0327499   1   0.0150579   0.00594035   -1.83624e-07   0.00707763   0.000245719   
0.0361451   0.0150268   0.0166495   0.00559902   0.0583403   0.096612   0.102453   0.0675897   0.00262666   0.0130774   0.0231449   0.0131942   0.013954   0.01951   -0.000142029   -0.186469   -0.305912   -0.34656   0.0805969   0.0615456   0.0338858   0.0221489   0.0129083   0.00252399   -0.00320776   -0.0232436   -0.0254834   0.0210862   -0.000911302   0.0182713   0.00503581   -0.00371255   -0.00575099   0.000828312   0.0268379   0.0301761   0.0347069   0.0125716   -0.0038096   -0.00224708   0.00192613   -0.0228996   -0.0224022   0.00793104   0.0641389   0.0705846   0.00511507   0.017539   -0.00175522   0.00557499   -0.00507883   -0.017749   0.00450143   0.0321432   0.0107533   0.00160996   0.0163502   0.0291653   0.0191234   0.0021048   0.000629151   0.0159814   -0.0114783   -0.0176089   0.00339934   0.00750276   0.000392877   -0.018731   -0.00683766   0.0104314   -0.0125143   0.00885732   -0.00391702   -0.0177748   -0.0225752   -0.018472   0.0265785   0.0115205   0.00257721   0.00743656   0.00799328   0.00419367   0.0049982   0.0454207   0.00612487   -0.0633298   0.0114614   4.69992e-05   -0.0102114   0.0307915   -0.0110007   0.0711886   -0.00158071   0.0803252   0.0201919   0.0680244   -0.140655   -5.63176e-05   -0.00960044   -0.00511027   -0.0493976   -0.196985   -0.205547   -0.00686826   -0.0707192   0.0682275   -0.139846   -0.0920093   -0.0721828   0.00633624   0.0202446   -0.0137266   0.0146061   0.0126845   0.017089   0.0507953   -0.0567231   0.0351467   -0.0200428   0.0118919   0.0494458   -0.256566   0.125399   0.0192483   0.0863002   0.0585407   0.174389   1   0.0327499   0.0304352   0.014319   -5.51994e-07   0.0116428   -0.00151758   
-0.0243249   0.00737469   -0.00112166   0.00193204   0.0279275   0.0599648   0.0678731   0.036957   0.0182623   0.00122666   -0.00617098   0.00951735   -0.00238118   -0.00380599   -4.38739e-05   -0.00234054   0.00377656   0.0279184   -0.199492   -0.106001   -0.0491144   -0.117095   -0.138159   0.000895613   0.00262338   0.0105762   0.0215712   -0.183457   -0.0131297   -0.00799347   0.0113665   -0.00198172   -0.000260956   0.00137071   0.0233739   0.0359823   -0.00392633   0.00142939   0.00250759   0.000142577   -0.00081107   0.00646445   0.00979544   -0.00386619   -0.0233858   -0.0249971   -0.0067598   2.81959e-05   -0.000582772   0.00124357   0.00667254   0.0110855   0.00109196   -0.0149698   -0.00600952   0.00111159   0.000796207   -0.0106611   -0.00447363   0.0028886   -0.000423594   -0.00341801   0.0125526   0.0136335   0.0022678   -0.00382514   0.00528236   0.00907932   0.0114007   -0.0069839   0.0159519   -0.00840218   0.00746358   0.0128618   0.0198131   0.0131696   -0.00314178   -0.0038393   -0.0032059   -0.00255975   -0.00226415   -0.00479986   -0.00210028   -0.0185628   -0.00292715   -0.0124476   -0.00221611   -0.000100259   0.0012154   -0.0375165   -0.0229869   -0.042171   -0.00246736   -0.0737071   -0.0231879   -0.0782853   0.0547453   -4.53178e-05   0.00141867   -0.0171747   0.00463231   -0.0708991   -0.0372865   -0.00267697   0.0198709   -0.0554611   0.0627867   0.0305548   0.0112699   -0.000365228   -0.00141773   0.013061   -0.00303469   -0.00176211   -0.00392047   0.0605882   -0.0736367   -0.0250047   0.00842407   -0.00340208   0.0257474   -0.242428   0.100854   -0.00542156   0.0470122   0.0161624   1   0.174389   0.0263447   -0.0264271   -0.00839493   3.67566e-07   -0.0123168   0.000602871   
0.0357544   -0.156581   -0.232958   -0.35408   0.0625839   0.0669905   0.0467624   0.0380399   0.00985308   -0.0168054   0.0156732   -0.0601789   -0.124718   0.0180661   -5.78434e-05   -0.00196397   0.0024737   0.0128631   0.0113753   0.00981022   -0.0102071   0.00616165   -0.00550464   0.00238797   0.00298268   -0.00551491   -0.00255322   0.00935978   -0.000741349   0.0244184   0.000546116   0.000227356   -0.00614082   -0.00306625   0.00626973   0.00577421   0.0184236   0.00104256   -0.00285689   -0.00250749   -0.00108349   -0.021465   -0.0165   0.00723651   0.0489495   0.0426275   0.0218843   0.0151147   0.00209702   0.000688646   -0.00705412   -0.0162429   0.00387281   0.0312025   0.0154535   0.00537584   0.00519907   0.0265731   0.0127833   0.000528202   0.00352153   0.0142849   -0.0150018   -0.0168691   0.00231276   0.00990482   -0.00478961   -0.01334   -0.0162088   0.010274   -0.0227995   0.00966335   -0.0118778   -0.02125   -0.0306078   -0.0212294   0.0178754   0.013657   -0.00124536   0.000668302   0.00303433   0.00490608   0.00565727   0.0354698   0.000788546   -0.0270153   0.0137099   0.00011444   -0.00318117   0.0152473   -0.0169431   0.0454949   -0.00129165   0.0338453   -0.00635677   0.057566   -0.105209   -2.22688e-05   0.00298021   -0.0243457   -0.0198588   -0.0369585   -0.0345562   -0.0183928   -0.0629139   0.0865114   -0.0291451   -0.0566381   -0.0742962   0.00366272   0.0216776   -0.0241194   0.000877108   0.00829856   0.00538655   -0.137328   0.00993224   0.0355941   -0.014196   0.00940843   -0.00229477   0.014682   0.0545335   0.0154677   0.0968047   1   0.0161624   0.0585407   0.0142385   0.0447369   0.0211664   -6.07605e-07   0.0175302   0.000967892   
0.0706228   -0.033345   -0.0453607   -0.0694411   -0.0373934   0.0192818   0.0607803   0.0272504   -0.0685084   0.00399352   0.0332964   -0.017668   -0.0117947   -0.0466588   -7.58588e-07   -0.00402919   -0.00215961   0.023206   0.0122437   0.0247902   -0.00499916   0.0219811   -0.00327981   0.004942   0.00654613   -0.00907931   -0.00439677   0.0175204   -0.00163119   0.041809   0.00357835   0.00430611   -0.004489   -0.00583344   -0.00208164   -0.0080874   0.0316479   0.000749698   -0.00650339   -0.00243693   -0.0015206   -0.0283415   -0.0322968   0.0115022   0.0751275   0.0802396   0.0330302   0.0218016   0.0117648   -0.00200892   -0.0127115   -0.027243   0.0091899   0.0586447   0.03668   0.0133854   -0.00732828   0.0452851   0.0122444   -0.00328348   0.00638989   0.0245648   -0.0326137   -0.030015   0.00372835   0.0220415   -0.0157253   -0.0182868   -0.0415114   0.0155068   -0.0496826   0.0148953   -0.0289793   -0.0394487   -0.0605316   -0.0387862   0.0289858   0.0313001   0.000556107   0.00168756   0.0106054   0.00657084   0.0104888   0.0784332   0.00966447   0.0315071   0.0238703   0.000325219   -0.000434494   0.0255354   -0.0520694   0.0712033   0.0172754   0.0548301   -0.0581974   0.0955965   -0.219585   -4.32986e-05   0.0143406   -0.00404054   0.00261961   0.0128706   0.0248495   -0.024403   -0.129456   0.177495   -0.10506   -0.062252   -0.111768   0.00731066   0.0330124   -0.047671   0.00657499   0.0152476   0.0122992   -0.0674221   0.0197112   0.073466   -0.0279078   0.0150456   -0.00635237   0.0340977   0.0841601   0.0246252   1   0.0968047   0.0470122   0.0863002   0.0220491   0.0881044   0.0418874   -1.16317e-06   0.0361803   0.000556226   
0.0371539   0.000222853   0.00397573   0.00038628   0.00471262   0.0146345   0.024432   0.0300333   0.00637481   0.00477205   0.0186827   -0.00429817   0.00909121   0.0192609   -1.58634e-05   0.00111475   0.00155752   0.00208255   -0.00737686   -0.00482598   -0.0109395   0.00344954   0.000259149   0.00186831   0.00492679   -0.00155814   0.0034239   0.0139073   -0.000230412   0.0158255   0.00383768   0.0019485   -0.00235919   -0.005903   -0.00556947   -0.00536123   -0.0595074   -0.0607434   0.00365369   0.0159677   0.0220176   0.023564   -0.0349004   -0.0244351   -0.0871159   -0.0477552   -0.0772284   -0.0216354   0.00710519   0.00797398   0.00314989   -0.00264387   0.0171893   0.0426035   0.0311136   0.0231737   0.0215147   0.0407496   0.0274815   0.015444   0.0175681   0.0256637   -0.00303418   -0.00641161   0.00863326   0.0268518   -0.000903901   -0.0112268   -0.0189483   0.00211943   -0.0160566   0.00153192   -0.0167118   -0.0220434   -0.0284591   -0.0165153   0.0341932   0.0331495   -0.000540128   0.000946156   -0.0136043   0.00793726   0.00989441   -0.0379985   -0.00996238   0.0148831   -0.0100282   0.000136218   7.58048e-05   0.0126855   -0.0090619   0.0527041   0.0251441   0.0291804   -0.00129388   0.0749685   -0.0943204   -1.9882e-05   0.00646022   -0.000158589   0.00271264   0.000734582   0.00392993   0.133903   -0.0546356   0.0797612   -0.0586319   -0.0482139   -0.133387   -0.0149796   -0.092791   -0.018264   0.00875187   -0.0280779   -0.00689512   -0.00737195   -0.0154179   0.0353657   -0.0162864   0.0135411   0.0136758   -0.00121498   0.0134352   1   0.0246252   0.0154677   -0.00542156   0.0192483   0.00351291   0.0366473   0.0237448   -5.80141e-07   0.0133572   -0.00652936   
0.0515917   0.0191082   0.00815117   0.00788531   0.0571817   0.0779061   0.0898513   0.0735741   0.020585   0.00770974   0.0148422   0.0106726   0.019584   0.0195206   -7.26639e-05   -0.000459298   -0.0239182   0.0271944   0.00982008   0.0469191   0.0873513   0.00924281   0.0250528   0.00401072   0.0046931   0.0414395   0.0859717   -0.0126624   -0.00248986   -0.0753906   -0.0198296   -0.0854241   -0.1069   -0.152174   -0.0664078   -0.0118166   0.0115538   0.000286615   -0.00552011   -0.00239077   -0.00331348   -0.0116922   -0.0163007   0.00632221   0.0446494   0.0407167   0.0305357   0.00357839   0.0114175   -0.00329995   -0.00803345   -0.00978334   0.00569401   0.0319843   0.0255254   0.0135509   -0.0116535   0.0243731   0.00478088   0.000757845   0.0103723   0.00945752   -0.0208595   -0.0183825   -0.00176467   0.0220934   -0.0155379   -0.0071372   -0.0367167   0.00527637   -0.0380899   0.00974429   -0.0267332   -0.026423   -0.0428065   -0.0231842   0.000492916   0.0180929   0.00282284   0.00516065   -0.00427693   -0.0165719   0.00648108   -0.00692638   -0.00434233   -0.274279   0.0129756   -0.00191215   -0.00576577   0.0208611   -0.0391491   0.0361259   -0.0222303   0.0455563   -0.0537033   0.0683452   -0.10858   -0.000168308   -0.0120437   0.00960478   -0.00331555   -0.0365463   0.00302915   -0.0156527   -0.0319043   0.122258   -0.0476431   0.00217287   -0.040651   -0.000151904   0.0169895   -0.0303681   -0.00379668   0.00275281   0.00136279   -0.0597842   -0.395643   0.0417834   -0.020681   0.00824827   0.0476534   0.0680918   1   0.0134352   0.0841601   0.0545335   0.100854   0.125399   -0.409427   0.0575613   0.022722   -7.00603e-07   0.0270405   0.000945588   
-0.0102003   0.00555402   0.00113084   0.00163268   0.0211311   0.042492   0.0470839   0.0265426   0.0100239   0.00197774   -0.0012205   0.00663049   -2.18565e-05   -0.000388998   -3.90101e-05   -0.0177254   -0.0244697   -0.0252858   -0.0962646   -0.0538976   -0.0268724   -0.0590873   -0.0669589   -4.52238e-05   -0.000348157   0.00308925   0.00958852   -0.0865244   -0.00610073   -0.00276893   0.00676336   -0.0015113   -0.000734246   0.000877531   0.0157159   0.0230515   0.00103025   0.00198163   0.0010432   -0.000126381   -0.000196476   0.00135202   0.00334816   -0.00135755   -0.00673053   -0.00709523   -0.00350811   0.0015697   -0.000749965   0.00130437   0.00317973   0.00434487   0.000909636   -0.00537705   -0.00265112   0.000518632   0.0023927   -0.00317956   -0.000442807   0.00182134   -0.000284418   -0.000446829   0.00595193   0.00578829   0.00152896   -0.00159034   0.00314456   0.00304069   0.00605871   -0.00276324   0.00792231   -0.00370368   0.00404286   0.00550582   0.00902842   0.00556583   0.000819624   -0.00131045   -0.00141789   -0.000628798   -0.000541848   -0.00222742   -0.000734061   -0.00600763   -0.00102263   -0.0133735   -0.000309508   -5.2903e-05   -0.000405099   -0.0176082   -0.0131765   -0.0168177   -0.00156217   -0.0326576   -0.0099872   -0.037378   0.0172226   -2.55577e-05   -0.00041639   -0.0098396   -0.0028397   -0.0592691   -0.0421756   -0.00181965   0.00480971   -0.0249286   0.0207123   0.00690488   -7.7031e-05   0.000367201   0.00088639   0.00614934   -0.000204787   0.000178174   -0.000491621   0.0385267   -0.0465595   -0.0106896   0.00280895   -0.00077687   0.0189068   1   0.0680918   -0.00121498   0.0340977   0.014682   -0.242428   -0.256566   0.0177854   -0.0120696   -0.00351352   1.53838e-07   -0.00585977   0.00016105   
0.0392842   -0.0306404   -0.0411203   -0.0753204   -0.00432237   0.0145539   0.0298464   0.0123728   -0.02211   0.00046447   0.0184492   -0.0157157   -0.0185341   -0.00777496   -9.5044e-06   -0.00219502   -0.00098748   0.0131041   0.00757257   0.0137809   -0.00323208   0.0117461   -0.00237895   0.00272072   0.00354903   -0.0051233   -0.00259667   0.0096866   -0.000898709   0.0233109   0.00185969   0.00225278   -0.00274897   -0.0031622   -0.000586983   -0.00371131   0.0167063   -3.47608e-05   -0.00359484   -0.0014394   -0.00078349   -0.0163302   -0.0177631   0.00661246   0.042771   0.0441789   0.0189091   0.0116857   0.00572266   -0.00102478   -0.00749333   -0.0157236   0.00456209   0.0324198   0.0194383   0.00669723   -0.00291642   0.0252259   0.00765234   -0.00176474   0.00344725   0.0133464   -0.0182737   -0.0174336   0.00168798   0.011876   -0.00847442   -0.0110416   -0.0224642   0.00917716   -0.0275769   0.00904176   -0.0157173   -0.0222522   -0.0339168   -0.021964   0.0156739   0.0164533   0.000155462   0.000868135   0.00558248   0.00378521   0.00575717   0.0420574   0.00489441   0.013616   0.0128806   0.000176225   -0.000489452   0.0139676   -0.0283406   0.0402528   0.00869487   0.0298565   -0.0311613   0.0535456   -0.120417   -2.40596e-05   0.00764538   -0.00420905   -0.000437457   0.00364301   0.00828568   -0.0132605   -0.0689919   0.0985991   -0.0565179   -0.0386717   -0.0612704   0.00374175   0.0178316   -0.0265234   0.00314203   0.00804777   0.00645695   -0.0429198   0.0109562   0.0406669   -0.0158579   0.00835793   1   0.0189068   0.0476534   0.0136758   -0.00635237   -0.00229477   0.0257474   0.0494458   0.0124814   0.049179   0.0228871   -6.49263e-07   0.0202612   0.000353323   
0.0223379   9.25026e-05   0.00244726   0.000181926   0.00288171   0.00899071   0.0149681   0.0185033   0.00382404   0.00293682   0.0115179   -0.00261939   0.00558244   0.0116309   -1.00169e-05   0.000716466   0.000895843   0.00131973   -0.0045756   -0.00301714   -0.00670079   0.00208831   0.000151844   0.00115522   0.00302967   -0.00094313   0.00209832   0.00857701   -0.000136711   0.00970856   0.00237113   0.00119167   -0.00145017   -0.00361037   -0.00341861   -0.00333556   -0.0412602   -0.0365693   0.00340023   0.00983964   0.0136219   0.0106545   -0.0234603   -0.0152165   -0.0568917   -0.0335286   -0.0454497   -0.00522011   0.00418322   0.00477508   0.00176496   -0.00185302   0.0102523   0.0258857   0.0186058   0.0142866   0.013432   0.0251291   0.0170644   0.00959017   0.0108704   0.0158193   -0.00178584   -0.00391108   0.00534474   0.0159919   -0.000433023   -0.00688935   -0.0114316   0.00156499   -0.00998883   0.00115146   -0.0102203   -0.0136433   -0.0175992   -0.0103046   0.0204655   0.019652   -0.000335011   0.00049558   -0.00837349   0.0048352   0.00607346   -0.0240755   -0.00621105   0.00911165   -0.00378598   8.34293e-05   4.54818e-05   0.0077639   -0.00554788   0.0322738   0.0153324   0.0178595   -0.000778858   0.0459019   -0.0577561   -1.22988e-05   0.00395893   -0.000106455   0.00165227   0.000386296   0.00239314   0.0753096   -0.0332327   0.0489213   -0.0371188   -0.0299979   -0.0801976   -0.0068329   -0.0524286   -0.0133188   0.00431894   -0.013977   -0.00509665   -0.00455012   -0.00947424   0.0213084   -0.00956962   1   0.00835793   -0.00077687   0.00824827   0.0135411   0.0150456   0.00940843   -0.00340208   0.0118919   0.00215683   0.0230186   0.0148335   -3.58645e-07   0.00828471   -0.00309401   
0.153772   0.00351856   -0.00231995   0.00251304   -0.00366167   -0.0212034   -0.0332327   -0.0478372   -0.000186832   -0.00298967   -0.0223438   0.0113983   -0.0198497   -0.00963189   -6.60593e-07   0.000977962   0.00288041   -0.0063184   0.00464651   0.00622474   0.0195427   -0.00434407   0.00475094   -0.000191679   0.00105542   0.00504587   -0.00302246   -0.0212514   0.00028051   -0.0147999   -0.00505304   -0.0017036   0.00300424   0.00546701   0.00235933   0.00403101   0.0208781   0.0326752   0.01391   0.02648   0.0260609   0.0515558   0.0361798   -0.00844079   -0.0633758   -0.043519   -0.0629984   -0.0298301   -0.0608843   -0.0471717   -0.0107811   -0.00235897   -0.04279   -0.0838632   -0.0646761   0.0246224   0.0263005   -0.0178152   0.0123255   0.0338485   0.0187061   0.0162666   0.0693167   0.0786071   0.0355268   -0.0417815   0.0712465   0.0836695   0.154422   0.0895759   0.0415449   0.00173342   0.0264426   -0.00538547   0.00283101   -0.0268395   -0.0324983   -0.039618   0.00258402   0.00421676   -0.00639898   -0.00383427   0.00364301   -0.036156   -0.00582975   -0.0147667   -0.0408704   -0.000181099   -0.000558728   -0.0182872   0.011634   -0.0672365   -0.0168299   -0.0349006   0.00218377   -0.0985078   0.125753   1.79194e-05   -0.00919258   0.000834765   -0.00363664   -0.00541619   -0.00727409   0.0864289   0.0837385   -0.182951   0.0996427   0.0768354   0.0687918   0.0809833   -0.0461919   0.080273   0.152022   0.103918   0.101975   0.0144473   0.026099   0.14774   1   -0.00956962   -0.0158579   0.00280895   -0.020681   -0.0162864   -0.0279078   -0.014196   0.00842407   -0.0200428   -0.00540743   0.0590468   0.0641432   5.21155e-07   -0.0363323   -0.0142356   
-0.0920639   -0.00430122   0.00539207   -0.00520964   0.0130528   0.051632   0.0858993   0.103038   0.0187955   0.0111181   0.0491268   -0.0187075   0.040043   0.0357347   7.22418e-05   -0.000121168   -0.00816281   0.0124976   -0.0180314   -0.0151043   -0.0505531   0.00951788   -0.00397917   0.00458503   0.00317413   -0.0053215   0.0046768   0.0471731   -0.000833256   0.0353661   0.0126024   0.00429124   -0.00482408   -0.0145295   -0.00971166   -0.0138608   -0.00022907   -0.03091   -0.0185086   -0.0273634   -0.0277453   -0.0654863   -0.0611377   0.0163543   0.125369   0.105773   0.100163   0.0348865   0.057021   0.0168372   -0.0168517   -0.0465138   0.00900574   0.105624   0.0611832   0.0220835   -0.0214742   0.0772261   0.0208103   -0.00961325   0.0143154   0.0298251   -0.0760359   -0.0745627   -0.00936948   0.036004   -0.0432921   -0.0416638   -0.0920215   -0.002437   -0.0494997   0.00163054   -0.043654   -0.042806   -0.082113   -0.0366814   0.0215984   0.0421698   -0.00085993   -0.00131469   0.0149393   0.00465262   0.00509822   0.102028   0.0139757   0.0352779   0.0424197   0.00044604   0.000842959   0.0432901   -0.02784   0.168074   -0.00956   0.0893229   -0.00426158   0.239342   -0.301399   -4.38327e-05   0.0231638   -0.00203531   0.00761989   0.00457542   0.0129212   -0.0965529   -0.163975   0.372467   -0.174061   -0.104301   -0.132092   -0.0725014   0.0715234   -0.107894   -0.140434   -0.0883502   -0.0878781   -0.0327759   -0.071626   1   0.14774   0.0213084   0.0406669   -0.0106896   0.0417834   0.0353657   0.073466   0.0355941   -0.0250047   0.0351467   0.0109364   0.00204299   -0.0649946   -4.97281e-06   0.0450407   0.0138779   
-0.0659431   0.00993215   -0.00104131   0.00672973   0.0317274   0.0337436   0.0232928   -0.00389462   0.0133411   -0.00225842   -0.0189018   0.0178205   -0.0145966   -0.0148601   -6.09501e-05   -0.00410314   0.0631773   -0.0132628   0.0652618   -0.0193433   -0.162227   0.0110824   -0.0695382   -0.000533341   0.00567233   -0.106065   -0.204083   0.00602621   0.00294616   0.0347354   -0.156185   -0.00604099   -0.0157041   0.0715108   -0.0253498   -0.112484   -0.00677816   0.0089308   0.00595478   0.00114193   0.000201676   0.0211889   0.0274662   -0.00956272   -0.0582135   -0.054651   -0.0332332   -0.00641786   -0.00733381   0.0137296   0.0251117   0.0389292   0.0125913   -0.037788   -0.0173361   0.00755455   0.0126248   -0.0174282   -0.00274674   0.0214328   -0.0024763   -0.00960715   0.0469326   0.0369722   0.00859651   0.0197757   0.0217378   0.0233707   0.0421449   -0.020887   0.0545738   -0.0257198   0.0238324   0.0352278   0.0615848   0.0366132   -0.00619906   -0.0110551   -0.00194849   -0.0019003   -0.0090333   -0.156927   -0.00444929   -0.0615345   -0.0108635   -0.0787477   -0.00712614   -0.000387884   -0.00251989   -0.0343997   0.00410008   -0.126485   -0.00087685   -0.0806373   -0.016905   -0.178643   0.172121   0.000218237   -0.0301416   -0.0104384   -0.00545223   -0.0718586   0.00585143   0.00738436   0.0626749   -0.171009   0.0952963   0.0576167   0.0638957   -0.00122103   -0.0132158   0.0449685   0.000607576   -0.00522725   -0.00405423   0.00383894   1   -0.071626   0.026099   -0.00947424   0.0109562   -0.0465595   -0.395643   -0.0154179   0.0197112   0.00993224   -0.0736367   -0.0567231   -0.103373   -0.084971   -0.0268239   1.22716e-06   -0.0400709   -0.000562848   
-0.0309995   0.0159302   -0.0247136   -0.0788297   -0.243441   -0.0889124   0.103329   0.0718585   0.0106822   0.0030738   -0.0119366   0.0125349   0.0097084   -0.0154841   1.01592e-05   -0.00342135   0.00057282   0.0124612   0.0321846   0.0360423   0.0350194   0.00609402   -0.00315203   -0.00218233   0.00384084   -0.00174774   -0.0012952   -0.0228473   -0.00161303   -0.0467277   -0.0123191   0.00443272   0.0254932   0.01806   -0.0177723   -0.0217998   -0.00375582   0.00479251   0.00291561   0.000340874   -0.000222502   0.0100646   0.0126161   -0.00525275   -0.0285115   -0.028437   -0.0135302   -0.00263169   -0.00239805   0.00203823   0.00856214   0.0146253   -0.000326041   -0.0228104   -0.0115245   -0.000778989   0.00364167   -0.0163825   -0.00485099   0.00374295   -0.000953172   -0.00640587   0.0173088   0.0176589   0.00177695   -0.00762581   0.00794774   0.0108584   0.0178698   -0.00908899   0.0238926   -0.0104898   0.012104   0.0185122   0.0286584   0.0188206   -0.00646636   -0.00837981   0.000333637   0.000915191   -0.00587663   -0.00173136   -0.003595   -0.0321799   -0.00613591   -0.0332857   -0.00585008   2.14688e-05   -0.00414302   -0.00681039   0.0176452   -0.0203028   -0.00617059   -0.014922   0.011031   -0.0236601   0.0797599   5.91578e-05   -0.0172351   -0.00882831   -0.0336808   -0.0485221   -0.0656961   0.00239016   0.0390248   -0.0807818   0.0512415   0.0351818   0.026892   -0.000831711   -0.00538634   0.0216567   -0.00104593   -0.00284125   -0.00292306   1   0.00383894   -0.0327759   0.0144473   -0.00455012   -0.0429198   0.0385267   -0.0597842   -0.00737195   -0.0674221   -0.137328   0.0605882   0.0507953   -0.0154395   -0.0404681   -0.0155822   5.16786e-07   -0.0178315   7.62654e-06   
-0.0902098   0.000450042   0.00102567   0.00036174   0.00633134   0.00299082   0.011892   0.0150047   0.00482378   0.00281501   0.0119375   0.00253682   -0.000871249   0.0112756   -1.51496e-05   0.000537371   0.00125923   0.00213633   -0.00782944   -0.0055199   -0.00162494   0.000251766   0.00418278   0.000404559   0.00647008   -0.000473528   0.00298074   0.00630796   -0.000220821   0.00665252   0.0015036   0.000454469   -0.00117208   -0.00182712   -0.00291426   -0.00503664   -0.0547068   -0.0575936   -0.0090811   -0.0331848   -0.0347497   -0.0414343   -0.0285755   -0.00893997   -0.0265942   -0.0320873   0.0317826   0.048675   -0.0237353   -0.0181117   -0.0084242   -0.00920926   -0.00257748   0.00209174   -0.000512575   0.0157626   0.0136619   0.0180894   0.0136933   0.0128156   0.0102535   0.0206813   0.0142477   0.0170382   0.0166514   -0.000819611   0.0170654   0.0144816   0.0241698   0.0354087   -0.0254697   0.0163832   -0.0093732   -0.0273989   -0.0318802   -0.0323222   0.0120355   0.0045443   -0.00541675   -0.00882718   -0.00340162   0.00187816   0.0109236   -0.00784203   -0.00295201   0.00660874   0.0172544   3.49438e-05   -0.000113451   0.00472066   -0.00433006   0.0238731   0.0327672   0.0138046   -0.00104872   0.0332346   -0.0420359   -6.05152e-06   0.00218789   0.000132109   0.000675901   -0.00190864   0.000319683   -0.108196   -0.042493   -0.00112452   -0.0906281   -0.00904982   -0.0667974   -0.119509   0.0404904   -0.0682295   -0.224639   -0.160128   1   -0.00292306   -0.00405423   -0.0878781   0.101975   -0.00509665   0.00645695   -0.000491621   0.00136279   -0.00689512   0.0122992   0.00538655   -0.00392047   0.017089   0.000360724   0.110253   0.088264   1.47588e-07   0.0136006   0.0207508   
-0.0888948   0.00161522   0.000622139   0.00173557   0.00644875   0.0039808   0.0142179   0.014002   0.00812891   0.00256592   0.0101662   0.00113934   0.000854922   0.0165082   -9.65954e-06   -0.000439293   0.00235825   0.000902578   -0.00570781   -0.00332432   -0.0038928   0.00157931   0.00372544   0.000460466   0.00541001   -0.000868141   0.0030502   0.00562285   -0.000334464   0.00710675   0.00125361   0.000625466   -0.00112519   -0.00243303   -0.0027384   -0.00341264   0.1435   0.0696653   -0.0394945   -0.0499878   -0.0177847   -0.00429444   -0.0535058   -0.0452496   0.0675466   0.123941   -0.163373   -0.119234   -0.0217112   -0.0189373   -0.00636615   -0.00485116   0.00597583   0.0128367   0.0169759   0.0161875   0.00541267   0.0175862   0.00852049   0.0100553   0.00954954   0.0209067   0.0105626   0.0160798   0.0164324   0.0167363   0.0135005   0.0160274   0.0176289   0.0349222   -0.0314655   0.0151524   -0.015581   -0.0321291   -0.0392248   -0.0359879   0.028371   0.0285585   -0.00808195   -0.00715438   -0.0043441   0.0029431   0.013206   0.0120461   -0.000173149   0.00752235   -0.0612379   5.04111e-05   -2.76975e-05   0.00625736   -0.00439692   0.0286767   0.0285929   0.0164823   -0.000408398   0.0404695   -0.0491956   -4.61436e-06   0.00287277   0.000323814   0.00124109   0.0005495   0.00127325   0.244092   -0.0561608   0.0139605   -0.0459519   0.00504814   -0.104754   -0.25307   -0.0774594   0.0999549   -0.23634   1   -0.160128   -0.00284125   -0.00522725   -0.0883502   0.103918   -0.013977   0.00804777   0.000178174   0.00275281   -0.0280779   0.0152476   0.00829856   -0.00176211   0.0126845   0.000719496   0.121559   0.0984536   2.14808e-07   0.0173285   -0.00972025   
-0.144235   0.000431807   -0.000281211   0.00027758   0.00658952   -0.00175243   0.00620474   0.00795202   0.00406356   0.001818   0.00827793   0.00502301   -0.00476405   0.00717985   -1.30566e-05   0.000190122   0.00092344   0.00204117   -0.00742052   -0.00530888   0.00208101   -0.000988803   0.00543151   -0.000246577   0.00649989   -1.56862e-05   0.00257296   0.00278195   -0.000213574   0.00224085   0.000398777   -0.000216299   -0.000577162   2.25603e-05   -0.00152909   -0.00444162   -0.0196678   -0.0124711   -0.0126206   -0.0603918   -0.0604433   -0.0590564   -0.0263504   -0.0162712   0.00769045   -0.00642197   0.0508213   0.071084   -0.0372091   -0.0298827   -0.0141085   -0.0125871   -0.0112764   -0.0149384   -0.0134489   0.0110786   0.00835507   0.00715255   0.00636556   0.0102703   0.0061446   0.017294   0.0200152   0.0256352   0.0191366   -0.0117547   0.0238257   0.0250534   0.0417421   0.0503116   -0.031016   0.023657   -0.00677349   -0.0304639   -0.0347807   -0.0400455   0.00243852   -0.00678281   -0.00784495   -0.0128093   0.00177074   -0.000913936   0.0112622   0.00975815   0.00102462   0.0026232   0.0207617   -8.40943e-06   -0.000170872   0.00127631   -0.0019506   0.0108174   0.0325689   0.0067741   -0.000629723   0.014448   -0.0180338   4.32337e-07   0.000345857   0.000241958   -0.000192265   -0.00268943   -0.00112141   -0.182284   -0.0363059   -0.0325808   -0.0955326   0.00799348   -0.0322794   -0.178981   0.105997   -0.0135886   1   -0.23634   -0.224639   -0.00104593   0.000607576   -0.140434   0.152022   0.00431894   0.00314203   -0.000204787   -0.00379668   0.00875187   0.00657499   0.000877108   -0.00303469   0.0146061   -0.000987023   0.143797   0.116387   4.59837e-07   0.0147797   0.02925   
-0.106952   0.00381893   -0.00406039   0.00402609   -0.00663505   -0.0365688   -0.0555369   -0.0648706   -0.0139524   -0.00714463   -0.0298082   0.0159587   -0.0304356   -0.021092   -3.60775e-05   0.000670192   0.00674834   -0.00708871   0.00766552   0.00487489   0.0360431   -0.00893591   0.00608008   -0.0029907   0.00196844   0.00437362   -0.00425279   -0.0297055   0.000548454   -0.0215968   -0.00718659   -0.00269014   0.00299159   0.00870096   0.00480844   0.00560402   0.0168964   -0.159312   -0.708154   0.309938   -0.107694   -0.0934927   0.109455   0.111534   -0.0882806   -0.0665446   -0.0232169   0.125344   -0.0216829   0.00160239   0.0178158   0.0344247   -0.0165579   -0.0879034   -0.0614489   -0.0143991   0.0215579   -0.0574421   -0.0101567   0.0104598   -0.00751106   -0.025299   0.056114   0.0518508   0.00305881   -0.0443491   0.0322039   0.030774   0.0740429   -0.017423   0.0776165   -0.0235126   0.0477334   0.0584919   0.0918316   0.0549482   -0.0383867   -0.054275   -0.00132322   -0.00612161   -0.0114943   -0.00527554   -0.0140693   -0.0925517   -0.0124749   -0.0216574   0.0257935   -0.000302874   -0.000803213   -0.0295308   0.014864   -0.11024   0.0233062   -0.0584858   -0.00186522   -0.158487   0.192175   2.75029e-05   -0.0155376   0.0012577   -0.00547637   -0.00707357   -0.00994084   0.27596   0.155351   -0.274631   0.0418728   0.0730694   0.0403613   0.0585029   0.132079   1   -0.0135886   0.0999549   -0.0682295   0.0216567   0.0449685   -0.107894   0.080273   -0.0133188   -0.0265234   0.00614934   -0.0303681   -0.018264   -0.047671   -0.0241194   0.013061   -0.0137266   -0.00794296   -0.122432   -0.0512716   1.61686e-06   -0.0573056   0.0499427   
0.0759322   0.00550603   0.000802811   0.00487437   0.0103089   0.00957331   0.0307164   0.0285996   0.016586   0.00451749   0.018491   -0.000971816   0.00933805   0.0371145   -2.09957e-05   -0.000798014   0.00582269   -7.64678e-05   -0.00642137   -0.00405866   -0.0138731   0.00472186   0.00464642   0.00235152   0.00826267   -0.00227368   0.00605471   0.012586   -0.000453785   0.0199245   0.00411588   0.00232613   -0.00274667   -0.00759572   -0.00641469   -0.00573468   0.00253381   -0.0735539   -0.359365   -0.07158   0.465957   -0.189639   -0.213428   -0.268095   0.169361   0.0378066   -0.0614699   -0.173969   0.0334193   0.0209585   0.0241641   0.0227051   0.0444666   0.06348   0.0698022   0.0458035   0.0135224   0.0498983   0.0229062   0.0230669   0.0270064   0.0376311   0.00505663   0.00937613   0.0171121   0.0560894   -0.00666845   -0.000847527   -0.0393013   -0.0272975   -0.000568676   -0.0263575   -0.0240466   -0.00892364   -0.0116732   0.00448756   0.0677771   0.0781687   -0.00377321   0.00537541   -0.0248197   0.0108544   0.0125105   -0.0472165   -0.015042   0.0199588   -0.0647874   0.000154499   3.99785e-05   0.0148444   -0.0122123   0.0639156   0.0449275   0.0353836   -0.00367088   0.091022   -0.115596   -2.07939e-05   0.00749605   0.000441601   0.00366623   0.00282235   0.00421359   -0.672981   -0.105723   0.0783951   -0.0328263   0.0192609   -0.262616   -0.0376107   1   0.132079   0.105997   -0.0774594   0.0404904   -0.00538634   -0.0132158   0.0715234   -0.0461919   -0.0524286   0.0178316   0.00088639   0.0169895   -0.092791   0.0330124   0.0216776   -0.00141773   0.0202446   0.00443933   -0.0115124   0.00592931   -5.5265e-07   0.00159694   -0.0421634   
-0.0731967   0.00123808   -0.000230153   0.00128409   0.00408807   0.000419125   0.00653445   0.0053659   0.00508491   0.00111945   0.00447259   0.00165126   -0.000919596   0.00928408   -5.23567e-06   -0.000506763   0.00156358   0.000291626   -0.00303739   -0.00168981   -0.00104837   0.000596737   0.00280814   5.3091e-05   0.00329232   -0.000377218   0.00174127   0.001842   -0.000209297   0.00274516   0.000306165   0.000148585   -0.000457399   -0.000858349   -0.00114501   -0.00168629   0.118459   0.0644102   -0.0306198   -0.0389706   -0.0148038   -0.021676   -0.0379166   -0.0188421   0.0579273   0.103633   -0.109835   -0.0896448   -0.0173523   -0.0154092   -0.00500797   -0.0027848   0.00194672   0.00266263   0.00790419   0.0087569   0.000775515   0.00663966   0.0020544   0.00533219   0.00456456   0.0116803   0.0088281   0.0135589   0.0110992   0.00843318   0.0104187   0.0141074   0.0164247   0.0256402   -0.0206942   0.0108418   -0.00898954   -0.0203646   -0.0245093   -0.0240615   0.0159642   0.016368   -0.0059956   -0.00554097   -0.0013246   0.000962813   0.00835603   0.0136828   0.00118259   0.00320206   -0.0447944   1.47884e-05   -3.69654e-05   0.00253419   -0.00178207   0.012611   0.0175026   0.00743657   -9.51032e-05   0.017695   -0.0209748   -2.64637e-07   0.00105645   0.00027529   0.000478138   0.000262555   0.000277747   0.174656   -0.0329442   -0.00343562   -0.0246485   0.0125466   -0.0574899   1   -0.0376107   0.0585029   -0.178981   -0.25307   -0.119509   -0.000831711   -0.00122103   -0.0725014   0.0809833   -0.0068329   0.00374175   0.000367201   -0.000151904   -0.0149796   0.00731066   0.00366272   -0.000365228   0.00633624   -3.99341e-05   0.0848665   0.0700688   2.62047e-07   0.010592   -0.00648782   
-0.121393   -0.0112179   -0.0105531   -0.0155788   -0.0241943   -0.0525179   -0.106165   -0.110631   -0.0376211   -0.013664   -0.0584016   0.01694   -0.0244535   -0.118274   -0.000103101   0.00673537   -0.0221627   -0.00394116   0.0230051   0.0171239   0.0385316   -0.0128649   -0.00798479   -0.000664375   -0.0207132   0.00955907   -0.00543024   -0.045947   0.00265801   -0.0543259   -0.0119302   -0.0080326   0.00714546   0.0243211   0.0196217   0.0134853   -0.268558   -0.140295   0.00460472   0.0284114   0.010664   0.1687   0.15497   -0.000931776   -0.323709   -0.269663   -0.146512   -0.217329   -0.00704164   0.0192388   0.0435718   0.0616604   0.0140651   -0.0605989   -0.0291828   0.0167914   0.0329538   -0.0371526   0.00115079   0.0260766   0.00753342   -0.0137429   0.0652584   0.0636904   0.00843655   -0.00808103   0.031326   0.0275568   0.0662855   -0.0169508   0.0874038   -0.0297447   0.0374764   0.0500546   0.0901235   0.0576562   -0.000144424   -0.0135827   -0.00615744   -0.00907284   -0.0500285   0.00297565   -0.00655887   -0.262898   -0.0437587   -0.0601925   -0.0875173   -0.0005442   -0.000409643   -0.0536321   0.0395944   -0.222796   -0.146388   -0.125394   0.0110788   -0.317147   0.401862   2.64626e-05   -0.0254317   -0.00155268   -0.0125402   -0.0165351   -0.0196975   0.190212   0.128367   -0.278619   0.123062   0.0851105   1   -0.0574899   -0.262616   0.0403613   -0.0322794   -0.104754   -0.0667974   0.026892   0.0638957   -0.132092   0.0687918   -0.0801976   -0.0612704   -7.7031e-05   -0.040651   -0.133387   -0.111768   -0.0742962   0.0112699   -0.0721828   -0.0106085   -0.12527   -0.0359343   2.03388e-06   -0.060393   -0.011447   
-0.0992681   0.0429417   -0.0722598   0.0230761   0.0290756   -0.122753   -0.0419545   -0.122719   0.0366006   -0.0365037   -0.106898   0.0614543   -0.0135744   -0.00732416   -4.95229e-05   -0.0181919   0.0022859   -0.0113044   0.0487862   0.00442451   -0.00167349   -0.0233051   0.0375341   0.00205906   -0.0049537   0.00723294   -0.0101748   -0.0625855   0.00140064   -0.0417897   -0.000682878   -0.00682208   0.0096459   0.0124874   0.0279339   0.00484184   0.026255   0.065435   0.0031793   0.0104815   -0.021153   0.15323   0.0318835   -0.0649383   -0.292764   -0.160083   -0.0431927   -0.0108095   0.119328   -0.0487412   0.0566632   0.15239   0.0311801   -0.131376   0.0707057   0.081112   -0.242229   -0.153564   -0.197687   -0.0217936   0.0266928   -0.0623003   0.0415259   0.143263   0.00464497   0.0263158   -0.0656152   0.186895   -0.0991459   -0.125609   0.00578337   -0.115754   -0.064088   0.102933   0.0952047   0.123383   -0.140653   0.0471951   -0.00295838   -0.00502728   -0.0202668   -0.0527732   -0.0164234   -0.162241   -0.0203464   -0.0294962   -0.00180033   -0.000412723   -0.000450899   -0.0420554   0.0263757   -0.158232   -0.112822   -0.102165   0.0059347   -0.221633   0.291968   4.45575e-05   -0.0181907   0.00111936   -0.00670827   -0.00317294   -0.018636   -0.0220244   0.14937   -0.186908   0.126025   1   0.0851105   0.0125466   0.0192609   0.0730694   0.00799348   0.00504814   -0.00904982   0.0351818   0.0576167   -0.104301   0.0768354   -0.0299979   -0.0386717   0.00690488   0.00217287   -0.0482139   -0.062252   -0.0566381   0.0305548   -0.0920093   0.000621928   -0.136613   -0.0411299   2.32787e-06   -0.0382889   0.000384504   
-0.169427   0.00707738   -0.000109423   0.0128475   -0.0456154   -0.0474143   -0.130975   -0.185482   -0.0137865   -0.018183   -0.10457   -0.00663987   -0.0299337   -0.0402527   -5.16235e-05   -0.00258985   0.0139815   -0.0371805   0.0621058   0.0625589   0.0511262   0.00469952   -0.0208342   -0.00227035   -0.0351815   0.00773879   -0.0105838   -0.0815394   0.00137179   -0.0529261   -0.0232709   -0.00425872   0.0080126   0.0156709   0.0168183   0.0492745   -0.139762   -0.0717074   0.024703   -0.00113038   -0.0129636   0.0257984   0.107059   -0.0174498   -0.199509   -0.313115   0.0277293   -0.024928   -0.0262731   -0.00106287   0.0263116   0.0530369   -0.0104826   -0.101032   -0.0588781   -0.00390712   0.0258392   -0.0655515   -0.0105065   0.0200766   0.000795517   -0.0256809   0.0745256   0.0730118   0.00764823   -0.0368957   0.0392794   0.0452142   0.0854959   -0.018546   0.0847449   -0.0280802   0.0467925   0.062226   0.100935   0.0613067   -0.0378159   -0.0461138   -0.00600691   -0.0113277   -0.0268987   -0.00377226   -0.0119231   -0.172575   -0.0265176   -0.0557463   -0.0185403   -0.000506   -8.2802e-05   -0.0543566   0.0504072   -0.240055   -0.148452   -0.127011   0.0195217   -0.337146   0.44874   5.72944e-05   -0.0291725   0.00353737   -0.00636028   0.0190686   -0.00846891   -0.0505351   0.198096   -0.33273   1   0.126025   0.123062   -0.0246485   -0.0328263   0.0418728   -0.0955326   -0.0459519   -0.0906281   0.0512415   0.0952963   -0.174061   0.0996427   -0.0371188   -0.0565179   0.0207123   -0.0476431   -0.0586319   -0.10506   -0.0291451   0.0627867   -0.139846   -0.0125495   -0.117946   -0.0336944   2.18216e-06   -0.0644333   0.0157847   
0.367239   -0.00764617   0.00693701   -0.0118565   0.0299571   0.124918   0.212745   0.248792   0.0466111   0.0227231   0.107169   -0.0485786   0.111197   0.0803804   9.21347e-05   -0.00191868   -0.0221726   0.0292489   -0.030579   -0.0315772   -0.132886   0.0245596   -0.0146343   0.0125851   -0.000690942   -0.0140058   0.00925987   0.112845   -0.00162133   0.0871829   0.0324969   0.0110653   -0.0113415   -0.0362634   -0.0196447   -0.0300593   0.0156499   -0.0676273   -0.0363462   -0.00817121   -0.0129166   -0.0982187   -0.127398   0.0562246   0.295391   0.268441   0.21305   0.0161381   0.0618014   -0.0350829   -0.0918223   -0.137456   0.0168976   0.263189   0.171088   0.0491188   -0.0875927   0.184543   0.0330052   -0.0350896   0.0401418   0.0713948   -0.202436   -0.185947   -0.0218346   0.117991   -0.118046   -0.0936186   -0.263408   0.0817825   -0.310925   0.108384   -0.183188   -0.220488   -0.353916   -0.212122   0.0364797   0.121216   0.00556651   0.00922051   0.0356537   0.0052801   0.0461596   0.217053   0.0337286   0.0883287   0.0814756   0.00114542   0.00254653   0.107914   -0.056823   0.411429   -0.0727988   0.215291   0.00749024   0.590943   -0.717583   -0.000115427   0.0574558   -0.00514591   0.0202722   0.018572   0.0356803   -0.0739891   -0.385423   1   -0.33273   -0.186908   -0.278619   -0.00343562   0.0783951   -0.274631   -0.0325808   0.0139605   -0.00112452   -0.0807818   -0.171009   0.372467   -0.182951   0.0489213   0.0985991   -0.0249286   0.122258   0.0797612   0.177495   0.0865114   -0.0554611   0.0682275   0.0319999   0.49631   0.194591   -6.06368e-06   0.224448   0.0068249   
-0.149783   0.00861   -0.0165732   0.0064419   -0.0440989   -0.0660728   -0.125908   -0.140248   -0.0711685   -0.0302717   -0.108097   0.0175654   -0.0391195   -0.0959933   -9.84464e-05   0.00304474   0.00833674   -0.0145647   0.0464399   0.0082883   0.0647323   -0.030701   -0.0077554   -0.00306301   -0.0226445   0.0145109   -0.0427036   -0.063235   0.0029231   -0.0475789   -0.00510626   -0.00255381   0.00908153   0.0104805   0.0151715   0.0173745   -0.112073   0.0318469   0.0153557   -0.00110037   0.0114326   0.0372258   0.0358372   -0.0443239   -0.0968416   -0.2373   0.00407558   -0.0786815   -0.0946638   -0.0495427   -0.0576238   0.0177909   -0.141747   -0.27535   -0.224007   -0.16323   -0.0248997   -0.24677   -0.0674954   -0.0504305   -0.045387   -0.201667   0.010114   -0.0246049   -0.110279   -0.119896   -0.000778004   0.00738768   0.0928431   -0.00280527   0.0550451   0.058004   0.0706636   0.0820127   0.0996506   0.0677285   -0.321228   -0.244609   -0.00581567   -0.00858674   -0.0224208   -0.0421161   -0.0592784   -0.358577   -0.0219819   -0.0477643   -0.132082   -0.000503661   -0.00133461   -0.0657676   0.0472576   -0.26435   -0.137333   -0.150703   0.0174742   -0.374598   0.477963   3.54093e-05   -0.0326768   -0.000323044   -0.0103002   -0.0140331   -0.0134061   0.118145   1   -0.385423   0.198096   0.14937   0.128367   -0.0329442   -0.105723   0.155351   -0.0363059   -0.0561608   -0.042493   0.0390248   0.0626749   -0.163975   0.0837385   -0.0332327   -0.0689919   0.00480971   -0.0319043   -0.0546356   -0.129456   -0.0629139   0.0198709   -0.0707192   -0.0083351   -0.188763   -0.206265   2.78765e-06   -0.0362152   0.00154392   
-0.103968   -0.00478195   -0.000987406   -0.00419901   -0.00612981   -0.00750511   -0.0210892   -0.0159111   -0.0153892   -0.0035339   -0.0116573   0.00271049   -0.0101489   -0.029628   2.96335e-05   0.000434823   -0.00448841   0.00241969   0.00123732   -0.0016492   0.0127327   -0.00592308   -0.00150803   -0.00273138   -0.00408555   0.00179105   -0.00631332   -0.00759719   0.000222951   -0.0160384   -0.00250034   -0.0018856   0.00222241   0.00607232   0.00473831   0.00185652   0.0311798   -0.0641511   -0.123777   -0.129234   -0.108987   0.3529   0.34662   0.412694   -0.179839   0.000133779   0.087252   0.278952   -0.0465606   -0.0344117   -0.0375055   -0.0363894   -0.0601753   -0.0777595   -0.087761   -0.0543029   -0.0189471   -0.0566733   -0.0270857   -0.0280196   -0.0310789   -0.0417667   -0.00821383   -0.0118539   -0.0181813   -0.0731175   0.00933702   0.00494667   0.0488193   0.0439526   -0.0144505   0.0393712   0.0237647   0.000935975   -0.00109426   -0.0180531   -0.0890957   -0.100357   0.00415207   -0.0113521   0.0359679   -0.0147618   -0.0129443   0.0781641   0.0218543   -0.0151587   0.11071   -0.000123354   -0.000118126   -0.0113161   0.00844529   -0.0463887   -0.0223983   -0.0256967   0.00202187   -0.0666227   0.0830852   2.01939e-05   -0.00584072   -0.000436234   -0.00316363   -0.0041114   -0.00357505   1   0.118145   -0.0739891   -0.0505351   -0.0220244   0.190212   0.174656   -0.672981   0.27596   -0.182284   0.244092   -0.108196   0.00239016   0.00738436   -0.0965529   0.0864289   0.0753096   -0.0132605   -0.00181965   -0.0156527   0.133903   -0.024403   -0.0183928   -0.00267697   -0.00686826   -0.00408409   0.0529169   0.0163285   5.20529e-07   0.00693692   0.0668252   
0.013047   -0.0238314   -0.0140307   -0.0162115   -0.058902   -0.0642179   0.017551   0.119972   0.103308   -0.00524125   0.00786658   -0.0226592   -0.00500081   0.0265763   0.000217511   0.0112541   -0.0115338   -0.0441997   -0.0912487   -0.0291236   0.0181557   0.034361   0.0231274   -0.000632127   -0.00480259   0.00406517   0.000330869   0.0219191   0.00078837   0.0149237   0.00740852   0.00636114   0.00168812   -0.0132014   -0.0191063   -0.000585674   0.00158827   -0.00224528   -0.00105369   -0.00055709   -0.000173995   -0.00648945   -0.00564895   0.00240284   0.0146479   0.0109952   0.00884129   0.00256439   0.000123697   -0.00109548   -0.00441502   -0.00708279   -0.000592728   0.00961578   0.0040453   -0.000429125   -0.000615466   0.00709749   0.00287968   -0.001611   0.000412027   0.00245895   -0.00776726   -0.00845189   -0.00117911   0.00281911   -0.00328662   -0.00546177   -0.00741166   0.00455971   -0.0108948   0.0054954   -0.00512291   -0.00857284   -0.0131309   -0.00881855   0.00195712   0.00256929   0.00203761   0.00178401   0.00203155   0.00110716   0.00152785   0.0127301   0.00225614   -0.00951968   0.00300645   0.000211925   -0.00489875   -0.0126158   -0.0387563   0.00768086   -0.00177959   -0.0233691   -0.0529471   -0.00397535   -0.0480062   -1.21301e-05   -0.00446819   -0.0116532   -0.034806   -0.107048   1   -0.00357505   -0.0134061   0.0356803   -0.00846891   -0.018636   -0.0196975   0.000277747   0.00421359   -0.00994084   -0.00112141   0.00127325   0.000319683   -0.0656961   0.00585143   0.0129212   -0.00727409   0.00239314   0.00828568   -0.0421756   0.00302915   0.00392993   0.0248495   -0.0345562   -0.0372865   -0.205547   0.000787563   0.0187917   0.00690424   -2.29787e-07   0.00821015   0.000390236   
0.00377618   -0.0300916   -0.0161874   -0.00981603   -0.0196796   0.0152188   0.0469632   0.042357   0.0248745   -0.0106048   -0.00068519   -0.0251126   -0.0143081   -0.00422048   0.000407151   0.0140921   -0.0150485   -0.0460221   -0.079489   -0.0471636   0.0043903   0.00472777   0.0211241   0.00320359   -0.00430845   0.0197361   0.0260944   0.0186904   0.00273102   0.0316571   0.0460022   0.0330689   0.029682   -0.02886   -0.101961   -0.128099   -0.00209108   -0.00403783   0.000114635   -3.57669e-05   -0.000376427   -0.00310623   -0.0022599   0.000596074   0.000973279   -0.00135662   0.00575504   0.00280148   0.000739203   -0.00137958   -0.00234694   -0.00362337   -6.88855e-05   0.00453259   0.00286707   -0.000625849   -0.00400923   0.00237018   -0.00149584   -0.00220462   -0.00113389   0.000817763   -0.00457807   -0.00389311   -0.000340279   0.0017124   -0.00239505   -0.00132615   -0.00454613   0.00203284   -0.00649918   0.00218379   -0.00297148   -0.00391732   -0.00653173   -0.00445537   0.00106471   0.00201309   0.000979532   0.00118187   0.00228455   -0.00338566   0.000670914   0.0184383   0.0039161   0.0169439   0.00233243   0.000823795   -0.00973095   -0.0289016   -0.0290439   -0.0250848   -0.0163201   -0.0534074   -0.0244444   -0.0595161   -0.00864812   -8.02303e-05   -0.0137661   -0.0216879   -0.0393024   1   -0.107048   -0.0041114   -0.0140331   0.018572   0.0190686   -0.00317294   -0.0165351   0.000262555   0.00282235   -0.00707357   -0.00268943   0.0005495   -0.00190864   -0.0485221   -0.0718586   0.00457542   -0.00541619   0.000386296   0.00364301   -0.0592691   -0.0365463   0.000734582   0.0128706   -0.0369585   -0.0708991   -0.196985   -0.00907279   0.0109654   0.0050903   -1.0126e-07   0.00439697   0.000711091   
0.00766553   -0.0112029   -0.00712431   -0.00839242   -0.0244756   -0.01145   0.0153263   0.0298482   0.0203995   -0.00260511   0.00442088   -0.0104882   -0.00117429   0.00428429   7.19341e-05   -3.13224e-05   -0.0047052   -0.00779551   -0.0284899   -0.00686631   0.0170776   0.0196331   0.0107309   -0.000896438   -0.00405231   0.000919624   -0.00060018   0.00625107   -0.000193499   -0.00378784   0.000405061   0.00210705   0.00487103   0.00551198   -0.00601573   -0.0195904   0.00265499   -0.000224424   -0.000710265   -0.000404455   -0.000314828   -0.0034515   -0.00333057   0.0012972   0.00874016   0.00768839   0.00496942   0.00210249   0.0010323   -0.000415647   -0.00174649   -0.0030526   0.000616149   0.00606398   0.00363795   0.00125294   -0.000703198   0.00470749   0.00153088   -0.000307505   0.000930004   0.00221619   -0.00379183   -0.00370652   -1.70912e-05   0.00247169   -0.0019291   -0.00221924   -0.00485964   0.00183967   -0.00600148   0.00214145   -0.0034684   -0.00465471   -0.00718682   -0.00451736   0.00197604   0.00282285   0.000848593   0.001151   0.000843212   0.000283687   0.0011099   0.00554033   0.000385387   -0.00413753   0.00249389   7.64574e-05   -0.00158383   -0.00154663   -0.0123193   0.00697399   0.000412782   -0.00255711   -0.018057   0.0047358   -0.024289   8.72361e-06   -0.00165528   -0.00380315   1   -0.0393024   -0.034806   -0.00316363   -0.0103002   0.0202722   -0.00636028   -0.00670827   -0.0125402   0.000478138   0.00366623   -0.00547637   -0.000192265   0.00124109   0.000675901   -0.0336808   -0.00545223   0.00761989   -0.00363664   0.00165227   -0.000437457   -0.0028397   -0.00331555   0.00271264   0.00261961   -0.0198588   0.00463231   -0.0493976   -0.000774372   0.0103072   0.00443721   -1.29613e-07   0.00439443   0.000201624   
-0.00205237   -0.0231216   -0.0110188   -0.00231789   -0.0079027   -0.00241756   0.00422647   0.00915233   0.0108059   -0.0068586   -0.00067416   -0.0191823   -0.0114761   -0.00480726   0.00011211   -0.000492902   -0.000336847   -0.000823177   0.000483693   -0.00934494   -0.0107026   -0.00828174   -0.000392714   -0.000743326   -0.000990135   0.00208529   0.00162428   0.000782068   0.000278846   0.00333264   0.00520142   0.00287973   0.00302821   -0.00255599   -0.00814229   -0.00729006   0.000606932   0.000531427   0.000253768   3.69227e-06   1.62991e-05   0.000133535   0.000439427   -0.000317957   -0.00138467   -0.00114879   -0.000918322   0.000734013   -0.000185978   0.000221152   0.000601098   0.000712162   0.000155877   -0.00106816   -0.000566899   -7.37156e-05   0.000288207   -0.000707128   -0.000291486   0.000183364   -0.000303603   -6.40377e-05   0.00113027   0.00114912   0.000372505   -0.000459901   0.000673287   0.000647512   0.00137541   -0.000487125   0.00165534   -0.00079106   0.000956382   0.00118567   0.00191814   0.00110055   0.000407845   -0.00023916   -0.000357163   -0.000451552   -0.000213488   -0.000512589   -0.000172945   0.000902557   -0.000205984   0.000328821   1.89444e-05   6.56928e-05   -0.00095807   -0.00408607   -0.00445037   -0.00627768   0.000699645   -0.00828117   -0.00669457   -0.0104509   0.00404577   -5.65181e-06   -0.00179521   1   -0.00380315   -0.0216879   -0.0116532   -0.000436234   -0.000323044   -0.00514591   0.00353737   0.00111936   -0.00155268   0.00027529   0.000441601   0.0012577   0.000241958   0.000323814   0.000132109   -0.00882831   -0.0104384   -0.00203531   0.000834765   -0.000106455   -0.00420905   -0.0098396   0.00960478   -0.000158589   -0.00404054   -0.0243457   -0.0171747   -0.00511027   0.00255341   -0.00243395   -0.000622396   3.10671e-08   -0.00124472   2.10682e-05   
0.0227146   -0.00175654   -0.00123117   0.000514281   -0.00788933   0.00920062   0.0211254   0.0242535   0.00916686   0.00148184   0.0100319   -0.0037619   -0.00117471   0.00886001   -2.46254e-05   -0.0100639   0.00448177   -0.000121644   -0.00586108   0.00487563   -0.00535977   0.00256461   0.00149789   -0.0029794   0.00114638   0.00136455   0.000582376   0.00746903   -0.000325034   0.00656731   0.00636889   0.00238018   0.00224336   -0.00576496   -0.0133079   -0.0143527   0.00584732   -0.0017195   -0.00215192   -0.000661135   -0.000545899   -0.00767909   -0.00895044   0.0036714   0.0216354   0.0217105   0.0111972   0.00393048   0.00341704   -0.00100383   -0.00461472   -0.00852754   0.00212099   0.0175153   0.0107822   0.0036536   -0.00277817   0.013312   0.0036832   -0.00118622   0.00224647   0.00637659   -0.0108963   -0.0103657   0.000120535   0.00721984   -0.00559543   -0.00606704   -0.0138288   0.00508654   -0.0166461   0.00562029   -0.00971979   -0.0129028   -0.0199818   -0.0125585   0.0063796   0.00859709   0.000651021   0.000808656   0.00234631   0.000293941   0.00311039   0.0186689   0.00274881   0.00560061   0.00623971   0.000128011   -0.00226701   0.00802073   -0.00782661   0.032701   -0.006975   0.0182567   -0.0038295   0.0472473   -0.0642702   1.90672e-06   1   -0.00179521   -0.00165528   -0.0137661   -0.00446819   -0.00584072   -0.0326768   0.0574558   -0.0291725   -0.0181907   -0.0254317   0.00105645   0.00749605   -0.0155376   0.000345857   0.00287277   0.00218789   -0.0172351   -0.0301416   0.0231638   -0.00919258   0.00395893   0.00764538   -0.00041639   -0.0120437   0.00646022   0.0143406   0.00298021   0.00141867   -0.00960044   -0.0031167   0.0284085   0.012357   -3.66211e-07   0.012183   0.000227947   
-4.65511e-05   2.34435e-06   -3.28937e-06   -1.61953e-06   -2.26855e-05   -3.96055e-05   -4.59826e-05   -4.90295e-05   -1.19465e-05   -3.6774e-06   -1.62217e-05   6.2986e-06   -1.15668e-05   -1.12447e-05   -1.27594e-08   0.000104985   -0.00017643   3.99304e-05   5.06163e-05   3.34614e-05   1.48022e-06   2.73945e-05   -0.00016302   6.86695e-05   4.08496e-05   3.06147e-05   5.16971e-05   2.95346e-05   1.45878e-05   0.000119283   0.000212498   2.36584e-05   -0.000198941   -0.000140031   7.33167e-05   -0.000113528   -2.09667e-05   -5.75271e-06   6.83971e-06   4.20303e-06   3.61635e-06   1.85228e-05   1.26948e-05   -1.14547e-05   -7.22715e-05   -6.06023e-05   -3.22044e-05   -2.29044e-06   -7.76625e-06   -4.13262e-06   3.17547e-06   8.32164e-06   -1.15218e-05   -4.28034e-05   -2.78002e-05   -2.34945e-05   -1.55322e-05   -4.23123e-05   -2.67697e-05   -1.3778e-05   -1.96442e-05   -2.20518e-05   1.15018e-05   1.49262e-05   -4.05229e-06   -2.57647e-05   6.86924e-06   1.39997e-05   2.88364e-05   -7.71033e-06   3.05372e-05   -9.87177e-06   2.43716e-05   3.06872e-05   4.30131e-05   2.49845e-05   -1.69547e-05   -2.33597e-05   -2.50498e-06   -8.35451e-07   2.06582e-06   3.07609e-06   -1.00673e-05   6.13723e-05   1.10006e-05   2.2402e-05   -1.68353e-05   4.39033e-07   -5.63331e-06   -1.86924e-05   -1.87113e-06   -5.38953e-05   -1.76712e-05   -2.00696e-05   3.0064e-05   -7.44429e-05   0.000120166   1   1.90672e-06   -5.65181e-06   8.72361e-06   -8.02303e-05   -1.21301e-05   2.01939e-05   3.54093e-05   -0.000115427   5.72944e-05   4.45575e-05   2.64626e-05   -2.64637e-07   -2.07939e-05   2.75029e-05   4.32337e-07   -4.61436e-06   -6.05152e-06   5.91578e-05   0.000218237   -4.38327e-05   1.79194e-05   -1.22988e-05   -2.40596e-05   -2.55577e-05   -0.000168308   -1.9882e-05   -4.32986e-05   -2.22688e-05   -4.53178e-05   -5.63176e-05   -4.4711e-05   -5.7652e-05   -2.77638e-05   7.76144e-10   -2.38173e-05   -3.47403e-07   
-0.291031   0.013794   -0.0235085   0.00492183   -0.0614281   -0.161103   -0.24746   -0.279052   -0.0592734   -0.0308277   -0.116992   0.0433826   -0.0644389   -0.117281   -0.000107248   9.08366e-05   0.0247009   -0.0437317   0.0664944   0.0316866   0.121663   -0.0242248   -0.00943747   -0.00957689   -0.00938396   0.0139011   -0.02181   -0.122781   0.00421443   -0.117255   -0.0334029   -0.0131272   0.00958766   0.0419277   0.0499606   0.0556477   -0.108363   0.00604098   0.0269627   0.0100067   0.00484901   0.113818   0.12744   -0.0481617   -0.304826   -0.316427   -0.132009   -0.0739917   -0.0398744   0.00624798   0.0562054   0.115534   -0.0303468   -0.23279   -0.13634   -0.0428522   0.0209096   -0.179636   -0.0554929   0.0147285   -0.0226168   -0.091069   0.135739   0.132577   -0.00768153   -0.0865314   0.0631738   0.0847327   0.163623   -0.066505   0.199639   -0.0686094   0.112568   0.161117   0.245752   0.159089   -0.106888   -0.113516   -0.00864221   -0.0136779   -0.0416123   -0.0161766   -0.0401699   -0.29886   -0.0402486   -0.113878   -0.0871679   -0.00121167   -0.00106058   -0.127491   0.118958   -0.511566   -0.326686   -0.295331   0.0634816   -0.717843   1   0.000120166   -0.0642702   0.00404577   -0.024289   -0.00864812   -0.0480062   0.0830852   0.477963   -0.717583   0.44874   0.291968   0.401862   -0.0209748   -0.115596   0.192175   -0.0180338   -0.0491956   -0.0420359   0.0797599   0.172121   -0.301399   0.125753   -0.0577561   -0.120417   0.0172226   -0.10858   -0.0943204   -0.219585   -0.105209   0.0547453   -0.140655   -0.0284672   -0.350216   -0.156749   4.71777e-06   -0.147737   -0.00192469   
0.232553   -0.0015845   0.0201995   -0.0104565   0.0140216   0.0752315   0.0920401   0.143809   -0.0165063   0.0277521   0.106394   -0.045855   0.0597776   0.0822312   4.38125e-05   0.00740666   -0.0327934   0.0290408   -0.0591434   -0.0331988   -0.134293   0.00188688   0.010846   0.00433905   0.00549483   -0.0119616   0.0223531   0.107332   -0.00455398   0.0712623   0.0296374   0.0122988   -0.00314925   -0.0289491   -0.045312   -0.0396908   0.0820769   -0.00778301   -0.0218968   -0.00744907   -0.00418203   -0.0896985   -0.1009   0.0391178   0.243526   0.248857   0.112164   0.0555713   0.032569   -0.00789499   -0.0472153   -0.0929675   0.0236706   0.187602   0.111781   0.0365221   -0.02081   0.144555   0.0433597   -0.0117828   0.0205725   0.0724124   -0.1114   -0.107634   0.00513791   0.0721608   -0.053379   -0.0665885   -0.136625   0.055252   -0.168188   0.0577507   -0.0957397   -0.133848   -0.204917   -0.131739   0.0804713   0.0918752   0.00417682   0.00530331   0.0319383   0.0103288   0.0331425   0.227351   0.0303187   0.0608846   0.0698325   0.0010198   -0.000898038   0.04834   -0.202853   0.202875   0.0590295   0.101784   -0.253169   1   -0.717843   -7.44429e-05   0.0472473   -0.0104509   0.0047358   -0.0595161   -0.00397535   -0.0666227   -0.374598   0.590943   -0.337146   -0.221633   -0.317147   0.017695   0.091022   -0.158487   0.014448   0.0404695   0.0332346   -0.0236601   -0.178643   0.239342   -0.0985078   0.0459019   0.0535456   -0.037378   0.0683452   0.0749685   0.0955965   0.057566   -0.0782853   0.0680244   0.0179537   0.294798   0.132337   -3.83499e-06   0.123686   0.00176649   
-0.00208774   -0.0250766   0.00651992   0.00111003   -0.0535266   -0.100196   -0.078818   -0.0700729   0.02928   -0.00470345   -0.0641037   0.0150656   0.0134276   -0.00349832   -5.25333e-05   -0.0136695   0.0319929   -0.0108778   0.0170144   -0.0416654   0.0284335   -0.00585731   -0.0195224   0.00523398   -0.0090368   0.00308944   0.00840609   -0.00873657   0.00291487   -0.0271065   -0.017544   -0.00928854   -0.0107597   0.0115176   0.0389721   0.017163   -0.00611132   -0.00274774   -0.000133562   0.000432595   -2.89894e-05   0.0015762   0.00222693   0.000427677   -0.000913264   -0.0061686   0.00463657   -0.0049869   -0.00110819   -0.00215925   -0.0020902   -0.000281544   -0.0018015   -0.00141565   -0.000685285   0.000195694   -0.00115261   -0.000993766   0.000147463   0.000252667   0.00182839   -0.00189946   -0.00141771   -0.00146156   -0.00174155   0.000924115   -0.00144891   0.000178183   -0.00241691   0.00192174   -0.00512797   0.00308872   -0.00309078   -0.00315543   -0.00512087   -0.00282169   -0.00627916   -0.00189878   -0.00298495   -0.00455151   -0.00173476   -0.00127754   0.000295241   -0.0169398   -0.00253089   -0.0491889   -0.00169979   -0.000219452   0.000270652   -0.0385302   -0.103082   -0.162439   -0.139754   -0.101188   1   -0.253169   0.0634816   3.0064e-05   -0.0038295   -0.00669457   -0.018057   -0.0244444   -0.0529471   0.00202187   0.0174742   0.00749024   0.0195217   0.0059347   0.0110788   -9.51032e-05   -0.00367088   -0.00186522   -0.000629723   -0.000408398   -0.00104872   0.011031   -0.016905   -0.00426158   0.00218377   -0.000778858   -0.0311613   -0.0099872   -0.0537033   -0.00129388   -0.0581974   -0.00635677   -0.0231879   0.0201919   -0.0141624   0.00888614   0.00316725   -1.36407e-08   0.00349685   0.000119508   
0.0862293   0.0207163   0.0128427   2.77253e-05   0.0121296   0.00196132   0.0696902   0.0653659   0.0141458   0.00278973   0.0384398   -0.00618506   0.0104337   0.06031   -1.19272e-05   0.016715   -0.00797956   0.0166817   -0.0712272   -0.0306874   -0.0747732   0.00446184   0.0219856   0.00261688   0.00254155   0.0050192   -0.00622754   0.0528884   0.000949515   0.0324405   0.0203953   0.00542118   0.0169774   -0.0283852   -0.0276183   -0.0212914   0.0331005   -0.00265169   -0.00780884   -0.00293808   -0.00102694   -0.0365852   -0.0380526   0.015455   0.0949811   0.0964557   0.0400358   0.0234069   0.00984456   -0.00117311   -0.0171335   -0.0365404   0.0093281   0.072055   0.0403034   0.01271   -0.00201528   0.0570697   0.0199704   -0.00332655   0.00660202   0.0294944   -0.0400117   -0.0404025   0.00340899   0.0258988   -0.016963   -0.0272537   -0.0461794   0.0222817   -0.0593603   0.0217476   -0.0325548   -0.0498727   -0.0747044   -0.049696   0.0360273   0.0342951   0.00182499   0.00202709   0.0123685   0.0044432   0.0126597   0.0939456   0.0121022   0.0322592   0.0269154   0.000432143   -0.0018842   0.0100409   -0.0844286   0.0870439   0.0151748   1   -0.101188   0.101784   -0.295331   -2.00696e-05   0.0182567   -0.00828117   -0.00255711   -0.0534074   -0.0233691   -0.0256967   -0.150703   0.215291   -0.127011   -0.102165   -0.125394   0.00743657   0.0353836   -0.0584858   0.0067741   0.0164823   0.0138046   -0.014922   -0.0806373   0.0893229   -0.0349006   0.0178595   0.0298565   -0.0326576   0.0455563   0.0291804   0.0548301   0.0338453   -0.0737071   0.0803252   0.0119944   0.10835   0.0499726   -1.43146e-06   0.044279   0.000579514   
-0.0142003   0.00340106   0.00516194   -0.00269724   0.00146717   0.0243284   0.0231787   0.0316749   -0.0115675   0.00968214   0.0473505   0.00681132   -0.0253548   0.0176329   1.07259e-05   -0.00014929   -0.00175411   -0.00134288   -0.0279949   0.00545313   0.0117679   0.004574   0.00618712   -0.00846279   0.0152868   -0.00126157   0.011205   0.0078041   -0.00100745   0.0313282   0.00529056   -0.000875842   -0.00756452   -0.0103792   -0.0224819   -0.0122715   0.0792641   0.0402429   0.00157248   -0.00361774   0.00365287   -0.0291182   -0.020479   0.00227294   0.055748   0.0828504   -0.0314277   0.0509867   -0.00589156   0.0197613   0.0160653   -0.00190397   0.0157623   0.0183245   0.00093583   0.00299889   0.0402897   0.0251639   0.0231371   0.0108858   -0.00785776   0.0270852   0.0220796   0.0138257   0.0201226   -0.00570384   0.0244279   -0.00900399   0.035528   -0.00358529   0.0418753   -0.0165756   0.0281663   0.0150274   0.0342913   0.0121897   0.0645644   0.0145812   0.00209941   0.00360514   0.00978333   0.0109237   0.00232919   0.0962246   0.00957313   0.0200845   0.0190138   -0.00013922   -0.000707572   0.00247267   -0.103696   0.0306616   1   0.0151748   -0.139754   0.0590295   -0.326686   -1.76712e-05   -0.006975   0.000699645   0.000412782   -0.0163201   -0.00177959   -0.0223983   -0.137333   -0.0727988   -0.148452   -0.112822   -0.146388   0.0175026   0.0449275   0.0233062   0.0325689   0.0285929   0.0327672   -0.00617059   -0.00087685   -0.00956   -0.0168299   0.0153324   0.00869487   -0.00156217   -0.0222303   0.0251441   0.0172754   -0.00129165   -0.00246736   -0.00158071   -0.00586582   -0.0448096   -0.00203355   1.69514e-07   -0.0272281   -0.00256818   
0.163168   -0.00873769   0.0117176   -0.00138215   0.0114113   0.0490609   0.0712653   0.106291   -0.00835435   0.0190316   0.0733382   -0.0329843   0.0402317   0.057791   2.74566e-05   -0.00243625   -0.0224768   0.0290568   -0.0307956   -0.0193195   -0.091535   0.00145997   0.00864034   0.00340333   0.00640308   -0.00811924   0.0155111   0.0719857   -0.00357392   0.0581748   0.0175678   0.00498014   -0.0056778   -0.0228337   -0.0308246   -0.0240792   0.0584914   -0.00489328   -0.01528   -0.00521832   -0.00276342   -0.0630932   -0.0708159   0.0274316   0.171093   0.175495   0.0773919   0.0394438   0.0224462   -0.00510608   -0.0327597   -0.0652026   0.0166994   0.131422   0.0778689   0.0254228   -0.0134917   0.101563   0.0309367   -0.0080143   0.0141438   0.0511284   -0.0774193   -0.0750669   0.00396566   0.0501733   -0.036664   -0.0468383   -0.0943894   0.0388038   -0.116529   0.0401451   -0.0661601   -0.0932828   -0.142531   -0.0919322   0.0575355   0.0642901   0.00328135   0.00408075   0.0223967   0.00744753   0.0231795   0.161069   0.0216314   0.0462651   0.0489174   0.00063566   -0.00137168   0.0404125   -0.134019   1   0.0306616   0.0870439   -0.162439   0.202875   -0.511566   -5.38953e-05   0.032701   -0.00627768   0.00697399   -0.0250848   0.00768086   -0.0463887   -0.26435   0.411429   -0.240055   -0.158232   -0.222796   0.012611   0.0639156   -0.11024   0.0108174   0.0286767   0.0238731   -0.0203028   -0.126485   0.168074   -0.0672365   0.0322738   0.0402528   -0.0168177   0.0361259   0.0527041   0.0712033   0.0454949   -0.042171   0.0711886   0.00944665   0.204992   0.0922476   -2.67978e-06   0.085823   0.00113305   
-0.0262152   -0.00436421   -0.000711294   -0.0015703   -0.0342986   -0.0681719   -0.0592414   -0.0629455   0.00900422   -0.00491847   -0.031683   0.0135394   0.00281924   -0.0158616   -4.54761e-05   -0.0047563   0.0223002   -0.0152979   0.00767586   -0.0281548   0.0230545   -0.00947144   -0.0119551   0.0022141   -0.00414035   0.0039008   0.00474965   -0.0123044   0.00229956   -0.00585503   -0.00444531   -0.00761507   -0.0121954   0.000634707   0.0206911   0.00967153   -0.0132957   -0.00183756   0.00236137   0.00122366   0.000526454   0.0104682   0.0120219   -0.00387249   -0.027597   -0.0311534   -0.00911842   -0.00880003   -0.00420176   -0.000704485   0.00345202   0.00911126   -0.00368235   -0.0203965   -0.0121314   -0.00412179   0.000847915   -0.0158935   -0.00497889   0.000898752   -0.00157506   -0.0087707   0.0104418   0.0101638   -0.00155566   -0.00719247   0.00464596   0.0070994   0.0129293   -0.0042825   0.0141799   -0.00402545   0.00823293   0.0119883   0.0181402   0.0117611   -0.0119112   -0.0107277   -0.00242538   -0.00378876   -0.00379238   -0.00215317   -0.00330703   -0.0298358   -0.00389004   -0.0263728   -0.00838782   -0.000256456   -0.000698091   -0.0346072   1   -0.134019   -0.103696   -0.0844286   -0.103082   -0.202853   0.118958   -1.87113e-06   -0.00782661   -0.00445037   -0.0123193   -0.0290439   -0.0387563   0.00844529   0.0472576   -0.056823   0.0504072   0.0263757   0.0395944   -0.00178207   -0.0122123   0.014864   -0.0019506   -0.00439692   -0.00433006   0.0176452   0.00410008   -0.02784   0.011634   -0.00554788   -0.0283406   -0.0131765   -0.0391491   -0.0090619   -0.0520694   -0.0169431   -0.0229869   -0.0110007   -0.0103587   -0.0246357   -0.0113237   3.92985e-07   -0.0106626   -7.58439e-05   
0.041917   0.00809536   0.00545525   -0.00154453   0.00300765   0.00624881   0.0339822   0.0296276   0.00629137   0.00297265   0.0168191   -0.00242036   0.00936291   0.0261269   -8.14593e-06   0.00749619   -0.00365118   0.00570568   -0.0358532   -0.0159035   -0.0354662   0.0046545   0.00937365   0.00172392   0.00207389   0.00177141   0.000865948   0.0242521   0.000546713   0.0191268   0.0111876   0.00286134   0.00597739   -0.0152121   -0.0142621   -0.0105428   0.0118269   -0.00338571   -0.00385076   -0.00124551   -0.000732414   -0.0160374   -0.0175245   0.00718659   0.042378   0.0420289   0.0208928   0.00884183   0.00535445   -0.00166444   -0.00913154   -0.0174761   0.00366029   0.0336631   0.01951   0.00571449   -0.00384218   0.0257432   0.00779007   -0.00257871   0.00333258   0.0124857   -0.020777   -0.0203483   0.000408415   0.0127104   -0.00982196   -0.0126131   -0.0246576   0.0105754   -0.0309804   0.0112368   -0.0172514   -0.0246036   -0.0376682   -0.0243725   0.0137315   0.0157899   0.000786832   0.000975192   0.00574497   0.00164253   0.00587447   0.0417322   0.00568237   0.0166415   0.012007   0.000204156   -0.00098268   1   -0.0346072   0.0404125   0.00247267   0.0100409   -0.0385302   0.04834   -0.127491   -1.86924e-05   0.00802073   -0.00408607   -0.00154663   -0.0289016   -0.0126158   -0.0113161   -0.0657676   0.107914   -0.0543566   -0.0420554   -0.0536321   0.00253419   0.0148444   -0.0295308   0.00127631   0.00625736   0.00472066   -0.00681039   -0.0343997   0.0432901   -0.0182872   0.0077639   0.0139676   -0.0176082   0.0208611   0.0126855   0.0255354   0.0152473   -0.0375165   0.0307915   0.00548274   0.0542166   0.0238582   -6.97819e-07   0.0228449   0.000443679   
0.00081364   0.00179025   0.000192205   -0.000697248   -0.00434345   -0.00211983   0.00255921   0.00320307   0.00153794   0.000473069   0.000349482   0.000961802   -0.00659597   0.000761955   0.000193108   -0.00391588   0.00180435   -0.00148553   -0.00290871   0.00366589   3.52635e-05   0.00137168   0.000653306   0.000135178   0.000542068   0.000652296   -0.000130972   0.000292566   2.33142e-06   0.00246451   0.00413131   0.00153018   0.00113149   -0.00354988   -0.00739364   -0.00532268   -0.000257825   -0.000409809   -6.56975e-05   1.18479e-05   -2.35687e-05   -0.000172789   -0.000244072   0.000131907   0.000346425   0.000304389   0.000491215   -2.63637e-05   0.000152452   -0.000114103   -0.000250258   -0.00038962   3.67028e-05   0.000664185   0.000433655   6.18751e-05   -0.000341438   0.000419986   -2.11997e-05   -0.000166196   1.43446e-05   0.000157087   -0.000559443   -0.000492493   -5.47186e-05   0.00028189   -0.000316469   -0.000223587   -0.000661385   0.000233843   -0.000816667   0.000280748   -0.00044756   -0.000552153   -0.000895169   -0.000558347   0.000128415   0.000313583   6.87772e-05   7.42256e-05   0.000144584   -9.6618e-05   0.000109007   0.00115527   0.000185973   0.00108516   0.000177014   3.89732e-05   1   -0.00098268   -0.000698091   -0.00137168   -0.000707572   -0.0018842   0.000270652   -0.000898038   -0.00106058   -5.63331e-06   -0.00226701   -0.00095807   -0.00158383   -0.00973095   -0.00489875   -0.000118126   -0.00133461   0.00254653   -8.2802e-05   -0.000450899   -0.000409643   -3.69654e-05   3.99785e-05   -0.000803213   -0.000170872   -2.76975e-05   -0.000113451   -0.00414302   -0.00251989   0.000842959   -0.000558728   4.54818e-05   -0.000489452   -0.000405099   -0.00576577   7.58048e-05   -0.000434494   -0.00318117   0.0012154   -0.0102114   -0.00149554   0.0013269   0.000557534   -1.47023e-08   0.000578977   2.73865e-05   
0.000467463   -1.2936e-05   2.17992e-05   -3.43882e-05   1.36117e-05   0.000223385   0.000422934   0.000480663   0.000115918   3.73864e-05   0.000156918   -7.63955e-05   0.000114054   0.00015855   4.29775e-07   2.38961e-05   -5.32077e-05   2.23879e-05   -0.000152263   -6.27662e-05   -0.00015294   5.17454e-05   3.35991e-05   2.11296e-05   7.86667e-06   6.44416e-06   5.91629e-05   0.000183922   -3.86394e-06   0.00102059   0.000922854   -0.00572841   0.000993729   0.000884432   0.000515346   0.00032422   0.000110558   -2.81641e-05   -4.28739e-05   -1.84391e-05   -1.21571e-05   -0.000173048   -0.000179796   7.49359e-05   0.000474849   0.000425166   0.000256141   7.60706e-05   4.96934e-05   -2.34982e-05   -0.000105633   -0.000178186   2.28911e-05   0.000331493   0.000187877   5.56561e-05   -3.42601e-05   0.000255272   8.96873e-05   -2.13779e-05   4.88396e-05   0.000110077   -0.000221018   -0.000223387   -1.30424e-05   0.000133828   -0.000110252   -0.00013616   -0.000268743   0.000110648   -0.000337321   0.000132154   -0.000191002   -0.000264277   -0.000407911   -0.000257325   9.00624e-05   0.000140081   6.73133e-06   5.0343e-06   6.87949e-05   1.24114e-05   5.85749e-05   0.000274427   3.13144e-05   -0.000436989   0.000116101   1   3.89732e-05   0.000204156   -0.000256456   0.00063566   -0.00013922   0.000432143   -0.000219452   0.0010198   -0.00121167   4.39033e-07   0.000128011   6.56928e-05   7.64574e-05   0.000823795   0.000211925   -0.000123354   -0.000503661   0.00114542   -0.000506   -0.000412723   -0.0005442   1.47884e-05   0.000154499   -0.000302874   -8.40943e-06   5.04111e-05   3.49438e-05   2.14688e-05   -0.000387884   0.00044604   -0.000181099   8.34293e-05   0.000176225   -5.2903e-05   -0.00191215   0.000136218   0.000325219   0.00011444   -0.000100259   4.69992e-05   -0.000518796   0.000570735   0.000228737   -7.32331e-09   0.000250104   7.1145e-06   
0.0505332   0.00133088   0.00129992   0.000777833   0.00719316   0.0101016   0.0234921   0.023731   0.0127071   0.00426861   0.0161076   -0.00252283   0.00973225   0.0207391   -1.4037e-06   -3.34057e-05   0.000332634   0.0010754   -0.00538498   -0.00156937   -0.0131596   0.00488887   0.00157299   0.00204848   0.00397555   -0.00181421   0.00667017   0.0109793   -0.000261539   0.0129791   0.00278084   0.00126766   -0.00201244   -0.00435971   -0.0037332   -0.00361361   0.0718123   0.0175148   -0.023055   -0.000720441   -0.0053792   0.0744891   0.0537534   0.0330493   0.0560458   0.0879942   -0.109507   -0.128535   0.0238578   -0.0150526   -0.0330052   -0.0648767   -0.0711758   -0.0501251   -0.112537   0.0472785   0.0154905   0.0555376   0.0265652   0.0217909   0.024091   0.0419917   0.00422563   0.0100236   0.0261052   -0.162281   0.00490532   0.0121626   -0.0141052   0.00671475   -0.0243523   0.00623007   0.00354552   0.00859657   -0.000654499   -0.0021511   -0.153348   -0.200647   0.000659084   0.00268866   0.000654   -0.0174062   -0.0073581   -0.0294308   0.00277633   0.0125348   1   0.000116101   0.000177014   0.012007   -0.00838782   0.0489174   0.0190138   0.0269154   -0.00169979   0.0698325   -0.0871679   -1.68353e-05   0.00623971   1.89444e-05   0.00249389   0.00233243   0.00300645   0.11071   -0.132082   0.0814756   -0.0185403   -0.00180033   -0.0875173   -0.0447944   -0.0647874   0.0257935   0.0207617   -0.0612379   0.0172544   -0.00585008   -0.00712614   0.0424197   -0.0408704   -0.00378598   0.0128806   -0.000309508   0.0129756   -0.0100282   0.0238703   0.0137099   -0.00221611   0.0114614   0.00339152   0.0303924   -0.0109455   -2.13085e-06   0.0112587   -0.0174848   
0.0380005   -0.0497945   -0.019969   -0.000715654   0.015492   0.0430896   0.0502073   0.0495984   0.0232909   -0.0106152   0.0170431   -0.045626   -0.0142229   0.0023102   0.000196673   -0.00483199   -0.0207034   -5.99043e-05   -0.0281957   -0.00722555   0.00247878   0.000436448   0.010512   0.000623596   -0.0110638   0.0098621   0.0104538   0.0154874   3.1298e-05   -0.0566312   -0.0166824   -0.0227594   -0.0240874   -0.00560551   0.0212913   0.03985   0.020251   0.00491814   -0.00384217   -0.00231484   -0.00147803   -0.0161094   -0.0167111   0.00602196   0.0466775   0.0451426   0.0203669   0.0113347   0.00572639   -0.000317673   -0.00595777   -0.011702   0.0047105   0.0285804   0.0179663   0.00844837   -0.000604211   0.0234884   0.00901387   0.000991434   0.00594639   0.0118786   -0.0148025   -0.0147402   0.00120048   0.0129742   -0.0077402   -0.00947974   -0.021534   0.00669226   -0.0246589   0.00772741   -0.0155475   -0.020159   -0.0306331   -0.018841   0.0112326   0.014632   0.00109188   0.00237581   0.0011469   -0.000510671   0.00541555   0.0162922   0.000136758   1   0.0125348   -0.000436989   0.00108516   0.0166415   -0.0263728   0.0462651   0.0200845   0.0322592   -0.0491889   0.0608846   -0.113878   2.2402e-05   0.00560061   0.000328821   -0.00413753   0.0169439   -0.00951968   -0.0151587   -0.0477643   0.0883287   -0.0557463   -0.0294962   -0.0601925   0.00320206   0.0199588   -0.0216574   0.0026232   0.00752235   0.00660874   -0.0332857   -0.0787477   0.0352779   -0.0147667   0.00911165   0.013616   -0.0133735   -0.274279   0.0148831   0.0315071   -0.0270153   -0.0124476   -0.0633298   -0.0721793   0.042539   0.018887   -5.77895e-07   0.01824   0.000401103   
0.0143758   -0.00214135   0.000522459   -0.000444903   0.00358022   0.00800135   0.0116731   0.0136389   0.00210165   -0.00286689   0.00757408   -0.00121062   -0.00256502   0.00662163   0.000385694   -0.00207146   -6.06782e-05   0.00209036   -0.00342125   -0.00162554   -0.00420452   -8.51968e-05   0.000232252   0.000789807   -0.00173147   -0.00383559   0.00171849   0.00616101   -8.24222e-05   -0.00243401   -0.000256713   -0.000301373   -0.000253378   0.0011772   0.00083961   -0.000824722   -0.0213405   -0.019617   0.00295353   0.00465163   0.00526605   0.000208854   -0.0122054   -0.00318094   -0.030585   -0.0223515   -0.00738939   0.00214954   0.00226526   0.0023036   -6.77546e-07   -0.00269439   0.00521846   0.0158258   0.010425   0.00804078   0.00741106   0.0154951   0.0100852   0.00511374   0.00612426   0.00944116   -0.00232976   -0.00360248   0.00293445   0.00860751   -0.000690754   -0.00470762   -0.00744801   0.00204838   -0.0076693   0.00179774   -0.00652742   -0.00921228   -0.0122489   -0.00751864   0.0111079   0.0103935   2.80608e-05   0.000308833   -0.0039621   0.00251924   0.00364511   -0.0108837   1   0.000136758   0.00277633   3.13144e-05   0.000185973   0.00568237   -0.00389004   0.0216314   0.00957313   0.0121022   -0.00253089   0.0303187   -0.0402486   1.10006e-05   0.00274881   -0.000205984   0.000385387   0.0039161   0.00225614   0.0218543   -0.0219819   0.0337286   -0.0265176   -0.0203464   -0.0437587   0.00118259   -0.015042   -0.0124749   0.00102462   -0.000173149   -0.00295201   -0.00613591   -0.0108635   0.0139757   -0.00582975   -0.00621105   0.00489441   -0.00102263   -0.00434233   -0.00996238   0.00966447   0.000788546   -0.00292715   0.00612487   -0.00113422   0.0168489   0.00989557   -2.47237e-07   0.00615784   -3.49258e-05   
0.112438   -0.00977702   0.0121791   -0.00160045   0.0215081   0.0506789   0.0802889   0.0955137   0.0280234   0.0133899   0.0542964   -0.0202422   0.0102443   0.0574187   0.000196038   -0.0126785   -0.000258158   0.0156147   -0.0291429   -0.0118201   -0.0282445   0.0123036   0.0027614   -0.0108206   0.00841846   -0.0125027   0.0056104   0.0369765   -0.00397971   0.00458009   -0.000891558   0.000247022   -0.000763158   -0.00174784   -0.00270424   -0.00303911   -0.0814043   -0.10258   0.0140556   0.0229386   0.0260155   -0.0162575   -0.0793587   -0.0135916   -0.143246   -0.0590769   -0.0481813   0.0501889   -0.0245825   -0.0526703   -0.0858714   -0.136431   -0.0719552   -0.00146181   -0.0455601   -0.162145   -0.167885   -0.0833495   -0.137141   -0.151643   -0.143091   -0.0681173   -0.141405   -0.122235   -0.0439073   -0.0777142   -0.0490043   -0.037747   -0.0145944   0.0644776   -0.0833517   0.0578969   0.0257187   -0.0162387   -0.0556275   -0.0665058   -0.0144124   -0.0510024   0.00130092   0.00266094   -0.0152307   -0.025258   -0.0252932   1   -0.0108837   0.0162922   -0.0294308   0.000274427   0.00115527   0.0417322   -0.0298358   0.161069   0.0962246   0.0939456   -0.0169398   0.227351   -0.29886   6.13723e-05   0.0186689   0.000902557   0.00554033   0.0184383   0.0127301   0.0781641   -0.358577   0.217053   -0.172575   -0.162241   -0.262898   0.0136828   -0.0472165   -0.0925517   0.00975815   0.0120461   -0.00784203   -0.0321799   -0.0615345   0.102028   -0.036156   -0.0240755   0.0420574   -0.00600763   -0.00692638   -0.0379985   0.0784332   0.0354698   -0.0185628   0.0454207   -0.00181976   0.106638   0.00873953   -1.0453e-06   0.0541198   0.000452901   
0.00651895   -0.000630064   0.00140285   -0.000837813   0.00231706   0.00676159   0.010939   0.0127298   0.00443503   0.00235114   0.00841543   -0.00222448   0.00559851   0.00610151   -1.24045e-06   0.000639711   -0.0011664   0.000989188   -0.00283751   -0.000750733   -0.0067052   0.00241045   -0.000449141   0.00122348   0.00104843   -0.000669478   0.00302104   0.00615373   -3.83713e-05   0.00609317   0.00147737   0.000590097   -0.00101045   -0.00196152   -0.00177858   -0.00180822   0.0144663   0.00263311   -0.00215634   6.18737e-05   -0.000630807   -0.00675385   -0.00307618   0.0060252   0.0278957   0.0302307   0.0108059   0.00510335   -0.0013699   -0.0130201   -0.0253376   -0.0341867   -0.0234135   -0.0136335   -0.0171489   -0.0353289   -0.0425462   -0.0270905   -0.0373479   -0.0393172   -0.0320554   -0.0213236   -0.0362889   -0.0333986   -0.0162471   -0.0260758   -0.0177576   -0.0102229   -0.0101454   0.00237888   -0.00741731   0.0145931   0.0198086   0.0133594   0.00192351   -0.00482647   -0.0198367   -0.0196551   0.000813225   0.00119817   0.00405915   -0.00842222   1   -0.0252932   0.00364511   0.00541555   -0.0073581   5.85749e-05   0.000109007   0.00587447   -0.00330703   0.0231795   0.00232919   0.0126597   0.000295241   0.0331425   -0.0401699   -1.00673e-05   0.00311039   -0.000172945   0.0011099   0.000670914   0.00152785   -0.0129443   -0.0592784   0.0461596   -0.0119231   -0.0164234   -0.00655887   0.00835603   0.0125105   -0.0140693   0.0112622   0.013206   0.0109236   -0.003595   -0.00444929   0.00509822   0.00364301   0.00607346   0.00575717   -0.000734061   0.00648108   0.00989441   0.0104888   0.00565727   -0.00210028   0.0049982   0.00169461   -0.00986478   -0.0224448   -9.42309e-07   0.00518655   -0.000446455   
0.00789305   -0.00186556   0.00435403   -0.00112729   0.00104164   0.00858685   0.00490358   0.00802619   0.000886561   0.0028801   0.00791794   -0.00220484   0.000843625   0.00207484   -4.69827e-06   0.00132592   0.00252261   -0.000126198   -0.000907208   -0.000822218   -0.00834631   0.0027404   -0.00469424   0.000475377   0.00154455   -0.00551011   -0.00652893   0.00471049   9.10342e-05   0.00584196   -0.00684237   0.000180199   -0.0016496   0.0022222   -0.00336245   -0.00597628   0.00909024   0.00127806   -0.000799343   -0.0022046   -0.0011358   -0.0116626   8.75075e-05   0.00521794   0.0255968   0.0213945   0.00561786   0.00762489   0.0113087   -0.0357764   -0.0282472   -0.0575437   -0.0576706   -0.0137882   -0.0227861   -0.0345825   0.0279288   -0.0492578   0.000270326   -0.0620872   0.0117725   0.021446   -0.0493379   0.00772461   -0.00598147   -0.214991   -0.0090044   -0.0241849   -0.00874702   0.0189109   -0.0058896   0.0165645   0.0217236   0.0132288   -0.00598439   0.0108339   0.0371182   -0.00785698   0.000284264   0.000395732   0.00294701   1   -0.00842222   -0.025258   0.00251924   -0.000510671   -0.0174062   1.24114e-05   -9.6618e-05   0.00164253   -0.00215317   0.00744753   0.0109237   0.0044432   -0.00127754   0.0103288   -0.0161766   3.07609e-06   0.000293941   -0.000512589   0.000283687   -0.00338566   0.00110716   -0.0147618   -0.0421161   0.0052801   -0.00377226   -0.0527732   0.00297565   0.000962813   0.0108544   -0.00527554   -0.000913936   0.0029431   0.00187816   -0.00173136   -0.156927   0.00465262   -0.00383427   0.0048352   0.00378521   -0.00222742   -0.0165719   0.00793726   0.00657084   0.00490608   -0.00479986   0.00419367   -0.00433286   0.00501646   -0.00867222   -1.10717e-06   0.00575666   0.000507689   
0.0155108   7.25248e-05   -0.000520495   0.00101037   0.00255173   0.00780695   0.0119181   0.0142881   0.00281799   0.00217074   0.00187314   -0.00188204   -0.00274851   0.00795432   0.000385132   -0.000221869   0.000871008   0.00102501   -0.00331582   -0.00181793   -0.00451703   0.00127412   0.000483157   -0.00153558   -0.00375991   -0.000338883   0.00200838   0.00556634   -9.35916e-05   -0.0013896   -0.000112571   0.00118884   -0.00110275   0.000491733   -0.000417685   -0.000409955   -0.0263863   -0.0227797   0.00289741   0.00574494   0.00722693   0.00407731   -0.0148688   -0.00763895   -0.0334104   -0.0251782   -0.0198579   0.00144189   0.0027719   0.00274941   0.000517779   -0.00204633   0.0062526   0.0173371   0.0120485   0.00937355   0.00835086   0.0169212   0.0111905   0.00605272   0.00718946   0.010422   -0.00198846   -0.00332241   0.00332628   0.0101681   -0.000703006   -0.0047996   -0.00827871   0.00163445   -0.00790738   0.00144969   -0.00729811   -0.00978421   -0.0129319   -0.00767898   0.0125219   0.012239   -9.74579e-05   0.000254797   1   0.00294701   0.00405915   -0.0152307   -0.0039621   0.0011469   0.000654   6.87949e-05   0.000144584   0.00574497   -0.00379238   0.0223967   0.00978333   0.0123685   -0.00173476   0.0319383   -0.0416123   2.06582e-06   0.00234631   -0.000213488   0.000843212   0.00228455   0.00203155   0.0359679   -0.0224208   0.0356537   -0.0268987   -0.0202668   -0.0500285   -0.0013246   -0.0248197   -0.0114943   0.00177074   -0.0043441   -0.00340162   -0.00587663   -0.0090333   0.0149393   -0.00639898   -0.00837349   0.00558248   -0.000541848   -0.00427693   -0.0136043   0.0106054   0.00303433   -0.00226415   0.00799328   -0.00111751   0.0173884   0.010513   -2.59311e-07   0.00638221   -0.00085646   
-0.00167085   0.00100203   -0.00181797   0.000690097   5.97242e-05   0.000854744   0.00101222   0.00140525   0.00198848   0.000842007   0.00270236   0.00027886   0.00166824   0.00201369   0.000392984   -5.57121e-06   -0.000495802   0.00186935   0.00105604   -0.000835329   -0.00219058   -0.00296548   -0.00159489   -0.00193092   0.000841186   -0.00228774   0.000669463   0.00284468   2.02855e-05   0.00218106   0.000696485   -0.000314667   0.000141444   -0.000274421   -0.00031393   -0.000711007   -0.00347923   -0.00407187   -0.000519766   -0.00203006   -0.00262011   -0.00311551   -0.00155269   0.000608826   0.0010915   0.000281192   0.00510897   0.00446739   -0.000957073   -0.00107214   -0.00121589   -0.00208315   0.000242127   0.00322379   0.00165719   0.00157714   0.00089663   0.00362123   0.00182567   0.000724361   0.00100933   0.00253297   -0.000825959   -0.000719913   0.00113   0.00103006   0.00028953   -0.000365299   -0.000605996   0.00300345   -0.00404013   0.00191093   -0.00197683   -0.00377322   -0.0050961   -0.00401658   0.00215295   0.00164011   -0.00033079   1   0.000254797   0.000395732   0.00119817   0.00266094   0.000308833   0.00237581   0.00268866   5.0343e-06   7.42256e-05   0.000975192   -0.00378876   0.00408075   0.00360514   0.00202709   -0.00455151   0.00530331   -0.0136779   -8.35451e-07   0.000808656   -0.000451552   0.001151   0.00118187   0.00178401   -0.0113521   -0.00858674   0.00922051   -0.0113277   -0.00502728   -0.00907284   -0.00554097   0.00537541   -0.00612161   -0.0128093   -0.00715438   -0.00882718   0.000915191   -0.0019003   -0.00131469   0.00421676   0.00049558   0.000868135   -0.000628798   0.00516065   0.000946156   0.00168756   0.000668302   -0.00255975   0.00743656   0.00135239   0.0111013   0.00728133   -5.47245e-08   0.00271043   0.00150747   
-0.00101261   0.000842257   -0.00269675   0.000299092   -0.000549415   0.00310262   0.00152486   -0.000877813   -0.000565937   0.000539094   0.00162399   0.000165011   0.00120052   0.00212921   0.000394727   -0.00094493   -0.000235908   0.00103446   0.000411038   -0.000576244   -0.000621338   -0.00384584   -0.00176845   0.00018768   0.000505184   -0.00388039   0.000664732   0.00219928   4.0649e-05   0.00138989   0.000250708   -5.30434e-05   -0.000280133   -0.000294173   0.000182975   0.000101577   0.000942815   -0.00110955   -0.000999663   -0.00115432   0.000383535   -0.00143482   -0.00872779   -0.00658558   0.00212265   0.00307219   -0.00350572   0.00554267   -0.000488679   -0.000539358   -0.000551964   -0.00106625   0.000443672   0.00226482   0.00140257   0.00120873   0.000683169   0.0024318   0.00124061   0.00059902   0.000744479   0.00175597   -0.00035916   -0.000274824   0.00082383   0.000996357   0.000229643   -0.000172878   -0.000403897   0.00173146   -0.00236603   0.00100509   -0.00127633   -0.00232689   -0.00308648   -0.00240912   0.00183869   0.00153009   1   -0.00033079   -9.74579e-05   0.000284264   0.000813225   0.00130092   2.80608e-05   0.00109188   0.000659084   6.73133e-06   6.87772e-05   0.000786832   -0.00242538   0.00328135   0.00209941   0.00182499   -0.00298495   0.00417682   -0.00864221   -2.50498e-06   0.000651021   -0.000357163   0.000848593   0.000979532   0.00203761   0.00415207   -0.00581567   0.00556651   -0.00600691   -0.00295838   -0.00615744   -0.0059956   -0.00377321   -0.00132322   -0.00784495   -0.00808195   -0.00541675   0.000333637   -0.00194849   -0.00085993   0.00258402   -0.000335011   0.000155462   -0.00141789   0.00282284   -0.000540128   0.000556107   -0.00124536   -0.0032059   0.00257721   0.000737013   0.0067306   0.00461973   -3.10898e-08   0.00158469   0.000333455   
0.0499048   0.00197481   -0.00221113   -0.000429839   0.0136332   0.0090295   0.0335256   0.0315181   0.021735   0.00526199   0.021416   8.90519e-05   0.015018   0.0236521   1.08863e-06   -0.000439339   -0.00332078   0.00274264   -0.00733887   -0.00240688   -0.0219768   0.00653203   0.00413992   0.00340745   0.00515826   -0.00249397   0.0115061   0.0145973   -0.000231064   0.0152261   0.00368374   0.000871794   -0.002472   -0.00407725   -0.00309146   -0.00608632   0.0437462   0.00868666   -0.00434548   -0.00627579   -0.0120285   -0.0297582   -0.0221764   0.00643612   0.0494521   0.0782563   0.052344   0.058979   0.069757   0.0476028   0.0604103   0.0561911   0.0985922   0.126258   0.142525   0.087666   0.0150458   0.0910383   0.0338808   0.0434273   0.0466881   0.0746137   0.0196361   0.0340022   0.0480667   0.123079   0.00846688   0.0288547   -0.0276173   0.00751213   -0.0381785   -0.00173336   -0.00771688   0.00583043   -0.00369881   0.0173989   0.149826   1   0.00153009   0.00164011   0.012239   -0.00785698   -0.0196551   -0.0510024   0.0103935   0.014632   -0.200647   0.000140081   0.000313583   0.0157899   -0.0107277   0.0642901   0.0145812   0.0342951   -0.00189878   0.0918752   -0.113516   -2.33597e-05   0.00859709   -0.00023916   0.00282285   0.00201309   0.00256929   -0.100357   -0.244609   0.121216   -0.0461138   0.0471951   -0.0135827   0.016368   0.0781687   -0.054275   -0.00678281   0.0285585   0.0045443   -0.00837981   -0.0110551   0.0421698   -0.039618   0.019652   0.0164533   -0.00131045   0.0180929   0.0331495   0.0313001   0.013657   -0.0038393   0.0115205   0.00473646   0.0597375   0.025319   -1.27591e-07   0.018196   0.00574997   
0.0258838   -0.00636357   0.0131031   -0.00381376   0.0077068   0.0206266   0.0208811   0.0307688   0.0145464   0.0122389   0.0372487   -0.00626929   0.00373339   0.0225634   6.57288e-06   0.00320951   -0.000920629   0.00176964   -0.0171789   0.000986112   -0.00710065   0.0106123   -0.000284944   0.00125665   0.00878195   -0.00340071   0.01645   0.0156275   -0.000567296   0.0146362   -0.00118532   0.000709161   -0.00357754   -0.00170732   -0.00722876   -0.00416426   0.0496085   0.00334066   -0.00149153   -0.00662934   -0.00671873   -0.0442371   -0.00845389   0.0163347   0.0705959   0.0935464   0.0192227   0.0599381   0.0467569   0.0663597   0.0674002   0.041085   0.0982713   0.133913   0.116086   0.0799787   0.0816031   0.116811   0.0755678   0.0570835   0.0400731   0.0981136   0.0420176   0.038979   0.0631261   0.0952001   0.0416986   0.00653615   0.0269812   0.0220411   0.00432556   -0.000108946   0.0306597   0.0151727   0.0261381   0.0214117   1   0.149826   0.00183869   0.00215295   0.0125219   0.0371182   -0.0198367   -0.0144124   0.0111079   0.0112326   -0.153348   9.00624e-05   0.000128415   0.0137315   -0.0119112   0.0575355   0.0645644   0.0360273   -0.00627916   0.0804713   -0.106888   -1.69547e-05   0.0063796   0.000407845   0.00197604   0.00106471   0.00195712   -0.0890957   -0.321228   0.0364797   -0.0378159   -0.140653   -0.000144424   0.0159642   0.0677771   -0.0383867   0.00243852   0.028371   0.0120355   -0.00646636   -0.00619906   0.0215984   -0.0324983   0.0204655   0.0156739   0.000819624   0.000492916   0.0341932   0.0289858   0.0178754   -0.00314178   0.0265785   0.000117495   0.0275215   0.0204082   -2.37763e-07   -0.0059602   0.0034488   
-0.0347432   0.00539398   -0.00755508   0.00430301   -0.00221649   -0.035602   -0.0442733   -0.0576014   -0.005184   -0.0071472   -0.0279264   0.0154819   -0.0228621   -0.014792   -2.3218e-05   -0.00109463   0.0046918   -0.00643911   0.00912814   0.00592936   0.0253688   -0.00659116   0.00677967   -0.00221137   0.000779799   0.00300535   -0.0015692   -0.0265933   0.000432241   -0.0194672   -0.00636677   -0.00271518   0.00279713   0.00813702   0.00584418   0.0054104   0.000439254   0.0180165   0.00469229   -0.00670533   -0.00882465   0.0230801   0.0246509   -0.0173651   -0.0763914   -0.0604796   -0.03735   0.00677115   0.108993   0.0930259   0.0924927   0.0994195   0.0540636   -0.0132372   0.0197631   0.01292   0.00880708   -0.0320217   -0.00873276   0.0223803   0.0134861   0.000731217   0.0629816   0.0722839   0.0432815   0.0123369   0.0643223   0.10298   0.119679   0.0364471   0.0230956   0.0557082   0.178675   0.214927   0.229511   1   0.0214117   0.0173989   -0.00240912   -0.00401658   -0.00767898   0.0108339   -0.00482647   -0.0665058   -0.00751864   -0.018841   -0.0021511   -0.000257325   -0.000558347   -0.0243725   0.0117611   -0.0919322   0.0121897   -0.049696   -0.00282169   -0.131739   0.159089   2.49845e-05   -0.0125585   0.00110055   -0.00451736   -0.00445537   -0.00881855   -0.0180531   0.0677285   -0.212122   0.0613067   0.123383   0.0576562   -0.0240615   0.00448756   0.0549482   -0.0400455   -0.0359879   -0.0323222   0.0188206   0.0366132   -0.0366814   -0.0268395   -0.0103046   -0.021964   0.00556583   -0.0231842   -0.0165153   -0.0387862   -0.0212294   0.0131696   -0.018472   -0.00606243   -0.0598025   -0.318154   2.37947e-06   0.00376681   0.0029028   
-0.0807807   0.00397268   -0.0043684   0.00487592   -0.00742724   -0.0472412   -0.0727662   -0.0871204   -0.012956   -0.0081755   -0.0368695   0.0193644   -0.0395066   -0.0246453   -2.78766e-05   -0.000286329   0.00797849   -0.00991375   0.0100349   0.0103761   0.0455733   -0.0086597   0.00746354   -0.00469083   0.00166346   0.00444749   -0.00173111   -0.0398371   0.000457439   -0.0309234   -0.0114775   -0.00413311   0.00404975   0.0131953   0.00737886   0.00984844   -0.00521871   0.0215178   0.0104771   -0.00510406   -0.00493877   0.0318272   0.0418628   -0.022811   -0.113827   -0.095515   -0.0736036   0.00466148   0.104071   0.108231   0.108343   0.115111   0.0541246   -0.0424032   -0.00813907   -0.000755041   0.0313538   -0.0514691   -0.00572721   0.0280848   0.00353398   -0.00535874   0.0931784   0.0959771   0.0554692   -0.00460011   0.0997019   0.127229   0.188018   0.0464165   0.0659675   0.0575789   0.235999   0.270334   1   0.229511   0.0261381   -0.00369881   -0.00308648   -0.0050961   -0.0129319   -0.00598439   0.00192351   -0.0556275   -0.0122489   -0.0306331   -0.000654499   -0.000407911   -0.000895169   -0.0376682   0.0181402   -0.142531   0.0342913   -0.0747044   -0.00512087   -0.204917   0.245752   4.30131e-05   -0.0199818   0.00191814   -0.00718682   -0.00653173   -0.0131309   -0.00109426   0.0996506   -0.353916   0.100935   0.0952047   0.0901235   -0.0245093   -0.0116732   0.0918316   -0.0347807   -0.0392248   -0.0318802   0.0286584   0.0615848   -0.082113   0.00283101   -0.0175992   -0.0339168   0.00902842   -0.0428065   -0.0284591   -0.0605316   -0.0306078   0.0198131   -0.0225752   -0.0112016   -0.127374   -0.365358   3.21136e-06   0.0232733   0.0015191   
-0.0428938   0.00436469   -0.00613413   0.00412389   -0.00336152   -0.0338843   -0.0454713   -0.0575403   -0.00698404   -0.00696681   -0.0278535   0.0142402   -0.0246382   -0.0155005   -1.46924e-05   -0.00141022   0.00512416   -0.0061854   0.00851956   0.00594328   0.0273881   -0.00670785   0.00608853   -0.00313881   0.000500768   0.00280122   -0.00270805   -0.0268156   0.000283119   -0.0212297   -0.00704783   -0.00281271   0.00304781   0.00863516   0.00595969   0.00617689   -0.00827243   0.0126966   0.00655853   -0.00350215   -0.00448847   0.0258305   0.0243217   -0.0183746   -0.0880863   -0.0725212   -0.0466482   0.00176742   0.120835   0.102439   0.0963575   0.100752   0.0528919   -0.0157211   0.0116453   0.000456429   0.00850496   -0.0397146   -0.00979699   0.0192187   0.0105513   -0.000893387   0.0670098   0.0779948   0.0587536   0.00505435   0.0963112   0.142788   0.180676   0.0979227   -0.0136852   0.114526   0.243574   1   0.270334   0.214927   0.0151727   0.00583043   -0.00232689   -0.00377322   -0.00978421   0.0132288   0.0133594   -0.0162387   -0.00921228   -0.020159   0.00859657   -0.000264277   -0.000552153   -0.0246036   0.0119883   -0.0932828   0.0150274   -0.0498727   -0.00315543   -0.133848   0.161117   3.06872e-05   -0.0129028   0.00118567   -0.00465471   -0.00391732   -0.00857284   0.000935975   0.0820127   -0.220488   0.062226   0.102933   0.0500546   -0.0203646   -0.00892364   0.0584919   -0.0304639   -0.0321291   -0.0273989   0.0185122   0.0352278   -0.042806   -0.00538547   -0.0136433   -0.0222522   0.00550582   -0.026423   -0.0220434   -0.0394487   -0.02125   0.0128618   -0.0177748   -0.00691118   -0.0819437   -0.328273   2.46093e-06   0.0907272   0.00162902   
-0.04526   -0.00295167   0.00579639   0.000207968   -0.00872378   -0.0124191   -0.0377983   -0.0366238   -0.0134418   -0.00113865   -0.011071   0.0033356   -0.0218444   -0.0150192   -3.98198e-06   0.00142961   0.00449586   -0.00418101   0.00093222   0.0052615   0.0271124   -0.00295291   -0.000665604   -0.00356005   0.000584543   0.00167276   -0.00199198   -0.0163035   3.00064e-05   -0.0147846   -0.00684674   -0.0016615   0.00159723   0.00646939   0.00154862   0.00570285   -0.0159008   0.000481811   0.00746836   5.63929e-05   0.00450114   0.00589492   0.0198064   -0.00729425   -0.0446728   -0.0507714   -0.0436542   -0.00360065   0.091286   0.103626   0.0822254   0.0705538   0.0415906   0.00127419   -0.00602533   -0.0138446   0.049763   -0.0143747   0.0257122   0.0251595   0.0103974   0.0132747   0.0653319   0.0599533   0.0620542   -0.00209388   0.112385   0.118277   0.219464   0.182153   -0.0842276   0.200849   1   0.243574   0.235999   0.178675   0.0306597   -0.00771688   -0.00127633   -0.00197683   -0.00729811   0.0217236   0.0198086   0.0257187   -0.00652742   -0.0155475   0.00354552   -0.000191002   -0.00044756   -0.0172514   0.00823293   -0.0661601   0.0281663   -0.0325548   -0.00309078   -0.0957397   0.112568   2.43716e-05   -0.00971979   0.000956382   -0.0034684   -0.00297148   -0.00512291   0.0237647   0.0706636   -0.183188   0.0467925   -0.064088   0.0374764   -0.00898954   -0.0240466   0.0477334   -0.00677349   -0.015581   -0.0093732   0.012104   0.0238324   -0.043654   0.0264426   -0.0102203   -0.0157173   0.00404286   -0.0267332   -0.0167118   -0.0289793   -0.0118778   0.00746358   -0.00391702   -0.00700149   -0.0961675   -0.242231   1.47334e-06   0.0391278   -0.000744878   
-0.000904723   -0.00507837   0.00666206   -0.00328212   -0.00458833   0.0228414   0.018215   0.0296372   -0.00629858   0.00301498   0.0116738   -0.0117682   0.0110282   -0.000406676   1.40515e-05   0.00125354   -0.00227715   0.00368257   -0.00342077   -0.00346531   -0.00967659   0.00205044   -0.00726831   0.000323444   -0.00304451   -0.00124076   -0.00397994   0.0137882   -0.000161995   0.00827605   0.00316812   0.00167834   -0.00112072   -0.00431293   -0.00307483   -0.00161287   -0.0227818   -0.0181497   -0.000843386   0.00585362   0.0101857   -0.0138947   -0.0141032   0.00868289   0.0394445   0.0108822   0.0192447   -0.0178137   0.0608121   0.0599366   0.0282434   0.0107941   0.0174667   0.0470538   0.0140875   -0.0111797   0.0258544   0.0250869   0.0369823   0.0139268   0.0252052   0.0232302   0.00763881   0.00164749   0.0385234   0.0183144   0.0609772   0.0653385   0.13997   0.278086   -0.277432   1   0.200849   0.114526   0.0575789   0.0557082   -0.000108946   -0.00173336   0.00100509   0.00191093   0.00144969   0.0165645   0.0145931   0.0578969   0.00179774   0.00772741   0.00623007   0.000132154   0.000280748   0.0112368   -0.00402545   0.0401451   -0.0165756   0.0217476   0.00308872   0.0577507   -0.0686094   -9.87177e-06   0.00562029   -0.00079106   0.00214145   0.00218379   0.0054954   0.0393712   0.058004   0.108384   -0.0280802   -0.115754   -0.0297447   0.0108418   -0.0263575   -0.0235126   0.023657   0.0151524   0.0163832   -0.0104898   -0.0257198   0.00163054   0.00173342   0.00115146   0.00904176   -0.00370368   0.00974429   0.00153192   0.0148953   0.00966335   -0.00840218   0.00885732   0.00254606   -0.0264929   -0.00574078   -2.20328e-07   -0.05058   -0.00244141   
-0.0462463   0.000251659   0.00229149   0.00233602   -0.00861768   -0.0334454   -0.0632049   -0.0700841   -0.0133317   -0.00373107   -0.0232944   0.0133583   -0.0346482   -0.0210997   -2.82167e-05   0.0020394   0.00683977   -0.0085814   0.00449012   0.00959826   0.0414054   -0.00538441   0.00408996   -0.00365335   0.0027191   0.00378023   0.00102926   -0.0310669   0.000410923   -0.0231771   -0.0102733   -0.00313728   0.0026014   0.0107815   0.00378851   0.00802962   0.00359693   0.0202313   0.00862773   -0.00707264   -0.00484723   0.0129633   0.0376535   -0.0135986   -0.0668933   -0.0604324   -0.05821   0.0109679   -0.05941   -0.0179692   0.000751954   0.0130148   -0.0191118   -0.0844341   -0.0626995   -0.0207043   0.0297557   -0.0524674   -0.0147372   -0.00292618   -0.0361394   -0.0354154   0.0348409   0.0218956   -0.0253659   -0.0472403   -0.00317097   -0.0410659   -0.0224859   -0.238628   1   -0.277432   -0.0842276   -0.0136852   0.0659675   0.0230956   0.00432556   -0.0381785   -0.00236603   -0.00404013   -0.00790738   -0.0058896   -0.00741731   -0.0833517   -0.0076693   -0.0246589   -0.0243523   -0.000337321   -0.000816667   -0.0309804   0.0141799   -0.116529   0.0418753   -0.0593603   -0.00512797   -0.168188   0.199639   3.05372e-05   -0.0166461   0.00165534   -0.00600148   -0.00649918   -0.0108948   -0.0144505   0.0550451   -0.310925   0.0847449   0.00578337   0.0874038   -0.0206942   -0.000568676   0.0776165   -0.031016   -0.0314655   -0.0254697   0.0238926   0.0545738   -0.0494997   0.0415449   -0.00998883   -0.0275769   0.00792231   -0.0380899   -0.0160566   -0.0496826   -0.0227995   0.0159519   -0.0125143   -0.00997177   -0.0492904   -0.13731   1.72561e-06   0.0452983   0.00175505   
-0.00510624   -0.0057297   0.00843559   -0.00344621   -0.00319243   0.0223071   0.0162003   0.0268176   -0.00304738   0.0046857   0.0149511   -0.010846   0.0079003   0.00259548   1.59511e-05   0.00158875   -0.00189623   0.00299837   -0.00583413   -0.0019462   -0.00731142   0.00347961   -0.00621345   0.000147919   -0.00116649   -0.00135621   -0.000838752   0.012691   -0.00028001   0.0076238   0.0017061   0.00132657   -0.00126412   -0.00324289   -0.00358654   -0.00130768   -0.0110888   -0.0146223   0.000828244   0.00990701   0.0136546   -0.00842671   -0.00688776   0.0108157   0.0342126   0.0186644   0.00367856   -0.016637   0.0392745   0.0438146   0.022776   0.00484617   0.0186064   0.047911   0.014596   0.00311539   0.0388149   0.0388888   0.0454805   0.022983   0.0278977   0.0385555   0.0203399   0.0170778   0.0530889   0.0172644   0.0787963   0.0791205   0.157197   1   -0.238628   0.278086   0.182153   0.0979227   0.0464165   0.0364471   0.0220411   0.00751213   0.00173146   0.00300345   0.00163445   0.0189109   0.00237888   0.0644776   0.00204838   0.00669226   0.00671475   0.000110648   0.000233843   0.0105754   -0.0042825   0.0388038   -0.00358529   0.0222817   0.00192174   0.055252   -0.066505   -7.71033e-06   0.00508654   -0.000487125   0.00183967   0.00203284   0.00455971   0.0439526   -0.00280527   0.0817825   -0.018546   -0.125609   -0.0169508   0.0256402   -0.0272975   -0.017423   0.0503116   0.0349222   0.0354087   -0.00908899   -0.020887   -0.002437   0.0895759   0.00156499   0.00917716   -0.00276324   0.00527637   0.00211943   0.0155068   0.010274   -0.0069839   0.0104314   0.00137475   -0.0377024   0.070369   -1.00927e-06   0.030441   -0.00492026   
-0.0919516   -0.00445546   0.00928852   -2.51288e-05   -0.013244   -0.0166658   -0.0548889   -0.0537867   -0.0184486   -0.000881901   -0.0152693   0.00442737   -0.0306905   -0.0215871   -1.39286e-05   0.0031378   0.00607578   -0.00682447   0.00124499   0.00877566   0.0389744   -0.00348473   -0.00146463   -0.00411868   0.000816712   0.00317825   -0.00152167   -0.0234735   0.000180546   -0.0196749   -0.00945528   -0.00220518   0.0020395   0.00866856   0.00149985   0.00839463   -0.00780647   0.0102835   0.0120074   0.0073825   0.0137174   0.0135728   0.0348386   -0.00593857   -0.0485506   -0.0572111   -0.0654797   -0.011601   0.0184757   0.0591591   0.0537985   0.0494862   0.0188244   -0.0316717   -0.0400524   -0.0120681   0.0772509   -0.0141348   0.0393994   0.0358265   0.00733392   0.0142475   0.0846571   0.0717826   0.0623722   -0.0161714   0.127553   0.111086   1   0.157197   -0.0224859   0.13997   0.219464   0.180676   0.188018   0.119679   0.0269812   -0.0276173   -0.000403897   -0.000605996   -0.00827871   -0.00874702   -0.0101454   -0.0145944   -0.00744801   -0.021534   -0.0141052   -0.000268743   -0.000661385   -0.0246576   0.0129293   -0.0943894   0.035528   -0.0461794   -0.00241691   -0.136625   0.163623   2.88364e-05   -0.0138288   0.00137541   -0.00485964   -0.00454613   -0.00741166   0.0488193   0.0928431   -0.263408   0.0854959   -0.0991459   0.0662855   0.0164247   -0.0393013   0.0740429   0.0417421   0.0176289   0.0241698   0.0178698   0.0421449   -0.0920215   0.154422   -0.0114316   -0.0224642   0.00605871   -0.0367167   -0.0189483   -0.0415114   -0.0162088   0.0114007   -0.00683766   -0.00961884   -0.145257   -0.0771588   1.19886e-06   0.105847   -0.00533282   
-0.040905   0.00801588   -0.0124933   0.00485518   0.00498445   -0.0282406   -0.0178182   -0.0349596   0.00701274   -0.00663924   -0.0222362   0.0139574   -0.00917696   -0.00213192   -1.2062e-05   -0.00306772   0.00181911   -0.0038864   0.00879649   0.00315594   0.00692357   -0.00441385   0.00831678   -0.000212831   0.00039514   0.00195064   -0.000180816   -0.0170427   0.000248407   -0.0115368   -0.00226607   -0.00188977   0.00214668   0.0042964   0.0055588   0.00244113   0.0153935   0.0195287   0.00306346   0.00539837   -0.000493635   0.0368844   0.0163507   -0.0125009   -0.0667918   -0.0332074   -0.0284157   -0.00346246   0.0683845   0.0320333   0.0514862   0.0678905   0.0399224   -0.00498207   0.0329133   0.0366326   -0.0187344   -0.0111455   -0.0154174   0.0232804   0.0255111   0.0161647   0.0501142   0.0744965   0.0566593   0.0253544   0.0684469   1   0.111086   0.0791205   -0.0410659   0.0653385   0.118277   0.142788   0.127229   0.10298   0.00653615   0.0288547   -0.000172878   -0.000365299   -0.0047996   -0.0241849   -0.0102229   -0.037747   -0.00470762   -0.00947974   0.0121626   -0.00013616   -0.000223587   -0.0126131   0.0070994   -0.0468383   -0.00900399   -0.0272537   0.000178183   -0.0665885   0.0847327   1.39997e-05   -0.00606704   0.000647512   -0.00221924   -0.00132615   -0.00546177   0.00494667   0.00738768   -0.0936186   0.0452142   0.186895   0.0275568   0.0141074   -0.000847527   0.030774   0.0250534   0.0160274   0.0144816   0.0108584   0.0233707   -0.0416638   0.0836695   -0.00688935   -0.0110416   0.00304069   -0.0071372   -0.0112268   -0.0182868   -0.01334   0.00907932   -0.018731   -0.00186002   -0.0651118   -0.0462185   8.60521e-07   0.166551   -0.00240503   
-0.0423823   -0.00270629   0.00625521   -0.000514416   -0.00542673   -0.00519361   -0.0233667   -0.0216283   -0.00662109   0.00140489   -0.0019071   0.00138753   -0.0132891   -0.00702636   -1.25758e-05   0.00250415   0.00275312   -0.00339883   -0.00152751   0.00454709   0.0172035   -2.45674e-05   -0.000843687   -0.00115044   0.00170968   0.00134128   0.00214038   -0.00885693   0.000121759   -0.00588854   -0.00423215   -0.00077961   0.000245256   0.00336092   -0.000719025   0.00315305   0.0124696   0.0110754   0.00399153   0.00178665   0.00460853   0.00133678   0.0188805   0.00203871   0.000207412   -0.00295665   -0.0281976   -0.00136871   0.0179663   0.0388389   0.037571   0.0333864   0.0272216   0.00846472   0.000284662   0.0173987   0.058055   0.0209429   0.0393289   0.0349887   0.0179513   0.0286738   0.0536012   0.0470194   0.0481984   0.00992589   1   0.0684469   0.127553   0.0787963   -0.00317097   0.0609772   0.112385   0.0963112   0.0997019   0.0643223   0.0416986   0.00846688   0.000229643   0.00028953   -0.000703006   -0.0090044   -0.0177576   -0.0490043   -0.000690754   -0.0077402   0.00490532   -0.000110252   -0.000316469   -0.00982196   0.00464596   -0.036664   0.0244279   -0.016963   -0.00144891   -0.053379   0.0631738   6.86924e-06   -0.00559543   0.000673287   -0.0019291   -0.00239505   -0.00328662   0.00933702   -0.000778004   -0.118046   0.0392794   -0.0656152   0.031326   0.0104187   -0.00666845   0.0322039   0.0238257   0.0135005   0.0170654   0.00794774   0.0217378   -0.0432921   0.0712465   -0.000433023   -0.00847442   0.00314456   -0.0155379   -0.000903901   -0.0157253   -0.00478961   0.00528236   0.000392877   -0.00407319   -0.0660497   -0.023086   5.75008e-07   0.11065   -0.00277475   
0.0465556   0.0012381   -0.00193452   -0.000916263   0.00717937   0.00885719   0.0257871   0.0262992   0.0118971   0.00300594   0.0139198   -0.00188035   0.0148154   0.013201   -5.83782e-06   0.000425158   -0.00385213   0.00252265   -0.00405861   -0.00256383   -0.0168887   0.00377498   0.00163152   0.00330768   0.00173492   -0.000272199   0.00769183   0.0123723   2.87665e-05   0.0127905   0.00575454   0.00122735   -0.00175647   -0.00509718   -0.00227641   -0.00387006   0.0252564   0.00596534   -0.00460159   -0.00616034   -0.00944268   -0.0274169   -0.020106   0.00579562   0.0542311   0.0589384   0.0551783   0.0383598   0.0531896   0.0483735   0.0501253   0.0547824   0.0854011   0.103194   0.112461   0.0705538   0.0129269   0.0815717   0.0348602   0.0486352   0.0388424   0.0484065   0.0209444   0.0153613   0.0341581   1   0.00992589   0.0253544   -0.0161714   0.0172644   -0.0472403   0.0183144   -0.00209388   0.00505435   -0.00460011   0.0123369   0.0952001   0.123079   0.000996357   0.00103006   0.0101681   -0.214991   -0.0260758   -0.0777142   0.00860751   0.0129742   -0.162281   0.000133828   0.00028189   0.0127104   -0.00719247   0.0501733   -0.00570384   0.0258988   0.000924115   0.0721608   -0.0865314   -2.57647e-05   0.00721984   -0.000459901   0.00247169   0.0017124   0.00281911   -0.0731175   -0.119896   0.117991   -0.0368957   0.0263158   -0.00808103   0.00843318   0.0560894   -0.0443491   -0.0117547   0.0167363   -0.000819611   -0.00762581   0.0197757   0.036004   -0.0417815   0.0159919   0.011876   -0.00159034   0.0220934   0.0268518   0.0220415   0.00990482   -0.00382514   0.00750276   0.00578246   0.0599535   0.00551955   9.0241e-08   0.0261651   0.00503426   
-0.00900028   0.000275735   0.00121239   0.00018721   0.00374219   -0.00169702   0.00040679   -0.00154411   0.00708602   0.00245273   0.00617882   0.00220143   -0.00183428   0.00715051   -6.36247e-06   0.000689363   0.0004439   -0.00109765   -0.00324188   0.00183674   0.000480237   0.00251503   0.00232994   0.000721641   0.00336201   -0.000270933   0.00621592   -0.000248524   -4.97625e-05   0.00215741   -0.00108337   -0.000257975   -0.000711948   0.00053884   -0.00117477   -0.000602737   0.0311171   0.0121885   -0.00102156   0.000190253   -0.0017377   0.00276438   0.00949281   0.00521133   0.0126108   0.0310165   -0.0120577   0.00764053   0.0395937   0.035597   0.0417121   0.0361612   0.0454114   0.0430289   0.0433364   0.0496274   0.034237   0.0477511   0.0324567   0.037667   0.0304991   0.048655   0.0407416   0.0463353   1   0.0341581   0.0481984   0.0566593   0.0623722   0.0530889   -0.0253659   0.0385234   0.0620542   0.0587536   0.0554692   0.0432815   0.0631261   0.0480667   0.00082383   0.00113   0.00332628   -0.00598147   -0.0162471   -0.0439073   0.00293445   0.00120048   0.0261052   -1.30424e-05   -5.47186e-05   0.000408415   -0.00155566   0.00396566   0.0201226   0.00340899   -0.00174155   0.00513791   -0.00768153   -4.05229e-06   0.000120535   0.000372505   -1.70912e-05   -0.000340279   -0.00117911   -0.0181813   -0.110279   -0.0218346   0.00764823   0.00464497   0.00843655   0.0110992   0.0171121   0.00305881   0.0191366   0.0164324   0.0166514   0.00177695   0.00859651   -0.00936948   0.0355268   0.00534474   0.00168798   0.00152896   -0.00176467   0.00863326   0.00372835   0.00231276   0.0022678   0.00339934   -0.000464478   -0.0206688   0.00786044   1.43653e-07   0.059656   -0.00172445   
-0.0721664   0.00628608   -0.0079496   0.00436767   0.00192522   -0.0335973   -0.0359365   -0.0520554   0.00349778   -0.0051208   -0.0221252   0.0160884   -0.0188723   -0.00677246   -3.04201e-05   -0.000611457   0.00379964   -0.00683695   0.00734294   0.0069658   0.0193206   -0.00385618   0.00814836   -0.000443871   0.00253172   0.00278176   0.00321667   -0.0237048   0.000457636   -0.014507   -0.00568173   -0.00250875   0.00193151   0.00694379   0.00462107   0.00407489   0.0336389   0.0318088   0.00409896   0.00203417   -0.00263745   0.0331086   0.0324949   -0.00933704   -0.0551827   -0.0223121   -0.0436855   0.00273216   0.0339377   0.0281297   0.0561832   0.0688196   0.0413479   -0.0133942   0.0232775   0.0537012   0.0240483   0.00462148   0.00879662   0.041309   0.0302629   0.0313747   0.0734369   1   0.0463353   0.0153613   0.0470194   0.0744965   0.0717826   0.0170778   0.0218956   0.00164749   0.0599533   0.0779948   0.0959771   0.0722839   0.038979   0.0340022   -0.000274824   -0.000719913   -0.00332241   0.00772461   -0.0333986   -0.122235   -0.00360248   -0.0147402   0.0100236   -0.000223387   -0.000492493   -0.0203483   0.0101638   -0.0750669   0.0138257   -0.0404025   -0.00146156   -0.107634   0.132577   1.49262e-05   -0.0103657   0.00114912   -0.00370652   -0.00389311   -0.00845189   -0.0118539   -0.0246049   -0.185947   0.0730118   0.143263   0.0636904   0.0135589   0.00937613   0.0518508   0.0256352   0.0160798   0.0170382   0.0176589   0.0369722   -0.0745627   0.0786071   -0.00391108   -0.0174336   0.00578829   -0.0183825   -0.00641161   -0.030015   -0.0168691   0.0136335   -0.0176089   -0.00480786   -0.109144   -0.00430506   1.06466e-06   -0.0218535   -0.00268074   
-0.0721197   0.00210277   -0.00069404   0.00230043   -0.00405302   -0.0256255   -0.0415091   -0.0498402   -0.00480001   -0.00277557   -0.0169327   0.0110697   -0.0211376   -0.0118265   -3.39012e-05   0.00185993   0.00423793   -0.0069389   0.0044402   0.0075907   0.0255453   -0.00310043   0.00407674   -0.000832304   0.00219914   0.00329878   0.00310034   -0.021804   0.000504408   -0.0132375   -0.00594394   -0.00200578   0.00142483   0.00639168   0.00244562   0.00506832   0.0286391   0.0293938   0.00455702   -0.000358894   -0.00084276   0.0177546   0.0333382   -0.00458929   -0.0267037   -0.0159408   -0.0403939   0.00152382   0.0144835   0.036275   0.0529015   0.0605707   0.0374268   -0.0119778   0.00638894   0.0430436   0.0550856   0.0151263   0.031577   0.0494803   0.0264822   0.0296454   1   0.0734369   0.0407416   0.0209444   0.0536012   0.0501142   0.0846571   0.0203399   0.0348409   0.00763881   0.0653319   0.0670098   0.0931784   0.0629816   0.0420176   0.0196361   -0.00035916   -0.000825959   -0.00198846   -0.0493379   -0.0362889   -0.141405   -0.00232976   -0.0148025   0.00422563   -0.000221018   -0.000559443   -0.020777   0.0104418   -0.0774193   0.0220796   -0.0400117   -0.00141771   -0.1114   0.135739   1.15018e-05   -0.0108963   0.00113027   -0.00379183   -0.00457807   -0.00776726   -0.00821383   0.010114   -0.202436   0.0745256   0.0415259   0.0652584   0.0088281   0.00505663   0.056114   0.0200152   0.0105626   0.0142477   0.0173088   0.0469326   -0.0760359   0.0693167   -0.00178584   -0.0182737   0.00595193   -0.0208595   -0.00303418   -0.0326137   -0.0150018   0.0125526   -0.0114783   -0.00546207   -0.113328   -0.0135924   1.31129e-06   -0.044218   -0.00239391   
0.0302806   -0.00237957   0.00613159   -0.00211087   0.00644966   0.0151994   0.0219309   0.0267561   0.0123612   0.00757565   0.0244563   -0.00428717   0.00887866   0.0175422   -3.97635e-06   0.00224974   -0.001553   0.00145557   -0.0097314   -0.000438688   -0.0118697   0.00714351   -0.000169158   0.00257056   0.00509219   -0.00199604   0.0104708   0.0134144   -0.000185502   0.0143902   0.0015738   0.00110762   -0.00277136   -0.00343411   -0.00528003   -0.00433119   0.049219   0.011043   -0.00604399   -0.00329864   -0.0049568   -0.016178   0.000881261   0.0170988   0.0707283   0.0847282   0.0099619   0.015124   0.0335103   0.0338485   0.035894   0.0192726   0.0543228   0.0847809   0.0677416   0.0726919   0.0552464   0.0928461   0.0593289   0.0485665   0.0436873   1   0.0296454   0.0313747   0.048655   0.0484065   0.0286738   0.0161647   0.0142475   0.0385555   -0.0354154   0.0232302   0.0132747   -0.000893387   -0.00535874   0.000731217   0.0981136   0.0746137   0.00175597   0.00253297   0.010422   0.021446   -0.0213236   -0.0681173   0.00944116   0.0118786   0.0419917   0.000110077   0.000157087   0.0124857   -0.0087707   0.0511284   0.0270852   0.0294944   -0.00189946   0.0724124   -0.091069   -2.20518e-05   0.00637659   -6.40377e-05   0.00221619   0.000817763   0.00245895   -0.0417667   -0.201667   0.0713948   -0.0256809   -0.0623003   -0.0137429   0.0116803   0.0376311   -0.025299   0.017294   0.0209067   0.0206813   -0.00640587   -0.00960715   0.0298251   0.0162666   0.0158193   0.0133464   -0.000446829   0.00945752   0.0256637   0.0245648   0.0142849   -0.00341801   0.0159814   0.00246913   0.0271901   0.0591234   -5.92192e-07   0.00697936   -0.00111315   
0.0176629   0.00179469   -0.00156906   -5.44757e-05   0.00257091   0.000851064   0.00744428   0.00578128   0.00528669   0.000991776   0.00381266   0.000986615   0.00675446   0.00425523   -2.22683e-05   0.00156505   -0.00121207   -0.000492783   0.000159762   -0.00011703   -0.00746587   0.00152798   0.000536954   0.00298683   0.000940957   0.000362571   0.00334986   0.00358584   0.000373627   0.00776171   0.00224112   0.000706417   -0.00115311   -0.00247726   -0.00169874   -0.00260562   0.0338255   0.0182551   -0.00549013   -0.00410218   -0.00638564   -0.00397074   0.00423003   0.0081649   0.0496738   0.048263   0.0187424   0.00198449   0.0321286   0.0233408   0.0290329   0.0297614   0.0370916   0.0450223   0.0470892   0.0574293   0.0323937   0.0526631   0.0379731   0.0395505   1   0.0436873   0.0264822   0.0302629   0.0304991   0.0388424   0.0179513   0.0255111   0.00733392   0.0278977   -0.0361394   0.0252052   0.0103974   0.0105513   0.00353398   0.0134861   0.0400731   0.0466881   0.000744479   0.00100933   0.00718946   0.0117725   -0.0320554   -0.143091   0.00612426   0.00594639   0.024091   4.88396e-05   1.43446e-05   0.00333258   -0.00157506   0.0141438   -0.00785776   0.00660202   0.00182839   0.0205725   -0.0226168   -1.96442e-05   0.00224647   -0.000303603   0.000930004   -0.00113389   0.000412027   -0.0310789   -0.045387   0.0401418   0.000795517   0.0266928   0.00753342   0.00456456   0.0270064   -0.00751106   0.0061446   0.00954954   0.0102535   -0.000953172   -0.0024763   0.0143154   0.0187061   0.0108704   0.00344725   -0.000284418   0.0103723   0.0175681   0.00638989   0.00352153   -0.000423594   0.000629151   0.00271517   0.00848397   0.024821   -2.50075e-07   0.00675802   -0.000177353   
-0.00506664   -0.000367886   0.00281531   -0.000543121   -0.00089393   -0.00199979   -0.0072226   -0.00694874   0.000740949   0.00206002   0.00348873   0.00146303   -0.00207572   -4.39725e-05   -2.63849e-05   0.00294304   0.000370539   -0.00228546   -0.0015779   0.00261778   0.00431466   0.0015469   0.000171103   0.00184696   0.00212286   0.00129077   0.00535756   -0.001727   0.000366508   0.00340998   -0.000189501   0.00016209   -0.000915302   -0.000313498   -0.00199891   -0.000167479   0.0363975   0.021177   -0.00281596   -0.00422869   -0.00451356   -0.00538606   0.014162   0.00849049   0.044706   0.0418822   0.000878856   0.00387902   0.0203304   0.0351267   0.0399415   0.0387869   0.0446823   0.0401121   0.0370971   0.059376   0.0591292   0.0603094   0.0530686   1   0.0395505   0.0485665   0.0494803   0.041309   0.037667   0.0486352   0.0349887   0.0232804   0.0358265   0.022983   -0.00292618   0.0139268   0.0251595   0.0192187   0.0280848   0.0223803   0.0570835   0.0434273   0.00059902   0.000724361   0.00605272   -0.0620872   -0.0393172   -0.151643   0.00511374   0.000991434   0.0217909   -2.13779e-05   -0.000166196   -0.00257871   0.000898752   -0.0080143   0.0108858   -0.00332655   0.000252667   -0.0117828   0.0147285   -1.3778e-05   -0.00118622   0.000183364   -0.000307505   -0.00220462   -0.001611   -0.0280196   -0.0504305   -0.0350896   0.0200766   -0.0217936   0.0260766   0.00533219   0.0230669   0.0104598   0.0102703   0.0100553   0.0128156   0.00374295   0.0214328   -0.00961325   0.0338485   0.00959017   -0.00176474   0.00182134   0.000757845   0.015444   -0.00328348   0.000528202   0.0028886   0.0021048   0.000194155   -0.0241981   0.0173982   1.69158e-07   -0.0134431   -0.000932338   
0.0240542   -0.00772479   0.0151124   -0.00483506   -0.00563365   0.0231034   0.00647153   0.0217909   -0.0051958   0.00861581   0.0239823   -0.0107492   0.00454836   0.00246441   -1.86787e-05   0.00623626   -0.000627576   0.000449973   -0.0099027   0.000628834   -0.00032401   0.00594834   -0.00734396   0.00219925   0.0024286   -0.000410862   0.00608177   0.0126223   0.000173593   0.0139551   0.00103411   0.00182167   -0.00297955   -0.00385334   -0.00752522   -0.00232046   0.032837   0.00975535   -0.00504947   -0.00699566   -0.00175476   -0.0359165   0.0043253   0.0216808   0.110845   0.0792341   0.0195043   0.00459186   -0.000864038   0.0370428   0.022271   0.00378043   0.0330666   0.0663218   0.0257417   0.0440899   0.0990329   0.0875164   1   0.0530686   0.0379731   0.0593289   0.031577   0.00879662   0.0324567   0.0348602   0.0393289   -0.0154174   0.0393994   0.0454805   -0.0147372   0.0369823   0.0257122   -0.00979699   -0.00572721   -0.00873276   0.0755678   0.0338808   0.00124061   0.00182567   0.0111905   0.000270326   -0.0373479   -0.137141   0.0100852   0.00901387   0.0265652   8.96873e-05   -2.11997e-05   0.00779007   -0.00497889   0.0309367   0.0231371   0.0199704   0.000147463   0.0433597   -0.0554929   -2.67697e-05   0.0036832   -0.000291486   0.00153088   -0.00149584   0.00287968   -0.0270857   -0.0674954   0.0330052   -0.0105065   -0.197687   0.00115079   0.0020544   0.0229062   -0.0101567   0.00636556   0.00852049   0.0136933   -0.00485099   -0.00274674   0.0208103   0.0123255   0.0170644   0.00765234   -0.000442807   0.00478088   0.0274815   0.0122444   0.0127833   -0.00447363   0.0191234   0.00123869   0.0140598   0.034681   -8.12364e-07   0.00301095   -0.000629864   
0.0792601   -0.00614444   0.0120474   -0.00519335   0.00659853   0.0357773   0.0446208   0.0591254   0.0135834   0.0124637   0.042609   -0.013328   0.0216011   0.0245945   1.15899e-07   0.00415186   -0.0043696   0.00482483   -0.016013   -0.0035776   -0.0243687   0.0111806   -0.0044335   0.00435385   0.00525197   -0.00315794   0.0132011   0.0289613   -0.000291369   0.0270876   0.00572229   0.00284849   -0.0047431   -0.00850365   -0.00949303   -0.0075899   0.0540552   0.00359984   -0.0113916   -0.00731189   -0.00731169   -0.0391901   -0.0115913   0.0292352   0.134315   0.131726   0.0394623   0.016852   0.0305151   0.0396951   0.0286579   0.00359865   0.0639585   0.128424   0.0877001   0.0855955   0.073759   1   0.0875164   0.0603094   0.0526631   0.0928461   0.0151263   0.00462148   0.0477511   0.0815717   0.0209429   -0.0111455   -0.0141348   0.0388888   -0.0524674   0.0250869   -0.0143747   -0.0397146   -0.0514691   -0.0320217   0.116811   0.0910383   0.0024318   0.00362123   0.0169212   -0.0492578   -0.0270905   -0.0833495   0.0154951   0.0234884   0.0555376   0.000255272   0.000419986   0.0257432   -0.0158935   0.101563   0.0251639   0.0570697   -0.000993766   0.144555   -0.179636   -4.23123e-05   0.013312   -0.000707128   0.00470749   0.00237018   0.00709749   -0.0566733   -0.24677   0.184543   -0.0655515   -0.153564   -0.0371526   0.00663966   0.0498983   -0.0574421   0.00715255   0.0175862   0.0180894   -0.0163825   -0.0174282   0.0772261   -0.0178152   0.0251291   0.0252259   -0.00317956   0.0243731   0.0407496   0.0452851   0.0265731   -0.0106611   0.0291653   0.00636872   0.0866098   0.0818819   -1.64127e-06   0.0283476   5.13727e-05   
-0.0179035   -0.00960392   0.0192127   -0.00485572   -0.0117582   0.0148704   -0.0192514   -0.00312033   -0.0141101   0.00811494   0.01705   -0.00845313   -0.00918797   -0.00796984   -2.98779e-05   0.007941   0.00225119   -0.00279913   -0.00901374   0.00455611   0.0173465   0.00429336   -0.00814475   0.000553384   0.00287748   0.000916901   0.00541582   0.0019081   0.000336933   0.00564583   -0.00332111   0.000860515   -0.0022192   6.97312e-05   -0.00698984   0.00113829   0.0308926   0.0157326   -0.000782998   -0.00739701   0.000689108   -0.0345927   0.01937   0.0190836   0.0958915   0.0572348   -0.00398927   0.00384299   -0.018914   0.0430391   0.0293829   0.0103737   0.0274556   0.0401114   -0.00199827   0.033066   1   0.073759   0.0990329   0.0591292   0.0323937   0.0552464   0.0550856   0.0240483   0.034237   0.0129269   0.058055   -0.0187344   0.0772509   0.0388149   0.0297557   0.0258544   0.049763   0.00850496   0.0313538   0.00880708   0.0816031   0.0150458   0.000683169   0.00089663   0.00835086   0.0279288   -0.0425462   -0.167885   0.00741106   -0.000604211   0.0154905   -3.42601e-05   -0.000341438   -0.00384218   0.000847915   -0.0134917   0.0402897   -0.00201528   -0.00115261   -0.02081   0.0209096   -1.55322e-05   -0.00277817   0.000288207   -0.000703198   -0.00400923   -0.000615466   -0.0189471   -0.0248997   -0.0875927   0.0258392   -0.242229   0.0329538   0.000775515   0.0135224   0.0215579   0.00835507   0.00541267   0.0136619   0.00364167   0.0126248   -0.0214742   0.0263005   0.013432   -0.00291642   0.0023927   -0.0116535   0.0215147   -0.00732828   0.00519907   0.000796207   0.0163502   -0.00306645   -0.0475996   0.0175144   1.04032e-08   -0.0242183   -0.0013521   
0.0260041   0.00392087   -0.0044205   0.000763863   0.00926046   -0.00299655   0.0140744   0.00772984   0.0159559   0.00209633   0.00811211   0.00465174   0.00844446   0.0134047   -2.37879e-05   0.000772283   -0.00194275   -0.000590852   -0.00175588   0.000439702   -0.0121468   0.00348416   0.00457712   0.00392119   0.00376865   -7.30842e-05   0.00939468   0.00434817   0.000274761   0.00993147   0.00253372   0.000375135   -0.0015826   -0.00240401   -0.00159883   -0.0038401   0.0575428   0.025176   -0.00769636   -0.00469999   -0.0110633   0.00357139   0.0089635   0.0103779   0.04692   0.072007   0.0122434   0.0101014   0.0485647   0.0300885   0.0478141   0.0484792   0.0662383   0.0727845   0.0846197   1   0.033066   0.0855955   0.0440899   0.059376   0.0574293   0.0726919   0.0430436   0.0537012   0.0496274   0.0705538   0.0173987   0.0366326   -0.0120681   0.00311539   -0.0207043   -0.0111797   -0.0138446   0.000456429   -0.000755041   0.01292   0.0799787   0.087666   0.00120873   0.00157714   0.00937355   -0.0345825   -0.0353289   -0.162145   0.00804078   0.00844837   0.0472785   5.56561e-05   6.18751e-05   0.00571449   -0.00412179   0.0254228   0.00299889   0.01271   0.000195694   0.0365221   -0.0428522   -2.34945e-05   0.0036536   -7.37156e-05   0.00125294   -0.000625849   -0.000429125   -0.0543029   -0.16323   0.0491188   -0.00390712   0.081112   0.0167914   0.0087569   0.0458035   -0.0143991   0.0110786   0.0161875   0.0157626   -0.000778989   0.00755455   0.0220835   0.0246224   0.0142866   0.00669723   0.000518632   0.0135509   0.0231737   0.0133854   0.00537584   0.00111159   0.00160996   0.00354822   0.00765582   0.0580047   -3.90169e-07   -0.000473102   -0.000525839   
0.0666645   0.00309852   -0.00467656   -0.000226777   0.0148125   0.0113881   0.0422347   0.0398252   0.0230477   0.00439995   0.0211639   -0.000864573   0.020805   0.0252801   3.23477e-06   -0.00119202   -0.00441609   0.00397015   -0.00607931   -0.00426141   -0.0286355   0.00621306   0.00397194   0.00405889   0.00395778   -0.00271054   0.00998583   0.0180753   -0.000213031   0.0178901   0.00580255   0.00132889   -0.00255337   -0.0058236   -0.00287972   -0.00719943   0.0408862   0.00583822   -0.00777446   -0.00668127   -0.0134338   -0.022701   -0.0238874   0.00816574   0.0546057   0.0817733   0.0545968   0.0434408   0.0817542   0.0456869   0.0530157   0.0488319   0.0885105   0.122053   1   0.0846197   -0.00199827   0.0877001   0.0257417   0.0370971   0.0470892   0.0677416   0.00638894   0.0232775   0.0433364   0.112461   0.000284662   0.0329133   -0.0400524   0.014596   -0.0626995   0.0140875   -0.00602533   0.0116453   -0.00813907   0.0197631   0.116086   0.142525   0.00140257   0.00165719   0.0120485   -0.0227861   -0.0171489   -0.0455601   0.010425   0.0179663   -0.112537   0.000187877   0.000433655   0.01951   -0.0121314   0.0778689   0.00093583   0.0403034   -0.000685285   0.111781   -0.13634   -2.78002e-05   0.0107822   -0.000566899   0.00363795   0.00286707   0.0040453   -0.087761   -0.224007   0.171088   -0.0588781   0.0707057   -0.0291828   0.00790419   0.0698022   -0.0614489   -0.0134489   0.0169759   -0.000512575   -0.0115245   -0.0173361   0.0611832   -0.0646761   0.0186058   0.0194383   -0.00265112   0.0255254   0.0311136   0.03668   0.0154535   -0.00600952   0.0107533   0.00668402   0.0868881   0.00101067   -3.6543e-07   0.0332136   0.0050385   
0.108273   -0.00556761   0.00958205   -0.00532471   0.0109405   0.0419714   0.0622716   0.0773085   0.0187574   0.0127038   0.0477062   -0.0153839   0.0296689   0.0312661   1.78787e-05   0.00218411   -0.00612385   0.00777083   -0.017172   -0.00683994   -0.0358206   0.0120967   -0.00403699   0.00437796   0.00487186   -0.0048728   0.0125025   0.0364096   -0.000576076   0.0307888   0.00775476   0.00325506   -0.00503212   -0.0102522   -0.00934062   -0.00979636   0.0379949   -0.0106105   -0.0114373   -0.00868524   -0.00987492   -0.0516761   -0.0330118   0.0252592   0.126566   0.128533   0.0666057   0.0369509   0.0642567   0.0529162   0.0354926   0.00866741   0.0784049   1   0.122053   0.0727845   0.0401114   0.128424   0.0663218   0.0401121   0.0450223   0.0847809   -0.0119778   -0.0133942   0.0430289   0.103194   0.00846472   -0.00498207   -0.0316717   0.047911   -0.0844341   0.0470538   0.00127419   -0.0157211   -0.0424032   -0.0132372   0.133913   0.126258   0.00226482   0.00322379   0.0173371   -0.0137882   -0.0136335   -0.00146181   0.0158258   0.0285804   -0.0501251   0.000331493   0.000664185   0.0336631   -0.0203965   0.131422   0.0183245   0.072055   -0.00141565   0.187602   -0.23279   -4.28034e-05   0.0175153   -0.00106816   0.00606398   0.00453259   0.00961578   -0.0777595   -0.27535   0.263189   -0.101032   -0.131376   -0.0605989   0.00266263   0.06348   -0.0879034   -0.0149384   0.0128367   0.00209174   -0.0228104   -0.037788   0.105624   -0.0838632   0.0258857   0.0324198   -0.00537705   0.0319843   0.0426035   0.0586447   0.0312025   -0.0149698   0.0321432   0.00836433   0.141924   0.0143924   -1.45574e-06   0.0544227   0.00414913   
0.0141146   0.00132564   -0.00103506   7.80861e-05   0.00648719   -0.00128237   0.00796659   0.00550195   0.0106303   0.00249339   0.00867957   0.00268156   0.00316954   0.00991148   -9.7797e-06   0.000447862   -0.00103764   -0.000121523   -0.00345917   0.000611032   -0.00540438   0.00302747   0.00332621   0.00173738   0.00357592   -0.000441537   0.00810435   0.00297301   1.19277e-05   0.00544198   0.000825133   -4.58429e-06   -0.00111708   -0.000758091   -0.00120955   -0.00204165   0.0315883   0.0109148   -0.00284669   -0.00593287   -0.00945126   -0.0113105   -0.00134152   0.00385807   0.0235603   0.0424851   0.0160877   0.0292525   0.0663657   0.0581285   0.0631005   0.060042   1   0.0784049   0.0885105   0.0662383   0.0274556   0.0639585   0.0330666   0.0446823   0.0370916   0.0543228   0.0374268   0.0413479   0.0454114   0.0854011   0.0272216   0.0399224   0.0188244   0.0186064   -0.0191118   0.0174667   0.0415906   0.0528919   0.0541246   0.0540636   0.0982713   0.0985922   0.000443672   0.000242127   0.0062526   -0.0576706   -0.0234135   -0.0719552   0.00521846   0.0047105   -0.0711758   2.28911e-05   3.67028e-05   0.00366029   -0.00368235   0.0166994   0.0157623   0.0093281   -0.0018015   0.0236706   -0.0303468   -1.15218e-05   0.00212099   0.000155877   0.000616149   -6.88855e-05   -0.000592728   -0.0601753   -0.141747   0.0168976   -0.0104826   0.0311801   0.0140651   0.00194672   0.0444666   -0.0165579   -0.0112764   0.00597583   -0.00257748   -0.000326041   0.0125913   0.00900574   -0.04279   0.0102523   0.00456209   0.000909636   0.00569401   0.0171893   0.0091899   0.00387281   0.00109196   0.00450143   0.0014898   0.0153369   -0.0513896   2.9525e-07   0.000995099   0.00299761   
-0.0400133   0.0066977   -0.00979968   0.00392797   0.00140922   -0.0310505   -0.0296364   -0.0441517   0.00161365   -0.00617499   -0.0227054   0.0145782   -0.0130803   -0.00883004   -3.1954e-05   -0.0007477   0.00221954   -0.0054018   0.00871358   0.00483031   0.0141857   -0.00473936   0.00716882   0.000247905   0.000742703   0.00302055   0.00144208   -0.0201638   0.000580981   -0.011993   -0.00302662   -0.00196519   0.00185277   0.00505648   0.00481729   0.00313757   0.0188234   0.0252974   0.00223639   -0.00419218   -0.00871965   0.0185763   0.0190804   -0.011784   -0.0439463   -0.02496   -0.0123462   0.013568   0.0660494   0.054865   0.0714906   1   0.060042   0.00866741   0.0488319   0.0484792   0.0103737   0.00359865   0.00378043   0.0387869   0.0297614   0.0192726   0.0605707   0.0688196   0.0361612   0.0547824   0.0333864   0.0678905   0.0494862   0.00484617   0.0130148   0.0107941   0.0705538   0.100752   0.115111   0.0994195   0.041085   0.0561911   -0.00106625   -0.00208315   -0.00204633   -0.0575437   -0.0341867   -0.136431   -0.00269439   -0.011702   -0.0648767   -0.000178186   -0.00038962   -0.0174761   0.00911126   -0.0652026   -0.00190397   -0.0365404   -0.000281544   -0.0929675   0.115534   8.32164e-06   -0.00852754   0.000712162   -0.0030526   -0.00362337   -0.00708279   -0.0363894   0.0177909   -0.137456   0.0530369   0.15239   0.0616604   -0.0027848   0.0227051   0.0344247   -0.0125871   -0.00485116   -0.00920926   0.0146253   0.0389292   -0.0465138   -0.00235897   -0.00185302   -0.0157236   0.00434487   -0.00978334   -0.00264387   -0.027243   -0.0162429   0.0110855   -0.017749   -0.00255464   -0.0580295   -0.117639   1.42829e-06   -0.0370861   0.00210377   
-0.0128989   0.0024116   -0.00259203   0.00150331   0.00193439   -0.0156096   -0.0167442   -0.0232346   0.00314188   -0.00109546   -0.00631453   0.00792018   -0.00902522   -0.0017296   -1.87396e-05   0.000415134   0.00144494   -0.00321968   0.00144843   0.00357887   0.00938807   -0.000774089   0.00434886   0.000147717   0.00255137   0.00123972   0.0045733   -0.0101882   0.000235279   -0.005297   -0.00267235   -0.00119691   0.000464546   0.00329668   0.00145857   0.00139872   0.0212328   0.0155217   0.000574993   -0.00509014   -0.00775121   0.00499367   0.0141604   -0.00332158   -0.0153551   0.00192994   -0.0115594   0.0159387   0.0696791   0.0661673   1   0.0714906   0.0631005   0.0354926   0.0530157   0.0478141   0.0293829   0.0286579   0.022271   0.0399415   0.0290329   0.035894   0.0529015   0.0561832   0.0417121   0.0501253   0.037571   0.0514862   0.0537985   0.022776   0.000751954   0.0282434   0.0822254   0.0963575   0.108343   0.0924927   0.0674002   0.0604103   -0.000551964   -0.00121589   0.000517779   -0.0282472   -0.0253376   -0.0858714   -6.77546e-07   -0.00595777   -0.0330052   -0.000105633   -0.000250258   -0.00913154   0.00345202   -0.0327597   0.0160653   -0.0171335   -0.0020902   -0.0472153   0.0562054   3.17547e-06   -0.00461472   0.000601098   -0.00174649   -0.00234694   -0.00441502   -0.0375055   -0.0576238   -0.0918223   0.0263116   0.0566632   0.0435718   -0.00500797   0.0241641   0.0178158   -0.0141085   -0.00636615   -0.0084242   0.00856214   0.0251117   -0.0168517   -0.0107811   0.00176496   -0.00749333   0.00317973   -0.00803345   0.00314989   -0.0127115   -0.00705412   0.00667254   -0.00507883   -0.00210163   -0.0237813   -0.129365   1.08828e-06   -0.0488798   0.00182097   
0.0197537   -0.00202012   0.00433628   -0.00111392   -0.00108741   0.000777825   -0.00594704   -0.00264413   -0.00123733   0.00245246   0.00583806   -0.000256196   -0.00358673   -0.000345829   -9.35699e-06   0.00195094   0.000483588   -0.000841531   -0.00341096   0.00144563   0.00532158   0.00146435   -0.000382885   0.000142839   0.0021241   0.000226445   0.00411385   -0.000298652   6.40051e-05   0.00115731   -0.00105888   -5.1961e-05   -0.000649443   0.000607881   -0.00162623   0.000104365   0.0109106   0.00382484   -0.00142443   -0.00812639   -0.0072199   -0.0143019   0.00443559   0.0034828   0.0213298   0.0183062   0.00262594   0.0142183   0.073983   1   0.0661673   0.054865   0.0581285   0.0529162   0.0456869   0.0300885   0.0430391   0.0396951   0.0370428   0.0351267   0.0233408   0.0338485   0.036275   0.0281297   0.035597   0.0483735   0.0388389   0.0320333   0.0591591   0.0438146   -0.0179692   0.0599366   0.103626   0.102439   0.108231   0.0930259   0.0663597   0.0476028   -0.000539358   -0.00107214   0.00274941   -0.0357764   -0.0130201   -0.0526703   0.0023036   -0.000317673   -0.0150526   -2.34982e-05   -0.000114103   -0.00166444   -0.000704485   -0.00510608   0.0197613   -0.00117311   -0.00215925   -0.00789499   0.00624798   -4.13262e-06   -0.00100383   0.000221152   -0.000415647   -0.00137958   -0.00109548   -0.0344117   -0.0495427   -0.0350829   -0.00106287   -0.0487412   0.0192388   -0.0154092   0.0209585   0.00160239   -0.0298827   -0.0189373   -0.0181117   0.00203823   0.0137296   0.0168372   -0.0471717   0.00477508   -0.00102478   0.00130437   -0.00329995   0.00797398   -0.00200892   0.000688646   0.00124357   0.00557499   -0.000867118   0.0218804   -0.184955   9.00881e-07   -0.0447934   0.00293371   
0.05782   0.00515413   -0.00849219   0.00185009   0.00980333   -0.00573677   0.0161314   0.00854527   0.0136904   -0.00109251   0.00120668   0.00522787   0.00817492   0.0112182   -8.94859e-07   -0.00228836   -0.00176225   0.00117997   0.000979455   -0.00213197   -0.0135151   0.000722769   0.00534753   0.00182717   0.00177294   -0.000944927   0.00363989   0.00326154   -1.04146e-05   0.0045933   0.00244716   -1.63252e-05   -0.00034516   -0.00138007   0.00108257   -0.00334781   0.0176078   0.00469317   -0.00586221   -0.00739311   -0.0135656   0.00456644   -0.00607164   -0.00170317   -0.00308128   0.0219758   0.0158448   0.0135543   1   0.073983   0.0696791   0.0660494   0.0663657   0.0642567   0.0817542   0.0485647   -0.018914   0.0305151   -0.000864038   0.0203304   0.0321286   0.0335103   0.0144835   0.0339377   0.0395937   0.0531896   0.0179663   0.0683845   0.0184757   0.0392745   -0.05941   0.0608121   0.091286   0.120835   0.104071   0.108993   0.0467569   0.069757   -0.000488679   -0.000957073   0.0027719   0.0113087   -0.0013699   -0.0245825   0.00226526   0.00572639   0.0238578   4.96934e-05   0.000152452   0.00535445   -0.00420176   0.0224462   -0.00589156   0.00984456   -0.00110819   0.032569   -0.0398744   -7.76625e-06   0.00341704   -0.000185978   0.0010323   0.000739203   0.000123697   -0.0465606   -0.0946638   0.0618014   -0.0262731   0.119328   -0.00704164   -0.0173523   0.0334193   -0.0216829   -0.0372091   -0.0217112   -0.0237353   -0.00239805   -0.00733381   0.057021   -0.0608843   0.00418322   0.00572266   -0.000749965   0.0114175   0.00710519   0.0117648   0.00209702   -0.000582772   -0.00175522   0.0029958   0.0687618   -0.206972   4.22231e-07   0.00382225   0.00385663   
0.0373031   0.00292685   0.00273537   0.00404348   0.00703303   0.00647979   0.0176072   0.0169502   0.0106481   0.00369752   0.0137674   -0.000751832   0.000419392   0.0284139   1.69608e-05   -0.00140189   0.00614192   -0.000225069   -0.00654248   -0.00253083   -0.00389234   0.00322622   0.00394811   -0.000277942   0.007048   -0.00217466   0.00414789   0.00685476   -0.0006468   0.0103288   0.000917075   0.00124475   -0.0015763   -0.0037983   -0.00436654   -0.00272676   0.120678   0.0292196   -0.0575282   -0.00346888   -0.0372276   0.169033   0.246488   0.357467   0.050657   0.10343   0.350626   1   0.0135543   0.0142183   0.0159387   0.013568   0.0292525   0.0369509   0.0434408   0.0101014   0.00384299   0.016852   0.00459186   0.00387902   0.00198449   0.015124   0.00152382   0.00273216   0.00764053   0.0383598   -0.00136871   -0.00346246   -0.011601   -0.016637   0.0109679   -0.0178137   -0.00360065   0.00176742   0.00466148   0.00677115   0.0599381   0.058979   0.00554267   0.00446739   0.00144189   0.00762489   0.00510335   0.0501889   0.00214954   0.0113347   -0.128535   7.60706e-05   -2.63637e-05   0.00884183   -0.00880003   0.0394438   0.0509867   0.0234069   -0.0049869   0.0555713   -0.0739917   -2.29044e-06   0.00393048   0.000734013   0.00210249   0.00280148   0.00256439   0.278952   -0.0786815   0.0161381   -0.024928   -0.0108095   -0.217329   -0.0896448   -0.173969   0.125344   0.071084   -0.119234   0.048675   -0.00263169   -0.00641786   0.0348865   -0.0298301   -0.00522011   0.0116857   0.0015697   0.00357839   -0.0216354   0.0218016   0.0151147   2.81959e-05   0.017539   0.00092932   -0.0250456   -0.00321085   -2.95743e-08   -0.00657018   -0.0453885   
0.106434   0.000709057   0.00252436   0.000148159   6.49257e-05   0.0266152   0.0382035   0.0421036   0.00642073   0.00317962   0.0140219   -0.0134134   0.0254363   0.0186513   -1.32378e-05   0.000369642   -0.0010425   0.00195166   0.000606193   -0.0022348   -0.0263467   0.00560002   -0.0066284   0.00389773   -0.00324483   -0.00194375   -0.00124653   0.019757   -3.92616e-05   0.0212583   0.00722888   0.00334995   -0.00248766   -0.0101454   -0.00517082   -0.00310164   0.0596813   0.0195656   -0.00351122   0.0151095   0.0211772   0.108604   0.166213   0.261673   0.125808   0.0982111   1   0.350626   0.0158448   0.00262594   -0.0115594   -0.0123462   0.0160877   0.0666057   0.0545968   0.0122434   -0.00398927   0.0394623   0.0195043   0.000878856   0.0187424   0.0099619   -0.0403939   -0.0436855   -0.0120577   0.0551783   -0.0281976   -0.0284157   -0.0654797   0.00367856   -0.05821   0.0192447   -0.0436542   -0.0466482   -0.0736036   -0.03735   0.0192227   0.052344   -0.00350572   0.00510897   -0.0198579   0.00561786   0.0108059   -0.0481813   -0.00738939   0.0203669   -0.109507   0.000256141   0.000491215   0.0208928   -0.00911842   0.0773919   -0.0314277   0.0400358   0.00463657   0.112164   -0.132009   -3.22044e-05   0.0111972   -0.000918322   0.00496942   0.00575504   0.00884129   0.087252   0.00407558   0.21305   0.0277293   -0.0431927   -0.146512   -0.109835   -0.0614699   -0.0232169   0.0508213   -0.163373   0.0317826   -0.0135302   -0.0332332   0.100163   -0.0629984   -0.0454497   0.0189091   -0.00350811   0.0305357   -0.0772284   0.0330302   0.0218843   -0.0067598   0.00511507   0.00798135   0.0752324   0.0177304   -1.19373e-06   0.0453648   -0.0383081   
0.105611   -0.00306582   0.0112921   -0.00353943   0.0199671   0.0474094   0.0843136   0.10907   0.0199908   0.0165744   0.0684667   -0.0108664   0.0294343   0.0513862   -2.97502e-05   0.00383227   -0.0014268   0.0123255   -0.0306649   -0.0213469   -0.0380823   0.009581   0.00306771   0.00529909   0.017594   -0.00551863   0.0131652   0.0501969   -0.000803225   0.0477133   0.0128745   0.00517126   -0.00742235   -0.0162497   -0.016414   -0.0215576   0.228398   0.13226   0.0406532   0.0140836   0.00805333   -0.0172673   -0.00994125   0.0928525   0.303025   1   0.0982111   0.10343   0.0219758   0.0183062   0.00192994   -0.02496   0.0424851   0.128533   0.0817733   0.072007   0.0572348   0.131726   0.0792341   0.0418822   0.048263   0.0847282   -0.0159408   -0.0223121   0.0310165   0.0589384   -0.00295665   -0.0332074   -0.0572111   0.0186644   -0.0604324   0.0108822   -0.0507714   -0.0725212   -0.095515   -0.0604796   0.0935464   0.0782563   0.00307219   0.000281192   -0.0251782   0.0213945   0.0302307   -0.0590769   -0.0223515   0.0451426   0.0879942   0.000425166   0.000304389   0.0420289   -0.0311534   0.175495   0.0828504   0.0964557   -0.0061686   0.248857   -0.316427   -6.06023e-05   0.0217105   -0.00114879   0.00768839   -0.00135662   0.0109952   0.000133779   -0.2373   0.268441   -0.313115   -0.160083   -0.269663   0.103633   0.0378066   -0.0665446   -0.00642197   0.123941   -0.0320873   -0.028437   -0.054651   0.105773   -0.043519   -0.0335286   0.0441789   -0.00709523   0.0407167   -0.0477552   0.0802396   0.0426275   -0.0249971   0.0705846   0.0106616   0.141587   0.0900522   -2.04218e-06   0.0474146   0.0602281   
0.129064   -0.00689737   0.0207808   -0.00452201   0.00525942   0.0624251   0.0760175   0.107143   0.0059708   0.0174419   0.0653351   -0.0233038   0.0335006   0.0437626   -5.02227e-05   0.00715305   0.000732914   0.00897424   -0.0253609   -0.0159692   -0.0344821   0.0114491   -0.00805396   0.00621654   0.0109737   -0.00450051   0.00744215   0.0510342   -0.000440845   0.0519845   0.0132238   0.00692811   -0.00800587   -0.0196697   -0.019375   -0.0167806   0.189584   0.12146   0.0299896   0.0270137   0.0208383   -0.121364   -0.0722854   0.0268418   1   0.303025   0.125808   0.050657   -0.00308128   0.0213298   -0.0153551   -0.0439463   0.0235603   0.126566   0.0546057   0.04692   0.0958915   0.134315   0.110845   0.044706   0.0496738   0.0707283   -0.0267037   -0.0551827   0.0126108   0.0542311   0.000207412   -0.0667918   -0.0485506   0.0342126   -0.0668933   0.0394445   -0.0446728   -0.0880863   -0.113827   -0.0763914   0.0705959   0.0494521   0.00212265   0.0010915   -0.0334104   0.0255968   0.0278957   -0.143246   -0.030585   0.0466775   0.0560458   0.000474849   0.000346425   0.042378   -0.027597   0.171093   0.055748   0.0949811   -0.000913264   0.243526   -0.304826   -7.22715e-05   0.0216354   -0.00138467   0.00874016   0.000973279   0.0146479   -0.179839   -0.0968416   0.295391   -0.199509   -0.292764   -0.323709   0.0579273   0.169361   -0.0882806   0.00769045   0.0675466   -0.0265942   -0.0285115   -0.0582135   0.125369   -0.0633758   -0.0568917   0.042771   -0.00673053   0.0446494   -0.0871159   0.0751275   0.0489495   -0.0233858   0.0641389   0.011673   0.149929   0.068399   -2.33885e-06   0.0588498   -0.00413799   
0.0160373   -0.00286937   0.00462953   -0.00217699   -0.000117194   0.0123895   0.0116015   0.0176441   0.00087937   0.00353391   0.0118206   -0.00544354   0.00647497   0.00373714   -9.05339e-06   0.00151925   -0.00157822   0.0016524   -0.00426923   -0.00109504   -0.00637092   0.0029823   -0.00285198   0.00102542   0.000492741   -0.00086053   0.0021963   0.00870189   -6.13304e-05   0.00730669   0.00155004   0.000889127   -0.00127732   -0.0024333   -0.0027625   -0.00185351   0.0809281   0.00676835   -0.0467712   0.00493942   0.0138534   0.231222   0.273963   1   0.0268418   0.0928525   0.261673   0.357467   -0.00170317   0.0034828   -0.00332158   -0.011784   0.00385807   0.0252592   0.00816574   0.0103779   0.0190836   0.0292352   0.0216808   0.00849049   0.0081649   0.0170988   -0.00458929   -0.00933704   0.00521133   0.00579562   0.00203871   -0.0125009   -0.00593857   0.0108157   -0.0135986   0.00868289   -0.00729425   -0.0183746   -0.022811   -0.0173651   0.0163347   0.00643612   -0.00658558   0.000608826   -0.00763895   0.00521794   0.0060252   -0.0135916   -0.00318094   0.00602196   0.0330493   7.49359e-05   0.000131907   0.00718659   -0.00387249   0.0274316   0.00227294   0.015455   0.000427677   0.0391178   -0.0481617   -1.14547e-05   0.0036714   -0.000317957   0.0012972   0.000596074   0.00240284   0.412694   -0.0443239   0.0562246   -0.0174498   -0.0649383   -0.000931776   -0.0188421   -0.268095   0.111534   -0.0162712   -0.0452496   -0.00893997   -0.00525275   -0.00956272   0.0163543   -0.00844079   -0.0152165   0.00661246   -0.00135755   0.00632221   -0.0244351   0.0115022   0.00723651   -0.00386619   0.00793104   0.0016513   0.0372934   0.021222   -4.5823e-07   0.0115552   0.00307317   
-0.0606775   -0.000350557   -0.00149095   -0.000309966   -0.00753135   -0.0183813   -0.036329   -0.0432524   -0.00752652   -0.00394871   -0.0202875   0.00531648   -0.012552   -0.021772   -3.22668e-05   0.00114104   -0.000312345   -0.00525166   0.00858015   0.00884356   0.0171319   -0.00240938   -0.00109051   -0.000744845   -0.00426241   0.00272179   -0.000792466   -0.0187595   0.000562201   -0.0153215   -0.00531357   -0.00203169   0.00198655   0.00645872   0.00453604   0.00678442   0.0298944   0.00650039   -0.0135887   0.0319293   0.106383   0.269926   1   0.273963   -0.0722854   -0.00994125   0.166213   0.246488   -0.00607164   0.00443559   0.0141604   0.0190804   -0.00134152   -0.0330118   -0.0238874   0.0089635   0.01937   -0.0115913   0.0043253   0.014162   0.00423003   0.000881261   0.0333382   0.0324949   0.00949281   -0.020106   0.0188805   0.0163507   0.0348386   -0.00688776   0.0376535   -0.0141032   0.0198064   0.0243217   0.0418628   0.0246509   -0.00845389   -0.0221764   -0.00872779   -0.00155269   -0.0148688   8.75075e-05   -0.00307618   -0.0793587   -0.0122054   -0.0167111   0.0537534   -0.000179796   -0.000244072   -0.0175245   0.0120219   -0.0708159   -0.020479   -0.0380526   0.00222693   -0.1009   0.12744   1.26948e-05   -0.00895044   0.000439427   -0.00333057   -0.0022599   -0.00564895   0.34662   0.0358372   -0.127398   0.107059   0.0318835   0.15497   -0.0379166   -0.213428   0.109455   -0.0263504   -0.0535058   -0.0285755   0.0126161   0.0274662   -0.0611377   0.0361798   -0.0234603   -0.0177631   0.00334816   -0.0163007   -0.0349004   -0.0322968   -0.0165   0.00979544   -0.0224022   -0.0042686   -0.0484496   -0.0107069   7.12577e-07   -0.0278013   -1.60541e-05   
-0.0678547   0.00391368   -0.0116591   0.00100324   0.000991946   -0.027552   -0.0254536   -0.037616   -0.000957209   -0.00737387   -0.02469   0.0126189   -0.00996837   -0.0196909   -5.91925e-06   -0.00210305   -0.00254305   -0.00201314   0.00922357   0.00303381   0.00944955   -0.00590102   0.00527032   -0.00093781   -0.00305008   0.00241067   -0.00228603   -0.0178413   0.000451276   -0.0176603   -0.00313568   -0.00268284   0.00284987   0.00698291   0.00762577   0.00322923   0.0284789   0.0472801   0.127039   -0.0398658   0.280863   1   0.269926   0.231222   -0.121364   -0.0172673   0.108604   0.169033   0.00456644   -0.0143019   0.00499367   0.0185763   -0.0113105   -0.0516761   -0.022701   0.00357139   -0.0345927   -0.0391901   -0.0359165   -0.00538606   -0.00397074   -0.016178   0.0177546   0.0331086   0.00276438   -0.0274169   0.00133678   0.0368844   0.0135728   -0.00842671   0.0129633   -0.0138947   0.00589492   0.0258305   0.0318272   0.0230801   -0.0442371   -0.0297582   -0.00143482   -0.00311551   0.00407731   -0.0116626   -0.00675385   -0.0162575   0.000208854   -0.0161094   0.0744891   -0.000173048   -0.000172789   -0.0160374   0.0104682   -0.0630932   -0.0291182   -0.0365852   0.0015762   -0.0896985   0.113818   1.85228e-05   -0.00767909   0.000133535   -0.0034515   -0.00310623   -0.00648945   0.3529   0.0372258   -0.0982187   0.0257984   0.15323   0.1687   -0.021676   -0.189639   -0.0934927   -0.0590564   -0.00429444   -0.0414343   0.0100646   0.0211889   -0.0654863   0.0515558   0.0106545   -0.0163302   0.00135202   -0.0116922   0.023564   -0.0283415   -0.021465   0.00646445   -0.0228996   -0.00304684   -0.0236461   -0.00202469   7.38493e-07   -0.0159548   0.0163864   
-0.0289759   -0.00129759   0.00131154   -0.000665457   -0.000836967   0.0010519   -0.00182429   0.00017904   -0.00225974   0.000306014   0.00078123   -0.000430074   -0.0021452   -0.0023621   7.63705e-06   0.000184875   -0.000113356   0.000530472   -0.00129717   -0.00054724   0.0024748   -0.000414362   -0.000353166   -0.000655279   0.000139363   2.634e-05   -0.000596158   -3.07566e-05   -6.32793e-05   -0.00159709   -0.000522367   -0.0001638   0.000132672   0.0006703   3.25102e-05   0.000102831   0.00546537   0.0207598   -0.00312951   0.00294127   1   0.280863   0.106383   0.0138534   0.0208383   0.00805333   0.0211772   -0.0372276   -0.0135656   -0.0072199   -0.00775121   -0.00871965   -0.00945126   -0.00987492   -0.0134338   -0.0110633   0.000689108   -0.00731169   -0.00175476   -0.00451356   -0.00638564   -0.0049568   -0.00084276   -0.00263745   -0.0017377   -0.00944268   0.00460853   -0.000493635   0.0137174   0.0136546   -0.00484723   0.0101857   0.00450114   -0.00448847   -0.00493877   -0.00882465   -0.00671873   -0.0120285   0.000383535   -0.00262011   0.00722693   -0.0011358   -0.000630807   0.0260155   0.00526605   -0.00147803   -0.0053792   -1.21571e-05   -2.35687e-05   -0.000732414   0.000526454   -0.00276342   0.00365287   -0.00102694   -2.89894e-05   -0.00418203   0.00484901   3.61635e-06   -0.000545899   1.62991e-05   -0.000314828   -0.000376427   -0.000173995   -0.108987   0.0114326   -0.0129166   -0.0129636   -0.021153   0.010664   -0.0148038   0.465957   -0.107694   -0.0604433   -0.0177847   -0.0347497   -0.000222502   0.000201676   -0.0277453   0.0260609   0.0136219   -0.00078349   -0.000196476   -0.00331348   0.0220176   -0.0015206   -0.00108349   -0.00081107   0.00192613   -0.000866693   0.0235881   0.0146345   1.33904e-07   0.00288224   0.0095376   
-0.0285987   -0.000241766   -0.000933181   -0.000302299   0.000242365   -0.00181039   -0.00185665   -0.00260996   -6.51372e-05   -0.000588732   -0.00195601   0.000872515   -0.00122553   -0.00265499   6.19794e-06   -0.000416798   -0.000739866   0.000249491   0.000384543   0.0001783   0.000848357   -0.000504611   0.000396877   -0.000407703   -0.000525308   0.000106712   -0.000324042   -0.00142176   -2.11154e-05   -0.00272271   -0.000541449   -0.000406681   0.000388657   0.00108147   0.00104218   0.000465757   0.0497991   0.094447   0.0120423   1   0.00294127   -0.0398658   0.0319293   0.00493942   0.0270137   0.0140836   0.0151095   -0.00346888   -0.00739311   -0.00812639   -0.00509014   -0.00419218   -0.00593287   -0.00868524   -0.00668127   -0.00469999   -0.00739701   -0.00731189   -0.00699566   -0.00422869   -0.00410218   -0.00329864   -0.000358894   0.00203417   0.000190253   -0.00616034   0.00178665   0.00539837   0.0073825   0.00990701   -0.00707264   0.00585362   5.63929e-05   -0.00350215   -0.00510406   -0.00670533   -0.00662934   -0.00627579   -0.00115432   -0.00203006   0.00574494   -0.0022046   6.18737e-05   0.0229386   0.00465163   -0.00231484   -0.000720441   -1.84391e-05   1.18479e-05   -0.00124551   0.00122366   -0.00521832   -0.00361774   -0.00293808   0.000432595   -0.00744907   0.0100067   4.20303e-06   -0.000661135   3.69227e-06   -0.000404455   -3.57669e-05   -0.00055709   -0.129234   -0.00110037   -0.00817121   -0.00113038   0.0104815   0.0284114   -0.0389706   -0.07158   0.309938   -0.0603918   -0.0499878   -0.0331848   0.000340874   0.00114193   -0.0273634   0.02648   0.00983964   -0.0014394   -0.000126381   -0.00239077   0.0159677   -0.00243693   -0.00250749   0.000142577   -0.00224708   -0.000624107   0.0246036   0.0177224   1.39711e-07   0.00329849   0.00305589   
-0.0185317   8.77088e-05   9.82883e-05   0.000593181   -0.00159601   -0.00385421   -0.00806618   -0.00976779   -0.00168092   -0.00090108   -0.00461456   0.00100122   -0.00435797   -0.00255873   4.02897e-06   -0.000266904   0.00105658   -0.00128478   0.00154741   0.00183952   0.0051256   -0.000635146   9.12587e-05   -0.00078583   -0.000546168   0.000374247   -0.00070338   -0.00456115   -9.16231e-06   -0.00407333   -0.00156347   -0.00044448   0.000551751   0.00151072   0.000946673   0.00189573   0.0596985   0.251742   1   0.0120423   -0.00312951   0.127039   -0.0135887   -0.0467712   0.0299896   0.0406532   -0.00351122   -0.0575282   -0.00586221   -0.00142443   0.000574993   0.00223639   -0.00284669   -0.0114373   -0.00777446   -0.00769636   -0.000782998   -0.0113916   -0.00504947   -0.00281596   -0.00549013   -0.00604399   0.00455702   0.00409896   -0.00102156   -0.00460159   0.00399153   0.00306346   0.0120074   0.000828244   0.00862773   -0.000843386   0.00746836   0.00655853   0.0104771   0.00469229   -0.00149153   -0.00434548   -0.000999663   -0.000519766   0.00289741   -0.000799343   -0.00215634   0.0140556   0.00295353   -0.00384217   -0.023055   -4.28739e-05   -6.56975e-05   -0.00385076   0.00236137   -0.01528   0.00157248   -0.00780884   -0.000133562   -0.0218968   0.0269627   6.83971e-06   -0.00215192   0.000253768   -0.000710265   0.000114635   -0.00105369   -0.123777   0.0153557   -0.0363462   0.024703   0.0031793   0.00460472   -0.0306198   -0.359365   -0.708154   -0.0126206   -0.0394945   -0.0090811   0.00291561   0.00595478   -0.0185086   0.01391   0.00340023   -0.00359484   0.0010432   -0.00552011   0.00365369   -0.00650339   -0.00285689   0.00250759   -0.0038096   -0.00144635   -0.0110345   -0.00343455   2.70067e-07   -0.00649502   0.000283332   
-0.0287159   0.00596464   -0.00374085   0.00444567   0.00603012   -0.0122787   -0.00140999   -0.00509999   0.00328693   -0.000888003   -0.00020227   0.00954249   -0.00693574   0.0122634   -4.1772e-05   0.000171028   0.00566386   -0.0012385   -0.00253979   -0.00492597   0.00584189   -0.00321134   0.00787739   0.000700789   0.00798181   0.000973822   0.00104987   -0.00289857   9.00739e-05   0.00483765   0.00122245   0.000367523   -0.000563911   -0.00160353   -0.00214659   -0.00452975   0.164177   1   0.251742   0.094447   0.0207598   0.0472801   0.00650039   0.00676835   0.12146   0.13226   0.0195656   0.0292196   0.00469317   0.00382484   0.0155217   0.0252974   0.0109148   -0.0106105   0.00583822   0.025176   0.0157326   0.00359984   0.00975535   0.021177   0.0182551   0.011043   0.0293938   0.0318088   0.0121885   0.00596534   0.0110754   0.0195287   0.0102835   -0.0146223   0.0202313   -0.0181497   0.000481811   0.0126966   0.0215178   0.0180165   0.00334066   0.00868666   -0.00110955   -0.00407187   -0.0227797   0.00127806   0.00263311   -0.10258   -0.019617   0.00491814   0.0175148   -2.81641e-05   -0.000409809   -0.00338571   -0.00183756   -0.00489328   0.0402429   -0.00265169   -0.00274774   -0.00778301   0.00604098   -5.75271e-06   -0.0017195   0.000531427   -0.000224424   -0.00403783   -0.00224528   -0.0641511   0.0318469   -0.0676273   -0.0717074   0.065435   -0.140295   0.0644102   -0.0735539   -0.159312   -0.0124711   0.0696653   -0.0575936   0.00479251   0.0089308   -0.03091   0.0326752   -0.0365693   -3.47608e-05   0.00198163   0.000286615   -0.0607434   0.000749698   0.00104256   0.00142939   0.0125716   8.10909e-05   -0.0262391   0.00115977   3.61508e-07   -0.0165302   -0.0115077   
-0.000289261   0.00595788   0.000236228   0.00480885   0.0150062   0.00303888   0.0284903   0.0292756   0.0161226   0.00543078   0.0238283   0.00597947   0.00175895   0.0380402   -3.81958e-05   0.000226082   0.00682173   0.00157585   -0.0129693   -0.00956936   -0.00732302   0.00205272   0.0101368   0.00202105   0.0148091   -0.00168028   0.00805804   0.0125735   -0.000446991   0.0204188   0.00419703   0.00190817   -0.0030956   -0.00663926   -0.00759349   -0.0102545   1   0.164177   0.0596985   0.0497991   0.00546537   0.0284789   0.0298944   0.0809281   0.189584   0.228398   0.0596813   0.120678   0.0176078   0.0109106   0.0212328   0.0188234   0.0315883   0.0379949   0.0408862   0.0575428   0.0308926   0.0540552   0.032837   0.0363975   0.0338255   0.049219   0.0286391   0.0336389   0.0311171   0.0252564   0.0124696   0.0153935   -0.00780647   -0.0110888   0.00359693   -0.0227818   -0.0159008   -0.00827243   -0.00521871   0.000439254   0.0496085   0.0437462   0.000942815   -0.00347923   -0.0263863   0.00909024   0.0144663   -0.0814043   -0.0213405   0.020251   0.0718123   0.000110558   -0.000257825   0.0118269   -0.0132957   0.0584914   0.0792641   0.0331005   -0.00611132   0.0820769   -0.108363   -2.09667e-05   0.00584732   0.000606932   0.00265499   -0.00209108   0.00158827   0.0311798   -0.112073   0.0156499   -0.139762   0.026255   -0.268558   0.118459   0.00253381   0.0168964   -0.0196678   0.1435   -0.0547068   -0.00375582   -0.00677816   -0.00022907   0.0208781   -0.0412602   0.0167063   0.00103025   0.0115538   -0.0595074   0.0316479   0.0184236   -0.00392633   0.0347069   0.00302643   0.0213728   0.0413954   -3.10042e-07   -0.0048471   0.028326   
-0.0149068   0.00208681   0.00202604   0.00489559   0.00972265   -0.000231256   -0.0195326   -0.0230768   -0.0062289   -0.00036972   -0.00606717   0.00274446   -0.00126855   -0.00572172   -5.34887e-05   -0.00289089   -0.00432586   0.00621198   0.0140315   0.0187842   0.0381493   -0.00203843   0.00359252   -0.000913123   -0.0015966   0.0134251   0.0248597   -0.0164908   -0.000589337   0.00294654   0.0338508   0.0151388   0.0221843   0.0245229   0.0465139   1   -0.0102545   -0.00452975   0.00189573   0.000465757   0.000102831   0.00322923   0.00678442   -0.00185351   -0.0167806   -0.0215576   -0.00310164   -0.00272676   -0.00334781   0.000104365   0.00139872   0.00313757   -0.00204165   -0.00979636   -0.00719943   -0.0038401   0.00113829   -0.0075899   -0.00232046   -0.000167479   -0.00260562   -0.00433119   0.00506832   0.00407489   -0.000602737   -0.00387006   0.00315305   0.00244113   0.00839463   -0.00130768   0.00802962   -0.00161287   0.00570285   0.00617689   0.00984844   0.0054104   -0.00416426   -0.00608632   0.000101577   -0.000711007   -0.000409955   -0.00597628   -0.00180822   -0.00303911   -0.000824722   0.03985   -0.00361361   0.00032422   -0.00532268   -0.0105428   0.00967153   -0.0240792   -0.0122715   -0.0212914   0.017163   -0.0396908   0.0556477   -0.000113528   -0.0143527   -0.00729006   -0.0195904   -0.128099   -0.000585674   0.00185652   0.0173745   -0.0300593   0.0492745   0.00484184   0.0134853   -0.00168629   -0.00573468   0.00560402   -0.00444162   -0.00341264   -0.00503664   -0.0217998   -0.112484   -0.0138608   0.00403101   -0.00333556   -0.00371131   0.0230515   -0.0118166   -0.00536123   -0.0080874   0.00577421   0.0359823   0.0301761   -0.0019921   -0.012711   -0.0055771   2.0092e-07   -0.00586126   0.000568794   
-0.0100998   0.00256542   8.55189e-05   0.00454299   0.012543   0.00194102   -0.00883183   -0.0156209   -0.00179798   -0.000736373   -0.00722573   0.0056818   0.000559294   -0.00533457   -4.85635e-05   -0.00371384   0.00157737   0.00563814   0.017706   0.0112544   0.0181404   -0.00157183   -0.00195493   -0.00020839   -0.000363542   0.00309523   0.00585352   -0.0118251   -0.000196317   0.0171471   0.0282037   0.0227937   0.0299985   0.0390057   1   0.0465139   -0.00759349   -0.00214659   0.000946673   0.00104218   3.25102e-05   0.00762577   0.00453604   -0.0027625   -0.019375   -0.016414   -0.00517082   -0.00436654   0.00108257   -0.00162623   0.00145857   0.00481729   -0.00120955   -0.00934062   -0.00287972   -0.00159883   -0.00698984   -0.00949303   -0.00752522   -0.00199891   -0.00169874   -0.00528003   0.00244562   0.00462107   -0.00117477   -0.00227641   -0.000719025   0.0055588   0.00149985   -0.00358654   0.00378851   -0.00307483   0.00154862   0.00595969   0.00737886   0.00584418   -0.00722876   -0.00309146   0.000182975   -0.00031393   -0.000417685   -0.00336245   -0.00177858   -0.00270424   0.00083961   0.0212913   -0.0037332   0.000515346   -0.00739364   -0.0142621   0.0206911   -0.0308246   -0.0224819   -0.0276183   0.0389721   -0.045312   0.0499606   7.33167e-05   -0.0133079   -0.00814229   -0.00601573   -0.101961   -0.0191063   0.00473831   0.0151715   -0.0196447   0.0168183   0.0279339   0.0196217   -0.00114501   -0.00641469   0.00480844   -0.00152909   -0.0027384   -0.00291426   -0.0177723   -0.0253498   -0.00971166   0.00235933   -0.00341861   -0.000586983   0.0157159   -0.0664078   -0.00556947   -0.00208164   0.00626973   0.0233739   0.0268379   -0.0171882   -0.0102726   -0.00500525   1.66496e-07   -0.00360422   -3.12578e-05   
-0.0144195   0.00119186   -0.000537431   -0.000182029   -0.000972384   -0.00190882   -0.00496114   -0.00905456   -0.00181654   -0.00045414   -0.00489795   0.00341526   -0.00248543   -0.00540825   -1.48283e-05   -0.00142267   0.00529865   0.000126608   0.0108402   0.00211825   -0.00583498   -0.000220056   -0.00604067   -0.000533335   0.000324966   -0.00758977   -0.0143921   -0.00456249   0.000122275   0.0380296   0.0278885   0.0383835   0.047753   1   0.0390057   0.0245229   -0.00663926   -0.00160353   0.00151072   0.00108147   0.0006703   0.00698291   0.00645872   -0.0024333   -0.0196697   -0.0162497   -0.0101454   -0.0037983   -0.00138007   0.000607881   0.00329668   0.00505648   -0.000758091   -0.0102522   -0.0058236   -0.00240401   6.97312e-05   -0.00850365   -0.00385334   -0.000313498   -0.00247726   -0.00343411   0.00639168   0.00694379   0.00053884   -0.00509718   0.00336092   0.0042964   0.00866856   -0.00324289   0.0107815   -0.00431293   0.00646939   0.00863516   0.0131953   0.00813702   -0.00170732   -0.00407725   -0.000294173   -0.000274421   0.000491733   0.0022222   -0.00196152   -0.00174784   0.0011772   -0.00560551   -0.00435971   0.000884432   -0.00354988   -0.0152121   0.000634707   -0.0228337   -0.0103792   -0.0283852   0.0115176   -0.0289491   0.0419277   -0.000140031   -0.00576496   -0.00255599   0.00551198   -0.02886   -0.0132014   0.00607232   0.0104805   -0.0362634   0.0156709   0.0124874   0.0243211   -0.000858349   -0.00759572   0.00870096   2.25603e-05   -0.00243303   -0.00182712   0.01806   0.0715108   -0.0145295   0.00546701   -0.00361037   -0.0031622   0.000877531   -0.152174   -0.005903   -0.00583344   -0.00306625   0.00137071   0.000828312   -0.0401491   -0.0180838   -0.00693177   2.34699e-07   -0.0080418   -0.000324339   
-0.00407936   0.00135958   -0.00138249   -0.00236683   -0.00829419   -0.00599324   0.000768814   -0.000103789   2.02001e-05   -0.000760815   -0.0019072   0.000542313   -0.00133252   -0.000641504   1.11916e-05   0.00117125   -0.00177894   -0.00131094   -0.00404488   -3.53578e-06   0.00317759   -8.43953e-05   0.00307156   -0.000169752   -0.000249795   0.00260784   0.00318791   -0.00112563   2.09004e-05   0.0402636   0.0449858   0.0413524   1   0.047753   0.0299985   0.0221843   -0.0030956   -0.000563911   0.000551751   0.000388657   0.000132672   0.00284987   0.00198655   -0.00127732   -0.00800587   -0.00742235   -0.00248766   -0.0015763   -0.00034516   -0.000649443   0.000464546   0.00185277   -0.00111708   -0.00503212   -0.00255337   -0.0015826   -0.0022192   -0.0047431   -0.00297955   -0.000915302   -0.00115311   -0.00277136   0.00142483   0.00193151   -0.000711948   -0.00175647   0.000245256   0.00214668   0.0020395   -0.00126412   0.0026014   -0.00112072   0.00159723   0.00304781   0.00404975   0.00279713   -0.00357754   -0.002472   -0.000280133   0.000141444   -0.00110275   -0.0016496   -0.00101045   -0.000763158   -0.000253378   -0.0240874   -0.00201244   0.000993729   0.00113149   0.00597739   -0.0121954   -0.0056778   -0.00756452   0.0169774   -0.0107597   -0.00314925   0.00958766   -0.000198941   0.00224336   0.00302821   0.00487103   0.029682   0.00168812   0.00222241   0.00908153   -0.0113415   0.0080126   0.0096459   0.00714546   -0.000457399   -0.00274667   0.00299159   -0.000577162   -0.00112519   -0.00117208   0.0254932   -0.0157041   -0.00482408   0.00300424   -0.00145017   -0.00274897   -0.000734246   -0.1069   -0.00235919   -0.004489   -0.00614082   -0.000260956   -0.00575099   -0.0284549   -0.00580787   -0.00313008   8.56196e-08   -0.00214562   -8.58483e-06   
0.00508119   9.9483e-05   0.000113614   -0.00116002   -0.00179147   0.00282836   0.00709448   0.00811254   0.0020238   0.00041137   0.00209448   -0.00103764   0.000958891   0.00193737   1.30682e-05   0.000997347   -0.00100178   -0.000915769   -0.00395886   -0.00117023   -0.00109161   0.00112199   0.00112799   0.00028   0.000263578   0.000591979   0.00127082   0.00240053   -8.74811e-06   0.037822   0.0363458   1   0.0413524   0.0383835   0.0227937   0.0151388   0.00190817   0.000367523   -0.00044448   -0.000406681   -0.0001638   -0.00268284   -0.00203169   0.000889127   0.00692811   0.00517126   0.00334995   0.00124475   -1.63252e-05   -5.1961e-05   -0.00119691   -0.00196519   -4.58429e-06   0.00325506   0.00132889   0.000375135   0.000860515   0.00284849   0.00182167   0.00016209   0.000706417   0.00110762   -0.00200578   -0.00250875   -0.000257975   0.00122735   -0.00077961   -0.00188977   -0.00220518   0.00132657   -0.00313728   0.00167834   -0.0016615   -0.00281271   -0.00413311   -0.00271518   0.000709161   0.000871794   -5.30434e-05   -0.000314667   0.00118884   0.000180199   0.000590097   0.000247022   -0.000301373   -0.0227594   0.00126766   -0.00572841   0.00153018   0.00286134   -0.00761507   0.00498014   -0.000875842   0.00542118   -0.00928854   0.0122988   -0.0131272   2.36584e-05   0.00238018   0.00287973   0.00210705   0.0330689   0.00636114   -0.0018856   -0.00255381   0.0110653   -0.00425872   -0.00682208   -0.0080326   0.000148585   0.00232613   -0.00269014   -0.000216299   0.000625466   0.000454469   0.00443272   -0.00604099   0.00429124   -0.0017036   0.00119167   0.00225278   -0.0015113   -0.0854241   0.0019485   0.00430611   0.000227356   -0.00198172   -0.00371255   -0.0230832   0.00554509   0.00193102   -7.53573e-08   0.0024642   0.000125818   
0.0132701   -0.000208942   -0.000573029   -0.000586136   -0.000505984   -0.000169725   0.00452748   0.00817695   0.000724462   0.000126996   0.00415326   -0.00213019   0.00246004   0.00353998   1.86163e-05   0.00171439   -0.0110827   0.00119167   -0.0135359   0.00265984   0.0258728   -0.000745983   0.0128936   0.000475831   -0.000283351   0.0177856   0.0333047   -2.00389e-05   -0.000390295   0.0344166   1   0.0363458   0.0449858   0.0278885   0.0282037   0.0338508   0.00419703   0.00122245   -0.00156347   -0.000541449   -0.000522367   -0.00313568   -0.00531357   0.00155004   0.0132238   0.0128745   0.00722888   0.000917075   0.00244716   -0.00105888   -0.00267235   -0.00302662   0.000825133   0.00775476   0.00580255   0.00253372   -0.00332111   0.00572229   0.00103411   -0.000189501   0.00224112   0.0015738   -0.00594394   -0.00568173   -0.00108337   0.00575454   -0.00423215   -0.00226607   -0.00945528   0.0017061   -0.0102733   0.00316812   -0.00684674   -0.00704783   -0.0114775   -0.00636677   -0.00118532   0.00368374   0.000250708   0.000696485   -0.000112571   -0.00684237   0.00147737   -0.000891558   -0.000256713   -0.0166824   0.00278084   0.000922854   0.00413131   0.0111876   -0.00444531   0.0175678   0.00529056   0.0203953   -0.017544   0.0296374   -0.0334029   0.000212498   0.00636889   0.00520142   0.000405061   0.0460022   0.00740852   -0.00250034   -0.00510626   0.0324969   -0.0232709   -0.000682878   -0.0119302   0.000306165   0.00411588   -0.00718659   0.000398777   0.00125361   0.0015036   -0.0123191   -0.156185   0.0126024   -0.00505304   0.00237113   0.00185969   0.00676336   -0.0198296   0.00383768   0.00357835   0.000546116   0.0113665   0.00503581   -0.0050345   0.0151167   0.00520437   -1.87751e-07   0.00735877   2.52182e-05   
0.037143   0.00123433   0.00504927   0.00261734   0.0225071   0.0355332   0.0422359   0.0437965   0.0114151   0.004585   0.0154305   -0.00288509   0.0087207   0.0155918   2.36903e-06   0.00116172   0.00108576   0.00438778   -0.00472148   -0.00379143   -0.0229635   0.00564586   -0.00293531   0.00217092   0.00273863   -0.00741894   -0.00841062   0.0162895   -0.000245484   1   0.0344166   0.037822   0.0402636   0.0380296   0.0171471   0.00294654   0.0204188   0.00483765   -0.00407333   -0.00272271   -0.00159709   -0.0176603   -0.0153215   0.00730669   0.0519845   0.0477133   0.0212583   0.0103288   0.0045933   0.00115731   -0.005297   -0.011993   0.00544198   0.0307888   0.0178901   0.00993147   0.00564583   0.0270876   0.0139551   0.00340998   0.00776171   0.0143902   -0.0132375   -0.014507   0.00215741   0.0127905   -0.00588854   -0.0115368   -0.0196749   0.0076238   -0.0231771   0.00827605   -0.0147846   -0.0212297   -0.0309234   -0.0194672   0.0146362   0.0152261   0.00138989   0.00218106   -0.0013896   0.00584196   0.00609317   0.00458009   -0.00243401   -0.0566312   0.0129791   0.00102059   0.00246451   0.0191268   -0.00585503   0.0581748   0.0313282   0.0324405   -0.0271065   0.0712623   -0.117255   0.000119283   0.00656731   0.00333264   -0.00378784   0.0316571   0.0149237   -0.0160384   -0.0475789   0.0871829   -0.0529261   -0.0417897   -0.0543259   0.00274516   0.0199245   -0.0215968   0.00224085   0.00710675   0.00665252   -0.0467277   0.0347354   0.0353661   -0.0147999   0.00970856   0.0233109   -0.00276893   -0.0753906   0.0158255   0.041809   0.0244184   -0.00799347   0.0182713   -0.0191922   0.0428393   0.0197743   -5.98673e-07   0.0177399   0.00037962   
-0.000735921   -0.000131867   -0.000181663   1.8355e-05   -0.000676057   -0.00176354   -0.00199672   -0.00172648   -0.000200947   -0.000266654   -0.000687812   0.000108486   -0.000173834   -0.000616593   5.14511e-07   0.00022741   0.000448632   -0.000423179   0.00470142   0.0024729   0.00194554   0.00251471   0.00274877   2.11729e-05   -0.000128824   -9.35564e-05   -0.000633013   0.00312385   1   -0.000245484   -0.000390295   -8.74811e-06   2.09004e-05   0.000122275   -0.000196317   -0.000589337   -0.000446991   9.00739e-05   -9.16231e-06   -2.11154e-05   -6.32793e-05   0.000451276   0.000562201   -6.13304e-05   -0.000440845   -0.000803225   -3.92616e-05   -0.0006468   -1.04146e-05   6.40051e-05   0.000235279   0.000580981   1.19277e-05   -0.000576076   -0.000213031   0.000274761   0.000336933   -0.000291369   0.000173593   0.000366508   0.000373627   -0.000185502   0.000504408   0.000457636   -4.97625e-05   2.87665e-05   0.000121759   0.000248407   0.000180546   -0.00028001   0.000410923   -0.000161995   3.00064e-05   0.000283119   0.000457439   0.000432241   -0.000567296   -0.000231064   4.0649e-05   2.02855e-05   -9.35916e-05   9.10342e-05   -3.83713e-05   -0.00397971   -8.24222e-05   3.1298e-05   -0.000261539   -3.86394e-06   2.33142e-06   0.000546713   0.00229956   -0.00357392   -0.00100745   0.000949515   0.00291487   -0.00455398   0.00421443   1.45878e-05   -0.000325034   0.000278846   -0.000193499   0.00273102   0.00078837   0.000222951   0.0029231   -0.00162133   0.00137179   0.00140064   0.00265801   -0.000209297   -0.000453785   0.000548454   -0.000213574   -0.000334464   -0.000220821   -0.00161303   0.00294616   -0.000833256   0.00028051   -0.000136711   -0.000898709   -0.00610073   -0.00248986   -0.000230412   -0.00163119   -0.000741349   -0.0131297   -0.000911302   -0.000650732   -0.000809404   -0.000417751   1.11699e-08   -0.000288344   -6.94867e-06   
0.0459221   -0.00404604   0.00390221   -0.00232057   -8.4762e-05   0.00823909   0.0167078   0.0307779   0.00257342   0.00414184   0.01927   -0.00893803   0.010414   0.0138338   2.64129e-05   0.00348774   1.65546e-05   0.00475767   0.0509022   0.0291804   0.00138814   0.0380093   0.0385003   0.00120646   0.00141275   -0.00520994   -0.00448336   1   0.00312385   0.0162895   -2.00389e-05   0.00240053   -0.00112563   -0.00456249   -0.0118251   -0.0164908   0.0125735   -0.00289857   -0.00456115   -0.00142176   -3.07566e-05   -0.0178413   -0.0187595   0.00870189   0.0510342   0.0501969   0.019757   0.00685476   0.00326154   -0.000298652   -0.0101882   -0.0201638   0.00297301   0.0364096   0.0180753   0.00434817   0.0019081   0.0289613   0.0126223   -0.001727   0.00358584   0.0134144   -0.021804   -0.0237048   -0.000248524   0.0123723   -0.00885693   -0.0170427   -0.0234735   0.012691   -0.0310669   0.0137882   -0.0163035   -0.0268156   -0.0398371   -0.0265933   0.0156275   0.0145973   0.00219928   0.00284468   0.00556634   0.00471049   0.00615373   0.0369765   0.00616101   0.0154874   0.0109793   0.000183922   0.000292566   0.0242521   -0.0123044   0.0719857   0.0078041   0.0528884   -0.00873657   0.107332   -0.122781   2.95346e-05   0.00746903   0.000782068   0.00625107   0.0186904   0.0219191   -0.00759719   -0.063235   0.112845   -0.0815394   -0.0625855   -0.045947   0.001842   0.012586   -0.0297055   0.00278195   0.00562285   0.00630796   -0.0228473   0.00602621   0.0471731   -0.0212514   0.00857701   0.0096866   -0.0865244   -0.0126624   0.0139073   0.0175204   0.00935978   -0.183457   0.0210862   -0.00329054   0.0557494   0.0231096   -7.55201e-07   0.0238136   -8.62858e-05   
0.00407403   -0.00275408   0.000461707   -0.00115509   -0.0051652   -0.00743153   -0.0066797   -0.0021593   7.7348e-05   0.00091432   0.00376749   -0.00222089   0.000382785   0.00313584   1.54187e-05   0.0105075   0.00403083   0.0230516   -0.0129258   0.00669684   0.0417243   -0.00112154   0.0157767   4.22079e-05   0.00071738   0.0245094   1   -0.00448336   -0.000633013   -0.00841062   0.0333047   0.00127082   0.00318791   -0.0143921   0.00585352   0.0248597   0.00805804   0.00104987   -0.00070338   -0.000324042   -0.000596158   -0.00228603   -0.000792466   0.0021963   0.00744215   0.0131652   -0.00124653   0.00414789   0.00363989   0.00411385   0.0045733   0.00144208   0.00810435   0.0125025   0.00998583   0.00939468   0.00541582   0.0132011   0.00608177   0.00535756   0.00334986   0.0104708   0.00310034   0.00321667   0.00621592   0.00769183   0.00214038   -0.000180816   -0.00152167   -0.000838752   0.00102926   -0.00397994   -0.00199198   -0.00270805   -0.00173111   -0.0015692   0.01645   0.0115061   0.000664732   0.000669463   0.00200838   -0.00652893   0.00302104   0.0056104   0.00171849   0.0104538   0.00667017   5.91629e-05   -0.000130972   0.000865948   0.00474965   0.0155111   0.011205   -0.00622754   0.00840609   0.0223531   -0.02181   5.16971e-05   0.000582376   0.00162428   -0.00060018   0.0260944   0.000330869   -0.00631332   -0.0427036   0.00925987   -0.0105838   -0.0101748   -0.00543024   0.00174127   0.00605471   -0.00425279   0.00257296   0.0030502   0.00298074   -0.0012952   -0.204083   0.0046768   -0.00302246   0.00209832   -0.00259667   0.00958852   0.0859717   0.0034239   -0.00439677   -0.00255322   0.0215712   -0.0254834   0.0224639   0.00435209   0.00855047   -8.11385e-08   -0.000623659   -0.000195292   
-0.00510249   -0.00121561   -0.00118184   -0.000349516   -0.00506562   -0.00932919   -0.0100583   -0.00844751   -0.0017436   -0.00138921   -0.00318762   -0.000503301   -0.00223283   -0.00238903   5.38616e-06   0.0066213   0.00305873   0.0116561   -0.00707147   0.00311171   0.0247258   -0.00162797   0.00903481   -0.000144013   -0.00077888   1   0.0245094   -0.00520994   -9.35564e-05   -0.00741894   0.0177856   0.000591979   0.00260784   -0.00758977   0.00309523   0.0134251   -0.00168028   0.000973822   0.000374247   0.000106712   2.634e-05   0.00241067   0.00272179   -0.00086053   -0.00450051   -0.00551863   -0.00194375   -0.00217466   -0.000944927   0.000226445   0.00123972   0.00302055   -0.000441537   -0.0048728   -0.00271054   -7.30842e-05   0.000916901   -0.00315794   -0.000410862   0.00129077   0.000362571   -0.00199604   0.00329878   0.00278176   -0.000270933   -0.000272199   0.00134128   0.00195064   0.00317825   -0.00135621   0.00378023   -0.00124076   0.00167276   0.00280122   0.00444749   0.00300535   -0.00340071   -0.00249397   -0.00388039   -0.00228774   -0.000338883   -0.00551011   -0.000669478   -0.0125027   -0.00383559   0.0098621   -0.00181421   6.44416e-06   0.000652296   0.00177141   0.0039008   -0.00811924   -0.00126157   0.0050192   0.00308944   -0.0119616   0.0139011   3.06147e-05   0.00136455   0.00208529   0.000919624   0.0197361   0.00406517   0.00179105   0.0145109   -0.0140058   0.00773879   0.00723294   0.00955907   -0.000377218   -0.00227368   0.00437362   -1.56862e-05   -0.000868141   -0.000473528   -0.00174774   -0.106065   -0.0053215   0.00504587   -0.00094313   -0.0051233   0.00308925   0.0414395   -0.00155814   -0.00907931   -0.00551491   0.0105762   -0.0232436   0.0108285   -0.00664598   -0.00320016   9.60022e-08   -0.00276816   -9.66604e-05   
0.00325944   0.0015473   0.000591901   -9.38455e-05   0.00368788   0.00419138   0.00763385   0.00745555   0.0013962   0.00146023   0.0057279   0.00200835   0.000138924   0.00347105   -5.59045e-06   0.00375916   0.00769807   0.0102426   0.000288992   0.000538991   0.000176535   0.000829147   0.000649151   -0.00013457   1   -0.00077888   0.00071738   0.00141275   -0.000128824   0.00273863   -0.000283351   0.000263578   -0.000249795   0.000324966   -0.000363542   -0.0015966   0.0148091   0.00798181   -0.000546168   -0.000525308   0.000139363   -0.00305008   -0.00426241   0.000492741   0.0109737   0.017594   -0.00324483   0.007048   0.00177294   0.0021241   0.00255137   0.000742703   0.00357592   0.00487186   0.00395778   0.00376865   0.00287748   0.00525197   0.0024286   0.00212286   0.000940957   0.00509219   0.00219914   0.00253172   0.00336201   0.00173492   0.00170968   0.00039514   0.000816712   -0.00116649   0.0027191   -0.00304451   0.000584543   0.000500768   0.00166346   0.000779799   0.00878195   0.00515826   0.000505184   0.000841186   -0.00375991   0.00154455   0.00104843   0.00841846   -0.00173147   -0.0110638   0.00397555   7.86667e-06   0.000542068   0.00207389   -0.00414035   0.00640308   0.0152868   0.00254155   -0.0090368   0.00549483   -0.00938396   4.08496e-05   0.00114638   -0.000990135   -0.00405231   -0.00430845   -0.00480259   -0.00408555   -0.0226445   -0.000690942   -0.0351815   -0.0049537   -0.0207132   0.00329232   0.00826267   0.00196844   0.00649989   0.00541001   0.00647008   0.00384084   0.00567233   0.00317413   0.00105542   0.00302967   0.00354903   -0.000348157   0.0046931   0.00492679   0.00654613   0.00298268   0.00262338   -0.00320776   0.00123418   -0.00207803   0.00210282   -2.57532e-08   -0.00192679   -0.000600941   
0.0049113   -8.04842e-05   -1.35583e-05   0.000215892   0.00239344   0.00384444   0.005961   0.0049635   0.00237977   0.00015251   0.000210659   -0.000163089   0.00167238   0.00122577   -2.14825e-06   0.00013482   0.000139905   0.00111149   0.00066091   0.000123622   -0.00130785   0.000662645   -0.000171081   1   -0.00013457   -0.000144013   4.22079e-05   0.00120646   2.11729e-05   0.00217092   0.000475831   0.00028   -0.000169752   -0.000533335   -0.00020839   -0.000913123   0.00202105   0.000700789   -0.00078583   -0.000407703   -0.000655279   -0.00093781   -0.000744845   0.00102542   0.00621654   0.00529909   0.00389773   -0.000277942   0.00182717   0.000142839   0.000147717   0.000247905   0.00173738   0.00437796   0.00405889   0.00392119   0.000553384   0.00435385   0.00219925   0.00184696   0.00298683   0.00257056   -0.000832304   -0.000443871   0.000721641   0.00330768   -0.00115044   -0.000212831   -0.00411868   0.000147919   -0.00365335   0.000323444   -0.00356005   -0.00313881   -0.00469083   -0.00221137   0.00125665   0.00340745   0.00018768   -0.00193092   -0.00153558   0.000475377   0.00122348   -0.0108206   0.000789807   0.000623596   0.00204848   2.11296e-05   0.000135178   0.00172392   0.0022141   0.00340333   -0.00846279   0.00261688   0.00523398   0.00433905   -0.00957689   6.86695e-05   -0.0029794   -0.000743326   -0.000896438   0.00320359   -0.000632127   -0.00273138   -0.00306301   0.0125851   -0.00227035   0.00205906   -0.000664375   5.3091e-05   0.00235152   -0.0029907   -0.000246577   0.000460466   0.000404559   -0.00218233   -0.000533341   0.00458503   -0.000191679   0.00115522   0.00272072   -4.52238e-05   0.00401072   0.00186831   0.004942   0.00238797   0.000895613   0.00252399   0.00105198   0.00639441   0.00348754   -7.89014e-08   0.00260676   7.97694e-05   
-0.00441753   0.000300809   -0.00341982   0.000148082   -0.00132926   -0.0107837   -0.00302331   -0.00119557   0.00314926   -0.0015751   -0.000873769   0.000809134   -0.00342645   0.00380754   1.74201e-05   0.00213407   -0.00393752   0.0021708   0.0502658   0.0388895   0.0405743   0.0315354   1   -0.000171081   0.000649151   0.00903481   0.0157767   0.0385003   0.00274877   -0.00293531   0.0128936   0.00112799   0.00307156   -0.00604067   -0.00195493   0.00359252   0.0101368   0.00787739   9.12587e-05   0.000396877   -0.000353166   0.00527032   -0.00109051   -0.00285198   -0.00805396   0.00306771   -0.0066284   0.00394811   0.00534753   -0.000382885   0.00434886   0.00716882   0.00332621   -0.00403699   0.00397194   0.00457712   -0.00814475   -0.0044335   -0.00734396   0.000171103   0.000536954   -0.000169158   0.00407674   0.00814836   0.00232994   0.00163152   -0.000843687   0.00831678   -0.00146463   -0.00621345   0.00408996   -0.00726831   -0.000665604   0.00608853   0.00746354   0.00677967   -0.000284944   0.00413992   -0.00176845   -0.00159489   0.000483157   -0.00469424   -0.000449141   0.0027614   0.000232252   0.010512   0.00157299   3.35991e-05   0.000653306   0.00937365   -0.0119551   0.00864034   0.00618712   0.0219856   -0.0195224   0.010846   -0.00943747   -0.00016302   0.00149789   -0.000392714   0.0107309   0.0211241   0.0231274   -0.00150803   -0.0077554   -0.0146343   -0.0208342   0.0375341   -0.00798479   0.00280814   0.00464642   0.00608008   0.00543151   0.00372544   0.00418278   -0.00315203   -0.0695382   -0.00397917   0.00475094   0.000151844   -0.00237895   -0.0669589   0.0250528   0.000259149   -0.00327981   -0.00550464   -0.138159   0.0129083   0.00656324   -0.0103708   -0.00184202   1.21212e-07   -0.00431858   -0.000552457   
0.00920487   -0.00116563   0.000845287   -0.00148281   0.00410043   0.0184706   0.0284773   0.0278842   0.0130762   0.00156837   0.00561079   -0.00216067   0.0023527   0.00532597   1.33971e-05   0.00098041   0.0020736   0.003972   0.0566567   0.04227   0.0291981   1   0.0315354   0.000662645   0.000829147   -0.00162797   -0.00112154   0.0380093   0.00251471   0.00564586   -0.000745983   0.00112199   -8.43953e-05   -0.000220056   -0.00157183   -0.00203843   0.00205272   -0.00321134   -0.000635146   -0.000504611   -0.000414362   -0.00590102   -0.00240938   0.0029823   0.0114491   0.009581   0.00560002   0.00322622   0.000722769   0.00146435   -0.000774089   -0.00473936   0.00302747   0.0120967   0.00621306   0.00348416   0.00429336   0.0111806   0.00594834   0.0015469   0.00152798   0.00714351   -0.00310043   -0.00385618   0.00251503   0.00377498   -2.45674e-05   -0.00441385   -0.00348473   0.00347961   -0.00538441   0.00205044   -0.00295291   -0.00670785   -0.0086597   -0.00659116   0.0106123   0.00653203   -0.00384584   -0.00296548   0.00127412   0.0027404   0.00241045   0.0123036   -8.51968e-05   0.000436448   0.00488887   5.17454e-05   0.00137168   0.0046545   -0.00947144   0.00145997   0.004574   0.00446184   -0.00585731   0.00188688   -0.0242248   2.73945e-05   0.00256461   -0.00828174   0.0196331   0.00472777   0.034361   -0.00592308   -0.030701   0.0245596   0.00469952   -0.0233051   -0.0128649   0.000596737   0.00472186   -0.00893591   -0.000988803   0.00157931   0.000251766   0.00609402   0.0110824   0.00951788   -0.00434407   0.00208831   0.0117461   -0.0590873   0.00924281   0.00344954   0.0219811   0.00616165   -0.117095   0.0221489   0.00242883   0.0138804   0.00877624   -1.82647e-07   0.00436044   0.000391217   
-0.0501489   -0.00216004   -0.00159107   -0.00123508   -0.0038379   0.00357245   0.00158366   -0.00664264   0.00751909   -0.00268777   -0.0140785   0.00650281   -0.013852   -0.0144201   3.62981e-06   -0.000571817   -0.00473481   0.00346903   0.0577982   0.0593333   1   0.0291981   0.0405743   -0.00130785   0.000176535   0.0247258   0.0417243   0.00138814   0.00194554   -0.0229635   0.0258728   -0.00109161   0.00317759   -0.00583498   0.0181404   0.0381493   -0.00732302   0.00584189   0.0051256   0.000848357   0.0024748   0.00944955   0.0171319   -0.00637092   -0.0344821   -0.0380823   -0.0263467   -0.00389234   -0.0135151   0.00532158   0.00938807   0.0141857   -0.00540438   -0.0358206   -0.0286355   -0.0121468   0.0173465   -0.0243687   -0.00032401   0.00431466   -0.00746587   -0.0118697   0.0255453   0.0193206   0.000480237   -0.0168887   0.0172035   0.00692357   0.0389744   -0.00731142   0.0414054   -0.00967659   0.0271124   0.0273881   0.0455733   0.0253688   -0.00710065   -0.0219768   -0.000621338   -0.00219058   -0.00451703   -0.00834631   -0.0067052   -0.0282445   -0.00420452   0.00247878   -0.0131596   -0.00015294   3.52635e-05   -0.0354662   0.0230545   -0.091535   0.0117679   -0.0747732   0.0284335   -0.134293   0.121663   1.48022e-06   -0.00535977   -0.0107026   0.0170776   0.0043903   0.0181557   0.0127327   0.0647323   -0.132886   0.0511262   -0.00167349   0.0385316   -0.00104837   -0.0138731   0.0360431   0.00208101   -0.0038928   -0.00162494   0.0350194   -0.162227   -0.0505531   0.0195427   -0.00670079   -0.00323208   -0.0268724   0.0873513   -0.0109395   -0.00499916   -0.0102071   -0.0491144   0.0338858   0.0228088   -0.0644065   -0.0279873   7.95309e-07   -0.028866   -0.00072918   
-0.0148487   0.00532623   0.000734931   0.00107649   0.0158506   0.0373519   0.0356901   0.017177   0.00559532   0.00120065   -0.00201118   0.00374044   -0.00164415   -0.00337511   -2.98118e-05   -0.00143511   0.000772802   0.0133945   0.0936409   1   0.0593333   0.04227   0.0388895   0.000123622   0.000538991   0.00311171   0.00669684   0.0291804   0.0024729   -0.00379143   0.00265984   -0.00117023   -3.53578e-06   0.00211825   0.0112544   0.0187842   -0.00956936   -0.00492597   0.00183952   0.0001783   -0.00054724   0.00303381   0.00884356   -0.00109504   -0.0159692   -0.0213469   -0.0022348   -0.00253083   -0.00213197   0.00144563   0.00357887   0.00483031   0.000611032   -0.00683994   -0.00426141   0.000439702   0.00455611   -0.0035776   0.000628834   0.00261778   -0.00011703   -0.000438688   0.0075907   0.0069658   0.00183674   -0.00256383   0.00454709   0.00315594   0.00877566   -0.0019462   0.00959826   -0.00346531   0.0052615   0.00594328   0.0103761   0.00592936   0.000986112   -0.00240688   -0.000576244   -0.000835329   -0.00181793   -0.000822218   -0.000750733   -0.0118201   -0.00162554   -0.00722555   -0.00156937   -6.27662e-05   0.00366589   -0.0159035   -0.0281548   -0.0193195   0.00545313   -0.0306874   -0.0416654   -0.0331988   0.0316866   3.34614e-05   0.00487563   -0.00934494   -0.00686631   -0.0471636   -0.0291236   -0.0016492   0.0082883   -0.0315772   0.0625589   0.00442451   0.0171239   -0.00168981   -0.00405866   0.00487489   -0.00530888   -0.00332432   -0.0055199   0.0360423   -0.0193433   -0.0151043   0.00622474   -0.00301714   0.0137809   -0.0538976   0.0469191   -0.00482598   0.0247902   0.00981022   -0.106001   0.0615456   0.012253   -0.0127228   -0.00295222   1.96302e-07   -0.00695471   0.000752159   
-0.016334   0.00826779   -0.000495019   0.00430388   0.0189849   0.0279586   0.018759   -0.00647185   -0.00291403   -0.000131088   -0.0120784   0.00973942   0.00210284   -0.00939068   -7.01465e-05   -0.00392333   0.0110178   0.0164061   1   0.0936409   0.0577982   0.0566567   0.0502658   0.00066091   0.000288992   -0.00707147   -0.0129258   0.0509022   0.00470142   -0.00472148   -0.0135359   -0.00395886   -0.00404488   0.0108402   0.017706   0.0140315   -0.0129693   -0.00253979   0.00154741   0.000384543   -0.00129717   0.00922357   0.00858015   -0.00426923   -0.0253609   -0.0306649   0.000606193   -0.00654248   0.000979455   -0.00341096   0.00144843   0.00871358   -0.00345917   -0.017172   -0.00607931   -0.00175588   -0.00901374   -0.016013   -0.0099027   -0.0015779   0.000159762   -0.0097314   0.0044402   0.00734294   -0.00324188   -0.00405861   -0.00152751   0.00879649   0.00124499   -0.00583413   0.00449012   -0.00342077   0.00093222   0.00851956   0.0100349   0.00912814   -0.0171789   -0.00733887   0.000411038   0.00105604   -0.00331582   -0.000907208   -0.00283751   -0.0291429   -0.00342125   -0.0281957   -0.00538498   -0.000152263   -0.00290871   -0.0358532   0.00767586   -0.0307956   -0.0279949   -0.0712272   0.0170144   -0.0591434   0.0664944   5.06163e-05   -0.00586108   0.000483693   -0.0284899   -0.079489   -0.0912487   0.00123732   0.0464399   -0.030579   0.0621058   0.0487862   0.0230051   -0.00303739   -0.00642137   0.00766552   -0.00742052   -0.00570781   -0.00782944   0.0321846   0.0652618   -0.0180314   0.00464651   -0.0045756   0.00757257   -0.0962646   0.00982008   -0.00737686   0.0122437   0.0113753   -0.199492   0.0805969   0.00253313   -0.0148596   -0.00899763   2.60212e-07   -0.00453406   0.000905132   
0.0122538   0.00312548   0.00240532   0.000931254   0.0151977   0.026299   0.0293179   0.0208737   0.00108674   0.00268688   0.00605805   0.0018714   0.00414677   0.00388632   -2.73043e-05   0.104699   0.18161   1   0.0164061   0.0133945   0.00346903   0.003972   0.0021708   0.00111149   0.0102426   0.0116561   0.0230516   0.00475767   -0.000423179   0.00438778   0.00119167   -0.000915769   -0.00131094   0.000126608   0.00563814   0.00621198   0.00157585   -0.0012385   -0.00128478   0.000249491   0.000530472   -0.00201314   -0.00525166   0.0016524   0.00897424   0.0123255   0.00195166   -0.000225069   0.00117997   -0.000841531   -0.00321968   -0.0054018   -0.000121523   0.00777083   0.00397015   -0.000590852   -0.00279913   0.00482483   0.000449973   -0.00228546   -0.000492783   0.00145557   -0.0069389   -0.00683695   -0.00109765   0.00252265   -0.00339883   -0.0038864   -0.00682447   0.00299837   -0.0085814   0.00368257   -0.00418101   -0.0061854   -0.00991375   -0.00643911   0.00176964   0.00274264   0.00103446   0.00186935   0.00102501   -0.000126198   0.000989188   0.0156147   0.00209036   -5.99043e-05   0.0010754   2.23879e-05   -0.00148553   0.00570568   -0.0152979   0.0290568   -0.00134288   0.0166817   -0.0108778   0.0290408   -0.0437317   3.99304e-05   -0.000121644   -0.000823177   -0.00779551   -0.0460221   -0.0441997   0.00241969   -0.0145647   0.0292489   -0.0371805   -0.0113044   -0.00394116   0.000291626   -7.64678e-05   -0.00708871   0.00204117   0.000902578   0.00213633   0.0124612   -0.0132628   0.0124976   -0.0063184   0.00131973   0.0131041   -0.0252858   0.0271944   0.00208255   0.023206   0.0128631   0.0279184   -0.34656   0.00710205   0.0134278   0.00453317   -1.8101e-07   0.00638096   -0.000426493   
-0.00777766   0.00155544   0.00112347   0.00160225   0.00069113   -0.00287694   -0.0045157   -0.00770349   0.000867993   -6.47479e-05   -0.00403944   0.00344212   -0.00115609   0.000348215   -1.38807e-05   0.0822163   1   0.18161   0.0110178   0.000772802   -0.00473481   0.0020736   -0.00393752   0.000139905   0.00769807   0.00305873   0.00403083   1.65546e-05   0.000448632   0.00108576   -0.0110827   -0.00100178   -0.00177894   0.00529865   0.00157737   -0.00432586   0.00682173   0.00566386   0.00105658   -0.000739866   -0.000113356   -0.00254305   -0.000312345   -0.00157822   0.000732914   -0.0014268   -0.0010425   0.00614192   -0.00176225   0.000483588   0.00144494   0.00221954   -0.00103764   -0.00612385   -0.00441609   -0.00194275   0.00225119   -0.0043696   -0.000627576   0.000370539   -0.00121207   -0.001553   0.00423793   0.00379964   0.0004439   -0.00385213   0.00275312   0.00181911   0.00607578   -0.00189623   0.00683977   -0.00227715   0.00449586   0.00512416   0.00797849   0.0046918   -0.000920629   -0.00332078   -0.000235908   -0.000495802   0.000871008   0.00252261   -0.0011664   -0.000258158   -6.06782e-05   -0.0207034   0.000332634   -5.32077e-05   0.00180435   -0.00365118   0.0223002   -0.0224768   -0.00175411   -0.00797956   0.0319929   -0.0327934   0.0247009   -0.00017643   0.00448177   -0.000336847   -0.0047052   -0.0150485   -0.0115338   -0.00448841   0.00833674   -0.0221726   0.0139815   0.0022859   -0.0221627   0.00156358   0.00582269   0.00674834   0.00092344   0.00235825   0.00125923   0.00057282   0.0631773   -0.00816281   0.00288041   0.000895843   -0.00098748   -0.0244697   -0.0239182   0.00155752   -0.00215961   0.0024737   0.00377656   -0.305912   -0.00625888   -0.0111408   -0.00470144   1.21592e-07   -0.00498457   0.000314422   
0.000527379   -0.000596259   0.00104357   -0.00100027   -0.00356159   -0.0035739   -0.00541478   -0.00135143   -0.00250788   0.000184253   0.00206497   -0.00161797   -0.00066247   -0.000704787   3.48082e-06   1   0.0822163   0.104699   -0.00392333   -0.00143511   -0.000571817   0.00098041   0.00213407   0.00013482   0.00375916   0.0066213   0.0105075   0.00348774   0.00022741   0.00116172   0.00171439   0.000997347   0.00117125   -0.00142267   -0.00371384   -0.00289089   0.000226082   0.000171028   -0.000266904   -0.000416798   0.000184875   -0.00210305   0.00114104   0.00151925   0.00715305   0.00383227   0.000369642   -0.00140189   -0.00228836   0.00195094   0.000415134   -0.0007477   0.000447862   0.00218411   -0.00119202   0.000772283   0.007941   0.00415186   0.00623626   0.00294304   0.00156505   0.00224974   0.00185993   -0.000611457   0.000689363   0.000425158   0.00250415   -0.00306772   0.0031378   0.00158875   0.0020394   0.00125354   0.00142961   -0.00141022   -0.000286329   -0.00109463   0.00320951   -0.000439339   -0.00094493   -5.57121e-06   -0.000221869   0.00132592   0.000639711   -0.0126785   -0.00207146   -0.00483199   -3.34057e-05   2.38961e-05   -0.00391588   0.00749619   -0.0047563   -0.00243625   -0.00014929   0.016715   -0.0136695   0.00740666   9.08366e-05   0.000104985   -0.0100639   -0.000492902   -3.13224e-05   0.0140921   0.0112541   0.000434823   0.00304474   -0.00191868   -0.00258985   -0.0181919   0.00673537   -0.000506763   -0.000798014   0.000670192   0.000190122   -0.000439293   0.000537371   -0.00342135   -0.00410314   -0.000121168   0.000977962   0.000716466   -0.00219502   -0.0177254   -0.000459298   0.00111475   -0.00402919   -0.00196397   -0.00234054   -0.186469   -0.000108247   -2.36454e-05   0.00026979   -1.67956e-08   -0.0006421   -0.000158284   
2.9241e-05   -2.74571e-05   -1.05135e-05   -2.15725e-06   -2.78392e-05   1.57239e-05   7.67863e-05   0.000104951   6.25112e-05   -5.91344e-06   1.84472e-05   -3.01284e-05   -7.77675e-06   2.439e-05   1   3.48082e-06   -1.38807e-05   -2.73043e-05   -7.01465e-05   -2.98118e-05   3.62981e-06   1.33971e-05   1.74201e-05   -2.14825e-06   -5.59045e-06   5.38616e-06   1.54187e-05   2.64129e-05   5.14511e-07   2.36903e-06   1.86163e-05   1.30682e-05   1.11916e-05   -1.48283e-05   -4.85635e-05   -5.34887e-05   -3.81958e-05   -4.1772e-05   4.02897e-06   6.19794e-06   7.63705e-06   -5.91925e-06   -3.22668e-05   -9.05339e-06   -5.02227e-05   -2.97502e-05   -1.32378e-05   1.69608e-05   -8.94859e-07   -9.35699e-06   -1.87396e-05   -3.1954e-05   -9.7797e-06   1.78787e-05   3.23477e-06   -2.37879e-05   -2.98779e-05   1.15899e-07   -1.86787e-05   -2.63849e-05   -2.22683e-05   -3.97635e-06   -3.39012e-05   -3.04201e-05   -6.36247e-06   -5.83782e-06   -1.25758e-05   -1.2062e-05   -1.39286e-05   1.59511e-05   -2.82167e-05   1.40515e-05   -3.98198e-06   -1.46924e-05   -2.78766e-05   -2.3218e-05   6.57288e-06   1.08863e-06   0.000394727   0.000392984   0.000385132   -4.69827e-06   -1.24045e-06   0.000196038   0.000385694   0.000196673   -1.4037e-06   4.29775e-07   0.000193108   -8.14593e-06   -4.54761e-05   2.74566e-05   1.07259e-05   -1.19272e-05   -5.25333e-05   4.38125e-05   -0.000107248   -1.27594e-08   -2.46254e-05   0.00011211   7.19341e-05   0.000407151   0.000217511   2.96335e-05   -9.84464e-05   9.21347e-05   -5.16235e-05   -4.95229e-05   -0.000103101   -5.23567e-06   -2.09957e-05   -3.60775e-05   -1.30566e-05   -9.65954e-06   -1.51496e-05   1.01592e-05   -6.09501e-05   7.22418e-05   -6.60593e-07   -1.00169e-05   -9.5044e-06   -3.90101e-05   -7.26639e-05   -1.58634e-05   -7.58588e-07   -5.78434e-05   -4.38739e-05   -0.000142029   -1.88473e-05   4.24977e-05   1.17424e-05   -1.16952e-09   1.96602e-05   1.45438e-06   
0.0337973   0.00570761   0.00849989   0.0120195   0.026004   0.0309636   0.0485791   0.0507356   0.0309543   0.00440609   0.0145074   -0.00138639   0.0108377   1   2.439e-05   -0.000704787   0.000348215   0.00388632   -0.00939068   -0.00337511   -0.0144201   0.00532597   0.00380754   0.00122577   0.00347105   -0.00238903   0.00313584   0.0138338   -0.000616593   0.0155918   0.00353998   0.00193737   -0.000641504   -0.00540825   -0.00533457   -0.00572172   0.0380402   0.0122634   -0.00255873   -0.00265499   -0.0023621   -0.0196909   -0.021772   0.00373714   0.0437626   0.0513862   0.0186513   0.0284139   0.0112182   -0.000345829   -0.0017296   -0.00883004   0.00991148   0.0312661   0.0252801   0.0134047   -0.00796984   0.0245945   0.00246441   -4.39725e-05   0.00425523   0.0175422   -0.0118265   -0.00677246   0.00715051   0.013201   -0.00702636   -0.00213192   -0.0215871   0.00259548   -0.0210997   -0.000406676   -0.0150192   -0.0155005   -0.0246453   -0.014792   0.0225634   0.0236521   0.00212921   0.00201369   0.00795432   0.00207484   0.00610151   0.0574187   0.00662163   0.0023102   0.0207391   0.00015855   0.000761955   0.0261269   -0.0158616   0.057791   0.0176329   0.06031   -0.00349832   0.0822312   -0.117281   -1.12447e-05   0.00886001   -0.00480726   0.00428429   -0.00422048   0.0265763   -0.029628   -0.0959933   0.0803804   -0.0402527   -0.00732416   -0.118274   0.00928408   0.0371145   -0.021092   0.00717985   0.0165082   0.0112756   -0.0154841   -0.0148601   0.0357347   -0.00963189   0.0116309   -0.00777496   -0.000388998   0.0195206   0.0192609   -0.0466588   0.0180661   -0.00380599   0.01951   0.00511641   0.0383411   0.0240171   -5.41086e-07   0.0140661   0.00101729   
0.0409699   0.0260992   0.0387222   0.0551921   0.00489152   0.0160261   0.026574   0.0295743   0.00918882   0.00648694   0.00989834   0.00614781   1   0.0108377   -7.77675e-06   -0.00066247   -0.00115609   0.00414677   0.00210284   -0.00164415   -0.013852   0.0023527   -0.00342645   0.00167238   0.000138924   -0.00223283   0.000382785   0.010414   -0.000173834   0.0087207   0.00246004   0.000958891   -0.00133252   -0.00248543   0.000559294   -0.00126855   0.00175895   -0.00693574   -0.00435797   -0.00122553   -0.0021452   -0.00996837   -0.012552   0.00647497   0.0335006   0.0294343   0.0254363   0.000419392   0.00817492   -0.00358673   -0.00902522   -0.0130803   0.00316954   0.0296689   0.020805   0.00844446   -0.00918797   0.0216011   0.00454836   -0.00207572   0.00675446   0.00887866   -0.0211376   -0.0188723   -0.00183428   0.0148154   -0.0132891   -0.00917696   -0.0306905   0.0079003   -0.0346482   0.0110282   -0.0218444   -0.0246382   -0.0395066   -0.0228621   0.00373339   0.015018   0.00120052   0.00166824   -0.00274851   0.000843625   0.00559851   0.0102443   -0.00256502   -0.0142229   0.00973225   0.000114054   -0.00659597   0.00936291   0.00281924   0.0402317   -0.0253548   0.0104337   0.0134276   0.0597776   -0.0644389   -1.15668e-05   -0.00117471   -0.0114761   -0.00117429   -0.0143081   -0.00500081   -0.0101489   -0.0391195   0.111197   -0.0299337   -0.0135744   -0.0244535   -0.000919596   0.00933805   -0.0304356   -0.00476405   0.000854922   -0.000871249   0.0097084   -0.0145966   0.040043   -0.0198497   0.00558244   -0.0185341   -2.18565e-05   0.019584   0.00909121   -0.0117947   -0.124718   -0.00238118   0.013954   0.00512565   0.0550766   0.0222287   -6.67401e-07   0.0249014   0.000877443   
-0.0169709   0.017633   0.0141396   0.027435   0.00714869   -0.00520939   -0.00202284   -0.0109287   0.00230161   0.000139101   -0.00855551   1   0.00614781   -0.00138639   -3.01284e-05   -0.00161797   0.00344212   0.0018714   0.00973942   0.00374044   0.00650281   -0.00216067   0.000809134   -0.000163089   0.00200835   -0.000503301   -0.00222089   -0.00893803   0.000108486   -0.00288509   -0.00213019   -0.00103764   0.000542313   0.00341526   0.0056818   0.00274446   0.00597947   0.00954249   0.00100122   0.000872515   -0.000430074   0.0126189   0.00531648   -0.00544354   -0.0233038   -0.0108664   -0.0134134   -0.000751832   0.00522787   -0.000256196   0.00792018   0.0145782   0.00268156   -0.0153839   -0.000864573   0.00465174   -0.00845313   -0.013328   -0.0107492   0.00146303   0.000986615   -0.00428717   0.0110697   0.0160884   0.00220143   -0.00188035   0.00138753   0.0139574   0.00442737   -0.010846   0.0133583   -0.0117682   0.0033356   0.0142402   0.0193644   0.0154819   -0.00626929   8.90519e-05   0.000165011   0.00027886   -0.00188204   -0.00220484   -0.00222448   -0.0202422   -0.00121062   -0.045626   -0.00252283   -7.63955e-05   0.000961802   -0.00242036   0.0135394   -0.0329843   0.00681132   -0.00618506   0.0150656   -0.045855   0.0433826   6.2986e-06   -0.0037619   -0.0191823   -0.0104882   -0.0251126   -0.0226592   0.00271049   0.0175654   -0.0485786   -0.00663987   0.0614543   0.01694   0.00165126   -0.000971816   0.0159587   0.00502301   0.00113934   0.00253682   0.0125349   0.0178205   -0.0187075   0.0113983   -0.00261939   -0.0157157   0.00663049   0.0106726   -0.00429817   -0.017668   -0.0601789   0.00951735   0.0131942   0.0027985   -0.0280079   -0.00955841   3.52078e-07   -0.0114145   -0.000810396   
0.0472141   -0.00224759   0.00659649   -0.00342456   0.00878614   0.0308722   0.0360955   0.0478828   0.00242281   0.00767709   1   -0.00855551   0.00989834   0.0145074   1.84472e-05   0.00206497   -0.00403944   0.00605805   -0.0120784   -0.00201118   -0.0140785   0.00561079   -0.000873769   0.000210659   0.0057279   -0.00318762   0.00376749   0.01927   -0.000687812   0.0154305   0.00415326   0.00209448   -0.0019072   -0.00489795   -0.00722573   -0.00606717   0.0238283   -0.00020227   -0.00461456   -0.00195601   0.00078123   -0.02469   -0.0202875   0.0118206   0.0653351   0.0684667   0.0140219   0.0137674   0.00120668   0.00583806   -0.00631453   -0.0227054   0.00867957   0.0477062   0.0211639   0.00811211   0.01705   0.042609   0.0239823   0.00348873   0.00381266   0.0244563   -0.0169327   -0.0221252   0.00617882   0.0139198   -0.0019071   -0.0222362   -0.0152693   0.0149511   -0.0232944   0.0116738   -0.011071   -0.0278535   -0.0368695   -0.0279264   0.0372487   0.021416   0.00162399   0.00270236   0.00187314   0.00791794   0.00841543   0.0542964   0.00757408   0.0170431   0.0161076   0.000156918   0.000349482   0.0168191   -0.031683   0.0733382   0.0473505   0.0384398   -0.0641037   0.106394   -0.116992   -1.62217e-05   0.0100319   -0.00067416   0.00442088   -0.00068519   0.00786658   -0.0116573   -0.108097   0.107169   -0.10457   -0.106898   -0.0584016   0.00447259   0.018491   -0.0298082   0.00827793   0.0101662   0.0119375   -0.0119366   -0.0189018   0.0491268   -0.0223438   0.0115179   0.0184492   -0.0012205   0.0148422   0.0186827   0.0332964   0.0156732   -0.00617098   0.0231449   0.00388862   0.0535934   0.0283187   -8.02666e-07   0.0195131   -0.000669416   
0.0110986   0.00421907   0.00980715   0.00895463   0.00285961   0.0103061   0.00978616   0.0118906   0.000856648   1   0.00767709   0.000139101   0.00648694   0.00440609   -5.91344e-06   0.000184253   -6.47479e-05   0.00268688   -0.000131088   0.00120065   -0.00268777   0.00156837   -0.0015751   0.00015251   0.00146023   -0.00138921   0.00091432   0.00414184   -0.000266654   0.004585   0.000126996   0.00041137   -0.000760815   -0.00045414   -0.000736373   -0.00036972   0.00543078   -0.000888003   -0.00090108   -0.000588732   0.000306014   -0.00737387   -0.00394871   0.00353391   0.0174419   0.0165744   0.00317962   0.00369752   -0.00109251   0.00245246   -0.00109546   -0.00617499   0.00249339   0.0127038   0.00439995   0.00209633   0.00811494   0.0124637   0.00861581   0.00206002   0.000991776   0.00757565   -0.00277557   -0.0051208   0.00245273   0.00300594   0.00140489   -0.00663924   -0.000881901   0.0046857   -0.00373107   0.00301498   -0.00113865   -0.00696681   -0.0081755   -0.0071472   0.0122389   0.00526199   0.000539094   0.000842007   0.00217074   0.0028801   0.00235114   0.0133899   -0.00286689   -0.0106152   0.00426861   3.73864e-05   0.000473069   0.00297265   -0.00491847   0.0190316   0.00968214   0.00278973   -0.00470345   0.0277521   -0.0308277   -3.6774e-06   0.00148184   -0.0068586   -0.00260511   -0.0106048   -0.00524125   -0.0035339   -0.0302717   0.0227231   -0.018183   -0.0365037   -0.013664   0.00111945   0.00451749   -0.00714463   0.001818   0.00256592   0.00281501   0.0030738   -0.00225842   0.0111181   -0.00298967   0.00293682   0.00046447   0.00197774   0.00770974   0.00477205   0.00399352   -0.0168054   0.00122666   0.0130774   0.00201728   0.0125046   0.00758027   -1.91886e-07   0.00370322   -0.000103989   
0.0170951   0.00325013   0.00474475   0.014502   0.0339662   0.0514482   0.0908857   0.0870329   1   0.000856648   0.00242281   0.00230161   0.00918882   0.0309543   6.25112e-05   -0.00250788   0.000867993   0.00108674   -0.00291403   0.00559532   0.00751909   0.0130762   0.00314926   0.00237977   0.0013962   -0.0017436   7.7348e-05   0.00257342   -0.000200947   0.0114151   0.000724462   0.0020238   2.02001e-05   -0.00181654   -0.00179798   -0.0062289   0.0161226   0.00328693   -0.00168092   -6.51372e-05   -0.00225974   -0.000957209   -0.00752652   0.00087937   0.0059708   0.0199908   0.00642073   0.0106481   0.0136904   -0.00123733   0.00314188   0.00161365   0.0106303   0.0187574   0.0230477   0.0159559   -0.0141101   0.0135834   -0.0051958   0.000740949   0.00528669   0.0123612   -0.00480001   0.00349778   0.00708602   0.0118971   -0.00662109   0.00701274   -0.0184486   -0.00304738   -0.0133317   -0.00629858   -0.0134418   -0.00698404   -0.012956   -0.005184   0.0145464   0.021735   -0.000565937   0.00198848   0.00281799   0.000886561   0.00443503   0.0280234   0.00210165   0.0232909   0.0127071   0.000115918   0.00153794   0.00629137   0.00900422   -0.00835435   -0.0115675   0.0141458   0.02928   -0.0165063   -0.0592734   -1.19465e-05   0.00916686   0.0108059   0.0203995   0.0248745   0.103308   -0.0153892   -0.0711685   0.0466111   -0.0137865   0.0366006   -0.0376211   0.00508491   0.016586   -0.0139524   0.00406356   0.00812891   0.00482378   0.0106822   0.0133411   0.0187955   -0.000186832   0.00382404   -0.02211   0.0100239   0.020585   0.00637481   -0.0685084   0.00985308   0.0182623   0.00262666   0.00541086   0.022162   0.0183149   -2.62735e-07   0.00742486   0.000324213   
0.0995288   0.000640739   0.0120617   0.00509449   0.0508348   0.143481   0.219939   1   0.0870329   0.0118906   0.0478828   -0.0109287   0.0295743   0.0507356   0.000104951   -0.00135143   -0.00770349   0.0208737   -0.00647185   0.017177   -0.00664264   0.0278842   -0.00119557   0.0049635   0.00745555   -0.00844751   -0.0021593   0.0307779   -0.00172648   0.0437965   0.00817695   0.00811254   -0.000103789   -0.00905456   -0.0156209   -0.0230768   0.0292756   -0.00509999   -0.00976779   -0.00260996   0.00017904   -0.037616   -0.0432524   0.0176441   0.107143   0.10907   0.0421036   0.0169502   0.00854527   -0.00264413   -0.0232346   -0.0441517   0.00550195   0.0773085   0.0398252   0.00772984   -0.00312033   0.0591254   0.0217909   -0.00694874   0.00578128   0.0267561   -0.0498402   -0.0520554   -0.00154411   0.0262992   -0.0216283   -0.0349596   -0.0537867   0.0268176   -0.0700841   0.0296372   -0.0366238   -0.0575403   -0.0871204   -0.0576014   0.0307688   0.0315181   -0.000877813   0.00140525   0.0142881   0.00802619   0.0127298   0.0955137   0.0136389   0.0495984   0.023731   0.000480663   0.00320307   0.0296276   -0.0629455   0.106291   0.0316749   0.0653659   -0.0700729   0.143809   -0.279052   -4.90295e-05   0.0242535   0.00915233   0.0298482   0.042357   0.119972   -0.0159111   -0.140248   0.248792   -0.185482   -0.122719   -0.110631   0.0053659   0.0285996   -0.0648706   0.00795202   0.014002   0.0150047   0.0718585   -0.00389462   0.103038   -0.0478372   0.0185033   0.0123728   0.0265426   0.0735741   0.0300333   0.0272504   0.0380399   0.036957   0.0675897   0.0193367   0.122528   0.0502252   -1.63741e-06   0.0529072   -0.000272682   
0.0825585   0.00802146   0.00722183   0.00775274   0.0701635   0.168706   1   0.219939   0.0908857   0.00978616   0.0360955   -0.00202284   0.026574   0.0485791   7.67863e-05   -0.00541478   -0.0045157   0.0293179   0.018759   0.0356901   0.00158366   0.0284773   -0.00302331   0.005961   0.00763385   -0.0100583   -0.0066797   0.0167078   -0.00199672   0.0422359   0.00452748   0.00709448   0.000768814   -0.00496114   -0.00883183   -0.0195326   0.0284903   -0.00140999   -0.00806618   -0.00185665   -0.00182429   -0.0254536   -0.036329   0.0116015   0.0760175   0.0843136   0.0382035   0.0176072   0.0161314   -0.00594704   -0.0167442   -0.0296364   0.00796659   0.0622716   0.0422347   0.0140744   -0.0192514   0.0446208   0.00647153   -0.0072226   0.00744428   0.0219309   -0.0415091   -0.0359365   0.00040679   0.0257871   -0.0233667   -0.0178182   -0.0548889   0.0162003   -0.0632049   0.018215   -0.0377983   -0.0454713   -0.0727662   -0.0442733   0.0208811   0.0335256   0.00152486   0.00101222   0.0119181   0.00490358   0.010939   0.0802889   0.0116731   0.0502073   0.0234921   0.000422934   0.00255921   0.0339822   -0.0592414   0.0712653   0.0231787   0.0696902   -0.078818   0.0920401   -0.24746   -4.59826e-05   0.0211254   0.00422647   0.0153263   0.0469632   0.017551   -0.0210892   -0.125908   0.212745   -0.130975   -0.0419545   -0.106165   0.00653445   0.0307164   -0.0555369   0.00620474   0.0142179   0.011892   0.103329   0.0232928   0.0858993   -0.0332327   0.0149681   0.0298464   0.0470839   0.0898513   0.024432   0.0607803   0.0467624   0.0678731   0.102453   0.023604   0.104062   0.0457111   -1.33147e-06   0.0451391   0.000380488   
0.0492375   0.00568155   0.0213983   0.0256003   0.10951   1   0.168706   0.143481   0.0514482   0.0103061   0.0308722   -0.00520939   0.0160261   0.0309636   1.57239e-05   -0.0035739   -0.00287694   0.026299   0.0279586   0.0373519   0.00357245   0.0184706   -0.0107837   0.00384444   0.00419138   -0.00932919   -0.00743153   0.00823909   -0.00176354   0.0355332   -0.000169725   0.00282836   -0.00599324   -0.00190882   0.00194102   -0.000231256   0.00303888   -0.0122787   -0.00385421   -0.00181039   0.0010519   -0.027552   -0.0183813   0.0123895   0.0624251   0.0474094   0.0266152   0.00647979   -0.00573677   0.000777825   -0.0156096   -0.0310505   -0.00128237   0.0419714   0.0113881   -0.00299655   0.0148704   0.0357773   0.0231034   -0.00199979   0.000851064   0.0151994   -0.0256255   -0.0335973   -0.00169702   0.00885719   -0.00519361   -0.0282406   -0.0166658   0.0223071   -0.0334454   0.0228414   -0.0124191   -0.0338843   -0.0472412   -0.035602   0.0206266   0.0090295   0.00310262   0.000854744   0.00780695   0.00858685   0.00676159   0.0506789   0.00800135   0.0430896   0.0101016   0.000223385   -0.00211983   0.00624881   -0.0681719   0.0490609   0.0243284   0.00196132   -0.100196   0.0752315   -0.161103   -3.96055e-05   0.00920062   -0.00241756   -0.01145   0.0152188   -0.0642179   -0.00750511   -0.0660728   0.124918   -0.0474143   -0.122753   -0.0525179   0.000419125   0.00957331   -0.0365688   -0.00175243   0.0039808   0.00299082   -0.0889124   0.0337436   0.051632   -0.0212034   0.00899071   0.0145539   0.042492   0.0779061   0.0146345   0.0192818   0.0669905   0.0599648   0.096612   0.0203898   0.0681593   0.0269027   -8.91032e-07   0.0274041   0.000668947   
0.0120588   0.0104754   0.0158215   0.0406619   1   0.10951   0.0701635   0.0508348   0.0339662   0.00285961   0.00878614   0.00714869   0.00489152   0.026004   -2.78392e-05   -0.00356159   0.00069113   0.0151977   0.0189849   0.0158506   -0.0038379   0.00410043   -0.00132926   0.00239344   0.00368788   -0.00506562   -0.0051652   -8.4762e-05   -0.000676057   0.0225071   -0.000505984   -0.00179147   -0.00829419   -0.000972384   0.012543   0.00972265   0.0150062   0.00603012   -0.00159601   0.000242365   -0.000836967   0.000991946   -0.00753135   -0.000117194   0.00525942   0.0199671   6.49257e-05   0.00703303   0.00980333   -0.00108741   0.00193439   0.00140922   0.00648719   0.0109405   0.0148125   0.00926046   -0.0117582   0.00659853   -0.00563365   -0.00089393   0.00257091   0.00644966   -0.00405302   0.00192522   0.00374219   0.00717937   -0.00542673   0.00498445   -0.013244   -0.00319243   -0.00861768   -0.00458833   -0.00872378   -0.00336152   -0.00742724   -0.00221649   0.0077068   0.0136332   -0.000549415   5.97242e-05   0.00255173   0.00104164   0.00231706   0.0215081   0.00358022   0.015492   0.00719316   1.36117e-05   -0.00434345   0.00300765   -0.0342986   0.0114113   0.00146717   0.0121296   -0.0535266   0.0140216   -0.0614281   -2.26855e-05   -0.00788933   -0.0079027   -0.0244756   -0.0196796   -0.058902   -0.00612981   -0.0440989   0.0299571   -0.0456154   0.0290756   -0.0241943   0.00408807   0.0103089   -0.00663505   0.00658952   0.00644875   0.00633134   -0.243441   0.0317274   0.0130528   -0.00366167   0.00288171   -0.00432237   0.0211311   0.0571817   0.00471262   -0.0373934   0.0625839   0.0279275   0.0583403   0.0149135   0.0116861   0.0095154   -1.61333e-07   0.00467532   -0.000512178   
-0.0052542   0.0698374   0.105688   1   0.0406619   0.0256003   0.00775274   0.00509449   0.014502   0.00895463   -0.00342456   0.027435   0.0551921   0.0120195   -2.15725e-06   -0.00100027   0.00160225   0.000931254   0.00430388   0.00107649   -0.00123508   -0.00148281   0.000148082   0.000215892   -9.38455e-05   -0.000349516   -0.00115509   -0.00232057   1.8355e-05   0.00261734   -0.000586136   -0.00116002   -0.00236683   -0.000182029   0.00454299   0.00489559   0.00480885   0.00444567   0.000593181   -0.000302299   -0.000665457   0.00100324   -0.000309966   -0.00217699   -0.00452201   -0.00353943   0.000148159   0.00404348   0.00185009   -0.00111392   0.00150331   0.00392797   7.80861e-05   -0.00532471   -0.000226777   0.000763863   -0.00485572   -0.00519335   -0.00483506   -0.000543121   -5.44757e-05   -0.00211087   0.00230043   0.00436767   0.00018721   -0.000916263   -0.000514416   0.00485518   -2.51288e-05   -0.00344621   0.00233602   -0.00328212   0.000207968   0.00412389   0.00487592   0.00430301   -0.00381376   -0.000429839   0.000299092   0.000690097   0.00101037   -0.00112729   -0.000837813   -0.00160045   -0.000444903   -0.000715654   0.000777833   -3.43882e-05   -0.000697248   -0.00154453   -0.0015703   -0.00138215   -0.00269724   2.77253e-05   0.00111003   -0.0104565   0.00492183   -1.61953e-06   0.000514281   -0.00231789   -0.00839242   -0.00981603   -0.0162115   -0.00419901   0.0064419   -0.0118565   0.0128475   0.0230761   -0.0155788   0.00128409   0.00487437   0.00402609   0.00027758   0.00173557   0.00036174   -0.0788297   0.00672973   -0.00520964   0.00251304   0.000181926   -0.0753204   0.00163268   0.00788531   0.00038628   -0.0694411   -0.35408   0.00193204   0.00559902   0.00203907   -0.00670984   -0.00255146   9.26945e-08   -0.00251802   0.000331139   
0.00575154   0.0439821   1   0.105688   0.0158215   0.0213983   0.00722183   0.0120617   0.00474475   0.00980715   0.00659649   0.0141396   0.0387222   0.00849989   -1.05135e-05   0.00104357   0.00112347   0.00240532   -0.000495019   0.000734931   -0.00159107   0.000845287   -0.00341982   -1.35583e-05   0.000591901   -0.00118184   0.000461707   0.00390221   -0.000181663   0.00504927   -0.000573029   0.000113614   -0.00138249   -0.000537431   8.55189e-05   0.00202604   0.000236228   -0.00374085   9.82883e-05   -0.000933181   0.00131154   -0.0116591   -0.00149095   0.00462953   0.0207808   0.0112921   0.00252436   0.00273537   -0.00849219   0.00433628   -0.00259203   -0.00979968   -0.00103506   0.00958205   -0.00467656   -0.0044205   0.0192127   0.0120474   0.0151124   0.00281531   -0.00156906   0.00613159   -0.00069404   -0.0079496   0.00121239   -0.00193452   0.00625521   -0.0124933   0.00928852   0.00843559   0.00229149   0.00666206   0.00579639   -0.00613413   -0.0043684   -0.00755508   0.0131031   -0.00221113   -0.00269675   -0.00181797   -0.000520495   0.00435403   0.00140285   0.0121791   0.000522459   -0.019969   0.00129992   2.17992e-05   0.000192205   0.00545525   -0.000711294   0.0117176   0.00516194   0.0128427   0.00651992   0.0201995   -0.0235085   -3.28937e-06   -0.00123117   -0.0110188   -0.00712431   -0.0161874   -0.0140307   -0.000987406   -0.0165732   0.00693701   -0.000109423   -0.0722598   -0.0105531   -0.000230153   0.000802811   -0.00406039   -0.000281211   0.000622139   0.00102567   -0.0247136   -0.00104131   0.00539207   -0.00231995   0.00244726   -0.0411203   0.00113084   0.00815117   0.00397573   -0.0453607   -0.232958   -0.00112166   0.0166495   0.00212238   0.00700853   0.00334707   -1.36854e-07   0.000770905   9.22557e-05   
-0.00261412   1   0.0439821   0.0698374   0.0104754   0.00568155   0.00802146   0.000640739   0.00325013   0.00421907   -0.00224759   0.017633   0.0260992   0.00570761   -2.74571e-05   -0.000596259   0.00155544   0.00312548   0.00826779   0.00532623   -0.00216004   -0.00116563   0.000300809   -8.04842e-05   0.0015473   -0.00121561   -0.00275408   -0.00404604   -0.000131867   0.00123433   -0.000208942   9.9483e-05   0.00135958   0.00119186   0.00256542   0.00208681   0.00595788   0.00596464   8.77088e-05   -0.000241766   -0.00129759   0.00391368   -0.000350557   -0.00286937   -0.00689737   -0.00306582   0.000709057   0.00292685   0.00515413   -0.00202012   0.0024116   0.0066977   0.00132564   -0.00556761   0.00309852   0.00392087   -0.00960392   -0.00614444   -0.00772479   -0.000367886   0.00179469   -0.00237957   0.00210277   0.00628608   0.000275735   0.0012381   -0.00270629   0.00801588   -0.00445546   -0.0057297   0.000251659   -0.00507837   -0.00295167   0.00436469   0.00397268   0.00539398   -0.00636357   0.00197481   0.000842257   0.00100203   7.25248e-05   -0.00186556   -0.000630064   -0.00977702   -0.00214135   -0.0497945   0.00133088   -1.2936e-05   0.00179025   0.00809536   -0.00436421   -0.00873769   0.00340106   0.0207163   -0.0250766   -0.0015845   0.013794   2.34435e-06   -0.00175654   -0.0231216   -0.0112029   -0.0300916   -0.0238314   -0.00478195   0.00861   -0.00764617   0.00707738   0.0429417   -0.0112179   0.00123808   0.00550603   0.00381893   0.000431807   0.00161522   0.000450042   0.0159302   0.00993215   -0.00430122   0.00351856   9.25026e-05   -0.0306404   0.00555402   0.0191082   0.000222853   -0.033345   -0.156581   0.00737469   0.0150268   0.00501141   -0.00612158   -0.00212529   9.10225e-08   -0.00163103   0.000255237   
1   -0.00261412   0.00575154   -0.0052542   0.0120588   0.0492375   0.0825585   0.0995288   0.0170951   0.0110986   0.0472141   -0.0169709   0.0409699   0.0337973   2.9241e-05   0.000527379   -0.00777766   0.0122538   -0.016334   -0.0148487   -0.0501489   0.00920487   -0.00441753   0.0049113   0.00325944   -0.00510249   0.00407403   0.0459221   -0.000735921   0.037143   0.0132701   0.00508119   -0.00407936   -0.0144195   -0.0100998   -0.0149068   -0.000289261   -0.0287159   -0.0185317   -0.0285987   -0.0289759   -0.0678547   -0.0606775   0.0160373   0.129064   0.105611   0.106434   0.0373031   0.05782   0.0197537   -0.0128989   -0.0400133   0.0141146   0.108273   0.0666645   0.0260041   -0.0179035   0.0792601   0.0240542   -0.00506664   0.0176629   0.0302806   -0.0721197   -0.0721664   -0.00900028   0.0465556   -0.0423823   -0.040905   -0.0919516   -0.00510624   -0.0462463   -0.000904723   -0.04526   -0.0428938   -0.0807807   -0.0347432   0.0258838   0.0499048   -0.00101261   -0.00167085   0.0155108   0.00789305   0.00651895   0.112438   0.0143758   0.0380005   0.0505332   0.000467463   0.00081364   0.041917   -0.0262152   0.163168   -0.0142003   0.0862293   -0.00208774   0.232553   -0.291031   -4.65511e-05   0.0227146   -0.00205237   0.00766553   0.00377618   0.013047   -0.103968   -0.149783   0.367239   -0.169427   -0.0992681   -0.121393   -0.0731967   0.0759322   -0.106952   -0.144235   -0.0888948   -0.0902098   -0.0309995   -0.0659431   -0.0920639   0.153772   0.0223379   0.0392842   -0.0102003   0.0515917   0.0371539   0.0706228   0.0357544   -0.0243249   0.0361451   0.013516   -0.00385248   -0.0669875   -1.3463e-06   0.043196   0.0146413   


NLL
26909724.02251

