NUISANCE_PARAMETERS
AlphaS  -0.102896 +0.978955 -0.978955
ElectronER  1.45942 +0.942608 -0.942608
ElectronES  1.41321e-07 +0.98557 -0.98557
ElectronID  0.415682 +0.0354209 -0.0354209
ElectronRECO  -1.556 +0.372482 -0.372482
FakeClosure_tautau_c0_hi  -0.0785833 +0.928587 -0.928587
FakeClosure_tautau_c1_hi  -0.134662 +0.466874 -0.466874
FakeClosure_tautau_c1_lo  0.775055 +0.809892 -0.809892
FakeClosure_tautau_c2_hi  1.63217 +0.796115 -0.796115
FakeClosure_tautau_c2_lo  0.258217 +0.967384 -0.967384
FakeMethod_mumu  0.342258 +0.983539 -0.983539
FakeOSSS_tautau_c0  -0.227424 +0.567389 -0.567389
FakeOSSS_tautau_c1  0.45289 +0.907573 -0.907573
FakeOSSS_tautau_c2  0.33963 +0.966292 -0.966292
FakeStat_mumu  0.203828 +0.966201 -0.966201
L1Prefiring  2.62995 +0.429827 -0.429827
Lumi  -0.44755 +0.138373 -0.138373
MCStatNorm_WJets_tautau  -0.176554 +0.529996 -0.529996
MET_Unclustered  -0.199089 +0.883508 -0.883508
MuonID  1.06132 +0.737683 -0.737683
MuonIso  1.14702 +0.470023 -0.470023
MuonReco  3.28704 +0.238858 -0.238858
MuonRes  0.350452 +0.0860166 -0.0860166
MuonScale  -0.399695 +0.0783705 -0.0783705
MuonTrigger  0.547353 +0.736208 -0.736208
PDF  1.49926 +0.706194 -0.706194
PS_FSR  -0.640178 +0.365075 -0.365075
PS_ISR  1.62144 +0.602604 -0.602604
Pileup  -0.00727906 +0.218269 -0.218269
QCDScale  -1.16379 +0.293004 -0.293004
SigModel_mumu  0.588721 +0.0663084 -0.0663084
TauES_DM0  -0.437786 +0.926797 -0.926797
TauES_DM1  -0.224204 +0.894714 -0.894714
TauES_DM10  -0.249365 +0.978954 -0.978954
TauES_DM11  0.0579779 +0.982789 -0.982789
TauFakeEle  -0.0266551 +0.984757 -0.984757
TauFakeMu  0.00100791 +0.9849 -0.9849
TauID_DM0  0.647483 +0.847151 -0.847151
TauID_DM1  0.618126 +0.848282 -0.848282
TauID_DM10  0.10296 +0.7841 -0.7841
TauID_DM11  0.261952 +0.947054 -0.947054
TauTrigger_DM0  0.357811 +0.977247 -0.977247
TauTrigger_DM1  0.37925 +0.929869 -0.929869
TauTrigger_DM10  0.197888 +0.985468 -0.985468
TauTrigger_DM11  0.118505 +0.977182 -0.977182
XS_DYll  -0.00254065 +0.984563 -0.984563
XS_DYlowmass  -0.00657522 +0.985102 -0.985102
XS_DYtautau  -1.74007 +0.891077 -0.891077
XS_DYtautau_nonfid  -0.161565 +0.945242 -0.945242
XS_SingleTop  0.108472 +0.980406 -0.980406
XS_TTbar  0.42429 +0.869217 -0.869217
XS_VV  -0.230076 +0.983388 -0.983388
XS_WJets  -0.944151 +0.912887 -0.912887
XS_WW  0.123354 +0.9766 -0.9766
XS_WZ  0.0882241 +0.988012 -0.988012
XS_ZZ  0.046656 +0.984674 -0.984674
gamma_stat_ee_SR_bin_0  0.966134 +0.0078233 -0.0078233
gamma_stat_ee_SR_bin_1  0.989331 +0.0080747 -0.0080747
gamma_stat_ee_SR_bin_10  1.01149 +0.00292291 -0.00292291
gamma_stat_ee_SR_bin_11  1.01854 +0.00241017 -0.00241017
gamma_stat_ee_SR_bin_12  1.00823 +0.00174696 -0.00174696
gamma_stat_ee_SR_bin_13  1.00147 +0.00124572 -0.00124572
gamma_stat_ee_SR_bin_14  0.996627 +0.000920965 -0.000920965
gamma_stat_ee_SR_bin_15  1.00702 +0.0155447 -0.0155447
gamma_stat_ee_SR_bin_16  0.996973 +0.00100864 -0.00100864
gamma_stat_ee_SR_bin_17  0.977859 +0.00155535 -0.00155535
gamma_stat_ee_SR_bin_18  0.97936 +0.00226703 -0.00226703
gamma_stat_ee_SR_bin_19  0.999909 +0.00304356 -0.00304356
gamma_stat_ee_SR_bin_2  0.946914 +0.00672393 -0.00672393
gamma_stat_ee_SR_bin_20  0.99572 +0.0037949 -0.0037949
gamma_stat_ee_SR_bin_21  1.01368 +0.00472957 -0.00472957
gamma_stat_ee_SR_bin_22  1.00408 +0.00535435 -0.00535435
gamma_stat_ee_SR_bin_23  1.03403 +0.00640254 -0.00640254
gamma_stat_ee_SR_bin_24  1.01276 +0.00660797 -0.00660797
gamma_stat_ee_SR_bin_25  1.00675 +0.00737584 -0.00737584
gamma_stat_ee_SR_bin_26  1.02639 +0.00865824 -0.00865824
gamma_stat_ee_SR_bin_27  1.04544 +0.00966243 -0.00966243
gamma_stat_ee_SR_bin_28  1.01311 +0.0101461 -0.0101461
gamma_stat_ee_SR_bin_29  1.01711 +0.0104306 -0.0104306
gamma_stat_ee_SR_bin_3  0.964932 +0.00636011 -0.00636011
gamma_stat_ee_SR_bin_4  0.97738 +0.0061345 -0.0061345
gamma_stat_ee_SR_bin_5  0.979539 +0.00545229 -0.00545229
gamma_stat_ee_SR_bin_6  0.992591 +0.00502185 -0.00502185
gamma_stat_ee_SR_bin_7  1.00398 +0.00444748 -0.00444748
gamma_stat_ee_SR_bin_8  0.989649 +0.00391017 -0.00391017
gamma_stat_ee_SR_bin_9  1.00077 +0.00346601 -0.00346601
gamma_stat_mumu_SR_bin_0  1.00735 +0.00442777 -0.00442777
gamma_stat_mumu_SR_bin_1  0.995873 +0.00344983 -0.00344983
gamma_stat_mumu_SR_bin_10  1.00928 +0.00455047 -0.00455047
gamma_stat_mumu_SR_bin_11  1.00925 +0.00590277 -0.00590277
gamma_stat_mumu_SR_bin_2  0.99766 +0.0029926 -0.0029926
gamma_stat_mumu_SR_bin_3  0.995573 +0.00215828 -0.00215828
gamma_stat_mumu_SR_bin_4  1.00068 +0.00156838 -0.00156838
gamma_stat_mumu_SR_bin_5  1.00023 +0.000971531 -0.000971531
gamma_stat_mumu_SR_bin_6  1.00008 +0.000776217 -0.000776217
gamma_stat_mumu_SR_bin_7  1 +0.00210138 -0.00210138
gamma_stat_mumu_SR_bin_8  0.998361 +0.00232356 -0.00232356
gamma_stat_mumu_SR_bin_9  1.00631 +0.00343356 -0.00343356
gamma_stat_tautau_SR0_bin_0  0.985997 +0.0192058 -0.0192058
gamma_stat_tautau_SR0_bin_1  0.997959 +0.0141839 -0.0141839
gamma_stat_tautau_SR0_bin_2  1.00475 +0.00895201 -0.00895201
gamma_stat_tautau_SR0_bin_3  1.00551 +0.00902639 -0.00902639
gamma_stat_tautau_SR0_bin_4  0.99706 +0.0108037 -0.0108037
gamma_stat_tautau_SR0_bin_5  1.00206 +0.0101845 -0.0101845
gamma_stat_tautau_SR0_bin_6  0.990152 +0.00976469 -0.00976469
gamma_stat_tautau_SR1_bin_0  0.833416 +0.394693 -0.394693
gamma_stat_tautau_SR1_bin_1  0.980933 +0.0808131 -0.0808131
gamma_stat_tautau_SR1_bin_10  1.07448 +0.192548 -0.192548
gamma_stat_tautau_SR1_bin_11  0.676257 +0.39492 -0.39492
gamma_stat_tautau_SR1_bin_12  0.776707 +0.388029 -0.388029
gamma_stat_tautau_SR1_bin_13  1.12517 +0.29153 -0.29153
gamma_stat_tautau_SR1_bin_2  1.04264 +0.0534127 -0.0534127
gamma_stat_tautau_SR1_bin_3  1.04293 +0.0492637 -0.0492637
gamma_stat_tautau_SR1_bin_4  1.05238 +0.0416935 -0.0416935
gamma_stat_tautau_SR1_bin_5  1.00637 +0.0333503 -0.0333503
gamma_stat_tautau_SR1_bin_6  0.979871 +0.028709 -0.028709
gamma_stat_tautau_SR1_bin_7  0.992067 +0.0271282 -0.0271282
gamma_stat_tautau_SR1_bin_8  1.01438 +0.0458944 -0.0458944
gamma_stat_tautau_SR1_bin_9  1.00481 +0.0648704 -0.0648704
gamma_stat_tautau_SR2_bin_0  1.20458e-05 +47498.2 -47498.2
gamma_stat_tautau_SR2_bin_1  0.994626 +0.117548 -0.117548
gamma_stat_tautau_SR2_bin_10  1.31998 +0.327256 -0.327256
gamma_stat_tautau_SR2_bin_11  0.855107 +0.249475 -0.249475
gamma_stat_tautau_SR2_bin_12  0.502348 +0.881219 -0.881219
gamma_stat_tautau_SR2_bin_13  1.04994 +0.371646 -0.371646
gamma_stat_tautau_SR2_bin_2  1.02141 +0.0555432 -0.0555432
gamma_stat_tautau_SR2_bin_3  1.03011 +0.0329972 -0.0329972
gamma_stat_tautau_SR2_bin_4  0.990633 +0.0253491 -0.0253491
gamma_stat_tautau_SR2_bin_5  0.97516 +0.0281039 -0.0281039
gamma_stat_tautau_SR2_bin_6  0.99407 +0.0428564 -0.0428564
gamma_stat_tautau_SR2_bin_7  1.17557 +0.0931787 -0.0931787
gamma_stat_tautau_SR2_bin_8  1.24723 +0.162159 -0.162159
gamma_stat_tautau_SR2_bin_9  0.747068 +0.134986 -0.134986
mu_comb  0.954804 +0.00160054 -0.00160054


CORRELATION_MATRIX
134   134
0.0143932   0.000341213   -3.50118e-05   0.000429944   -0.00083737   0.000408283   -0.000387693   -0.00161094   0.000148393   -0.000322015   -0.00196669   -0.000811987   0.000642557   0.000522951   3.9681e-07   -0.00018399   0.00028365   -0.000594519   0.00137773   0.00120132   -0.000511786   0.000330821   -0.000658693   6.48865e-05   -0.000985208   1.57046e-05   -0.000356839   -0.000657287   5.04501e-06   0.000175734   -2.98958e-05   9.71762e-05   6.70512e-05   -0.000306734   -1.47554e-05   0.00079732   0.024658   -0.0140567   -0.00146866   0.00169471   0.00681925   0.0175172   0.00234132   0.00482679   -0.00845235   0.0573223   -0.035959   -0.0415965   0.00382929   0.00293455   0.00199475   0.00251215   0.00256844   0.00285085   0.00393294   -0.000748403   -0.00140853   -0.000855985   -0.000786278   -0.000761403   -0.000132802   -0.00167787   -0.00194847   -0.00214005   -0.00156562   0.00443469   -0.00244646   -0.0013218   -0.00415906   -0.00392845   -0.000202645   -0.00146006   0.000282863   0.00281424   0.00282535   0.00373732   0.00156271   0.0043649   -0.000519512   0.00581237   -0.00195049   -0.000282379   -0.000616268   -0.00126166   -0.000890727   0.000127834   -0.0153371   3.2199e-06   2.21341e-05   4.79247e-05   2.50372e-05   -0.000382372   -0.000155892   5.86007e-05   -1.42123e-05   -0.000552992   -0.000614658   -5.51569e-07   -6.42867e-06   8.16281e-06   0.000165991   0.000718795   0.000364031   0.0602089   0.00368992   0.00717806   0.0201805   0.00152049   -0.0106614   -0.0067766   -0.0425317   0.0499654   0.0270254   -0.0157682   0.0215525   0.000335636   -6.7602e-05   0.0104905   -0.00754962   -0.00391025   -8.00675e-05   0.00025904   0.0008081   -0.00213606   -0.000253972   0.000634795   0.000962026   -0.00269294   0.0002   -0.0121677   -0.00836439   0.000598759   -0.000609768   1   
-0.0227471   0.00192224   -0.00545236   -0.00183039   -0.00853348   -0.000460268   0.00436068   0.00694544   -0.00691905   -0.00315978   -0.010706   -0.00367076   0.0149241   -0.00907668   -1.10664e-06   -0.00118106   -0.00129156   -0.00103359   0.00789469   -0.00219013   -0.00892007   -0.00111411   -0.00670899   0.000525877   -0.00507451   0.000327968   -0.00631736   0.00311663   0.000578738   8.62528e-05   0.00363114   0.000173938   -0.0010254   -0.002923   0.00437074   0.0033069   -0.0304774   -0.0142453   6.61101e-05   0.00308601   0.0025575   -0.00347952   -0.013612   -0.00147888   0.0139552   -0.0115229   0.0322848   -0.0241157   -0.0010412   -0.0449158   -0.0443332   -0.0179176   -0.00709746   0.0113248   0.00734269   -0.018475   -0.02801   -0.0130526   -0.0112851   -0.0168728   0.00109928   -0.0202188   -0.030634   -0.00814322   0.0524021   0.0134045   0.116856   0.180346   0.128352   0.0335065   -0.0105031   -0.037352   0.0668591   0.127102   0.0679038   0.0341029   -0.0414701   -0.0087632   0.00374157   -0.00429255   -0.001743   -0.000982271   -0.00657304   -0.00394926   0.00308131   -0.000695709   -0.0092881   3.31343e-05   0.000385309   -0.000371809   0.00238208   -0.00228768   -0.000405621   -0.00105725   0.00797261   -0.00337885   -0.0036999   -1.05157e-05   0.000151322   -0.0011247   -6.03136e-05   0.000437097   -0.000941717   0.0126985   0.0665884   0.182245   0.00398575   0.0132603   -0.00408793   -0.00539457   -0.0141254   -0.0297658   0.010357   0.00603547   -0.0154004   -0.00533152   -0.015588   -0.0254765   -0.0645079   -0.00104891   -0.00112158   -0.00387313   0.0111341   -0.014491   -0.00312528   -0.00231557   -0.00408091   -0.0169342   0.00277678   -0.0246919   0.115282   0.00641814   1   -0.000609768   
-0.0183521   -0.00107522   0.00129714   -0.000683555   -0.00127343   0.00112135   -0.000584956   0.0020471   -0.00110905   0.000616976   0.00216808   -0.00165779   0.0013966   -0.000529629   -3.06323e-07   1.21606e-05   0.000185704   -0.000106876   -0.000274479   0.000140358   0.000157533   0.000900998   -0.00154897   -0.000338221   -0.000119709   -0.000701587   0.000826141   0.0011153   -5.43086e-06   -0.000349931   -0.000446893   -6.78875e-05   -0.000438994   0.000293235   0.000525774   0.000989556   -0.00716909   -0.00443142   0.00298823   -0.00258446   -0.0019377   -0.013204   -0.00525135   -0.0041255   0.00852149   0.00172923   0.00354383   -0.00152385   0.00955006   0.0122149   0.00703035   0.00254042   0.00987664   0.0139992   0.00893708   -0.00356126   0.00342559   0.00405726   0.00300634   -0.00199402   -0.00351921   0.000219696   -0.00569037   -0.00784647   2.30462e-05   0.00554263   -0.00582524   -0.00870283   -0.0140754   -0.00971471   0.000768653   -0.00010428   0.00453174   0.00836038   0.011542   0.00990866   0.0110629   0.00803457   0.00502018   -0.00832604   -0.00172368   0.00732972   -0.00105443   0.0106237   0.00537906   -0.000474042   0.00402018   -1.75999e-05   6.91083e-05   0.000229725   0.000584744   0.000304668   0.000155815   0.000597667   0.00118284   0.000566042   -0.000361262   -1.02388e-06   5.54007e-06   9.20127e-06   -1.63005e-05   0.000863436   -2.36671e-05   -0.0239905   -0.014135   0.0173546   -0.00137139   -0.0129856   0.00214857   -0.0209815   0.0129889   -0.0135625   -0.00854175   -0.0110623   -0.0335793   -0.00077049   -0.00117978   -0.0181962   -0.0892524   0.000898084   0.000141427   -4.50401e-05   -0.000649755   -0.0179705   5.3607e-05   0.00055141   -0.000233688   0.000708575   -0.000170693   -0.0232288   -0.0112861   1   0.00641814   0.000598759   
-0.119373   0.00107332   0.0010068   -0.0017239   0.00539249   -0.00711674   0.00210597   -0.00319629   0.0234064   0.0076287   0.0205076   0.00230848   0.00656319   0.0206252   1.61712e-06   -0.000548013   0.00182459   -0.00639446   -0.00420006   0.00667239   -0.00451574   0.010568   0.000582983   0.000944728   0.00843934   -0.00255918   0.0170179   -0.000431308   -0.000103004   -0.00214134   -0.0048026   -0.00178528   -0.00279375   0.00333796   0.00416213   0.00611061   0.0681354   0.00645197   -0.00419066   0.0162955   0.0113243   0.0387105   0.0304471   0.0282484   -0.0080221   0.0720437   -0.0384532   0.0139451   -0.219232   -0.194077   -0.105832   -0.0913203   -0.0289286   0.00189735   0.0119345   0.107829   0.0409096   0.100397   0.0423884   0.045505   0.0353513   0.101183   0.0479989   0.0635955   0.0477043   0.00129553   0.00783622   -0.016168   -0.0368012   0.0489229   0.0145908   -0.0717744   -0.253743   -0.337434   -0.361271   -0.322158   0.0847672   0.0587036   -0.00509852   0.0214731   0.00767104   0.00456884   -0.0132909   0.00704302   -0.00449054   -0.00312547   0.00325093   -4.13455e-05   0.000432332   0.00123378   0.0030043   0.00629956   0.00308193   0.00369867   0.00546608   0.0108867   0.0115912   7.21688e-06   0.00079461   0.00118741   -0.000473883   0.0045639   -0.0053916   0.0351039   -0.259043   0.044875   0.0550945   0.0121382   0.0376225   0.0930367   -0.0103093   -0.010891   0.122553   0.112817   0.124228   0.00108595   0.0147519   -0.108528   0.133164   0.00576672   0.00515417   0.00234096   -0.00711656   0.0430124   0.0113215   0.00688523   0.00611591   -0.00835535   -0.00180382   -0.422804   1   -0.0112861   0.115282   -0.00836439   
-0.1235   -0.000175383   -0.000176517   -0.00594133   -0.0183086   0.00736321   0.00489483   0.0120721   -0.00549268   0.00208504   -0.00155238   -0.0105555   0.0260723   -0.00767977   1.69899e-06   0.000830446   -0.000597425   -0.00610744   0.00782995   0.00114572   -0.0123158   0.00494803   -0.0157962   0.00156082   -0.00421434   0.000499323   -0.00402774   0.0068662   0.000925353   0.000952692   0.00290571   2.56479e-05   -0.00348332   -0.00429195   0.00633712   0.00956548   0.00149288   -0.0192542   -0.0109393   0.0289687   0.0286548   0.0505386   0.0189377   0.0430103   0.0285604   0.0302721   0.011881   -0.0459961   0.0347185   0.0110037   -0.0176422   -0.0292042   -0.0215094   0.0305428   0.0072871   -0.0117499   -0.0298517   0.0172951   -0.00341894   -0.0164984   0.00606586   -0.00378351   -0.0540694   -0.0483347   -0.0256588   0.000724815   -0.0193906   -0.0243561   -0.0378338   -0.0356467   -0.00910818   -0.0393136   -0.0422927   -0.0301641   -0.0480729   -0.0129748   -0.0259655   -0.0108076   -0.0120958   0.0363785   0.00796369   0.0200653   -0.0190905   -0.0120727   -0.0140741   -0.00275639   0.0082481   7.60712e-05   0.000797746   0.000597822   0.00601241   0.000668402   0.000561087   0.00183165   0.0178082   0.00185086   0.00318402   -4.88209e-06   0.000638845   -0.00120902   -0.000245297   0.00198104   -0.00330354   0.166707   0.0147128   0.302741   0.060509   -0.0332307   0.00798308   0.131891   -0.107799   -0.013491   0.160921   0.141138   0.183368   -0.00932858   -0.0230442   -0.102908   0.255579   -0.000762007   0.00123038   -0.00600157   0.00996789   0.0621792   0.000443039   0.00296408   -0.00562067   -0.030547   0.00247594   1   -0.422804   -0.0232288   -0.0246919   -0.0121677   
0.00427565   0.00567761   0.000163307   0.00271199   0.0133227   0.0132407   0.0167529   0.00992007   0.00483544   0.000290644   -0.00275622   0.00522333   0.00258622   0.00216218   -5.19466e-06   -0.00068595   -0.00572225   0.00578629   0.00463954   0.0123365   0.026619   0.000924977   0.00747333   0.000934749   0.000434389   0.0120536   0.0223787   -0.0074411   -0.000506904   -0.0218161   -0.00478612   -0.0230485   -0.0274572   -0.038676   -0.015148   -0.000376325   0.000636404   0.00233172   -0.000617022   -0.000193874   -0.000943811   0.00253605   -0.000780252   -0.00136578   -0.00155822   -0.0015506   0.00379779   -0.00140205   0.00330698   -0.00210859   -0.000269393   0.00332891   -0.000171019   -0.00271705   0.00229404   0.00231877   -0.00703155   -0.00336413   -0.00446295   -0.000483386   0.00205922   -0.00300312   -0.00134722   0.000663996   -0.00176105   0.00292573   -0.00395164   0.00359608   -0.00683473   -0.00373754   0.000707257   -0.00196742   -0.00517309   -0.000230378   -0.00235886   0.000834854   -0.00772235   0.000388193   0.000478458   0.000916447   -0.00245629   -0.00673547   -0.000193421   -0.0143952   -0.00243339   -0.0727051   -3.35775e-05   -0.00053063   -0.0015312   0.00129539   -0.00256598   -0.0070129   -0.00481254   0.00314419   -0.00191237   -0.00506986   -0.00752827   -4.14371e-05   -0.00531901   0.0024983   -0.00154034   -0.00948015   -0.0011393   -0.00145342   0.010891   0.0105833   0.000147809   0.0162984   -0.000155047   -0.000413824   0.00155723   -7.02008e-05   -0.00156206   -0.000672581   -0.000743178   -0.0123063   -0.0976173   0.000649923   0.000724713   0.000111602   0.00824296   0.0177462   -0.415781   0.0003279   0.0147382   0.0104678   0.027419   0.0279141   1   0.00247594   -0.00180382   -0.000170693   0.00277678   0.0002   
-0.00992479   0.00401235   0.025301   0.00640622   0.0466422   0.0797156   0.0757019   0.0434507   0.00389676   0.0120702   0.00901665   0.0167115   0.00189222   0.00943943   -3.55261e-05   -0.188581   -0.301618   -0.348061   0.0805782   0.0541606   0.0586684   0.0179786   0.0102816   0.00317384   -0.00732721   -0.0186202   -0.0198888   0.013211   -0.000523507   0.0102815   0.00125519   -0.0062563   -0.00738115   0.00404408   0.0328846   0.0344108   0.0186768   0.0119019   0.000542346   -0.00190182   0.00596629   -0.0165426   -0.00395736   0.00722214   0.0437723   0.0418284   -0.0219722   0.00723893   -0.022711   0.0144074   0.000496174   -0.0132397   -0.00423207   0.00302668   -0.0241237   -0.017937   0.0471012   0.0113823   0.0308373   0.00743333   -0.00816092   0.00549235   0.010906   -0.00809361   0.00245566   -0.012489   0.0223467   -0.0229226   0.0410912   0.0191932   -0.00443397   0.0170505   0.032169   0.00541431   0.0186958   0.000480455   0.021952   -0.0162147   0.0018628   0.006199   0.00314973   0.00529912   -0.00138893   0.015154   0.00206007   -0.0759532   -0.00546363   2.57939e-05   -0.0104824   0.0145428   0.0285083   0.0114301   -0.0429678   0.0426598   0.13105   -0.0152508   -0.120682   -5.28862e-05   -0.0198992   -0.00582245   -0.0536215   -0.203933   -0.215476   0.0171632   0.00152673   -0.0803107   -0.1081   -0.0921424   -0.00746151   0.0011254   -0.00617416   0.018978   0.0172242   0.00482429   0.0128184   0.0588514   -0.0649765   -0.012561   -0.00806806   0.00488219   0.0372385   -0.252613   0.111542   0.00769547   0.0645627   0.0536761   0.175661   1   0.0279141   -0.030547   -0.00835535   0.000708575   -0.0169342   -0.00269294   
-0.00984615   0.00984152   -0.00376554   0.00109211   0.0308825   0.0635642   0.0787122   0.0452862   0.0205494   0.00180946   -0.00186573   0.00946792   0.00266866   0.000150857   -1.0159e-05   -0.00466411   0.000878031   0.0247527   -0.198781   -0.104586   -0.054122   -0.116416   -0.139287   0.00102455   0.0039073   0.00981208   0.0221847   -0.184492   -0.0132004   -0.00711541   0.0121291   -0.00219489   -0.00104472   0.000341808   0.0247577   0.0376257   0.00258757   0.000953977   0.000845808   0.000273777   -0.00198559   0.00441493   0.00404998   -0.00308643   -0.0166616   -0.0135831   0.00152692   0.00403525   0.00723502   -0.00111399   0.005976   0.00985227   0.00635245   -0.00157146   0.00869754   0.0101537   -0.00905695   -0.00124484   -0.00731512   0.00248154   0.00342937   0.00336098   0.00629726   0.0121959   0.00479684   0.00478207   -0.000932752   0.0113408   -0.00387062   -0.00691771   -0.000385171   -0.00912028   -0.00395904   0.00462457   0.00561307   0.00624349   0.00257663   0.00873225   -0.00305467   -0.00220897   -0.000722233   -0.00537052   0.00102544   -0.00445636   -0.00167656   -0.0141823   0.00517154   -0.000129133   0.00142955   -0.0335918   -0.0261859   -0.0337837   -0.00147286   -0.0694513   -0.0258235   -0.0808245   0.0540833   -4.92707e-05   0.00516051   -0.0172557   0.00459788   -0.0727054   -0.0395677   -0.0112367   -0.0129409   -0.0189027   0.0528451   0.0298445   -0.0136219   0.0017924   0.00816717   0.000526444   -0.00259347   0.00242748   -0.00196403   0.0589257   -0.0736305   -0.0101638   0.00201181   -0.000982928   0.0309276   -0.240476   0.109446   -0.00161681   0.0576916   0.0207898   1   0.175661   0.027419   -0.00562067   0.00611591   -0.000233688   -0.00408091   0.000962026   
0.000514062   -0.161647   -0.232505   -0.358843   0.0547832   0.054006   0.0222358   0.0114149   0.00697315   -0.0185854   0.00356888   -0.0581258   -0.135287   0.00804681   -1.5521e-05   -0.00218685   0.00626458   0.0097947   0.0157698   0.0115907   0.00539127   0.00490268   -0.00783278   0.0019832   0.000456783   -0.00374478   -0.0014393   -0.000882663   -0.000389779   0.0157701   -0.00365624   -0.00146874   -0.00642513   0.000640947   0.0107551   0.0111834   0.00316755   -0.00338848   0.000973834   -0.00170847   0.000608877   -0.0138599   0.000167357   0.0047218   0.0214066   0.0102302   0.00459896   0.00710107   -0.00718925   0.0063196   0.000431649   -0.00782333   0.00276856   0.013015   -0.00119825   -0.000395262   0.0212999   0.0159527   0.0170586   0.0057134   -6.16889e-05   0.0105986   0.00290585   -0.00372917   0.00462055   -0.000294885   0.00851205   -0.0110941   0.0109171   0.00798562   -0.000923674   0.00480797   0.00693016   -0.00512799   -0.00177698   -0.00585174   0.0193506   0.00220705   -0.00195678   -0.00140176   -0.00157954   0.00643974   0.00213549   0.0120826   -0.00320455   -0.0380602   0.00484168   3.71574e-05   -0.00341355   0.00216612   0.00579527   -0.00624835   -0.0177317   0.00476941   0.0370181   -0.0152617   -0.0463881   -1.39628e-05   -0.00484737   -0.024665   -0.022863   -0.0389773   -0.0403953   -0.00892292   -0.0231733   0.00101867   0.0272266   -0.0427713   -0.0271261   -0.00040631   0.00681435   -0.00515387   -0.00163702   0.00184183   -0.000792923   -0.132828   0.0197524   -0.00078024   -0.00489744   0.00301045   -0.0101767   0.0165977   0.041905   0.00376696   0.0853018   1   0.0207898   0.0536761   0.0104678   0.00296408   0.00688523   0.00055141   -0.00231557   0.000634795   
-0.00110528   -0.0354765   -0.0521308   -0.0717521   -0.0502579   -0.0189227   0.0105065   -0.035226   -0.0744097   -0.00267885   0.00474512   -0.00686088   -0.0306916   -0.0688906   -5.72619e-06   -0.00546387   0.00464059   0.0160659   0.0246173   0.0291142   0.023116   0.0173291   -0.00305772   0.00373266   0.00363218   -0.00579698   -0.00530735   -0.00773765   -0.000822055   0.0207674   -0.00411739   0.000843321   -0.00353429   0.00275618   0.00827311   0.00137909   0.0123235   0.00316239   4.5273e-05   -2.24004e-05   -0.000359135   0.00110206   -0.000829946   0.000715979   -0.00165315   0.0116989   -0.00503447   0.00803048   0.00587281   0.00182035   0.00556988   0.00312742   0.00883877   0.0102855   0.0119683   0.0104788   -0.00158414   0.00955643   -0.000351644   0.00311404   0.00218093   0.0109421   0.00395889   0.0082346   0.00774764   0.00490055   0.00151213   0.00465769   -0.00205756   -0.00287329   -0.000444062   -0.00791464   -0.00255195   -0.000213532   0.000892937   0.00091624   0.0171095   0.0138231   -0.00148865   -0.00101557   0.00106926   0.00418179   0.00259497   0.0216465   0.000470414   0.0103538   0.00755353   0.000106766   -0.000964037   -0.00243815   -0.00210239   -0.042422   -0.0173774   -0.00874816   0.0111088   -0.068373   -0.0612989   -2.05599e-05   -0.00145724   -0.00382088   -0.00299858   0.0103326   0.013701   -0.00679423   -0.0407572   0.00263916   -0.00698933   0.00652315   -0.0180821   0.00391812   0.00822499   -0.00286489   0.00572213   0.0057967   0.00499002   -0.0530769   0.0503776   0.000398393   0.00104208   0.00124301   -0.03132   0.0376422   0.0586732   0.00244808   1   0.0853018   0.0576916   0.0645627   0.0147382   0.000443039   0.0113215   5.3607e-05   -0.00312528   -0.000253972   
0.0347302   0.00142534   0.00234022   9.59866e-05   -0.00102593   -0.000322946   -0.000614121   0.00224193   -0.000600924   0.00254883   0.00814744   0.00180195   -5.49932e-05   0.00531608   -6.38045e-06   0.00248641   0.00305557   -0.00185581   -0.00316567   -0.00287136   0.00262335   -1.72783e-05   0.000389209   0.00137898   0.00548091   0.00105716   0.000198068   0.00174517   0.000255667   0.00521099   0.00089862   0.00072375   -0.0011779   -0.00197782   -0.002197   -0.00203538   -0.0515504   -0.0556123   -0.00145416   0.0121982   0.0184108   0.0880026   0.0192598   0.016824   -0.131329   -0.0690208   -0.0849819   0.000508971   -0.0268229   -0.0188451   -0.0116899   -0.00821768   -0.0127438   -0.00759519   -0.0111853   0.0248543   0.0302845   0.0233627   0.027131   0.0238982   0.023735   0.0230073   0.023296   0.0209594   0.00958596   -0.00605455   0.0246892   0.00764943   0.036415   0.0270521   -0.00262904   0.00132241   -0.0119864   -0.0320854   -0.0366493   -0.0309992   0.00317908   -0.00530768   -0.0176499   0.0204539   -0.00704636   0.01714   0.0108488   -0.0901708   -0.0381401   0.00352687   0.000356588   3.63986e-05   -0.000161524   -0.000548432   -0.000580873   0.00101036   -3.18484e-05   -0.000643595   0.000802429   0.00150099   0.00820034   -5.54262e-06   0.000153479   0.00015639   -2.49141e-05   -0.00341049   -0.00151649   0.227054   0.0141505   -0.0220907   -0.0316517   -0.0148247   -0.0848105   0.0258742   -0.17265   0.0319302   0.0109203   -0.011925   0.113008   0.0008227   0.000614238   0.0530268   0.200507   0.00395105   0.00144788   -0.000166813   0.00127467   1   0.00244808   0.00376696   -0.00161681   0.00769547   0.0003279   0.0621792   0.0430124   -0.0179705   -0.014491   -0.00213606   
0.0170162   0.0225248   0.000736854   0.0108653   0.0532196   0.0527693   0.0663443   0.0392156   0.0191553   0.00118457   -0.0109492   0.0207405   0.0103369   0.00859073   -2.05349e-05   -0.00277719   -0.0227927   0.0231003   0.0186268   0.0492378   0.106272   0.00366625   0.0296774   0.00370718   0.00170669   0.0480863   0.0893225   -0.0297042   -0.00201585   -0.0889339   -0.0195698   -0.0887536   -0.107311   -0.152599   -0.0609651   -0.00580785   0.00248686   0.0091829   -0.00241728   -0.000789346   -0.00375756   0.00991671   -0.00310875   -0.00536478   -0.00591801   -0.0060435   0.015261   -0.00552306   0.013156   -0.00827382   -0.00104786   0.0131647   -0.000599521   -0.0105333   0.0092246   0.00923738   -0.0277833   -0.013151   -0.0175535   -0.00186041   0.00820962   -0.0118107   -0.00539447   0.00253619   -0.00695478   0.0117253   -0.0156857   0.0141547   -0.0272177   -0.0148124   0.0028235   -0.00776567   -0.0205563   -0.000995898   -0.00945907   0.00325004   -0.030468   0.0016579   0.00192783   0.00357556   -0.00979258   -0.0268047   -0.000742299   -0.0571277   -0.009672   -0.288128   -8.14529e-05   -0.00207085   -0.00615414   0.00501538   -0.00982499   -0.0279396   -0.0188684   0.0122307   -0.00707452   -0.020588   -0.02985   -0.00016679   -0.0213133   0.00979189   -0.00654643   -0.0397582   -0.00455624   -0.0059686   0.0429788   0.0426303   0.000923552   0.064362   -0.000774893   -0.00174812   0.00628369   -0.000492979   -0.00628822   -0.00272105   -0.00312746   -0.0498935   -0.389595   0.00262211   0.00247685   0.000476501   0.0328273   0.0708415   1   0.00127467   0.0586732   0.041905   0.109446   0.111542   -0.415781   0.00996789   -0.00711656   -0.000649755   0.0111341   0.0008081   
-0.00637171   0.00564399   0.000574689   0.00114184   0.0212006   0.0426046   0.0500938   0.0288603   0.011344   0.00221626   -7.7286e-05   0.00668675   0.00162195   0.000754863   -9.15509e-06   -0.0181611   -0.0240203   -0.0253475   -0.0967855   -0.0544868   -0.0276975   -0.059338   -0.0681581   7.8313e-05   -2.4214e-05   0.00325567   0.0106044   -0.0877937   -0.00612555   -0.00301664   0.0068109   -0.00182285   -0.00134088   0.00053499   0.0167951   0.0241253   0.00282883   0.00142821   0.000522489   -4.68553e-05   -0.000437669   0.000488302   0.00185498   -0.000884567   -0.00437924   -0.00343731   -0.0012651   0.00272534   0.00129171   0.000884821   0.00310839   0.00371453   0.00280077   -0.000602638   0.00189224   0.00335777   0.000258458   0.000491169   -0.000565121   0.00206546   0.000918393   0.00225435   0.00442199   0.00546584   0.0027082   0.00115549   0.00186117   0.00347652   0.00233405   -0.00155281   -0.000659416   -0.00290308   0.00129969   0.00292959   0.00483474   0.00324725   0.00351284   0.00273197   -0.00140028   -0.00058858   -0.000125365   -0.00235058   0.000377936   -0.000965479   -0.00067151   -0.0149928   0.00209413   -7.90434e-05   -0.000236465   -0.017026   -0.011358   -0.0177943   -0.00478137   -0.0340949   -0.000947189   -0.0464284   0.0184452   -2.38368e-05   0.000839195   -0.00993415   -0.00292407   -0.059639   -0.0429639   -0.00421626   -0.00627938   -0.0183924   0.0184975   0.00584069   -0.00769967   0.000992899   0.00356153   0.0021576   0.000172715   0.00165541   7.00477e-05   0.0379036   -0.0473504   -0.0068048   0.000213737   -6.06184e-05   0.0204687   1   0.0708415   -0.000166813   0.0376422   0.0165977   -0.240476   -0.252613   0.0177462   -0.00600157   0.00234096   -4.50401e-05   -0.00387313   0.00025904   
5.06094e-05   -0.0319566   -0.0438719   -0.0766912   -0.0113326   -0.00541979   0.00143934   -0.0214773   -0.0253339   -0.00297146   0.00314899   -0.0102951   -0.0288448   -0.0195044   -5.4189e-06   -0.00275478   0.00276068   0.0089534   0.0139616   0.0159599   0.0124075   0.0091223   -0.00273848   0.00195562   0.00184701   -0.00326561   -0.00315024   -0.00391549   -0.000447789   0.0115902   -0.00239425   0.000376463   -0.00225523   0.00149198   0.00493044   0.00167364   0.00498078   0.000621681   9.40389e-05   -0.000224317   5.69097e-05   -0.00162223   -0.000572265   0.00105891   0.00301   0.00666375   -0.00143494   0.0037651   0.00100341   0.00156052   0.0018644   -0.000406079   0.00351423   0.00595778   0.0041798   0.00351809   0.00254369   0.00596384   0.0024386   0.0017662   0.000638349   0.00550591   0.00144603   0.0019703   0.00336308   0.00169242   0.00164764   -0.00028963   0.000619413   0.000271532   -0.000236216   -0.00197916   -3.06918e-05   -0.0011432   -0.000394411   -0.000873383   0.00913641   0.00533045   -0.000883894   -0.000752831   0.000389487   0.00280478   0.00125763   0.0105983   -1.79467e-05   0.00167803   0.00330122   4.7871e-05   -0.000771271   -0.0014046   -0.00111808   -0.0218651   -0.0096588   -0.00496292   0.00657829   -0.0361279   -0.032223   -1.29525e-05   -0.00103105   -0.0040735   -0.00353852   0.00202006   0.0019761   -0.00321603   -0.0185602   0.00299343   -0.00213861   -0.00463957   -0.00970576   0.00135569   0.00363716   -0.00201369   0.00226258   0.00242491   0.00188406   -0.0346937   0.0272091   0.000552865   -0.000669904   0.000923273   1   0.0204687   0.0328273   0.00144788   -0.03132   -0.0101767   0.0309276   0.0372385   0.00824296   0.00123038   0.00515417   0.000141427   -0.00112158   -8.00675e-05   
0.00537629   -0.000657552   0.00320618   -0.000815929   -0.00264503   0.00156915   -0.00138728   0.00366832   -0.0021124   0.00216734   0.00704925   -0.00149321   0.00196405   0.00215119   -4.85235e-06   0.00147312   0.00199258   -0.00129599   -0.00190178   -0.00113531   0.0018187   0.00124621   -0.00203415   0.000404615   0.00264542   -0.000224671   0.00122139   0.00236921   0.000151913   0.00264263   5.79276e-05   0.000376289   -0.0012323   -0.000901474   -0.000617581   0.000373076   -0.0527956   -0.0407055   0.00744046   0.0082403   0.0120654   0.0167317   -0.0106811   -0.0111425   -0.0709552   -0.051468   -0.050391   -0.00768574   -0.00114955   0.00843198   0.00492168   0.00159473   0.00923632   0.0172673   0.00895756   0.00972709   0.0224205   0.0198167   0.0203719   0.0122191   0.00891919   0.0127577   0.00611226   0.000446415   0.0050645   0.0110213   0.00567993   -0.00822567   0.00133368   0.000599763   -0.000600178   0.00017542   -0.000616686   -0.00613331   -0.0037751   -0.00268004   0.0192318   0.0119246   -0.000941773   -0.00779071   -0.0114543   0.00525429   0.00385815   -0.0402814   -0.0101148   0.00151482   -0.00886077   3.74395e-06   1.87807e-06   9.59077e-06   0.00046468   0.000897963   0.000127552   0.000487045   0.00214415   0.00147849   0.00387846   -6.22867e-06   0.000111224   9.97699e-05   1.02635e-05   -0.000644939   -0.000777781   0.0738733   -0.00828268   0.0119118   -0.0152607   -0.0265874   -0.0467921   -0.0130215   -0.0640791   -0.00674802   0.00828812   -0.0232515   -0.0110254   -0.00047798   0.000822031   0.00175604   -0.011008   1   0.000923273   -6.06184e-05   0.000476501   0.00395105   0.00124301   0.00301045   -0.000982928   0.00488219   0.000111602   -0.000762007   0.00576672   0.000898084   -0.00104891   -0.00391025   
0.190504   0.0113007   -0.0128604   0.00699411   0.0139934   -0.011504   0.00680734   -0.0209789   0.0137944   -0.00528927   -0.0196209   0.0176218   -0.0146055   0.00802309   4.85364e-06   -0.000262517   -0.00126655   0.000486489   0.00202549   -0.00147782   -0.00267556   -0.00845776   0.0158426   0.00344308   0.00263734   0.00644077   -0.00859766   -0.01144   -6.78409e-05   0.00327507   0.00316588   0.000511809   0.00432514   -0.00226676   -0.00544573   -0.0104665   0.0820818   0.0449152   -0.034196   0.0288987   0.0213744   0.151359   0.0630865   0.0500939   -0.0962939   -0.0133681   -0.0496609   0.0125382   -0.105626   -0.142696   -0.0850414   -0.0440091   -0.121123   -0.157589   -0.108562   0.0373037   -0.03505   -0.0453888   -0.0334123   0.0138664   0.0384917   0.00563075   0.0563414   0.0885919   0.00259041   -0.0997644   0.066134   0.0943121   0.151653   0.111864   -0.00892758   0.000119897   -0.0468769   -0.0928385   -0.130514   -0.112493   -0.120668   -0.100465   -0.056493   0.0931776   0.018787   0.0397792   0.0191131   -0.0917245   -0.060591   0.00421558   0.0149419   0.000113864   -0.000704366   -0.00233683   -0.00606593   -0.00277849   -0.00138623   -0.00620024   -0.0129366   -0.00522758   0.00569506   3.02137e-05   -0.000171439   1.22923e-05   -1.86108e-05   -0.00907602   -0.000164585   0.273917   0.126038   -0.183339   0.0162666   0.133619   -0.0268927   0.232536   -0.150342   0.148722   0.0952034   0.118847   0.375736   0.00783404   -0.00375468   0.237456   1   -0.011008   -0.000669904   0.000213737   0.00247685   0.200507   0.00104208   -0.00489744   0.00201181   -0.00806806   0.000724713   0.255579   0.133164   -0.0892524   -0.0645079   -0.00754962   
-0.227516   0.000830585   -0.00232578   -0.00450974   -0.00914461   -0.00164704   0.00564828   0.0143764   -0.00281623   0.00198114   0.0065856   -0.00244185   0.0167169   -0.00265841   9.99765e-06   0.000482236   -2.26232e-05   -0.00205812   -0.000213662   -0.00644059   -0.00908471   0.00103798   -0.00635512   0.000847791   0.00230959   0.000478824   -0.00192322   0.00815656   0.000639041   0.000102183   0.00307029   -0.000332979   -0.00266211   -0.00257794   0.00470583   0.00279266   -0.0257261   -0.0264875   -0.0136579   -0.0191889   -0.0216559   -0.00885861   -0.0125329   0.0125562   0.0224103   0.00997408   0.0556503   0.0208701   0.035404   0.00791532   -0.00909016   -0.0180445   -0.0169464   0.0155427   0.000843005   0.00925233   -0.0130407   0.017249   0.00238518   -0.00549098   0.0107204   0.00253102   -0.0293128   -0.026886   -0.0157052   -0.00943709   -0.0144328   -0.012915   -0.0192511   -0.0123935   -0.00590035   -0.0172076   -0.00250364   0.00491597   -0.0135852   0.00777729   -0.0229917   -0.011881   -0.017248   0.00560308   0.00611883   0.0144427   -0.00382974   -0.00161867   -0.0113266   -0.000873199   0.023447   5.74746e-05   0.000335969   -0.000732391   0.00222059   0.000135486   -0.00064499   -0.00126449   0.00723478   0.000302223   -0.00800748   -1.01331e-06   0.000263488   -0.00105145   -0.00106725   -0.00273856   -0.00514239   -0.0276436   0.00320374   0.197506   -0.0519805   -0.00997904   -0.0106662   -0.0362202   0.012159   -0.0306627   -0.158928   -0.108171   -0.0275153   -0.00749139   -0.0216833   1   0.237456   0.00175604   0.000552865   -0.0068048   0.00262211   0.0530268   0.000398393   -0.00078024   -0.0101638   -0.012561   0.000649923   -0.102908   -0.108528   -0.0181962   -0.0254765   0.0104905   
-0.0168092   0.0192822   -0.00535169   0.00131286   0.0427416   0.0606077   0.0534514   0.0324106   0.00425597   0.00297239   0.0173861   0.0108804   -0.00054244   -0.00805796   -1.00984e-05   -0.00192521   0.0578612   -0.0151635   0.0638349   -0.011496   -0.189169   0.0177257   -0.0737001   -0.0024375   0.0149664   -0.117564   -0.216663   0.0168675   0.00250319   0.0420252   -0.157587   -0.00314609   -0.0149128   0.0726191   -0.0300594   -0.11618   0.0163979   0.00780386   0.000825059   -0.000281173   -0.0015269   0.00393245   0.0058808   -0.0014246   -0.00989067   0.00351327   -0.0103219   0.00840933   0.00651752   0.0120808   0.0189371   0.0227563   0.0243683   0.0105475   0.0179313   0.0244863   0.00356456   0.0194715   0.00473657   0.0205273   0.00555891   0.0138749   0.0249318   0.0208792   0.0152922   0.0383379   0.00922486   0.0143481   0.00749897   -0.00883481   -0.00271706   -0.0152352   0.000138919   0.00678192   0.0165982   0.00963704   0.021257   0.0201784   -0.000634281   -0.000268063   -0.00241341   -0.138478   0.00418459   -0.00600056   -0.00470221   -0.0701735   0.0126028   -0.000427926   -0.00172592   -0.0163686   -0.0407105   -0.0714059   -0.00113964   -0.047419   -0.155498   -0.12086   0.202647   0.000217977   -0.0163619   -0.00936578   -0.0017584   -0.0678015   0.0137428   -0.0132098   -0.0395097   -0.0543985   0.0238274   0.0184643   -0.00854064   0.00315242   0.0122643   0.00630351   0.00545265   0.00636257   0.0029061   -0.00624653   1   -0.0216833   -0.00375468   0.000822031   0.0272091   -0.0473504   -0.389595   0.000614238   0.0503776   0.0197524   -0.0736305   -0.0649765   -0.0976173   -0.0230442   0.0147519   -0.00117978   -0.015588   -6.7602e-05   
-0.00653055   0.0174582   -0.0249865   -0.0788677   -0.239682   -0.0796471   0.127033   0.0954125   0.0157444   0.0046836   -0.00361097   0.0105666   0.0165579   -0.00660064   4.17944e-06   -0.00442095   -0.00238075   0.0143578   0.0296377   0.034947   0.0243472   0.00766037   -0.00216369   -0.00141751   0.00467314   -0.00306001   -0.000715555   -0.0154551   -0.00192316   -0.0398196   -0.00983617   0.00555109   0.0255831   0.01564   -0.0205786   -0.0254957   0.00561769   0.00513455   0.000105764   0.000128496   -0.00114358   0.00520728   0.00271253   -0.00253449   -0.0109167   -0.00678007   -0.00158626   0.00281525   0.00428374   -0.00148349   0.00417398   0.00840094   0.00255712   -0.00611184   0.00291446   0.00607378   -0.0063814   -0.00468072   -0.00609845   0.00178715   0.00265479   6.29688e-05   0.00611662   0.0101974   0.00242148   0.00103853   0.000141967   0.00949852   -2.16996e-05   -0.00488765   -0.000724934   -0.0061284   -0.00103292   0.00565796   0.0069912   0.00662029   -0.00249359   0.00286882   0.000559184   0.00255768   -0.00279683   -0.00185594   2.64471e-05   -0.0121191   -0.00382523   -0.0261501   0.00225351   0.0001362   -0.00394534   0.00291682   0.00480716   0.0190243   0.000899327   0.00558191   -0.00422929   0.0349324   0.0212052   5.7529e-05   -0.0115417   -0.00910005   -0.0320898   -0.0486549   -0.063288   -0.00399624   0.00155435   -0.0277588   0.0202658   0.0247427   -0.00771866   0.0026386   0.00443312   0.00599573   0.000128387   0.00226292   0.00230694   1   -0.00624653   -0.00749139   0.00783404   -0.00047798   -0.0346937   0.0379036   -0.0498935   0.0008227   -0.0530769   -0.132828   0.0589257   0.0588514   -0.0123063   -0.00932858   0.00108595   -0.00077049   -0.00533152   0.000335636   
-0.0405057   0.00423381   -0.00411554   0.00182465   0.00971633   -0.00882793   0.00425241   -0.000342322   0.00773847   0.000920003   0.00723069   0.0109959   -0.00746494   0.00927052   5.81357e-07   0.000591406   0.00162261   0.000838637   -0.00617176   -0.00628583   0.00255476   -0.00324237   0.00928308   0.000935049   0.00915528   0.00147693   0.000781326   -0.0011474   -7.51615e-05   0.00179792   0.000666581   -0.000198246   0.00031336   0.000204842   -0.00160662   -0.00646133   -0.0302868   -0.0468564   -0.0182885   -0.0228608   -0.0189849   0.0290534   0.00236795   0.0107822   -0.0820068   -0.0430361   -0.0069737   0.0459819   -0.0596473   -0.0651083   -0.0338539   -0.0201354   -0.0399055   -0.0524036   -0.0358571   0.0308913   0.00279832   0.00273659   0.000470622   0.0183484   0.0221361   0.0244829   0.0385697   0.0524906   0.0179001   -0.0359623   0.0398005   0.0430571   0.0723493   0.0593428   -0.00108627   0.00256885   -0.0285987   -0.0589954   -0.0714821   -0.0668715   -0.0209906   -0.0269302   -0.0286364   0.0567517   0.00245154   0.0186686   0.0165075   -0.0424577   -0.0269609   0.00230439   0.0261927   9.30053e-06   -0.000325971   -0.000974938   -0.00186002   0.00230842   0.000804077   -0.00207306   -0.00316546   0.00345138   0.011136   1.09439e-05   8.28945e-05   0.000408478   -0.000576451   -0.00552833   -0.00261651   0.0261484   -0.000914118   -0.101776   -0.0884918   0.0416795   -0.0529685   0.00269186   -0.0336471   -0.0123748   -0.194628   -0.108734   1   0.00230694   0.0029061   -0.0275153   0.375736   -0.0110254   0.00188406   7.00477e-05   -0.00312746   0.113008   0.00499002   -0.000792923   -0.00196403   0.0128184   -0.000743178   0.183368   0.124228   -0.0335793   -0.0154004   0.0215525   
-0.126488   0.0040332   -0.00381486   0.0024121   0.00777045   -0.00870478   0.00331208   -0.00267342   0.0100016   0.000600641   0.00492053   0.00701905   -0.0032109   0.0126374   -5.80992e-06   -0.00103239   0.00277993   -0.00133601   -0.00227619   -0.00171356   0.000651543   0.000140911   0.00634505   0.000418886   0.0064332   -0.00011776   0.00332204   -0.00232134   -0.000146772   0.000158652   -0.00075447   -0.000442164   -0.000309813   0.000637074   0.000534039   -0.00166127   0.169698   0.082317   -0.0504768   -0.0505166   -0.0179915   0.0480088   -0.0203592   -0.0197455   0.0315146   0.131359   -0.190916   -0.117421   -0.0294931   -0.0338695   -0.00784031   0.00203828   0.00257097   -0.00521134   0.0139347   0.0289912   -0.00316079   0.0113924   -0.00190812   0.0136814   0.0144186   0.0246967   0.0253043   0.0384886   0.0199359   0.00969699   0.0184241   0.0290031   0.0236587   0.0258339   0.00266246   -0.00533871   -0.0299599   -0.0415028   -0.046899   -0.0416795   0.0246977   0.0273726   -0.0185285   -0.0152942   -0.00384404   0.00749596   0.0151106   -0.0132819   -0.0160295   0.000859199   -0.0557724   -1.61829e-05   -7.34276e-05   -0.000207397   -0.000288687   0.00262036   0.00124287   -0.000363235   -0.000536737   0.0044519   0.010312   6.16979e-06   0.00016457   0.000673851   -0.000173678   -0.000597096   -0.00205948   0.310232   -0.0472366   -0.0497587   -0.0288028   0.0400421   -0.0769955   -0.236679   -0.134126   0.140904   -0.256041   1   -0.108734   0.00226292   0.00636257   -0.108171   0.118847   -0.0232515   0.00242491   0.00165541   -0.00272105   -0.011925   0.0057967   0.00184183   0.00242748   0.00482429   -0.000672581   0.141138   0.112817   -0.0110623   0.00603547   -0.0157682   
-0.1692   0.00147021   -0.00290216   7.50604e-05   0.0101902   -0.0088184   0.00443699   0.00572432   0.00689253   0.00177386   0.0129258   0.00919622   -0.00589931   0.00761921   -3.68758e-06   -0.000289524   0.00102129   0.00202332   -0.00818275   -0.00715823   0.00324607   -0.00166141   0.00812662   -0.000346142   0.00955038   -0.00045498   0.00410994   0.00126649   -0.000192524   -0.00125553   -0.000577289   -0.00085389   -0.00046252   0.00214323   0.000711349   -0.00488763   -0.0208242   -0.0131558   -0.0106907   -0.0464792   -0.0538386   -0.0583384   -0.0330306   -0.0285651   -0.00557579   -0.00910891   0.0442766   0.0715071   -0.0391915   -0.0380034   -0.0146069   -0.00976598   -0.00910051   -0.017604   -0.00761733   0.0205727   0.000757055   0.00834648   -0.00141586   0.0103878   0.00754995   0.0228883   0.0256957   0.036487   0.0211805   -0.0131473   0.0229113   0.0271843   0.0342279   0.0357267   0.0035397   0.00391638   -0.0221531   -0.0412054   -0.0445042   -0.0462964   0.0109338   0.000365349   -0.0104415   -0.0186516   0.004187   0.00444039   0.0129398   0.0110557   -0.000879165   -0.000108012   0.0267207   -3.26046e-05   -0.000151455   -0.00031598   -0.000261837   0.00392956   0.00174235   -0.000471765   -0.000382044   0.00625865   0.0105674   8.61858e-06   0.000126049   0.000517376   -0.000880638   -0.00336547   -0.00309995   -0.201587   -0.0532743   -0.0741801   -0.119915   0.0238312   -0.0171652   -0.17136   0.128437   -0.0170433   1   -0.256041   -0.194628   0.000128387   0.00545265   -0.158928   0.0952034   0.00828812   0.00226258   0.000172715   -0.00628822   0.0109203   0.00572213   -0.00163702   -0.00259347   0.0172242   -0.00156206   0.160921   0.122553   -0.00854175   0.010357   0.0270254   
-0.0388551   0.00350214   -0.00469414   0.00539716   0.0113094   -0.00484662   -3.10726e-05   -0.00833133   -0.00286576   -0.00515868   -0.0106975   0.010667   -0.0187208   -0.00157537   -3.98403e-06   0.00052118   -0.000243959   0.00515573   -0.00229272   -0.00530845   0.00778279   -0.00949294   0.0123373   0.000561034   0.00156158   0.00298355   -0.00711842   -0.00574873   -0.000261813   0.0030207   0.00205251   0.000866656   0.003264   -0.000646923   -0.00633461   -0.0108649   0.0445013   -0.154329   -0.732011   0.312011   -0.105763   -0.0859305   0.094228   0.130548   -0.0423925   -0.0151239   -0.00191764   0.128897   -0.0313957   -0.0282488   -0.0154432   0.00508467   -0.0431584   -0.0874341   -0.0649501   -0.01867   -0.00475887   -0.0557025   -0.0180811   -0.00182444   -0.00158519   -0.0314812   0.0267775   0.0263243   -0.0105192   -0.0487964   0.0191645   0.0284956   0.0557312   0.0179366   -0.00490414   0.0108586   0.0205139   0.0184062   0.0238018   0.0095209   -0.0752309   -0.0680276   -0.00772713   0.0139648   -8.42074e-05   -0.00395478   -0.00806725   -0.0789559   -0.0178049   0.00431684   0.0350169   -7.61775e-06   -0.000756905   -0.0015034   -0.00531659   -0.00253212   -0.00117995   -0.00402564   -0.0118935   -0.00489156   0.0035722   5.973e-06   -0.000543653   0.000137237   0.000257357   -0.00655337   0.0030274   0.309381   0.138361   -0.216428   -0.0715637   0.0504822   -0.0481433   0.0957081   0.106553   1   -0.0170433   0.140904   -0.0123748   0.00599573   0.00630351   -0.0306627   0.148722   -0.00674802   -0.00201369   0.0021576   -0.000492979   0.0319302   -0.00286489   -0.00515387   0.000526444   0.018978   -7.02008e-05   -0.013491   -0.010891   -0.0135625   -0.0297658   0.0499654   
0.0360963   0.00969678   -0.00842787   0.00537143   0.00776621   -0.0183215   0.00379946   -0.00854962   0.0181184   -0.000329439   0.00203766   0.00764102   0.0062542   0.0255108   -9.46803e-06   -0.00327475   0.00681819   -0.00611958   0.00453241   0.00187906   -0.00571424   0.00345215   0.00563542   0.00137248   0.00697294   -0.00191448   0.00770731   -0.00430345   5.06659e-05   0.00245349   -0.000627845   -0.000321431   -0.00164415   -0.000658254   0.00341473   0.00263092   -0.0469492   -0.0972727   -0.345781   -0.0605417   0.459807   -0.208794   -0.230907   -0.318508   0.106538   -0.0282105   -0.0885416   -0.218003   0.0691797   0.0415099   0.0574343   0.0626212   0.07902   0.0723927   0.102449   0.0643183   -0.00797786   0.0427057   0.00292282   0.0273857   0.0285178   0.0400384   0.0191344   0.0362272   0.0275809   0.0797258   -0.0161623   0.0191933   -0.0617442   -0.0643323   -0.00240343   -0.0550139   -0.0193065   0.0284885   0.0385768   0.0503348   0.0858196   0.11075   0.00556247   -0.0246934   -0.0371055   -0.000561528   0.00931729   -0.058231   -0.010874   0.00346349   -0.0749176   -4.75414e-05   0.00015765   -0.000494878   0.00020806   0.0014381   0.00126167   -0.000994361   0.000964588   0.00313831   0.00973323   -5.50317e-06   0.000403869   0.000936734   0.000418445   0.00348468   -0.00348221   -0.706459   -0.113851   0.0371438   0.0321055   0.0801769   -0.192658   -0.0913692   1   0.106553   0.128437   -0.134126   -0.0336471   0.00443312   0.0122643   0.012159   -0.150342   -0.0640791   0.00363716   0.00356153   0.00628369   -0.17265   0.00822499   0.00681435   0.00816717   -0.00617416   0.00155723   -0.107799   -0.0103093   0.0129889   -0.0141254   -0.0425317   
-0.0507075   0.0045982   -0.00550814   0.00278928   0.00810603   -0.00832189   0.00383052   -0.00538826   0.0097318   -0.000788172   -0.000694206   0.00789109   -0.00455285   0.00948007   3.88421e-06   -0.00128984   0.00116509   -0.000360946   -0.000935304   -0.00138243   -0.000632183   -0.00157233   0.00710112   0.000459366   0.00434565   0.000669505   0.000890352   -0.00357558   -0.000171455   -0.000461793   -0.000107321   -0.000418023   0.000735432   0.000506819   3.18278e-05   -0.00265068   0.139342   0.0699617   -0.0430664   -0.0341181   -0.012016   0.0383469   -0.00256303   0.0128472   0.0141215   0.101176   -0.117711   -0.0699236   -0.0342618   -0.0462577   -0.0194698   -0.00665954   -0.0190057   -0.0310854   -0.00916764   0.0219909   -0.0150563   -0.00434943   -0.0130384   0.00682749   0.0119399   0.014189   0.022612   0.0383398   0.0125581   -0.0123437   0.0201782   0.0357468   0.0375432   0.0336298   0.000601577   -0.00416173   -0.0266359   -0.0395433   -0.0496342   -0.0438796   -0.00619336   -9.17073e-05   -0.016065   0.0538104   0.0019792   0.0094847   0.0117282   -0.00147834   -0.0130496   0.000674691   -0.0279796   -2.12957e-06   -0.000135515   -0.000474607   -0.0011242   0.0012445   0.000661623   -0.00130102   -0.0027321   0.00205627   0.00639643   1.27603e-05   5.60833e-05   0.000420061   -0.000141691   -0.00140096   -0.0013227   0.241886   -0.0161687   -0.0600163   -0.0172309   0.0538489   -0.0430763   1   -0.0913692   0.0957081   -0.17136   -0.236679   0.00269186   0.0026386   0.00315242   -0.0362202   0.232536   -0.0130215   0.00135569   0.000992899   -0.00174812   0.0258742   0.00391812   -0.00040631   0.0017924   0.0011254   -0.000413824   0.131891   0.0930367   -0.0209815   -0.00539457   -0.0067766   
-0.00368141   -0.0202352   0.00478042   -0.0191318   -0.000165463   0.0180983   -0.00330232   0.0120842   -0.0110812   0.00298437   0.00179314   -0.00398784   0.00291403   -0.0650321   -1.00837e-05   0.00750409   -0.0309751   0.0142444   -0.00966046   0.00343523   -0.00979073   0.000417412   -0.00597558   0.00255451   -0.0141159   0.00255236   0.00848355   0.00900707   0.000745906   -0.00535998   0.000519244   -0.00278413   0.00189909   0.0076695   -0.00113315   -0.00829023   -0.216094   -0.147201   -0.00433257   0.027427   0.00252757   0.0985964   0.0949584   0.018829   -0.181629   -0.123525   -0.100923   -0.178999   0.00952325   0.0270175   0.0254849   0.00769177   0.0379039   0.0596548   0.0364177   0.0378751   0.0391725   0.0588769   0.0372007   0.0248598   0.0147803   0.0401585   0.0107157   0.00712895   0.019699   0.0325257   0.0108642   -0.0191064   0.00111326   0.0120825   -0.00196384   -0.00324562   -0.00399925   -0.0201066   -0.0106386   -0.0102817   0.0746428   0.0454325   0.00133029   -0.0024556   -0.0289359   0.0140617   0.0121461   -0.0899002   -0.0198867   -0.0121456   -0.0373129   -3.18302e-05   6.83255e-05   -4.1329e-05   -0.00100033   -0.00595173   -9.73898e-05   0.000587027   -0.00398799   -0.0121312   -0.0280704   -2.09707e-05   0.000233891   -0.0029134   -0.00253704   -0.0107047   -0.000238701   0.120398   -0.109303   0.0384814   -0.0679436   -0.061004   1   -0.0430763   -0.192658   -0.0481433   -0.0171652   -0.0769955   -0.0529685   -0.00771866   -0.00854064   -0.0106662   -0.0268927   -0.0467921   -0.00970576   -0.00769967   -0.000774893   -0.0848105   -0.0180821   -0.0271261   -0.0136219   -0.00746151   -0.000155047   0.00798308   0.0376225   0.00214857   -0.00408793   -0.0106614   
-0.0107904   0.0730482   -0.124969   0.0380402   0.0905508   -0.140268   0.0606466   -0.0812958   0.0985379   -0.0517205   -0.133843   0.0925947   0.00507575   0.0487512   -8.09999e-06   -0.0340097   -0.0105224   0.00354612   0.0551928   -0.0077136   -0.0697396   -0.0320798   0.077311   0.00907979   -0.00345252   0.00631835   -0.00929456   -0.0529121   0.000240401   -0.0126337   0.017304   -0.00556998   0.0133132   0.000170634   0.0231573   -0.0234981   0.112913   0.121592   -0.013986   0.0166407   -0.0361785   0.230067   -0.0054864   -0.0920046   -0.388127   -0.132158   -0.0192685   0.0144852   0.223455   -0.111316   0.0630743   0.218297   0.0576426   -0.141772   0.183819   0.171668   -0.439351   -0.192641   -0.332725   -0.0501342   0.0625813   -0.0693382   0.0096916   0.197993   0.00679742   0.082833   -0.153595   0.298657   -0.263184   -0.212211   0.0148028   -0.205496   -0.196965   0.091829   0.0323326   0.130477   -0.203305   0.131029   -0.00750873   0.0112507   -0.0130978   -0.089327   -0.00484932   -0.154764   -0.0230823   0.00515005   0.0380737   -0.000107833   -0.000263021   -0.0102638   -0.0140072   -0.0188287   0.00151641   -0.0300717   -0.0319821   -0.0293834   -0.00323334   1.99339e-05   0.000279555   -0.00127776   -0.000153919   -0.00566784   -0.0101766   -0.0494225   0.0347723   0.0232978   -0.0157197   1   -0.061004   0.0538489   0.0801769   0.0504822   0.0238312   0.0400421   0.0416795   0.0247427   0.0184643   -0.00997904   0.133619   -0.0265874   -0.00463957   0.00584069   0.064362   -0.0148247   0.00652315   -0.0427713   0.0298445   -0.0921424   0.0162984   -0.0332307   0.0121382   -0.0129856   0.0132603   0.00152049   
-0.0529227   -0.000297045   0.0165281   0.0142537   -0.0255213   0.0393201   -0.0262637   -0.084729   0.0201053   -0.00485313   -0.0679623   -0.0392604   0.000622762   0.018363   -5.93891e-07   -0.00327649   0.003577   -0.0241108   0.0446209   0.069463   -0.00741375   0.023949   -0.0249069   0.00305766   -0.0442344   0.00136881   0.000706079   -0.0356083   -0.000789602   0.000642297   -0.0122068   0.00234029   0.00490714   -0.00433334   -0.00826582   0.034583   -0.137252   -0.114365   0.0159558   -0.000640419   -0.0168488   -0.0414508   0.0663051   -0.000377636   -0.0885306   -0.248687   0.11523   -0.00322891   -0.0101659   -0.00327818   0.00231933   -0.000960122   0.0106283   0.0187935   0.0126954   0.0264543   0.0247154   0.0327595   0.0237011   0.0203642   0.016287   0.0291108   0.0170142   0.0168407   0.0172321   0.00832288   0.0136493   0.00266822   0.00803445   0.0105357   0.000976052   -0.00253648   -0.0126008   -0.0229522   -0.0222097   -0.0196782   0.0290103   0.016749   -0.00218817   -0.0111763   -0.0113326   0.0086486   0.0103862   -0.0427139   -0.0109407   -0.00486504   0.0294007   7.64092e-05   0.000667862   0.00564231   0.000784445   -0.00941642   -0.00386038   0.0111262   -0.00811247   -0.0128888   -0.0147843   5.19888e-06   -0.000218571   0.00222246   0.00685615   0.0338304   0.0194607   -0.120499   -0.0472997   0.00349015   1   -0.0157197   -0.0679436   -0.0172309   0.0321055   -0.0715637   -0.119915   -0.0288028   -0.0884918   0.0202658   0.0238274   -0.0519805   0.0162666   -0.0152607   -0.00213861   0.0184975   0.000923552   -0.0316517   -0.00698933   0.0272266   0.0528451   -0.1081   0.000147809   0.060509   0.0550945   -0.00137139   0.00398575   0.0201805   
0.212011   0.00768703   -0.0182587   -0.0159567   -0.0372178   -0.0132019   0.0222296   0.0432554   -0.00228014   0.00200312   0.000879741   -0.0158139   0.0872677   -0.0117656   1.08527e-06   -0.00443369   -0.00197341   -0.0138863   0.0228958   -0.00724581   -0.0485844   0.0128484   -0.0344483   0.00325568   -0.00477687   -0.00382052   0.000379875   0.023428   0.00273133   -0.00155902   0.0104342   -0.00170285   -0.011211   -0.00836595   0.0281724   0.0245014   -0.0856146   -0.0891816   -0.0107547   -0.00845597   -0.0184259   -0.0414414   -0.0548215   0.0169111   0.102731   0.0646446   0.159608   -0.0435579   0.0747373   -0.0148105   -0.0433525   -0.055183   0.0299413   0.167005   0.137995   0.0472764   -0.0910271   0.0995182   -0.00514538   -0.0276925   0.0315934   0.0252509   -0.144637   -0.120536   -0.0268248   0.101011   -0.115037   -0.0552044   -0.245898   -0.0386165   0.0353315   -0.00608215   -0.167715   -0.137221   -0.224229   -0.111637   0.00285024   0.0993526   0.00845093   -0.0225979   0.00364682   -0.00975402   0.0212655   0.029984   0.0165262   -0.00607431   0.0304919   0.000103291   0.00252922   -0.000381354   0.0163814   -0.000362492   0.00215306   0.000253514   0.0480013   0.00167392   -0.00937815   -3.9376e-05   0.00202757   -0.00380702   -0.00202276   0.00616733   -0.0164186   -0.0901246   -0.135659   1   0.00349015   0.0232978   0.0384814   -0.0600163   0.0371438   -0.216428   -0.0741801   -0.0497587   -0.101776   -0.0277588   -0.0543985   0.197506   -0.183339   0.0119118   0.00299343   -0.0183924   0.0426303   -0.0220907   0.00263916   0.00101867   -0.0189027   -0.0803107   0.0105833   0.302741   0.044875   0.0173546   0.182245   0.00717806   
0.0171339   0.00440906   -0.011882   0.00907713   -0.0203889   0.0239579   -0.00525733   -0.00807313   -0.075569   -0.0304018   -0.0946622   -0.0036095   -0.0170003   -0.0743584   -1.94137e-05   0.00568562   -0.00895464   0.0155862   0.0271059   -0.0146403   0.00780602   -0.0380065   -0.00203816   0.00427012   -0.0348043   0.0152823   -0.0631057   -0.00692813   0.00153501   0.0191133   0.0217267   0.00747214   0.00959425   -0.0185893   -0.0184927   -0.0223552   -0.109551   0.0525316   -0.00576004   -0.00266681   0.0137635   -0.0099801   -0.0371897   -0.0325497   0.0698892   -0.16958   0.114045   -0.0849806   -0.127034   -0.0951399   -0.147524   -0.0591822   -0.238518   -0.317412   -0.29173   -0.248672   -0.0588028   -0.300044   -0.0749432   -0.104343   -0.0571542   -0.287858   -0.0937655   -0.15498   -0.188657   -0.152204   -0.0526592   -0.0427067   0.0383857   0.0505044   0.0120477   0.159343   0.0378555   0.0234367   -0.0187082   -0.00987989   -0.474062   -0.342168   -0.00734767   0.00855518   -0.0014524   -0.0572136   -0.0675946   -0.413664   -0.0108246   0.0154134   -0.159569   0.000198035   -0.00160841   -0.0054877   -0.0118317   -0.0258225   -0.0109418   -0.0153167   -0.0164347   -0.0442164   -0.0209244   -4.05963e-05   -0.00219149   -0.00477782   0.00280439   -0.0203511   0.0194324   0.16543   1   -0.135659   -0.0472997   0.0347723   -0.109303   -0.0161687   -0.113851   0.138361   -0.0532743   -0.0472366   -0.000914118   0.00155435   -0.0395097   0.00320374   0.126038   -0.00828268   -0.0185602   -0.00627938   0.0429788   0.0141505   -0.0407572   -0.0231733   -0.0129409   0.00152673   0.010891   0.0147128   -0.259043   -0.014135   0.0665884   0.00368992   
-0.0621355   -0.00641216   0.00402266   -0.0035765   -0.00225799   0.0117024   -0.0002391   0.0112969   -0.0181587   -0.00123244   -0.00139541   -0.000474775   -0.0108547   -0.0225094   1.01309e-05   0.00290017   -0.00533995   0.00811066   -0.00726543   -0.00894886   0.00772111   -0.00812071   0.000501664   -0.00137983   -0.00217414   0.00282432   -0.0107925   0.00434558   -8.05076e-05   -0.00158488   0.00239183   0.000463372   0.00211313   0.000112491   -0.00398715   -0.00768733   0.0914365   -0.0203941   -0.121534   -0.121848   -0.112356   0.369822   0.351795   0.438962   -0.128172   0.0607926   0.0855288   0.291807   -0.093627   -0.0715021   -0.0779876   -0.0728912   -0.109113   -0.115868   -0.135286   -0.0704515   -0.00426856   -0.0661552   -0.0161245   -0.0315886   -0.0280756   -0.0514762   -0.0122751   -0.0249684   -0.0320041   -0.108247   0.0243912   -0.00154125   0.08656   0.0841511   0.0029823   0.0628592   0.013451   -0.0409082   -0.0575342   -0.0690441   -0.128435   -0.146426   -0.0133341   0.039122   0.0468639   9.3234e-05   -0.00958542   0.0462533   0.00332891   -0.00136034   0.10647   4.67692e-05   -0.000394569   -0.000428683   -0.00153059   -0.000919019   -0.00116739   -0.0012468   -0.00283375   -0.00249845   -0.00478152   1.10799e-05   -0.000507506   -0.000927488   -0.000767874   -0.00742389   0.00244097   1   0.16543   -0.0901246   -0.120499   -0.0494225   0.120398   0.241886   -0.706459   0.309381   -0.201587   0.310232   0.0261484   -0.00399624   -0.0132098   -0.0276436   0.273917   0.0738733   -0.00321603   -0.00421626   -0.0059686   0.227054   -0.00679423   -0.00892292   -0.0112367   0.0171632   -0.00145342   0.166707   0.0351039   -0.0239905   0.0126985   0.0602089   
-0.00467899   -0.0232675   -0.013233   -0.0145194   -0.0589738   -0.0644883   0.0106966   0.116252   0.0991465   -0.00658381   0.00490039   -0.0232806   -0.0107657   0.0225831   4.93307e-05   0.014365   -0.0101049   -0.0415916   -0.091378   -0.0263298   0.0209716   0.0337394   0.0253381   -0.001119   -0.006293   0.0047658   -0.00161269   0.0193873   0.000772863   0.0132079   0.00699097   0.0069914   0.00355833   -0.0124287   -0.0221201   -0.00177402   -0.00666455   -0.00241916   0.000699686   -8.03147e-06   0.000566787   -0.00274195   0.00138651   -0.000340102   0.000237414   -0.00955519   0.00196649   -0.00197678   -0.00563969   -0.000323621   -0.00277743   -0.00271189   -0.00531526   -0.00661347   -0.00915245   -0.00756402   0.00435757   -0.00529122   0.00173444   -0.0014992   -0.00262456   -0.00526293   -0.000238226   -0.00360471   -0.00329511   -0.00517969   0.00189721   -0.00332149   0.00641113   0.00352122   -0.000322565   0.00533108   0.0051634   0.00155584   0.00265244   0.000108832   -0.0065897   -0.00901389   0.00196209   0.00135811   5.78953e-05   0.000413656   -0.00160681   -0.00452545   0.000616752   -0.00417871   -0.00392955   0.000237407   -0.00521268   -0.0146525   -0.0256424   0.00168902   -0.0146305   -0.0278036   -0.0595258   -0.0101946   -0.0267469   -6.5569e-06   -0.00783351   -0.010817   -0.0331557   -0.10004   1   0.00244097   0.0194324   -0.0164186   0.0194607   -0.0101766   -0.000238701   -0.0013227   -0.00348221   0.0030274   -0.00309995   -0.00205948   -0.00261651   -0.063288   0.0137428   -0.00514239   -0.000164585   -0.000777781   0.0019761   -0.0429639   -0.00455624   -0.00151649   0.013701   -0.0403953   -0.0395677   -0.215476   -0.0011393   -0.00330354   -0.0053916   -2.36671e-05   -0.000941717   0.000364031   
-0.00371261   -0.0297894   -0.0152048   -0.00911693   -0.0182623   0.0185103   0.0479779   0.0436999   0.024259   -0.0103333   0.00168855   -0.0268829   -0.0165953   -0.00362491   9.42734e-05   0.0166673   -0.0144676   -0.0437043   -0.0815846   -0.044496   0.00425851   0.00588876   0.023138   0.00282325   -0.00435026   0.0201317   0.0273564   0.0191571   0.00260817   0.0319236   0.0467671   0.034119   0.0312734   -0.0289122   -0.105422   -0.129705   -0.00439552   -0.00629436   0.00128582   2.18579e-05   -0.0003609   -0.00344885   0.000857749   -6.87116e-06   -0.00460617   -0.00675747   0.00205023   0.00276506   0.00099803   0.00173149   0.00139136   -0.00130447   0.00341005   0.00613136   0.0039337   0.00109583   0.000452307   0.00464358   0.000649874   -9.53963e-05   -0.00159491   0.0039058   -0.00036536   -8.65273e-05   0.00264733   0.00214637   0.000529725   -0.00102131   -0.000514105   8.94118e-05   6.53806e-05   -0.00125813   0.000391942   -0.000703061   -4.00015e-05   -0.00098753   0.00869579   0.00488129   0.00154589   0.000208301   0.00154953   -0.00281092   0.000725306   0.021775   0.00410193   0.0232958   0.00264613   0.000837017   -0.00980269   -0.0275165   -0.0295052   -0.0201246   -0.0231353   -0.0500575   -0.040051   -0.0585299   -0.00480088   -8.09394e-05   -0.0146393   -0.020856   -0.0374506   1   -0.10004   -0.00742389   -0.0203511   0.00616733   0.0338304   -0.00566784   -0.0107047   -0.00140096   0.00348468   -0.00655337   -0.00336547   -0.000597096   -0.00552833   -0.0486549   -0.0678015   -0.00273856   -0.00907602   -0.000644939   0.00202006   -0.059639   -0.0397582   -0.00341049   0.0103326   -0.0389773   -0.0727054   -0.203933   -0.00948015   0.00198104   0.0045639   0.000863436   0.000437097   0.000718795   
-0.00081499   -0.0108366   -0.0072057   -0.00765512   -0.0248523   -0.0132526   0.0114923   0.025713   0.0192381   -0.00335715   0.00206282   -0.0100568   -0.00360844   0.0023245   1.63314e-05   0.000692688   -0.00425297   -0.00755284   -0.0280777   -0.00578378   0.0191638   0.0192591   0.0115774   -0.001114   -0.00463939   0.00133234   -0.00110884   0.00422805   -0.000174046   -0.00538329   4.17855e-05   0.00216486   0.00558543   0.00620876   -0.00645261   -0.019634   -0.000559477   -0.000106938   0.000134242   -0.000109733   -9.15941e-05   -0.000584097   0.000286944   -0.000120652   0.000208438   -0.00174643   0.00117028   0.000167455   -0.000469853   -0.000108166   -0.000205201   4.63508e-05   -0.000497409   -0.000871255   -0.000825307   -0.000478195   0.000366002   -0.000621635   0.000165746   5.22082e-05   2.0609e-05   -0.000550742   0.000191506   -8.74789e-05   -0.000307197   -0.000375073   0.000158058   -5.40345e-05   0.000478374   0.000170143   -1.63761e-05   0.000425166   0.000314536   0.000196734   0.000276663   0.000137248   -0.00100921   -0.000883464   0.00074419   0.000900987   -0.000216098   -0.000191139   -0.000136567   -0.00218074   -0.000561367   -0.00335102   -0.000147848   5.48855e-05   -0.00170066   -0.00338553   -0.00627663   0.000718937   -0.00412871   -0.00638145   -0.0182295   -0.00350611   -0.0110958   9.16712e-06   -0.00337675   -0.00354126   1   -0.0374506   -0.0331557   -0.000767874   0.00280439   -0.00202276   0.00685615   -0.000153919   -0.00253704   -0.000141691   0.000418445   0.000257357   -0.000880638   -0.000173678   -0.000576451   -0.0320898   -0.0017584   -0.00106725   -1.86108e-05   1.02635e-05   -0.00353852   -0.00292407   -0.00654643   -2.49141e-05   -0.00299858   -0.022863   0.00459788   -0.0536215   -0.00154034   -0.000245297   -0.000473883   -1.63005e-05   -6.03136e-05   0.000165991   
-0.00120662   -0.0228071   -0.0108406   -0.00232864   -0.00748763   -0.00122844   0.00506135   0.0106791   0.010346   -0.00658795   0.00111952   -0.0196209   -0.0112567   -0.00465232   2.58626e-05   -0.00019718   -0.000598629   -0.000812944   0.000227964   -0.0087839   -0.0113426   -0.00798346   -0.000331009   -0.000870606   -0.000602801   0.0019255   0.0016476   0.00115414   0.000252758   0.00336026   0.00527792   0.00301394   0.00314848   -0.00259205   -0.00856937   -0.00734652   0.00117247   0.000134121   0.000162114   -1.48716e-05   4.383e-05   -0.00037862   0.000233405   0.000117654   -0.000229337   0.000573455   -0.000885453   0.00119936   1.16779e-05   0.000577619   0.000791054   0.000219381   0.000952973   0.000933561   0.000611652   0.000721233   0.000966264   0.00117015   0.000574227   0.000579854   -8.07814e-05   0.0013524   0.00105347   0.00107134   0.00107028   0.000208919   0.000927343   0.000208603   0.00121543   0.000154754   -0.000221408   -0.0005676   0.000786092   0.000412996   0.00105927   0.000356183   0.00256214   0.00109542   -0.000330068   -0.000375654   -6.63027e-05   -0.000106697   0.000227633   0.00342991   -6.50438e-05   0.000904956   0.000798443   6.38318e-05   -0.000947298   -0.00337314   -0.00514887   -0.00430652   -0.00161349   -0.0070283   -0.0116152   -0.00870731   0.0069887   -5.00393e-06   -0.0014605   1   -0.00354126   -0.020856   -0.010817   -0.000927488   -0.00477782   -0.00380702   0.00222246   -0.00127776   -0.0029134   0.000420061   0.000936734   0.000137237   0.000517376   0.000673851   0.000408478   -0.00910005   -0.00936578   -0.00105145   1.22923e-05   9.97699e-05   -0.0040735   -0.00993415   0.00979189   0.00015639   -0.00382088   -0.024665   -0.0172557   -0.00582245   0.0024983   -0.00120902   0.00118741   9.20127e-06   -0.0011247   8.16281e-06   
0.000464588   -0.000700967   -0.00273479   0.000947198   -0.0123099   -0.00218609   0.00359789   0.00469545   0.00485173   -0.000490415   0.00256716   -0.000357331   -0.00673718   0.000971064   -7.14129e-06   -0.0100739   0.00664279   -0.00316034   -0.00180746   0.00731705   0.00391767   0.000958278   0.00110512   -0.00391839   0.000939566   0.00236409   -0.000628563   -0.00134126   -4.13356e-05   -0.00128704   0.00399949   0.00145592   0.00289742   -0.00281672   -0.0103182   -0.0107973   0.000444559   7.5556e-06   -4.17338e-05   -2.36148e-05   -7.67399e-05   3.80355e-05   2.47653e-05   0.000157326   0.000334312   0.00084094   0.00011427   0.000148254   0.000439321   0.000188972   0.00032474   0.000224197   0.000675514   0.00101099   0.00100538   0.000915241   2.66787e-05   0.000988639   0.000271217   0.0004149   0.000390378   0.000775806   0.000145033   0.000300214   0.000439315   0.000792022   -3.56894e-05   0.000136468   -0.000535659   -0.00021532   3.35999e-05   -0.000438734   -0.000527094   -0.000372928   -0.000440826   -0.000193791   0.000992524   0.00102389   8.89845e-05   -9.91451e-05   -0.000457152   -0.000700156   0.000242563   -0.000118482   6.23032e-05   -0.00199504   0.00050702   3.96518e-05   -0.00226375   -0.00130961   -0.000838168   -0.00437158   -0.0106853   -0.00302892   -0.0012587   -0.00469924   0.00195829   1.24229e-05   1   -0.0014605   -0.00337675   -0.0146393   -0.00783351   -0.000507506   -0.00219149   0.00202757   -0.000218571   0.000279555   0.000233891   5.60833e-05   0.000403869   -0.000543653   0.000126049   0.00016457   8.28945e-05   -0.0115417   -0.0163619   0.000263488   -0.000171439   0.000111224   -0.00103105   0.000839195   -0.0213133   0.000153479   -0.00145724   -0.00484737   0.00516051   -0.0198992   -0.00531901   0.000638845   0.00079461   5.54007e-06   0.000151322   -6.42867e-06   
-5.28061e-06   6.39188e-06   -4.47416e-06   -5.29988e-06   -1.62158e-05   -2.41065e-05   -2.23999e-05   -2.27086e-05   -8.81467e-06   -2.25894e-08   3.83582e-06   2.44009e-06   -2.44053e-06   -3.62189e-07   -5.13465e-08   0.000105005   -0.000179916   4.34953e-05   4.71567e-05   3.11646e-05   -1.70328e-05   3.20557e-05   -0.000165286   6.69752e-05   4.52115e-05   2.46522e-05   4.76943e-05   3.74521e-05   1.37594e-05   0.00012974   0.000215515   2.63347e-05   -0.000199101   -0.000144822   7.27005e-05   -0.00011539   -4.70748e-06   -9.15955e-06   -8.92006e-07   3.61712e-06   1.90403e-06   9.12897e-06   -2.8856e-06   -7.4564e-06   -4.72451e-05   -2.30273e-05   -2.43897e-05   4.39215e-06   -1.93383e-06   -1.03938e-05   -3.54833e-06   -5.5506e-06   -3.98505e-06   -1.34191e-05   -5.58194e-06   -8.52329e-06   -2.12263e-05   -1.47851e-05   -2.42873e-05   -1.53727e-05   -1.53488e-05   -4.84428e-06   -3.14983e-06   5.96253e-06   8.10091e-07   -1.35187e-05   -1.45404e-06   9.08487e-06   7.79062e-06   -7.05961e-07   -1.2687e-06   -8.07437e-06   3.47079e-06   5.63266e-06   7.01554e-06   5.92926e-07   2.05736e-06   -2.51608e-06   -3.59394e-06   6.21967e-06   7.09942e-06   1.18648e-05   -1.87051e-06   0.000105246   1.36418e-05   3.59105e-05   -4.59694e-07   2.46889e-06   -4.39983e-06   2.69589e-06   -3.72326e-05   -3.66105e-06   -1.89461e-05   1.17332e-05   -2.53088e-05   -1.12922e-05   8.21433e-05   1   1.24229e-05   -5.00393e-06   9.16712e-06   -8.09394e-05   -6.5569e-06   1.10799e-05   -4.05963e-05   -3.9376e-05   5.19888e-06   1.99339e-05   -2.09707e-05   1.27603e-05   -5.50317e-06   5.973e-06   8.61858e-06   6.16979e-06   1.09439e-05   5.7529e-05   0.000217977   -1.01331e-06   3.02137e-05   -6.22867e-06   -1.29525e-05   -2.38368e-05   -0.00016679   -5.54262e-06   -2.05599e-05   -1.39628e-05   -4.92707e-05   -5.28862e-05   -4.14371e-05   -4.88209e-06   7.21688e-06   -1.02388e-06   -1.05157e-05   -5.51569e-07   
-0.00524374   0.0445432   -0.0295934   -0.0234899   -0.0254723   -0.033847   -0.105272   -0.0879567   -0.0990463   -0.000647339   0.0506986   0.00795638   0.0101278   -0.0788562   -6.42644e-06   0.00736704   -0.0012171   -0.050037   0.0445977   0.0524904   0.0336959   0.00547585   -0.0304055   -0.0169261   0.0352222   -0.014646   -0.0424087   -0.0606203   0.00221744   -0.0801148   -0.022626   -0.00350977   0.00373352   0.0283755   0.032182   0.0491733   0.0201453   0.0105606   -0.000712056   -0.000902762   0.000286676   -0.00241936   -0.00110528   0.00230023   0.0151779   0.0214982   -0.0023677   0.00850164   0.000362477   0.00162917   0.00390634   0.00216885   0.00571296   0.00707988   0.00618061   0.00954122   0.00827923   0.010272   0.00701001   0.00661861   0.00523381   0.0106408   0.00688276   0.00788992   0.00663509   0.0018975   0.00487555   0.00170909   0.00334998   0.000517809   -0.000691336   -0.00378458   -0.000867031   -0.00227163   -0.000406553   -0.000821528   0.0135993   0.00836012   -0.00322655   -0.00273057   -0.00184746   0.0130418   0.00289102   -0.0096133   -0.0050924   -0.0913105   0.00671572   -0.0013283   0.00425215   -0.0408047   -0.138319   -0.238825   -0.230894   -0.118164   -0.463339   -0.421428   1   8.21433e-05   0.00195829   0.0069887   -0.0110958   -0.00480088   -0.0267469   -0.00478152   -0.0209244   -0.00937815   -0.0147843   -0.00323334   -0.0280704   0.00639643   0.00973323   0.0035722   0.0105674   0.010312   0.011136   0.0212052   0.202647   -0.00800748   0.00569506   0.00387846   -0.032223   0.0184452   -0.02985   0.00820034   -0.0612989   -0.0463881   0.0540833   -0.120682   -0.00752827   0.00318402   0.0115912   -0.000361262   -0.0036999   -0.000614658   
-0.00251465   -0.00152015   0.0206012   0.00483391   -0.0117922   -0.011026   -0.0581463   -0.0259239   -0.0435222   0.00992655   0.0313934   -0.0265197   -0.00293464   0.0324187   2.30536e-06   0.0155786   -0.0241492   0.0237198   -0.0445123   -0.0214992   -0.0786043   -0.0188757   0.0294312   0.000280648   -0.0113245   0.00171438   0.0231598   0.0536101   -0.00371553   0.0228674   0.0179077   0.00882646   0.00893175   -0.00982161   -0.043588   -0.0305667   0.00673009   -0.00235218   0.000781321   -7.19509e-05   0.00140535   -0.00594221   -0.00091487   0.00373852   0.00871688   0.0152765   -0.00678618   0.00681405   -0.00237357   0.00581834   0.00316259   -0.00498561   0.00682529   0.0151093   0.00511894   0.00303638   0.012331   0.0156444   0.0100144   0.00394829   -0.00174467   0.0124361   0.00305962   0.000347869   0.0073075   0.0030116   0.00673782   -0.00588282   0.00763622   0.00494566   -0.000918048   -0.000375098   0.00495292   -0.00315385   0.000196165   -0.00392567   0.0242333   0.00886606   -0.000195448   -0.00299679   0.00263528   -0.00162921   0.00247064   0.0365965   0.00405428   0.0464872   0.0052663   0.000817097   -0.00480372   -0.0276343   -0.0588993   -0.0780956   -0.0506421   -0.061876   -0.163449   1   -0.421428   -1.12922e-05   -0.00469924   -0.00870731   -0.00350611   -0.0585299   -0.0101946   -0.00249845   -0.0442164   0.00167392   -0.0128888   -0.0293834   -0.0121312   0.00205627   0.00313831   -0.00489156   0.00625865   0.0044519   0.00345138   0.0349324   -0.12086   0.000302223   -0.00522758   0.00147849   -0.0361279   -0.0464284   -0.020588   0.00150099   -0.068373   -0.0152617   -0.0808245   -0.0152508   -0.00506986   0.00185086   0.0108867   0.000566042   -0.00337885   -0.000552992   
0.00927363   -0.0576669   0.0258472   0.00785996   -0.0459822   -0.0878023   -0.0235405   -0.0224909   0.0909258   -0.00121303   -0.0932714   0.014291   0.0122645   0.0405727   -1.27953e-05   -0.0248219   0.0361004   0.0117949   -0.00494626   -0.074929   0.0306832   -0.00784942   -0.01293   0.0155882   -0.0253847   0.0132639   0.041913   0.0173836   0.00173244   0.0105125   -0.00689651   -0.0107426   -0.0181974   -0.00358661   0.0355407   0.00259313   -0.00287102   -0.00611789   -0.000126266   -0.000861258   0.000659687   -0.00957872   -0.00341123   0.00426451   0.0197302   0.0132113   0.00641163   -0.000266918   -0.0034929   0.00339573   -0.00316898   -0.00934525   0.00162009   0.0151492   0.00290199   -0.00118973   0.0103077   0.0139586   0.0112392   0.00155479   -0.000297332   0.00588211   -0.00600534   -0.0109127   0.000280999   0.00471138   0.000289861   -0.0117205   -0.00291254   0.00511403   0.00117492   0.00521244   -0.00227423   -0.0104869   -0.0123633   -0.0104326   0.010594   0.00322789   -0.000969037   -0.00384381   0.000948286   -0.00469629   0.00189676   0.0122684   0.0018133   -0.0393789   0.00186483   0.000436899   0.00129441   -0.025235   -0.102623   -0.09354   -0.0536235   -0.0623455   1   -0.163449   -0.463339   -2.53088e-05   -0.0012587   -0.0116152   -0.0182295   -0.040051   -0.0595258   -0.00283375   -0.0164347   0.0480013   -0.00811247   -0.0319821   -0.00398799   -0.0027321   0.000964588   -0.0118935   -0.000382044   -0.000536737   -0.00316546   -0.00422929   -0.155498   0.00723478   -0.0129366   0.00214415   0.00657829   -0.000947189   -0.00707452   0.000802429   0.0111088   0.0370181   -0.0258235   0.13105   -0.00191237   0.0178082   0.00546608   0.00118284   0.00797261   -1.42123e-05   
-0.00219247   0.0223246   0.0117521   0.00421407   -0.00177327   -0.0337535   0.0109322   -0.00240031   0.00214418   -0.00494858   0.00998008   0.00239908   -0.011981   0.0349518   -6.15899e-06   0.019766   -0.00271021   0.0102159   -0.0622094   -0.0232361   -0.0463135   -0.00133364   0.024672   0.000395998   -0.00302551   0.0106032   -0.00876934   0.0269533   0.00189495   0.00894854   0.0145878   0.00318162   0.0214741   -0.0205501   -0.0222687   -0.0121118   -0.00364182   -0.00575412   0.000872441   -0.000230675   0.000959779   -0.00690528   0.00106978   0.00292646   0.00816726   0.00267636   -0.000443189   0.000918547   -0.00534883   0.00424857   -0.000180128   -0.00601452   0.00122513   0.00800354   -0.00193342   -0.00251571   0.0129944   0.00910292   0.0100845   0.00232273   -0.00188996   0.00546293   0.000765638   -0.00399824   0.0022773   -0.000485103   0.00525509   -0.00808635   0.00765446   0.00594379   -0.000540539   0.00418043   0.00554664   -0.00299546   -0.000655194   -0.0040133   0.0121829   0.000356494   0.000147508   -0.00184207   0.000491914   0.000843734   0.000923758   0.0148264   0.00160628   0.0199568   0.000859588   0.000270457   -0.00300791   -0.0209901   -0.0253979   -0.0317421   -0.0167504   1   -0.0623455   -0.061876   -0.118164   1.17332e-05   -0.00302892   -0.0070283   -0.00638145   -0.0500575   -0.0278036   -0.0012468   -0.0153167   0.000253514   0.0111262   -0.0300717   0.000587027   -0.00130102   -0.000994361   -0.00402564   -0.000471765   -0.000363235   -0.00207306   0.00558191   -0.047419   -0.00126449   -0.00620024   0.000487045   -0.00496292   -0.0340949   0.0122307   -0.000643595   -0.00874816   0.00476941   -0.0694513   0.0426598   0.00314419   0.00183165   0.00369867   0.000597667   -0.00105725   5.86007e-05   
-0.00068811   0.00690171   -0.00611236   -0.00489442   -0.0176818   -0.00400151   -0.00675231   -0.00727067   -0.0187009   0.00112154   0.00868675   0.00858926   -0.0115222   -0.00902444   -9.70541e-06   -0.0028251   -0.00400143   -0.0104214   -0.00722195   0.00787446   0.00892031   0.000716849   -0.00341837   -0.00652066   0.00291973   0.00172019   0.00408544   -0.00534249   0.000469014   0.0168665   0.00528222   -0.00319094   -0.0075272   -0.00854277   -0.00903451   8.03519e-07   0.002211   0.000207888   6.86616e-07   0.000133916   -3.98028e-05   0.000675298   -5.98869e-05   0.00018907   -0.00105955   0.00282755   -0.00180513   0.00112089   0.00165211   0.000610777   0.00149266   0.000807297   0.00252367   0.00307878   0.00340926   0.00271363   -0.000537946   0.00266398   -0.00010213   0.000746109   0.000489547   0.00280023   0.00076393   0.0018288   0.00195394   0.00169659   0.000152487   0.00100055   -0.00101179   -0.000832127   -4.05495e-05   -0.0019874   -0.000880264   -0.00024104   -5.79989e-06   0.000101418   0.00459372   0.00384563   -0.00023587   -0.000334616   5.50082e-05   0.000295309   0.000692216   0.00567565   0.000277579   0.00179669   0.00163374   -0.000335639   -0.0053534   -0.00728374   -0.0198546   -0.0319844   1   -0.0167504   -0.0536235   -0.0506421   -0.230894   -1.89461e-05   -0.0106853   -0.00161349   -0.00412871   -0.0231353   -0.0146305   -0.00116739   -0.0109418   0.00215306   -0.00386038   0.00151641   -9.73898e-05   0.000661623   0.00126167   -0.00117995   0.00174235   0.00124287   0.000804077   0.000899327   -0.00113964   -0.00064499   -0.00138623   0.000127552   -0.0096588   -0.00478137   -0.0188684   -3.18484e-05   -0.0173774   -0.0177317   -0.00147286   -0.0429678   -0.00481254   0.000561087   0.00308193   0.000155815   -0.000405621   -0.000155892   
-0.00150841   -0.00838688   0.00872141   0.00868464   -0.00899075   -0.0156519   -0.035427   -0.0161059   -0.0273061   0.00540247   0.0185113   -0.0165177   -0.00288943   0.0162872   -6.48244e-07   0.000643893   -0.014007   0.021867   -0.0131469   -0.0078496   -0.0433928   -0.0118109   0.0173938   -1.58088e-05   -0.00344052   0.0012365   0.0132163   0.0265888   -0.00254298   0.0201415   0.00660089   0.000884547   0.00120806   -0.00788512   -0.0235434   -0.0119211   0.00401924   -0.00133072   0.000436739   -3.96567e-05   0.000931559   -0.0035924   -0.000448337   0.00237062   0.00566457   0.00951501   -0.00443637   0.00388414   -0.00181337   0.00363453   0.00185123   -0.00315193   0.0039097   0.00890759   0.00257365   0.00156817   0.00809807   0.00942255   0.00646284   0.00249784   -0.00109737   0.0074254   0.00201648   9.78059e-05   0.00433416   0.00155205   0.00437065   -0.0038373   0.00523356   0.00328873   -0.0006194   8.26389e-05   0.00341949   -0.0018284   0.000349907   -0.0023527   0.014575   0.00490966   -9.33783e-06   -0.0017824   0.00135789   -0.000805027   0.00144544   0.0213109   0.00250416   0.0273762   0.00295295   0.000377384   -0.00363216   -0.0138225   -0.0330747   1   -0.0319844   -0.0317421   -0.09354   -0.0780956   -0.238825   -3.66105e-06   -0.00437158   -0.00430652   0.000718937   -0.0201246   0.00168902   -0.000919019   -0.0258225   -0.000362492   -0.00941642   -0.0188287   -0.00595173   0.0012445   0.0014381   -0.00253212   0.00392956   0.00262036   0.00230842   0.0190243   -0.0714059   0.000135486   -0.00277849   0.000897963   -0.0218651   -0.0177943   -0.0279396   0.00101036   -0.042422   -0.00624835   -0.0337837   0.0114301   -0.0070129   0.000668402   0.00629956   0.000304668   -0.00228768   -0.000382372   
0.00219739   -0.00917543   0.00602735   -0.000120804   -0.0151572   -0.0281953   -0.00339573   -0.00904452   0.0266909   0.000130612   -0.0146744   0.00607057   0.00535464   0.00818987   -7.15981e-06   -0.00478401   0.0153752   -0.00329353   -0.0092016   -0.0332906   0.0049264   -0.00690457   -0.00595063   0.00499156   -0.00603355   0.00410137   0.0134963   0.00889817   0.000998411   0.0239902   0.00488934   -0.00505549   -0.0138547   -0.0102344   0.00623576   -0.00446067   -0.00208257   -0.00376444   0.000246648   -0.000155957   0.000343096   -0.00378941   -0.000869108   0.00165744   0.00539922   0.0036643   0.00135496   0.000308702   -0.0012832   0.00175573   -0.000734906   -0.00392807   0.00128628   0.00681859   0.00158873   -0.00049852   0.00427703   0.0060691   0.00432522   0.000409838   -0.0007961   0.00322132   -0.00205657   -0.0037878   0.000889193   0.00151929   0.000663341   -0.00461518   -0.000250639   0.00224118   0.000311197   0.00168201   -1.91772e-07   -0.00362153   -0.00386691   -0.00382033   0.00655612   0.00216953   -0.00030923   -0.00160253   0.0011205   -0.00061847   0.000807467   0.011401   0.00180829   0.000550497   0.00101925   8.41957e-05   -0.000571099   -0.0114026   1   -0.0330747   -0.0198546   -0.0253979   -0.102623   -0.0588993   -0.138319   -3.72326e-05   -0.000838168   -0.00514887   -0.00627663   -0.0295052   -0.0256424   -0.00153059   -0.0118317   0.0163814   0.000784445   -0.0140072   -0.00100033   -0.0011242   0.00020806   -0.00531659   -0.000261837   -0.000288687   -0.00186002   0.00480716   -0.0407105   0.00222059   -0.00606593   0.00046468   -0.00111808   -0.011358   -0.00982499   -0.000580873   -0.00210239   0.00579527   -0.0261859   0.0285083   -0.00256598   0.00601241   0.0030043   0.000584744   0.00238208   2.50372e-05   
-0.00118318   0.00873564   0.00473581   0.000285875   -0.00264595   -0.0095451   0.00668106   -0.00209342   0.0004933   -0.000421981   0.00342605   0.00202352   -0.00201178   0.0143023   -3.23066e-06   0.00853069   -0.00115221   0.00244723   -0.0311903   -0.0118713   -0.0209705   0.00192873   0.0106469   0.000519792   0.000135224   0.0040396   -0.000292583   0.0112777   0.000895058   0.00812389   0.00800797   0.00174522   0.00776052   -0.0111465   -0.0117503   -0.00634755   -0.00180976   -0.00239634   0.000386689   -1.25608e-05   0.000353283   -0.00235335   0.000433464   0.000890547   0.00194239   -5.09454e-05   -0.000223102   0.000303887   -0.00190947   0.00136132   -0.000148907   -0.00218767   0.000292715   0.00252805   -0.000842521   -0.00119908   0.00415542   0.00279387   0.00312583   0.000514005   -0.000954351   0.00166586   0.000132023   -0.00145395   0.000715762   -0.000373113   0.00175892   -0.00273744   0.00273054   0.00208768   -0.000182444   0.00148192   0.00205203   -0.000894322   -7.33185e-05   -0.0013492   0.00408646   -3.6205e-05   3.52144e-05   -0.000680817   0.000385123   0.000202214   0.000240223   0.00670994   0.000895779   0.00965602   0.000172705   9.49521e-05   -0.00143113   1   -0.0114026   -0.0138225   -0.00728374   -0.0209901   -0.025235   -0.0276343   -0.0408047   2.69589e-06   -0.00130961   -0.00337314   -0.00338553   -0.0275165   -0.0146525   -0.000428683   -0.0054877   -0.000381354   0.00564231   -0.0102638   -4.1329e-05   -0.000474607   -0.000494878   -0.0015034   -0.00031598   -0.000207397   -0.000974938   0.00291682   -0.0163686   -0.000732391   -0.00233683   9.59077e-06   -0.0014046   -0.017026   0.00501538   -0.000548432   -0.00243815   0.00216612   -0.0335918   0.0145428   0.00129539   0.000597822   0.00123378   0.000229725   -0.000371809   4.79247e-05   
0.000360436   0.00181484   0.000159676   -0.000756461   -0.00469225   -0.00285861   0.00170631   0.0024456   0.00142897   0.000453444   7.62047e-05   0.00108168   -0.00660784   0.000471007   4.38965e-05   -0.00395104   0.00208573   -0.00165993   -0.00266025   0.00372598   0.000452115   0.00139037   0.000459736   0.000106757   0.000632879   0.000641916   -0.000146325   -8.90937e-05   2.37969e-05   0.00194171   0.00397254   0.0014845   0.00113532   -0.00335583   -0.00707043   -0.00500484   -0.00027274   -0.000443125   1.34235e-05   -1.89251e-07   -3.88926e-05   -0.000155647   -7.43256e-05   7.76489e-05   3.29449e-05   0.000109538   0.000255578   -5.60564e-07   0.000235186   6.94206e-05   1.20105e-05   -0.000177007   0.000295913   0.000765355   0.000577674   0.000254118   -0.000131085   0.000558635   6.69577e-05   -1.89874e-05   2.85545e-05   0.00035719   -0.000294526   -0.000205729   0.000134922   0.000354951   -0.00019134   -0.000159911   -0.000546057   -6.67975e-05   7.36628e-05   -0.000120578   -0.000367207   -0.000370582   -0.000519361   -0.000315357   0.000592992   0.000562244   7.63913e-05   -4.04953e-05   7.52903e-05   -3.70313e-05   0.000112307   0.00115612   0.000160561   0.000397305   0.000216826   3.76734e-05   1   -0.00143113   -0.000571099   -0.00363216   -0.0053534   -0.00300791   0.00129441   -0.00480372   0.00425215   -4.39983e-06   -0.00226375   -0.000947298   -0.00170066   -0.00980269   -0.00521268   -0.000394569   -0.00160841   0.00252922   0.000667862   -0.000263021   6.83255e-05   -0.000135515   0.00015765   -0.000756905   -0.000151455   -7.34276e-05   -0.000325971   -0.00394534   -0.00172592   0.000335969   -0.000704366   1.87807e-06   -0.000771271   -0.000236465   -0.00615414   -0.000161524   -0.000964037   -0.00341355   0.00142955   -0.0104824   -0.0015312   0.000797746   0.000432332   6.91083e-05   0.000385309   2.21341e-05   
0.000101863   -6.79412e-05   3.2335e-05   -4.54481e-06   -5.41978e-05   6.96195e-05   0.000230378   0.000253029   0.000156845   -1.16654e-05   -4.96342e-05   -5.66556e-05   -6.9577e-06   0.00011706   3.4825e-07   2.80379e-05   -2.65679e-05   5.07559e-05   -0.000143789   -9.98896e-05   -4.32012e-05   1.18589e-05   7.60068e-05   3.01876e-05   -4.58104e-05   4.65817e-05   8.44773e-05   0.000128631   -2.2555e-06   0.00101552   0.000949705   -0.00580734   0.00102496   0.000925439   0.000521883   0.000312534   -2.91061e-05   -8.29057e-07   1.30399e-05   1.66201e-06   6.41078e-06   -1.15864e-05   1.40774e-05   3.37376e-05   9.0739e-05   -4.35081e-06   8.04712e-05   -3.74171e-07   -4.19601e-05   -6.12747e-06   -3.85111e-05   -3.62015e-05   -5.98462e-05   -2.1002e-05   -5.87684e-05   -4.55321e-05   3.60663e-05   -1.44763e-05   4.49663e-05   5.69866e-06   8.84466e-06   -2.80507e-05   -1.72834e-05   -5.1091e-05   -2.90301e-05   -2.44576e-05   1.54376e-05   -3.2393e-05   3.29972e-05   5.78096e-05   4.12795e-06   6.61071e-05   1.61018e-05   -2.55656e-05   -4.38246e-05   -3.44403e-05   -6.98482e-05   -6.81488e-05   -6.56034e-06   1.71377e-05   2.23446e-05   -3.60347e-05   -7.20286e-06   -0.000125192   -2.00901e-05   -0.00042236   -2.64486e-05   1   3.76734e-05   9.49521e-05   8.41957e-05   0.000377384   -0.000335639   0.000270457   0.000436899   0.000817097   -0.0013283   2.46889e-06   3.96518e-05   6.38318e-05   5.48855e-05   0.000837017   0.000237407   4.67692e-05   0.000198035   0.000103291   7.64092e-05   -0.000107833   -3.18302e-05   -2.12957e-06   -4.75414e-05   -7.61775e-06   -3.26046e-05   -1.61829e-05   9.30053e-06   0.0001362   -0.000427926   5.74746e-05   0.000113864   3.74395e-06   4.7871e-05   -7.90434e-05   -0.00207085   3.63986e-05   0.000106766   3.71574e-05   -0.000129133   2.57939e-05   -0.00053063   7.60712e-05   -4.13455e-05   -1.75999e-05   3.31343e-05   3.2199e-06   
0.0338681   0.00413417   -0.00299966   0.00101742   0.0057674   -0.0107232   0.00227023   -0.00464036   0.0173092   0.00325616   0.0100601   0.00458939   0.00501895   0.017928   -1.07443e-06   -0.00130363   0.00276645   -0.00468127   -0.000684625   0.0032359   -0.00446053   0.00567932   0.00295901   0.0010475   0.00645972   -0.00165041   0.0108177   -0.00159906   -6.12356e-06   5.14666e-05   -0.00208006   -0.000910904   -0.00170073   0.00134948   0.00297635   0.00302917   0.0735701   0.0123484   -0.0211384   -0.00153502   -0.0105698   0.100288   0.0795405   0.0392143   0.00145486   0.0709494   -0.130942   -0.115901   0.0372394   -0.00937516   -0.0112416   -0.0424091   -0.0485142   -0.0448265   -0.0889738   0.0758864   0.0138045   0.0653112   0.022045   0.0351534   0.0325285   0.0642614   0.0312502   0.0475937   0.0477383   -0.153638   0.0171204   0.0372602   -0.00100161   -0.0041339   -0.000387922   -0.0213014   0.00796276   0.0235414   0.0247098   0.0149714   -0.108233   -0.167146   -0.00222176   0.00438699   -0.00377069   -0.00940744   -0.002765   -0.0226537   -0.00284743   0.000176198   1   -2.64486e-05   0.000216826   0.000172705   0.00101925   0.00295295   0.00163374   0.000859588   0.00186483   0.0052663   0.00671572   -4.59694e-07   0.00050702   0.000798443   -0.000147848   0.00264613   -0.00392955   0.10647   -0.159569   0.0304919   0.0294007   0.0380737   -0.0373129   -0.0279796   -0.0749176   0.0350169   0.0267207   -0.0557724   0.0261927   0.00225351   0.0126028   0.023447   0.0149419   -0.00886077   0.00330122   0.00209413   -8.14529e-05   0.000356588   0.00755353   0.00484168   0.00517154   -0.00546363   -3.35775e-05   0.0082481   0.00325093   0.00402018   -0.0092881   -0.0153371   
0.00301136   -0.0500202   -0.0204941   0.00295692   0.0151618   0.0351122   0.0365352   0.0309021   0.0219101   -0.0142998   0.0039265   -0.0431817   -0.0250894   -0.00417702   4.50284e-05   -0.00292641   -0.0200112   0.00183264   -0.0272177   -0.00551324   0.00928913   -0.00282304   0.0155401   0.000510276   -0.0148566   0.0125854   0.00987678   0.00871138   9.62203e-05   -0.0610668   -0.0166291   -0.0221572   -0.0207203   -0.00291555   0.0199591   0.0391765   0.00598709   0.00616131   -0.000651891   -0.000955721   -0.00046081   -0.000882095   -0.00117002   -0.000417538   0.00720387   0.0042974   0.00310931   0.0015669   -0.000316577   -0.000539844   -0.000150727   0.00228304   -0.00128919   -0.0039132   -0.00193193   0.000648472   0.000593065   -0.00217351   0.000501709   0.00156007   0.00209371   -0.00215105   0.00160229   0.000949671   -0.00131499   0.000473632   -9.73454e-05   0.00124667   4.09009e-05   -0.00109998   -0.000105773   0.000190077   -0.000612418   0.000817179   0.000718244   0.0013886   -0.00597405   -0.00274362   0.000415863   0.0018052   -0.00347171   -0.00402743   -0.000302357   -0.0199952   -0.0042386   1   0.000176198   -0.00042236   0.000397305   0.00965602   0.000550497   0.0273762   0.00179669   0.0199568   -0.0393789   0.0464872   -0.0913105   3.59105e-05   -0.00199504   0.000904956   -0.00335102   0.0232958   -0.00417871   -0.00136034   0.0154134   -0.00607431   -0.00486504   0.00515005   -0.0121456   0.000674691   0.00346349   0.00431684   -0.000108012   0.000859199   0.00230439   -0.0261501   -0.0701735   -0.000873199   0.00421558   0.00151482   0.00167803   -0.0149928   -0.288128   0.00352687   0.0103538   -0.0380602   -0.0141823   -0.0759532   -0.0727051   -0.00275639   -0.00312547   -0.000474042   -0.000695709   0.000127834   
-0.0081661   -0.00330077   0.0017293   -0.00111185   -0.000398213   0.003808   0.00112135   0.00509741   -0.00191327   -0.00327359   0.00508695   -0.00134875   -0.00458363   0.000528177   8.57423e-05   -0.00162072   0.000759288   0.000685345   -0.00193665   -0.000434521   0.00138391   -0.000304248   -0.00158185   0.000191026   -0.0023942   -0.00353635   0.00177416   0.00279545   8.81912e-05   -0.00701086   -0.00178453   -0.000803772   -0.000195508   0.00301117   0.00273393   0.00186657   -0.0322895   -0.0225733   0.0086674   0.000641609   0.00342985   -0.00536436   -0.00887709   -0.00617073   -0.032521   -0.0331771   -0.00741162   -0.00113326   0.00471109   0.0123014   0.00689376   0.0025847   0.0109545   0.0175139   0.00970402   0.00265927   0.0144125   0.0131256   0.0130829   0.00568327   0.00242889   0.00635542   7.5168e-06   -0.00510867   0.00240619   0.0105058   -0.0003997   -0.010028   -0.00710276   -0.00529553   0.000172496   0.00063469   0.0026367   0.00169876   0.00504365   0.00444077   0.0162262   0.0106167   0.00243395   -0.0142352   -0.00853074   0.000384091   0.00090559   -0.0162268   1   -0.0042386   -0.00284743   -2.00901e-05   0.000160561   0.000895779   0.00180829   0.00250416   0.000277579   0.00160628   0.0018133   0.00405428   -0.0050924   1.36418e-05   6.23032e-05   -6.50438e-05   -0.000561367   0.00410193   0.000616752   0.00332891   -0.0108246   0.0165262   -0.0109407   -0.0230823   -0.0198867   -0.0130496   -0.010874   -0.0178049   -0.000879165   -0.0160295   -0.0269609   -0.00382523   -0.00470221   -0.0113266   -0.060591   -0.0101148   -1.79467e-05   -0.00067151   -0.009672   -0.0381401   0.000470414   -0.00320455   -0.00167656   0.00206007   -0.00243339   -0.0140741   -0.00449054   0.00537906   0.00308131   -0.000890727   
0.018638   -0.0156849   0.021193   -0.00669579   0.000542072   0.0104769   0.0027755   0.0257026   0.0200819   0.0172822   0.0573516   -0.0151671   -0.00592393   0.034484   4.25643e-05   -0.0103291   0.00901839   0.000383849   -0.0241878   0.000381722   0.0128424   0.0175017   -0.00599955   -0.0156298   0.0145173   -0.0124491   0.0181746   0.00926571   -0.00315851   -0.0337208   -0.0174768   -0.00505228   -0.00140974   0.0158975   0.0141258   0.019944   -0.104466   -0.130176   0.0255177   0.0230814   0.0228619   -0.00358339   -0.0272815   -0.00853899   -0.216423   -0.102137   -0.115297   0.044339   -0.0130008   -0.000921995   -0.0240898   -0.0988662   -0.0144083   0.0331303   -0.0195617   -0.123738   -0.0881144   -0.0370646   -0.0949153   -0.115378   -0.143237   -0.0128553   -0.0779683   -0.0637027   0.00658453   -0.0667631   -0.00317214   -0.0316241   0.0456212   0.0413994   -0.00123247   0.0124623   0.0784281   0.032423   0.0415524   -0.0155365   0.109577   0.00373189   0.000830736   -0.00698925   -0.0273021   -0.00416942   -0.020174   1   -0.0162268   -0.0199952   -0.0226537   -0.000125192   0.00115612   0.00670994   0.011401   0.0213109   0.00567565   0.0148264   0.0122684   0.0365965   -0.0096133   0.000105246   -0.000118482   0.00342991   -0.00218074   0.021775   -0.00452545   0.0462533   -0.413664   0.029984   -0.0427139   -0.154764   -0.0899002   -0.00147834   -0.058231   -0.0789559   0.0110557   -0.0132819   -0.0424577   -0.0121191   -0.00600056   -0.00161867   -0.0917245   -0.0402814   0.0105983   -0.000965479   -0.0571277   -0.0901708   0.0216465   0.0120826   -0.00445636   0.015154   -0.0143952   -0.0120727   0.00704302   0.0106237   -0.00394926   -0.00126166   
-0.00423893   -8.60244e-05   0.00109311   -0.000978426   0.000239734   -0.00122857   -5.61356e-05   0.000329773   0.00484606   0.00245615   0.00673868   -6.11034e-06   0.00283006   0.00449747   -3.06209e-07   0.000472626   0.00049191   -0.00186126   -0.00138423   0.00147132   -0.00115155   0.00301333   -0.000745161   0.000534808   0.0023902   -0.000617435   0.00477151   0.000801058   7.30506e-05   0.000440597   -0.000971041   -0.000321093   -0.00107162   0.000523119   0.000858445   0.00155723   0.0172509   0.00194092   -0.00143896   0.000332146   -0.00050403   0.000774923   0.00517359   0.00664837   0.0115727   0.0250993   -0.00101732   0.00700988   0.000245312   -0.0109326   -0.0179179   -0.028438   -0.0173353   -0.0134487   -0.0133136   -0.0261893   -0.034795   -0.0222981   -0.0351547   -0.0346113   -0.0300654   -0.0118244   -0.025309   -0.0191207   -0.00772855   -0.0271742   -0.0109371   -0.00340626   0.00048646   0.00095624   -0.00102742   0.006754   0.0244505   0.0195878   0.0130114   0.000145006   -0.00328773   -0.0114112   -0.000647175   0.0025402   0.00289079   -0.00112887   1   -0.020174   0.00090559   -0.000302357   -0.002765   -7.20286e-06   0.000112307   0.000240223   0.000807467   0.00144544   0.000692216   0.000923758   0.00189676   0.00247064   0.00289102   -1.87051e-06   0.000242563   0.000227633   -0.000136567   0.000725306   -0.00160681   -0.00958542   -0.0675946   0.0212655   0.0103862   -0.00484932   0.0121461   0.0117282   0.00931729   -0.00806725   0.0129398   0.0151106   0.0165075   2.64471e-05   0.00418459   -0.00382974   0.0191131   0.00385815   0.00125763   0.000377936   -0.000742299   0.0108488   0.00259497   0.00213549   0.00102544   -0.00138893   -0.000193421   -0.0190905   -0.0132909   -0.00105443   -0.00657304   -0.000616268   
0.0150198   -0.00543169   0.0118006   -0.00374889   -0.0045994   0.0143305   -0.00290141   0.00808953   -0.00403052   0.00675358   0.0183557   -0.0068123   -4.44889e-05   -0.000454875   -2.99343e-07   0.00341435   0.00432154   -0.00232138   -0.00344241   0.00120077   -0.00352027   0.00581226   -0.0101261   -0.000461151   0.00344937   -0.00678838   -0.00629737   0.00566459   0.000109013   0.00372385   -0.0104141   0.0001164   -0.00252951   0.00421376   -0.00347575   -0.00330829   0.0078756   -0.00679983   -0.000900909   -0.00139925   0.00244968   -0.0164877   0.00675856   0.0142658   0.0391652   0.0310438   -0.00188607   0.00858902   -0.00567869   -0.0324838   -0.0314484   -0.0738204   -0.0587922   -0.00261166   -0.0311519   -0.0363494   0.0534174   -0.0300378   0.0191948   -0.0536713   0.0106226   0.0346476   -0.0441955   0.00535448   -0.00236598   -0.218845   0.00814733   -0.0382726   0.0164878   0.0345993   -0.00138318   0.0215274   0.031374   -0.000172253   -0.012103   -0.002443   0.0531354   -0.0120843   -0.00207458   0.00374911   0.00403173   1   -0.00112887   -0.00416942   0.000384091   -0.00402743   -0.00940744   -3.60347e-05   -3.70313e-05   0.000202214   -0.00061847   -0.000805027   0.000295309   0.000843734   -0.00469629   -0.00162921   0.0130418   1.18648e-05   -0.000700156   -0.000106697   -0.000191139   -0.00281092   0.000413656   9.3234e-05   -0.0572136   -0.00975402   0.0086486   -0.089327   0.0140617   0.0094847   -0.000561528   -0.00395478   0.00444039   0.00749596   0.0186686   -0.00185594   -0.138478   0.0144427   0.0397792   0.00525429   0.00280478   -0.00235058   -0.0268047   0.01714   0.00418179   0.00643974   -0.00537052   0.00529912   -0.00673547   0.0200653   0.00456884   0.00732972   -0.000982271   -0.000282379   
0.00664394   -0.000123596   -0.000400641   0.000769027   -0.000600181   0.00227142   0.00116487   0.00359049   -0.000481287   0.00141887   -0.0019056   -0.000503825   -0.00596951   0.00209568   8.66518e-05   0.000232515   0.00167811   -0.00056899   -0.00154726   -0.000721438   0.0012412   0.000362089   -0.000266838   -0.00198766   -0.00402564   0.000382955   0.00128219   0.00103189   8.50365e-05   -0.00612579   -0.00154613   0.000684788   -0.000749319   0.00232194   0.00128128   0.00169683   -0.0325686   -0.0249324   0.0019065   0.00470793   0.00745398   0.0127807   -0.00543874   -0.00527081   -0.0476377   -0.0391309   -0.0274087   -0.00176595   -0.00380676   0.00115161   0.000433662   -0.000549129   0.00218286   0.00634019   0.00232881   0.00679898   0.0128329   0.0109947   0.0116896   0.00778435   0.00645308   0.00789048   0.00501846   0.00232606   0.00309342   0.00389252   0.00514914   -0.00270034   0.00465857   0.00359537   -0.00048374   0.00045274   -0.00187245   -0.00666323   -0.00636771   -0.0051226   0.00815176   0.0042038   -0.00272805   0.0019276   1   0.00403173   0.00289079   -0.0273021   -0.00853074   -0.00347171   -0.00377069   2.23446e-05   7.52903e-05   0.000385123   0.0011205   0.00135789   5.50082e-05   0.000491914   0.000948286   0.00263528   -0.00184746   7.09942e-06   -0.000457152   -6.63027e-05   -0.000216098   0.00154953   5.78953e-05   0.0468639   -0.0014524   0.00364682   -0.0113326   -0.0130978   -0.0289359   0.0019792   -0.0371055   -8.42074e-05   0.004187   -0.00384404   0.00245154   -0.00279683   -0.00241341   0.00611883   0.018787   -0.0114543   0.000389487   -0.000125365   -0.00979258   -0.00704636   0.00106926   -0.00157954   -0.000722233   0.00314973   -0.00245629   0.00796369   0.00767104   -0.00172368   -0.001743   -0.00195049   
0.000912201   0.00200951   -0.00319468   0.00141575   0.00122116   -0.00220301   -0.00112353   -0.0033396   0.00269482   9.26868e-05   9.14046e-05   0.00273426   -0.00100195   0.00125927   8.85051e-05   5.76495e-05   -0.000480602   0.00183033   0.00139456   -0.00105012   -0.000737848   -0.00422127   0.000292926   -0.00180625   0.00125806   -0.00144126   -0.00016619   0.000618489   4.11526e-05   0.00112813   0.00064837   -0.00044661   0.000724155   0.000136309   -0.000404889   -0.00149902   0.00713534   -0.000704496   -0.00802592   -0.00902457   -0.00303052   0.024006   0.0154459   0.0167312   -0.0166541   -0.00114859   0.000754987   0.0137465   -0.0133606   -0.0155891   -0.00918817   -0.00544289   -0.0120956   -0.0157077   -0.0114154   0.00376672   -0.00221151   -0.00363761   -0.00253857   0.00179786   0.00350859   0.00178439   0.00669982   0.00981704   0.00154562   -0.010612   0.00784301   0.00964582   0.0166732   0.0134126   -0.000421531   0.00138498   -0.00531243   -0.0116476   -0.0151394   -0.0140297   -0.0104366   -0.0101572   -0.0111045   1   0.0019276   0.00374911   0.0025402   -0.00698925   -0.0142352   0.0018052   0.00438699   1.71377e-05   -4.04953e-05   -0.000680817   -0.00160253   -0.0017824   -0.000334616   -0.00184207   -0.00384381   -0.00299679   -0.00273057   6.21967e-06   -9.91451e-05   -0.000375654   0.000900987   0.000208301   0.00135811   0.039122   0.00855518   -0.0225979   -0.0111763   0.0112507   -0.0024556   0.0538104   -0.0246934   0.0139648   -0.0186516   -0.0152942   0.0567517   0.00255768   -0.000268063   0.00560308   0.0931776   -0.00779071   -0.000752831   -0.00058858   0.00357556   0.0204539   -0.00101557   -0.00140176   -0.00220897   0.006199   0.000916447   0.0363785   0.0214731   -0.00832604   -0.00429255   0.00581237   
-0.0147347   0.000245357   -0.00210107   5.36833e-05   -0.0016681   0.0027135   -0.000650624   -0.00198449   -0.00173229   0.000525273   0.00155658   -0.000514837   0.00138009   0.000653259   8.87225e-05   -0.000851709   -0.000110399   0.000853902   0.000761466   -0.000220662   0.000364431   -0.00364614   -0.00256861   4.17183e-06   8.03005e-05   -0.00401594   0.00103145   0.0019843   7.89502e-05   0.000560703   -8.56679e-05   -0.000145866   -0.000392658   7.78577e-05   0.000644127   0.000886005   -0.00405674   -0.00279197   0.000608638   -0.00194951   -0.000550085   -0.00863298   -0.0104635   -0.00926579   0.00638701   0.00184394   8.6195e-05   0.00542584   0.00539289   0.00793208   0.0051025   0.00301302   0.00745649   0.0093409   0.00676243   -0.00101474   0.00309505   0.00348962   0.0028427   0.000216435   -0.0013501   0.000578369   -0.00215267   -0.00403306   0.000458339   0.00643721   -0.00313498   -0.00503895   -0.00812461   -0.0059814   0.000536114   -5.68126e-05   0.00210152   0.00441359   0.00670159   0.00576162   0.0078939   0.00664826   1   -0.0111045   -0.00272805   -0.00207458   -0.000647175   0.000830736   0.00243395   0.000415863   -0.00222176   -6.56034e-06   7.63913e-05   3.52144e-05   -0.00030923   -9.33783e-06   -0.00023587   0.000147508   -0.000969037   -0.000195448   -0.00322655   -3.59394e-06   8.89845e-05   -0.000330068   0.00074419   0.00154589   0.00196209   -0.0133341   -0.00734767   0.00845093   -0.00218817   -0.00750873   0.00133029   -0.016065   0.00556247   -0.00772713   -0.0104415   -0.0185285   -0.0286364   0.000559184   -0.000634281   -0.017248   -0.056493   -0.000941773   -0.000883894   -0.00140028   0.00192783   -0.0176499   -0.00148865   -0.00195678   -0.00305467   0.0018628   0.000478458   -0.0120958   -0.00509852   0.00502018   0.00374157   -0.000519512   
-0.000828531   0.0096743   -0.0145287   0.00135989   0.0175686   -0.0293609   0.00987809   -0.00789449   0.0385709   0.00315454   0.0132624   0.014155   0.0122501   0.0300014   3.14438e-07   -0.00530183   0.00099436   -0.00619938   0.000454369   0.00418307   -0.0152463   0.00915068   0.00971588   0.00163206   0.0111004   -0.00387595   0.0218433   -0.00376475   -2.58768e-06   -0.00448383   -0.00338161   -0.00299922   -0.00255588   0.00480012   0.00966328   0.00436817   0.059778   0.00944893   0.00329404   -0.00455526   -0.016114   -0.00501762   -0.00878345   -0.0102105   -0.0308613   0.0643855   0.0128551   0.064708   0.109687   0.0564463   0.0989231   0.0974101   0.149292   0.156495   0.201818   0.139219   -0.0216264   0.108768   0.00371435   0.054257   0.052547   0.108099   0.044517   0.0918432   0.077044   0.151993   0.00191437   0.0608872   -0.0616303   -0.0490462   0.00146844   -0.0739465   -0.0333215   0.0228769   0.029818   0.053063   0.204955   1   0.00664826   -0.0101572   0.0042038   -0.0120843   -0.0114112   0.00373189   0.0106167   -0.00274362   -0.167146   -6.81488e-05   0.000562244   -3.6205e-05   0.00216953   0.00490966   0.00384563   0.000356494   0.00322789   0.00886606   0.00836012   -2.51608e-06   0.00102389   0.00109542   -0.000883464   0.00488129   -0.00901389   -0.146426   -0.342168   0.0993526   0.016749   0.131029   0.0454325   -9.17073e-05   0.11075   -0.0680276   0.000365349   0.0273726   -0.0269302   0.00286882   0.0201784   -0.011881   -0.100465   0.0119246   0.00533045   0.00273197   0.0016579   -0.00530768   0.0138231   0.00220705   0.00873225   -0.0162147   0.000388193   -0.0108076   0.0587036   0.00803457   -0.0087632   0.0043649   
-0.0178798   -0.0155651   0.0299614   -0.0106087   -0.00532554   0.0148709   -0.0114782   0.0151404   0.016987   0.0240704   0.069892   -0.0139258   0.00353581   0.0255922   5.70415e-06   0.00554012   0.00599083   -0.00808643   -0.0237018   0.00946024   0.0114349   0.0234749   -0.0117236   -0.00226093   0.0175684   -0.00769887   0.0330113   0.0119713   -0.000584134   -0.00274152   -0.0133241   -0.00200957   -0.0070166   0.00822366   0.00151724   0.0123387   0.0490266   -0.0281083   0.0081381   -0.00792691   -0.00374182   -0.0665048   0.00910916   0.025718   0.0734994   0.12463   -0.0213045   0.0686397   0.0439319   0.102044   0.0973858   0.032507   0.152288   0.21916   0.157272   0.110978   0.139805   0.202395   0.122762   0.0885755   0.0398195   0.167992   0.0686612   0.0620764   0.103496   0.118329   0.0731918   -0.0233868   0.0496184   0.0221339   -0.0087005   -0.0254408   0.0456464   0.00416247   0.0437783   0.0213672   1   0.204955   0.0078939   -0.0104366   0.00815176   0.0531354   -0.00328773   0.109577   0.0162262   -0.00597405   -0.108233   -6.98482e-05   0.000592992   0.00408646   0.00655612   0.014575   0.00459372   0.0121829   0.010594   0.0242333   0.0135993   2.05736e-06   0.000992524   0.00256214   -0.00100921   0.00869579   -0.0065897   -0.128435   -0.474062   0.00285024   0.0290103   -0.203305   0.0746428   -0.00619336   0.0858196   -0.0752309   0.0109338   0.0246977   -0.0209906   -0.00249359   0.021257   -0.0229917   -0.120668   0.0192318   0.00913641   0.00351284   -0.030468   0.00317908   0.0171095   0.0193506   0.00257663   0.021952   -0.00772235   -0.0259655   0.0847672   0.0110629   -0.0414701   0.00156271   
0.0139954   0.0086103   -0.0146332   0.00680981   0.0178243   -0.0193572   0.00516712   -0.0145341   0.0142548   -0.00685044   -0.0150292   0.0147001   -0.00921727   0.00918416   -1.87886e-06   -0.00442085   -0.000893412   0.00251772   0.00379446   -0.00081059   -0.00367327   -0.00524467   0.0149686   0.00043828   0.00111702   0.000261351   0.000832293   -0.0090277   -0.000316592   -0.00192661   0.000551211   -0.000727467   0.00278915   0.00185695   0.000455506   -0.00612054   0.0152214   0.022759   0.00353382   -0.0079924   -0.0140611   0.00833161   -0.00660384   -0.0273351   -0.0550951   -0.0242841   -0.010795   0.0153618   0.155452   0.100885   0.0994461   0.106917   0.07707   0.0319997   0.070394   0.0252765   -0.0429753   -0.021402   -0.0353501   0.0102815   0.0166667   0.0024026   0.0297246   0.060685   0.0391171   0.0458092   0.0309255   0.107916   0.0501473   0.0121265   0.0034603   0.0479715   0.154217   0.222456   0.227231   1   0.0213672   0.053063   0.00576162   -0.0140297   -0.0051226   -0.002443   0.000145006   -0.0155365   0.00444077   0.0013886   0.0149714   -3.44403e-05   -0.000315357   -0.0013492   -0.00382033   -0.0023527   0.000101418   -0.0040133   -0.0104326   -0.00392567   -0.000821528   5.92926e-07   -0.000193791   0.000356183   0.000137248   -0.00098753   0.000108832   -0.0690441   -0.00987989   -0.111637   -0.0196782   0.130477   -0.0102817   -0.0438796   0.0503348   0.0095209   -0.0462964   -0.0416795   -0.0668715   0.00662029   0.00963704   0.00777729   -0.112493   -0.00268004   -0.000873383   0.00324725   0.00325004   -0.0309992   0.00091624   -0.00585174   0.00624349   0.000480455   0.000834854   -0.0129748   -0.322158   0.00990866   0.0341029   0.00373732   
-0.00859377   0.000462894   -0.000600272   0.00490421   0.0141114   -0.00519799   -0.00267419   -0.0109258   0.00664104   -0.00177023   -0.000638735   0.00757317   -0.0197251   0.00760563   5.08181e-07   -0.001445   0.000543721   0.00391627   -0.00483443   0.000682783   0.00870188   -0.0030644   0.0118321   -0.00149793   0.00255002   -0.000434065   0.00280192   -0.00651283   -0.000795034   -0.00230831   -0.0028401   -0.000295518   0.00281604   0.00354153   -0.0040096   -0.00578891   0.00824068   0.0151975   0.00753196   -0.00844629   -0.00887386   -0.00883449   -0.00127203   -0.0226751   -0.0420369   -0.0250969   -0.0337019   0.0183746   0.141064   0.123171   0.104584   0.0954662   0.0742446   0.0319278   0.0407975   -0.00261147   -0.000189977   -0.0174106   -0.0111479   0.0124421   -0.000508861   0.00381887   0.0416322   0.0543589   0.048018   0.0310563   0.0704086   0.102934   0.120941   0.0468534   -0.00137727   0.0784563   0.219882   0.263154   1   0.227231   0.0437783   0.029818   0.00670159   -0.0151394   -0.00636771   -0.012103   0.0130114   0.0415524   0.00504365   0.000718244   0.0247098   -4.38246e-05   -0.000519361   -7.33185e-05   -0.00386691   0.000349907   -5.79989e-06   -0.000655194   -0.0123633   0.000196165   -0.000406553   7.01554e-06   -0.000440826   0.00105927   0.000276663   -4.00015e-05   0.00265244   -0.0575342   -0.0187082   -0.224229   -0.0222097   0.0323326   -0.0106386   -0.0496342   0.0385768   0.0238018   -0.0445042   -0.046899   -0.0714821   0.0069912   0.0165982   -0.0135852   -0.130514   -0.0037751   -0.000394411   0.00483474   -0.00945907   -0.0366493   0.000892937   -0.00177698   0.00561307   0.0186958   -0.00235886   -0.0480729   -0.361271   0.011542   0.0679038   0.00282535   
0.00719581   0.00548143   -0.00980473   0.00602437   0.0145764   -0.0125901   0.0028872   -0.0117999   0.00837726   -0.00592822   -0.0128627   0.0109593   -0.0124362   0.00586288   2.25682e-07   -0.00365233   -0.000512103   0.00355644   0.00170181   -0.00117431   0.0005782   -0.00555358   0.0127258   -0.000672935   0.00019616   0.000273118   -0.00152035   -0.00773865   -0.000495653   -0.0027009   -8.97252e-05   -0.000437244   0.00309442   0.00197072   -0.000931002   -0.00582173   0.00137191   0.0149951   0.00459345   -0.00553841   -0.00911128   0.0072333   -0.006003   -0.0249768   -0.0581692   -0.0381993   -0.0190306   0.00947397   0.150401   0.103759   0.0914043   0.0947533   0.0647806   0.0185266   0.0459563   -0.00315322   -0.0372392   -0.0340608   -0.0347463   0.00363872   0.00787603   -0.0066911   0.0270133   0.0533608   0.0442756   0.0285789   0.0648705   0.135303   0.116402   0.0733683   0.00899347   0.107187   0.217516   1   0.263154   0.222456   0.00416247   0.0228769   0.00441359   -0.0116476   -0.00666323   -0.000172253   0.0195878   0.032423   0.00169876   0.000817179   0.0235414   -2.55656e-05   -0.000370582   -0.000894322   -0.00362153   -0.0018284   -0.00024104   -0.00299546   -0.0104869   -0.00315385   -0.00227163   5.63266e-06   -0.000372928   0.000412996   0.000196734   -0.000703061   0.00155584   -0.0409082   0.0234367   -0.137221   -0.0229522   0.091829   -0.0201066   -0.0395433   0.0284885   0.0184062   -0.0412054   -0.0415028   -0.0589954   0.00565796   0.00678192   0.00491597   -0.0928385   -0.00613331   -0.0011432   0.00292959   -0.000995898   -0.0320854   -0.000213532   -0.00512799   0.00462457   0.00541431   -0.000230378   -0.0301641   -0.337434   0.00836038   0.127102   0.00281424   
-0.00637996   -0.0156785   0.0265935   -0.00453962   -0.0114899   0.0294211   -0.014823   0.0102523   -0.0209168   0.00861606   0.0238079   -0.0156599   -0.0161815   -0.0091289   3.16189e-06   0.00639662   0.00235479   0.00286371   -0.0142426   0.00123277   0.0217512   0.00286148   -0.00911501   -0.0032755   0.000619313   -0.000944877   -0.000523632   0.00668411   -0.000614434   0.00103932   -0.00501693   0.00131139   -0.000245521   0.00170106   -0.00858441   0.000263485   -0.027542   -0.0175983   0.00665471   -0.00478784   0.00713864   -0.0441621   0.00251164   0.00725568   0.0444273   -0.00557132   -0.0222799   0.00134363   0.058673   0.114135   0.0576163   0.0193545   0.0288188   0.0377314   -0.0277586   -0.0552562   0.0926019   0.0153059   0.0627313   0.0196794   -0.00670182   0.0141589   0.0328332   0.0044204   0.0422534   -0.0107571   0.116914   0.0529775   0.22   0.191391   0.015371   0.21839   1   0.217516   0.219882   0.154217   0.0456464   -0.0333215   0.00210152   -0.00531243   -0.00187245   0.031374   0.0244505   0.0784281   0.0026367   -0.000612418   0.00796276   1.61018e-05   -0.000367207   0.00205203   -1.91772e-07   0.00341949   -0.000880264   0.00554664   -0.00227423   0.00495292   -0.000867031   3.47079e-06   -0.000527094   0.000786092   0.000314536   0.000391942   0.0051634   0.013451   0.0378555   -0.167715   -0.0126008   -0.196965   -0.00399925   -0.0266359   -0.0193065   0.0205139   -0.0221531   -0.0299599   -0.0285987   -0.00103292   0.000138919   -0.00250364   -0.0468769   -0.000616686   -3.06918e-05   0.00129969   -0.0205563   -0.0119864   -0.00255195   0.00693016   -0.00395904   0.032169   -0.00517309   -0.0422927   -0.253743   0.00453174   0.0668591   0.000282863   
-0.0186365   -0.0149677   0.0239741   -0.00685604   -0.0232927   0.0341335   -0.0126197   0.0171317   -0.0334565   0.00564466   0.0116933   -0.0210807   -0.00274069   -0.0231766   3.40835e-07   0.00731912   0.000592779   0.00198382   -0.00660588   -0.000941278   0.0151034   0.000617254   -0.0175244   -0.00186813   -0.00573899   0.000850243   -0.00952626   0.0102999   0.000132996   0.00404628   -0.000312925   0.00219036   -0.00113486   -0.00277603   -0.00681469   0.00229965   -0.0517715   -0.0250781   0.00259013   0.000866746   0.0142226   -0.0410025   -0.00370839   0.0154018   0.0770212   -0.0115814   0.0146538   -0.0260006   -0.00371736   0.0598636   0.00272711   -0.0235903   -0.0232873   0.0056675   -0.0651552   -0.0728127   0.0870071   0.00094329   0.0684553   0.00826932   -0.00152361   -0.0103106   0.00683803   -0.0347544   0.00844984   -0.026025   0.0795793   0.00788178   0.181713   0.257386   0.0411059   1   0.21839   0.107187   0.0784563   0.0479715   -0.0254408   -0.0739465   -5.68126e-05   0.00138498   0.00045274   0.0215274   0.006754   0.0124623   0.00063469   0.000190077   -0.0213014   6.61071e-05   -0.000120578   0.00148192   0.00168201   8.26389e-05   -0.0019874   0.00418043   0.00521244   -0.000375098   -0.00378458   -8.07437e-06   -0.000438734   -0.0005676   0.000425166   -0.00125813   0.00533108   0.0628592   0.159343   -0.00608215   -0.00253648   -0.205496   -0.00324562   -0.00416173   -0.0550139   0.0108586   0.00391638   -0.00533871   0.00256885   -0.0061284   -0.0152352   -0.0172076   0.000119897   0.00017542   -0.00197916   -0.00290308   -0.00776567   0.00132241   -0.00791464   0.00480797   -0.00912028   0.0170505   -0.00196742   -0.0393136   -0.0717744   -0.00010428   -0.037352   -0.00146006   
-0.00581564   0.00126559   -0.00256072   0.000118399   -0.000502977   -0.00181926   0.00160486   0.00032332   5.51025e-06   -0.00120063   -0.00359737   0.000426864   0.00292953   -0.00100047   -2.39062e-07   -0.000666796   -0.000349319   -0.0001861   0.00216457   -0.000480398   -0.00256533   -0.000554914   -0.000337317   0.0001975   -0.000973649   0.000122425   -0.0012644   -6.40844e-05   0.000107424   -0.000193233   0.000871914   -4.68492e-05   -3.9963e-05   -0.000534532   0.0011523   0.000399936   -0.00412825   -0.00128181   -0.000189833   0.00102219   0.000254613   0.00270228   -0.00242038   -0.00117005   -0.00254159   -0.00369559   0.00538639   -0.00454123   0.0091761   0.00174263   0.00167351   0.00388995   0.00170318   0.00240099   0.0054706   0.00122063   -0.00839685   -0.00189603   -0.00335722   -0.000372975   0.00473268   -0.000474931   -0.00171593   0.00149751   0.00229582   0.00491626   0.000208445   0.0111766   0.00543739   0.0331005   1   0.0411059   0.015371   0.00899347   -0.00137727   0.0034603   -0.0087005   0.00146844   0.000536114   -0.000421531   -0.00048374   -0.00138318   -0.00102742   -0.00123247   0.000172496   -0.000105773   -0.000387922   4.12795e-06   7.36628e-05   -0.000182444   0.000311197   -0.0006194   -4.05495e-05   -0.000540539   0.00117492   -0.000918048   -0.000691336   -1.2687e-06   3.35999e-05   -0.000221408   -1.63761e-05   6.53806e-05   -0.000322565   0.0029823   0.0120477   0.0353315   0.000976052   0.0148028   -0.00196384   0.000601577   -0.00240343   -0.00490414   0.0035397   0.00266246   -0.00108627   -0.000724934   -0.00271706   -0.00590035   -0.00892758   -0.000600178   -0.000236216   -0.000659416   0.0028235   -0.00262904   -0.000444062   -0.000923674   -0.000385171   -0.00443397   0.000707257   -0.00910818   0.0145908   0.000768653   -0.0105031   -0.000202645   
-0.0214478   -0.0156726   0.0266971   -0.00743715   -0.0197465   0.0328077   -0.012993   0.0154048   -0.0238234   0.00974795   0.0233952   -0.0197978   -0.00465582   -0.013589   2.84329e-06   0.00750947   0.00166978   0.000181973   -0.0111587   0.00149084   0.0162627   0.00477393   -0.0159491   -0.0020152   -0.001006   -0.000193228   -0.00224111   0.00994916   -0.000105031   0.00269089   -0.00322875   0.00148073   -0.00181976   -0.000605051   -0.00647515   0.00364691   -0.0241439   -0.0240471   -0.000463492   0.00608827   0.0176963   -0.0220352   0.0124331   0.0284562   0.0634645   0.0123407   -0.0108547   -0.0147647   -0.0291967   0.036086   -0.00298082   -0.0332006   -0.0160446   0.0195991   -0.0526425   -0.037507   0.10379   0.0367582   0.0825597   0.0262442   0.00927672   0.0287612   0.0300989   -0.00308524   0.036434   -0.0248809   0.107207   0.0276113   0.207945   1   0.0331005   0.257386   0.191391   0.0733683   0.0468534   0.0121265   0.0221339   -0.0490462   -0.0059814   0.0134126   0.00359537   0.0345993   0.00095624   0.0413994   -0.00529553   -0.00109998   -0.0041339   5.78096e-05   -6.67975e-05   0.00208768   0.00224118   0.00328873   -0.000832127   0.00594379   0.00511403   0.00494566   0.000517809   -7.05961e-07   -0.00021532   0.000154754   0.000170143   8.94118e-05   0.00352122   0.0841511   0.0505044   -0.0386165   0.0105357   -0.212211   0.0120825   0.0336298   -0.0643323   0.0179366   0.0357267   0.0258339   0.0593428   -0.00488765   -0.00883481   -0.0123935   0.111864   0.000599763   0.000271532   -0.00155281   -0.0148124   0.0270521   -0.00287329   0.00798562   -0.00691771   0.0191932   -0.00373754   -0.0356467   0.0489229   -0.00971471   0.0335065   -0.00392845   
-0.0309633   -0.020414   0.0366804   -0.00606179   -0.0152153   0.0403082   -0.0203664   0.0103326   -0.0247289   0.0130446   0.0337389   -0.0200749   -0.0224264   -0.00959547   3.59993e-06   0.00998372   0.00319175   0.00215498   -0.0198864   0.00355717   0.0296115   0.00493576   -0.0117903   -0.00306039   0.00213773   -2.52857e-05   0.00106432   0.00785146   -0.000720216   0.00346422   -0.00665442   0.0019019   -0.000536991   0.00154958   -0.0129042   0.000253725   -0.00325773   -0.0103652   0.00151425   0.00384867   0.019456   -0.0276964   0.0239404   0.0300498   0.0639635   0.0162264   -0.042332   0.00279207   -0.0416123   0.0515316   0.00962857   -0.0261545   -0.0120738   0.00592941   -0.0758472   -0.0464706   0.141311   0.0358185   0.0977892   0.0366037   -0.00270018   0.0313234   0.0574232   0.0135047   0.048394   -0.03776   0.147444   0.0373888   1   0.207945   0.00543739   0.181713   0.22   0.116402   0.120941   0.0501473   0.0496184   -0.0616303   -0.00812461   0.0166732   0.00465857   0.0164878   0.00048646   0.0456212   -0.00710276   4.09009e-05   -0.00100161   3.29972e-05   -0.000546057   0.00273054   -0.000250639   0.00523356   -0.00101179   0.00765446   -0.00291254   0.00763622   0.00334998   7.79062e-06   -0.000535659   0.00121543   0.000478374   -0.000514105   0.00641113   0.08656   0.0383857   -0.245898   0.00803445   -0.263184   0.00111326   0.0375432   -0.0617442   0.0557312   0.0342279   0.0236587   0.0723493   -2.16996e-05   0.00749897   -0.0192511   0.151653   0.00133368   0.000619413   0.00233405   -0.0272177   0.036415   -0.00205756   0.0109171   -0.00387062   0.0410912   -0.00683473   -0.0378338   -0.0368012   -0.0140754   0.128352   -0.00415906   
-0.018691   0.0214945   -0.0356262   0.0120729   0.031014   -0.0428749   0.0170867   -0.0276197   0.0352264   -0.0136139   -0.0343071   0.029408   -0.00341825   0.0209665   -1.21149e-06   -0.010093   -0.00234452   0.000653566   0.0132998   -0.000663579   -0.0180599   -0.00802355   0.0259294   0.00246553   0.00176001   0.00154803   0.00133206   -0.0173507   -0.000178416   -0.0045339   0.00330339   -0.00198189   0.00415449   0.00152273   0.00602924   -0.00727108   0.0542239   0.0422913   -0.00518635   0.00769488   -0.00868547   0.0811131   0.00937763   -0.0220839   -0.127736   -0.0288894   -0.0280214   0.0109598   0.108252   -0.00342476   0.0505524   0.0968313   0.051847   -0.0143137   0.0805856   0.0779241   -0.115238   -0.030998   -0.0819633   0.0114855   0.0389265   0.0143373   0.0412128   0.107608   0.0535939   0.0458023   0.0313836   1   0.0373888   0.0276113   0.0111766   0.00788178   0.0529775   0.135303   0.102934   0.107916   -0.0233868   0.0608872   -0.00503895   0.00964582   -0.00270034   -0.0382726   -0.00340626   -0.0316241   -0.010028   0.00124667   0.0372602   -3.2393e-05   -0.000159911   -0.00273744   -0.00461518   -0.0038373   0.00100055   -0.00808635   -0.0117205   -0.00588282   0.00170909   9.08487e-06   0.000136468   0.000208603   -5.40345e-05   -0.00102131   -0.00332149   -0.00154125   -0.0427067   -0.0552044   0.00266822   0.298657   -0.0191064   0.0357468   0.0191933   0.0284956   0.0271843   0.0290031   0.0430571   0.00949852   0.0143481   -0.012915   0.0943121   -0.00822567   -0.00028963   0.00347652   0.0141547   0.00764943   0.00465769   -0.0110941   0.0113408   -0.0229226   0.00359608   -0.0243561   -0.016168   -0.00870283   0.180346   -0.0013218   
-0.0194068   -0.0115627   0.0217933   -0.00440018   -0.00823342   0.021042   -0.0117588   0.00626812   -0.00895379   0.00989362   0.0263526   -0.0113081   -0.00945884   -0.000534409   9.55573e-07   0.00614912   0.00243472   -0.000762593   -0.0125876   0.00352338   0.0154883   0.00602563   -0.00741403   -0.00112684   0.00379016   -0.000810304   0.00596493   0.0053811   -0.00030113   0.00267869   -0.00476442   0.00075834   -0.00153205   0.00142375   -0.00634768   0.00174529   0.0163697   -0.00294269   -1.93821e-05   -2.87201e-05   0.00797377   -0.0200206   0.0174309   0.0216908   0.0539343   0.0381523   -0.0236327   0.00785298   -0.010718   0.0404613   0.0215881   -0.00302665   0.0209091   0.0396943   -0.00991012   0.00806018   0.0981063   0.0589964   0.0755538   0.0415514   0.014857   0.0496859   0.0470424   0.0252204   0.0496552   0.00334901   1   0.0313836   0.147444   0.107207   0.000208445   0.0795793   0.116914   0.0648705   0.0704086   0.0309255   0.0731918   0.00191437   -0.00313498   0.00784301   0.00514914   0.00814733   -0.0109371   -0.00317214   -0.0003997   -9.73454e-05   0.0171204   1.54376e-05   -0.00019134   0.00175892   0.000663341   0.00437065   0.000152487   0.00525509   0.000289861   0.00673782   0.00487555   -1.45404e-06   -3.56894e-05   0.000927343   0.000158058   0.000529725   0.00189721   0.0243912   -0.0526592   -0.115037   0.0136493   -0.153595   0.0108642   0.0201782   -0.0161623   0.0191645   0.0229113   0.0184241   0.0398005   0.000141967   0.00922486   -0.0144328   0.066134   0.00567993   0.00164764   0.00186117   -0.0156857   0.0246892   0.00151213   0.00851205   -0.000932752   0.0223467   -0.00395164   -0.0193906   0.00783622   -0.00582524   0.116856   -0.00244646   
0.00736554   0.00641405   -0.0104035   0.000528357   0.00709482   -0.0178483   0.00554567   -0.00403608   0.0180921   3.9983e-05   0.00182291   0.0076939   0.0111582   0.0121536   -2.97023e-06   -0.00244877   -0.000954751   -0.00348904   0.00275859   0.00171104   -0.00935612   0.00365207   0.00475835   0.0020629   0.00402641   -0.00019096   0.0122624   -0.00169524   0.000324518   -0.000605099   0.00180443   -0.00126335   -0.00156268   0.000230227   0.00589089   0.00319234   0.0286811   0.00940341   0.00215442   -0.00619747   -0.0122353   -0.0169651   -0.0140593   -0.0101288   0.00603786   0.0399709   0.0344669   0.0379841   0.0806684   0.0591154   0.073755   0.0871513   0.115596   0.112149   0.143322   0.0948038   -0.0113125   0.0817036   0.0155698   0.0544463   0.0417976   0.0591758   0.0370293   0.0474009   0.0478029   1   0.00334901   0.0458023   -0.03776   -0.0248809   0.00491626   -0.026025   -0.0107571   0.0285789   0.0310563   0.0458092   0.118329   0.151993   0.00643721   -0.010612   0.00389252   -0.218845   -0.0271742   -0.0667631   0.0105058   0.000473632   -0.153638   -2.44576e-05   0.000354951   -0.000373113   0.00151929   0.00155205   0.00169659   -0.000485103   0.00471138   0.0030116   0.0018975   -1.35187e-05   0.000792022   0.000208919   -0.000375073   0.00214637   -0.00517969   -0.108247   -0.152204   0.101011   0.00832288   0.082833   0.0325257   -0.0123437   0.0797258   -0.0487964   -0.0131473   0.00969699   -0.0359623   0.00103853   0.0383379   -0.00943709   -0.0997644   0.0110213   0.00169242   0.00115549   0.0117253   -0.00605455   0.00490055   -0.000294885   0.00478207   -0.012489   0.00292573   0.000724815   0.00129553   0.00554263   0.0134045   0.00443469   
-0.0187623   0.000308593   0.00166605   -0.000368708   0.00685028   -0.00621175   -0.000132821   -0.00326187   0.0164954   0.00539461   0.0167517   0.00324619   -0.00035771   0.0159761   8.58457e-07   -0.000271864   0.00170239   -0.00315628   -0.00529599   0.00386362   -0.000142996   0.00662717   0.00316172   0.000223975   0.00728678   -0.00212026   0.0131913   -0.000772439   -0.00022927   -0.00135887   -0.00397055   -0.0011795   -0.00148574   0.00322502   0.00157265   0.00230595   0.0440362   0.00647527   -0.000874391   -0.000288185   -0.00345289   0.00760043   0.0150548   0.0086697   -0.00218139   0.0472282   -0.0266549   0.0185651   0.0433406   0.0344321   0.0486108   0.0360912   0.0645963   0.0726373   0.0687721   0.0711247   0.028508   0.0729748   0.0300822   0.0430522   0.0308609   0.0735133   0.0459482   0.0637401   1   0.0478029   0.0496552   0.0535939   0.048394   0.036434   0.00229582   0.00844984   0.0422534   0.0442756   0.048018   0.0391171   0.103496   0.077044   0.000458339   0.00154562   0.00309342   -0.00236598   -0.00772855   0.00658453   0.00240619   -0.00131499   0.0477383   -2.90301e-05   0.000134922   0.000715762   0.000889193   0.00433416   0.00195394   0.0022773   0.000280999   0.0073075   0.00663509   8.10091e-07   0.000439315   0.00107028   -0.000307197   0.00264733   -0.00329511   -0.0320041   -0.188657   -0.0268248   0.0172321   0.00679742   0.019699   0.0125581   0.0275809   -0.0105192   0.0211805   0.0199359   0.0179001   0.00242148   0.0152922   -0.0157052   0.00259041   0.0050645   0.00336308   0.0027082   -0.00695478   0.00958596   0.00774764   0.00462055   0.00479684   0.00245566   -0.00176105   -0.0256588   0.0477043   2.30462e-05   0.0524021   -0.00156562   
-0.0324804   0.0139936   -0.0207117   0.00849959   0.0273985   -0.0315115   0.00917749   -0.0237305   0.0349097   -0.00489051   -0.010108   0.0228649   -0.00756095   0.025422   -2.02877e-06   -0.0057206   -0.000285566   -0.00138502   0.0036142   0.00311333   -0.0093057   -0.00113737   0.0211482   0.00229539   0.00688067   -0.000100819   0.0105489   -0.0132898   -0.000321384   -0.00215782   -0.00126022   -0.00187064   0.00210337   0.00348624   0.00256638   -0.005348   0.0805237   0.0433479   -0.00470136   0.0038897   -0.0083283   0.0590937   0.022356   -0.00714813   -0.0780112   0.0217667   -0.0419793   0.0255737   0.0706909   0.00822863   0.0616964   0.0819717   0.0682353   0.0256616   0.0883923   0.107585   -0.038457   0.0311355   -0.0253915   0.0427363   0.0489884   0.063111   0.0670361   1   0.0637401   0.0474009   0.0252204   0.107608   0.0135047   -0.00308524   0.00149751   -0.0347544   0.0044204   0.0533608   0.0543589   0.060685   0.0620764   0.0918432   -0.00403306   0.00981704   0.00232606   0.00535448   -0.0191207   -0.0637027   -0.00510867   0.000949671   0.0475937   -5.1091e-05   -0.000205729   -0.00145395   -0.0037878   9.78059e-05   0.0018288   -0.00399824   -0.0109127   0.000347869   0.00788992   5.96253e-06   0.000300214   0.00107134   -8.74789e-05   -8.65273e-05   -0.00360471   -0.0249684   -0.15498   -0.120536   0.0168407   0.197993   0.00712895   0.0383398   0.0362272   0.0263243   0.036487   0.0384886   0.0524906   0.0101974   0.0208792   -0.026886   0.0885919   0.000446415   0.0019703   0.00546584   0.00253619   0.0209594   0.0082346   -0.00372917   0.0121959   -0.00809361   0.000663996   -0.0483347   0.0635955   -0.00784647   -0.00814322   -0.00214005   
-0.0319323   0.000330318   0.00250355   0.00206746   0.0090474   -0.00343301   -0.00337818   -0.00955347   0.0109913   0.00288368   0.00900379   0.00520388   -0.0104019   0.0112668   -2.52786e-06   0.0013813   0.0009806   -0.000941008   -0.00539209   0.00381615   0.00558811   0.00227226   0.00687319   0.00103042   0.00523698   0.000157599   0.00904033   -0.00396915   -0.00025847   0.00195246   -0.00260809   -0.000222485   0.000279109   0.00192757   -0.00345458   -0.00239436   0.0548282   0.0267875   -0.0021487   -0.00077212   -0.00156979   0.011604   0.0208132   0.00725428   0.00590547   0.0388007   -0.0297226   0.018192   0.0175776   0.0242992   0.0409551   0.0393967   0.0475063   0.0310181   0.0368999   0.06092   0.0425062   0.0542382   0.0343099   0.0524974   0.0342548   0.0577642   1   0.0670361   0.0459482   0.0370293   0.0470424   0.0412128   0.0574232   0.0300989   -0.00171593   0.00683803   0.0328332   0.0270133   0.0416322   0.0297246   0.0686612   0.044517   -0.00215267   0.00669982   0.00501846   -0.0441955   -0.025309   -0.0779683   7.5168e-06   0.00160229   0.0312502   -1.72834e-05   -0.000294526   0.000132023   -0.00205657   0.00201648   0.00076393   0.000765638   -0.00600534   0.00305962   0.00688276   -3.14983e-06   0.000145033   0.00105347   0.000191506   -0.00036536   -0.000238226   -0.0122751   -0.0937655   -0.144637   0.0170142   0.0096916   0.0107157   0.022612   0.0191344   0.0267775   0.0256957   0.0253043   0.0385697   0.00611662   0.0249318   -0.0293128   0.0563414   0.00611226   0.00144603   0.00442199   -0.00539447   0.023296   0.00395889   0.00290585   0.00629726   0.010906   -0.00134722   -0.0540694   0.0479989   -0.00569037   -0.030634   -0.00194847   
-0.00116995   -0.00464329   0.0114513   -0.0047812   6.09174e-05   0.00140482   -0.00388633   0.00422528   0.0160854   0.012476   0.0357748   -0.00345521   0.00538588   0.0185019   7.02126e-07   0.00270373   0.00322837   -0.00627448   -0.0105408   0.00597842   0.00165293   0.0132987   -0.00414146   0.000433399   0.0109187   -0.0037231   0.0201597   0.00480527   -6.07227e-05   0.000351525   -0.0064462   -0.00124981   -0.00422741   0.00382218   0.0017362   0.00632068   0.0573079   -0.00163883   -0.0025478   -0.00342346   -0.00438932   -0.0104725   0.0209268   0.0238897   0.0459568   0.093597   -0.0222764   0.0254809   0.0324361   0.0434258   0.0531213   0.0247075   0.0850597   0.12041   0.0926076   0.102971   0.0774896   0.135504   0.0778279   0.0696995   0.0482336   1   0.0577642   0.063111   0.0735133   0.0591758   0.0496859   0.0143373   0.0313234   0.0287612   -0.000474931   -0.0103106   0.0141589   -0.0066911   0.00381887   0.0024026   0.167992   0.108099   0.000578369   0.00178439   0.00789048   0.0346476   -0.0118244   -0.0128553   0.00635542   -0.00215105   0.0642614   -2.80507e-05   0.00035719   0.00166586   0.00322132   0.0074254   0.00280023   0.00546293   0.00588211   0.0124361   0.0106408   -4.84428e-06   0.000775806   0.0013524   -0.000550742   0.0039058   -0.00526293   -0.0514762   -0.287858   0.0252509   0.0291108   -0.0693382   0.0401585   0.014189   0.0400384   -0.0314812   0.0228883   0.0246967   0.0244829   6.29688e-05   0.0138749   0.00253102   0.00563075   0.0127577   0.00550591   0.00225435   -0.0118107   0.0230073   0.0109421   0.0105986   0.00336098   0.00549235   -0.00300312   -0.00378351   0.101183   0.000219696   -0.0202188   -0.00167787   
0.0119058   0.00564658   -0.00730833   0.0013519   0.00516096   -0.0108257   0.00291897   -0.00628357   0.0104892   -0.00083329   -0.00256548   0.00666564   0.00532273   0.00641725   -5.50988e-06   -5.25367e-05   -0.000388778   -0.00275754   0.00337851   0.00146669   -0.00694861   0.00100802   0.00366436   0.00290092   0.002242   0.000552781   0.00464585   -0.00242708   0.000471102   0.00371046   0.00121343   -0.000215878   -0.00083309   -0.000875986   0.00108346   -0.00112909   0.0441279   0.0236445   -0.00619685   -0.00330227   -0.00735558   0.0123021   0.0100408   0.00556317   0.0226514   0.0434093   0.0094445   0.00604167   0.0372908   0.0145629   0.0290718   0.0399237   0.0422559   0.0395644   0.0567477   0.0721678   0.0100405   0.0496848   0.0228071   0.0418154   1   0.0482336   0.0342548   0.0489884   0.0308609   0.0417976   0.014857   0.0389265   -0.00270018   0.00927672   0.00473268   -0.00152361   -0.00670182   0.00787603   -0.000508861   0.0166667   0.0398195   0.052547   -0.0013501   0.00350859   0.00645308   0.0106226   -0.0300654   -0.143237   0.00242889   0.00209371   0.0325285   8.84466e-06   2.85545e-05   -0.000954351   -0.0007961   -0.00109737   0.000489547   -0.00188996   -0.000297332   -0.00174467   0.00523381   -1.53488e-05   0.000390378   -8.07814e-05   2.0609e-05   -0.00159491   -0.00262456   -0.0280756   -0.0571542   0.0315934   0.016287   0.0625813   0.0147803   0.0119399   0.0285178   -0.00158519   0.00754995   0.0144186   0.0221361   0.00265479   0.00555891   0.0107204   0.0384917   0.00891919   0.000638349   0.000918393   0.00820962   0.023735   0.00218093   -6.16889e-05   0.00342937   -0.00816092   0.00205922   0.00606586   0.0353513   -0.00351921   0.00109928   -0.000132802   
-0.00268462   -0.00310825   0.00815774   -0.00223753   -0.00146616   0.00377674   -0.005234   2.74078e-05   0.00364752   0.00622409   0.0168114   -0.00228742   0.000169184   0.00563315   -4.11446e-06   0.00375509   0.00112292   -0.00304736   -0.00567338   0.00364622   0.00412155   0.00560884   -0.00220865   0.0015881   0.00463789   -0.000230219   0.00991225   0.00215685   0.000203976   0.00431873   -0.00180024   0.000158069   -0.00206213   0.000254361   -0.00225841   0.00142361   0.0437163   0.014414   -0.0033794   -0.0053073   -0.00368857   -0.0122339   0.0153792   0.0154243   0.0586283   0.0644518   -0.00294659   0.0118102   0.0151844   0.0382495   0.0373645   0.0295388   0.0544877   0.0660786   0.0482128   0.0687967   0.0689158   0.0876197   0.0671285   1   0.0418154   0.0696995   0.0524974   0.0427363   0.0430522   0.0544463   0.0415514   0.0114855   0.0366037   0.0262442   -0.000372975   0.00826932   0.0196794   0.00363872   0.0124421   0.0102815   0.0885755   0.054257   0.000216435   0.00179786   0.00778435   -0.0536713   -0.0346113   -0.115378   0.00568327   0.00156007   0.0351534   5.69866e-06   -1.89874e-05   0.000514005   0.000409838   0.00249784   0.000746109   0.00232273   0.00155479   0.00394829   0.00661861   -1.53727e-05   0.0004149   0.000579854   5.22082e-05   -9.53963e-05   -0.0014992   -0.0315886   -0.104343   -0.0276925   0.0203642   -0.0501342   0.0248598   0.00682749   0.0273857   -0.00182444   0.0103878   0.0136814   0.0183484   0.00178715   0.0205273   -0.00549098   0.0138664   0.0122191   0.0017662   0.00206546   -0.00186041   0.0238982   0.00311404   0.0057134   0.00248154   0.00743333   -0.000483386   -0.0164984   0.045505   -0.00199402   -0.0168728   -0.000761403   
0.00427946   -0.0233607   0.0425976   -0.0131916   -0.0294021   0.0444515   -0.0219341   0.0243351   -0.0278942   0.0196826   0.0508081   -0.0293704   0.00112875   -0.0119376   -2.99991e-06   0.0136008   0.0038588   -0.0039744   -0.0191317   0.00498444   0.0221511   0.0135948   -0.0257683   -0.00062375   0.00394496   -0.00179113   0.0093122   0.0177795   0.000321354   0.00903703   -0.00577654   0.00203502   -0.00591088   -0.000794895   -0.0088229   0.00768369   0.0050681   -0.0199172   6.6625e-05   -0.0109037   0.00624069   -0.0808134   0.0132858   0.0406052   0.178799   0.0987553   0.0137926   0.00217767   -0.0571929   0.0575001   0.00798861   -0.0445806   0.0242026   0.0958108   -0.0146721   0.00625607   0.189665   0.129745   1   0.0671285   0.0228071   0.0778279   0.0343099   -0.0253915   0.0300822   0.0155698   0.0755538   -0.0819633   0.0977892   0.0825597   -0.00335722   0.0684553   0.0627313   -0.0347463   -0.0111479   -0.0353501   0.122762   0.00371435   0.0028427   -0.00253857   0.0116896   0.0191948   -0.0351547   -0.0949153   0.0130829   0.000501709   0.022045   4.49663e-05   6.69577e-05   0.00312583   0.00432522   0.00646284   -0.00010213   0.0100845   0.0112392   0.0100144   0.00701001   -2.42873e-05   0.000271217   0.000574227   0.000165746   0.000649874   0.00173444   -0.0161245   -0.0749432   -0.00514538   0.0237011   -0.332725   0.0372007   -0.0130384   0.00292282   -0.0180811   -0.00141586   -0.00190812   0.000470622   -0.00609845   0.00473657   0.00238518   -0.0334123   0.0203719   0.0024386   -0.000565121   -0.0175535   0.027131   -0.000351644   0.0170586   -0.00731512   0.0308373   -0.00446295   -0.00341894   0.0423884   0.00300634   -0.0112851   -0.000786278   
0.0188791   -0.0130996   0.0257219   -0.010842   -0.014488   0.0175918   -0.010572   0.0170794   0.00299966   0.0190626   0.0522372   -0.0160729   0.012025   0.0105578   -2.36085e-07   0.00729751   0.00391241   -0.00795406   -0.0155695   0.00667803   0.0071235   0.0181869   -0.0163429   0.000232647   0.0107942   -0.0041028   0.022598   0.0132318   0.000236224   0.00321297   -0.00679224   -0.000497886   -0.00690564   0.00241823   0.00052789   0.0110513   0.0418088   -0.0188403   -0.00212992   -0.00873293   -0.00369867   -0.0474183   0.0179354   0.0366169   0.117178   0.124395   -0.00179339   0.019963   0.012637   0.0679241   0.0502048   0.00433073   0.0925946   0.160805   0.0900824   0.0984269   0.134795   1   0.129745   0.0876197   0.0496848   0.135504   0.0542382   0.0311355   0.0729748   0.0817036   0.0589964   -0.030998   0.0358185   0.0367582   -0.00189603   0.00094329   0.0153059   -0.0340608   -0.0174106   -0.021402   0.202395   0.108768   0.00348962   -0.00363761   0.0109947   -0.0300378   -0.0222981   -0.0370646   0.0131256   -0.00217351   0.0653112   -1.44763e-05   0.000558635   0.00279387   0.0060691   0.00942255   0.00266398   0.00910292   0.0139586   0.0156444   0.010272   -1.47851e-05   0.000988639   0.00117015   -0.000621635   0.00464358   -0.00529122   -0.0661552   -0.300044   0.0995182   0.0327595   -0.192641   0.0588769   -0.00434943   0.0427057   -0.0557025   0.00834648   0.0113924   0.00273659   -0.00468072   0.0194715   0.017249   -0.0453888   0.0198167   0.00596384   0.000491169   -0.013151   0.0233627   0.00955643   0.0159527   -0.00124484   0.0113823   -0.00336413   0.0172951   0.100397   0.00405726   -0.0130526   -0.000855985   
-0.0116676   -0.0315772   0.0571324   -0.0157756   -0.0359692   0.0605187   -0.03015   0.02927   -0.0387503   0.0246982   0.0639965   -0.0377853   -0.00666801   -0.0167676   -2.5987e-06   0.0176163   0.00513809   -0.00311143   -0.0264674   0.00626036   0.0332923   0.0155918   -0.0311868   -0.00175538   0.00442413   -0.0021598   0.0094976   0.0213749   8.53486e-05   0.0108293   -0.00843444   0.00283504   -0.00634613   -0.000231315   -0.0138158   0.00777054   -0.000220649   -0.0244108   0.00241998   -0.0123211   0.0113773   -0.10256   0.0177922   0.0483781   0.213183   0.106684   0.00443448   0.00382304   -0.0899842   0.0667653   0.00165786   -0.0659016   0.00845087   0.092725   -0.0517672   -0.0186071   1   0.134795   0.189665   0.0689158   0.0100405   0.0774896   0.0425062   -0.038457   0.028508   -0.0113125   0.0981063   -0.115238   0.141311   0.10379   -0.00839685   0.0870071   0.0926019   -0.0372392   -0.000189977   -0.0429753   0.139805   -0.0216264   0.00309505   -0.00221151   0.0128329   0.0534174   -0.034795   -0.0881144   0.0144125   0.000593065   0.0138045   3.60663e-05   -0.000131085   0.00415542   0.00427703   0.00809807   -0.000537946   0.0129944   0.0103077   0.012331   0.00827923   -2.12263e-05   2.66787e-05   0.000966264   0.000366002   0.000452307   0.00435757   -0.00426856   -0.0588028   -0.0910271   0.0247154   -0.439351   0.0391725   -0.0150563   -0.00797786   -0.00475887   0.000757055   -0.00316079   0.00279832   -0.0063814   0.00356456   -0.0130407   -0.03505   0.0224205   0.00254369   0.000258458   -0.0277833   0.0302845   -0.00158414   0.0212999   -0.00905695   0.0471012   -0.00703155   -0.0298517   0.0409096   0.00342559   -0.02801   -0.00140853   
0.00913962   0.0133066   -0.0191322   0.0040549   0.019931   -0.031877   0.0100667   -0.0154219   0.0367488   -0.000715015   0.000597646   0.0186166   0.00862673   0.0263227   -4.61297e-06   -0.00434932   -0.0002065   -0.00554815   0.00414802   0.00391675   -0.0157555   0.00466217   0.0135686   0.00377246   0.00879648   -0.00107034   0.0170866   -0.0075282   0.000278146   -0.000114628   -0.000460563   -0.00215058   -0.0011987   0.00230553   0.00653241   3.08677e-05   0.0871172   0.0333702   -0.00795026   -0.00218733   -0.0155193   0.0408325   0.0202736   0.00314391   -0.0251386   0.0707034   -0.0141486   0.0242296   0.0785176   0.0169676   0.0677077   0.0790419   0.100896   0.0878468   0.138228   1   -0.0186071   0.0984269   0.00625607   0.0687967   0.0721678   0.102971   0.06092   0.107585   0.0711247   0.0948038   0.00806018   0.0779241   -0.0464706   -0.037507   0.00122063   -0.0728127   -0.0552562   -0.00315322   -0.00261147   0.0252765   0.110978   0.139219   -0.00101474   0.00376672   0.00679898   -0.0363494   -0.0261893   -0.123738   0.00265927   0.000648472   0.0758864   -4.55321e-05   0.000254118   -0.00119908   -0.00049852   0.00156817   0.00271363   -0.00251571   -0.00118973   0.00303638   0.00954122   -8.52329e-06   0.000915241   0.000721233   -0.000478195   0.00109583   -0.00756402   -0.0704515   -0.248672   0.0472764   0.0264543   0.171668   0.0378751   0.0219909   0.0643183   -0.01867   0.0205727   0.0289912   0.0308913   0.00607378   0.0244863   0.00925233   0.0373037   0.00972709   0.00351809   0.00335777   0.00923738   0.0248543   0.0104788   -0.000395262   0.0101537   -0.017937   0.00231877   -0.0117499   0.107829   -0.00356126   -0.018475   -0.000748403   
0.0112544   0.0138587   -0.0222514   0.00308599   0.0193205   -0.0357435   0.0135757   -0.0103753   0.0391498   -0.00107827   0.00136127   0.0177988   0.0154159   0.0278725   -1.03818e-06   -0.00700612   -9.52071e-05   -0.00569124   0.00570122   0.00261666   -0.0203184   0.00599734   0.011985   0.00235154   0.00874535   -0.00291804   0.01801   -0.00573516   0.000196207   -0.00434501   -0.000816562   -0.00295615   -0.00182911   0.00344473   0.0111642   0.00318352   0.0553146   0.0132644   0.000742342   -0.00477803   -0.0189808   0.0103653   -0.00854322   -0.0143664   -0.0435211   0.0511753   0.0148176   0.04688   0.13196   0.05601   0.0953036   0.105482   0.140513   0.13549   1   0.138228   -0.0517672   0.0900824   -0.0146721   0.0482128   0.0567477   0.0926076   0.0368999   0.0883923   0.0687721   0.143322   -0.00991012   0.0805856   -0.0758472   -0.0526425   0.0054706   -0.0651552   -0.0277586   0.0459563   0.0407975   0.070394   0.157272   0.201818   0.00676243   -0.0114154   0.00232881   -0.0311519   -0.0133136   -0.0195617   0.00970402   -0.00193193   -0.0889738   -5.87684e-05   0.000577674   -0.000842521   0.00158873   0.00257365   0.00340926   -0.00193342   0.00290199   0.00511894   0.00618061   -5.58194e-06   0.00100538   0.000611652   -0.000825307   0.0039337   -0.00915245   -0.135286   -0.29173   0.137995   0.0126954   0.183819   0.0364177   -0.00916764   0.102449   -0.0649501   -0.00761733   0.0139347   -0.0358571   0.00291446   0.0179313   0.000843005   -0.108562   0.00895756   0.0041798   0.00189224   0.0092246   -0.0111853   0.0119683   -0.00119825   0.00869754   -0.0241237   0.00229404   0.0072871   0.0119345   0.00893708   0.00734269   0.00393294   
0.0245332   -0.00971929   0.0179835   -0.00998385   -0.0113562   0.00930202   -0.00541125   0.0176714   0.00766129   0.0161669   0.0459448   -0.012904   0.0170484   0.0122244   1.68582e-06   0.00392789   0.00332275   -0.0075121   -0.0117416   0.00504693   0.000603958   0.0172857   -0.0144303   -0.000484428   0.0100361   -0.00522257   0.0216978   0.0124144   0.00020848   -0.000356008   -0.00626451   -0.00125976   -0.00666609   0.00323424   0.00473708   0.0118938   0.0179504   -0.0300532   0.00378442   -0.0105638   -0.00840317   -0.0606218   -0.00399035   0.0185627   0.0860324   0.0996584   0.0188896   0.0335814   0.0668936   0.0944563   0.0775534   0.031303   0.1216   1   0.13549   0.0878468   0.092725   0.160805   0.0958108   0.0660786   0.0395644   0.12041   0.0310181   0.0256616   0.0726373   0.112149   0.0396943   -0.0143137   0.00592941   0.0195991   0.00240099   0.0056675   0.0377314   0.0185266   0.0319278   0.0319997   0.21916   0.156495   0.0093409   -0.0157077   0.00634019   -0.00261166   -0.0134487   0.0331303   0.0175139   -0.0039132   -0.0448265   -2.1002e-05   0.000765355   0.00252805   0.00681859   0.00890759   0.00307878   0.00800354   0.0151492   0.0151093   0.00707988   -1.34191e-05   0.00101099   0.000933561   -0.000871255   0.00613136   -0.00661347   -0.115868   -0.317412   0.167005   0.0187935   -0.141772   0.0596548   -0.0310854   0.0723927   -0.0874341   -0.017604   -0.00521134   -0.0524036   -0.00611184   0.0105475   0.0155427   -0.157589   0.0172673   0.00595778   -0.000602638   -0.0105333   -0.00759519   0.0102855   0.013015   -0.00157146   0.00302668   -0.00271705   0.0305428   0.00189735   0.0139992   0.0113248   0.00285085   
-0.00772276   0.00396996   -0.00532949   0.000300735   0.0107994   -0.0159387   0.00344826   -0.00471227   0.0234887   0.00374461   0.0136599   0.00752036   0.00527342   0.0193548   -9.11375e-07   -0.00219918   0.000823093   -0.00383085   -0.00240766   0.00360624   -0.00603016   0.00694086   0.00578659   0.000953355   0.00792354   -0.00254976   0.0167232   -0.00174382   -7.52852e-05   -0.00213206   -0.00281284   -0.0017879   -0.00187695   0.00342714   0.00480212   0.00294601   0.0423791   0.00734786   0.00302774   -0.00662739   -0.012882   -0.0113625   -0.00118869   -0.00587068   -0.00460284   0.0518839   -0.000858477   0.0368279   0.0999951   0.0754392   0.0893113   0.0835999   1   0.1216   0.140513   0.100896   0.00845087   0.0925946   0.0242026   0.0544877   0.0422559   0.0850597   0.0475063   0.0682353   0.0645963   0.115596   0.0209091   0.051847   -0.0120738   -0.0160446   0.00170318   -0.0232873   0.0288188   0.0647806   0.0742446   0.07707   0.152288   0.149292   0.00745649   -0.0120956   0.00218286   -0.0587922   -0.0173353   -0.0144083   0.0109545   -0.00128919   -0.0485142   -5.98462e-05   0.000295913   0.000292715   0.00128628   0.0039097   0.00252367   0.00122513   0.00162009   0.00682529   0.00571296   -3.98505e-06   0.000675514   0.000952973   -0.000497409   0.00341005   -0.00531526   -0.109113   -0.238518   0.0299413   0.0106283   0.0576426   0.0379039   -0.0190057   0.07902   -0.0431584   -0.00910051   0.00257097   -0.0399055   0.00255712   0.0243683   -0.0169464   -0.121123   0.00923632   0.00351423   0.00280077   -0.000599521   -0.0127438   0.00883877   0.00276856   0.00635245   -0.00423207   -0.000171019   -0.0215094   -0.0289286   0.00987664   -0.00709746   0.00256844   
-0.0100188   0.0156127   -0.0256278   0.0087438   0.0240756   -0.0329913   0.010797   -0.021468   0.0267857   -0.00940963   -0.0227193   0.0225025   -0.00263694   0.0156877   -4.83252e-06   -0.00635741   -0.00214403   0.000251604   0.00898955   0.000311716   -0.0125143   -0.00519398   0.0198763   0.00274828   0.00210654   0.00120616   0.00460454   -0.0126633   2.26159e-05   -0.00112331   0.00268508   -0.00134665   0.00258346   0.00103978   0.00358568   -0.00606363   0.0472375   0.0393736   -0.00058007   -0.0032726   -0.0147707   0.0314162   -0.00160981   -0.0247245   -0.0652161   -0.00267231   -0.000722876   0.0243078   0.109296   0.0408938   0.0767898   1   0.0835999   0.031303   0.105482   0.0790419   -0.0659016   0.00433073   -0.0445806   0.0295388   0.0399237   0.0247075   0.0393967   0.0819717   0.0360912   0.0871513   -0.00302665   0.0968313   -0.0261545   -0.0332006   0.00388995   -0.0235903   0.0193545   0.0947533   0.0954662   0.106917   0.032507   0.0974101   0.00301302   -0.00544289   -0.000549129   -0.0738204   -0.028438   -0.0988662   0.0025847   0.00228304   -0.0424091   -3.62015e-05   -0.000177007   -0.00218767   -0.00392807   -0.00315193   0.000807297   -0.00601452   -0.00934525   -0.00498561   0.00216885   -5.5506e-06   0.000224197   0.000219381   4.63508e-05   -0.00130447   -0.00271189   -0.0728912   -0.0591822   -0.055183   -0.000960122   0.218297   0.00769177   -0.00665954   0.0626212   0.00508467   -0.00976598   0.00203828   -0.0201354   0.00840094   0.0227563   -0.0180445   -0.0440091   0.00159473   -0.000406079   0.00371453   0.0131647   -0.00821768   0.00312742   -0.00782333   0.00985227   -0.0132397   0.00332891   -0.0292042   -0.0913203   0.00254042   -0.0179176   0.00251215   
-0.00376855   0.00404784   -0.00574252   0.00213419   0.0119791   -0.0136246   0.00231692   -0.00780773   0.0179048   0.000902943   0.00551088   0.00857482   -0.0018593   0.0143097   -1.39625e-06   -0.00193355   0.000265539   -0.00139648   -0.00162249   0.00240852   -0.00288195   0.00279735   0.00812077   0.000745154   0.00546173   -0.00131855   0.0107737   -0.00384329   -0.000175373   -0.0013155   -0.00199874   -0.00118594   -0.000205667   0.00280537   0.00188339   -0.000601461   0.0346748   0.0134097   0.0021497   -0.00593938   -0.0110126   -0.00175266   0.0022481   -0.00879174   -0.0165837   0.0273643   -0.0102988   0.0256376   0.0956907   0.0717649   1   0.0767898   0.0893113   0.0775534   0.0953036   0.0677077   0.00165786   0.0502048   0.00798861   0.0373645   0.0290718   0.0531213   0.0409551   0.0616964   0.0486108   0.073755   0.0215881   0.0505524   0.00962857   -0.00298082   0.00167351   0.00272711   0.0576163   0.0914043   0.104584   0.0994461   0.0973858   0.0989231   0.0051025   -0.00918817   0.000433662   -0.0314484   -0.0179179   -0.0240898   0.00689376   -0.000150727   -0.0112416   -3.85111e-05   1.20105e-05   -0.000148907   -0.000734906   0.00185123   0.00149266   -0.000180128   -0.00316898   0.00316259   0.00390634   -3.54833e-06   0.00032474   0.000791054   -0.000205201   0.00139136   -0.00277743   -0.0779876   -0.147524   -0.0433525   0.00231933   0.0630743   0.0254849   -0.0194698   0.0574343   -0.0154432   -0.0146069   -0.00784031   -0.0338539   0.00417398   0.0189371   -0.00909016   -0.0850414   0.00492168   0.0018644   0.00310839   -0.00104786   -0.0116899   0.00556988   0.000431649   0.005976   0.000496174   -0.000269393   -0.0176422   -0.105832   0.00703035   -0.0443332   0.00199475   
0.0165148   -0.00846957   0.0148119   -0.00462022   -0.00673611   0.0119639   -0.00776489   0.00845676   -0.00481405   0.00801327   0.0232127   -0.00882679   -0.000527162   0.000435792   -5.45652e-07   0.00388997   0.00153854   -0.00121178   -0.00890211   0.00215001   0.00829324   0.00638878   -0.00694509   -0.000852478   0.00358466   -0.00181465   0.00833569   0.00618119   -7.16737e-05   0.00134643   -0.0032747   0.000148051   -0.0023018   0.00146643   -0.00192369   0.0032965   -0.00225473   -0.011665   0.00496237   -0.0111607   -0.0062715   -0.0486125   -0.00420426   0.00274287   0.0568577   0.0368923   0.00587417   0.0145011   0.0738092   1   0.0717649   0.0408938   0.0754392   0.0944563   0.05601   0.0169676   0.0667653   0.0679241   0.0575001   0.0382495   0.0145629   0.0434258   0.0242992   0.00822863   0.0344321   0.0591154   0.0404613   -0.00342476   0.0515316   0.036086   0.00174263   0.0598636   0.114135   0.103759   0.123171   0.100885   0.102044   0.0564463   0.00793208   -0.0155891   0.00115161   -0.0324838   -0.0109326   -0.000921995   0.0123014   -0.000539844   -0.00937516   -6.12747e-06   6.94206e-05   0.00136132   0.00175573   0.00363453   0.000610777   0.00424857   0.00339573   0.00581834   0.00162917   -1.03938e-05   0.000188972   0.000577619   -0.000108166   0.00173149   -0.000323621   -0.0715021   -0.0951399   -0.0148105   -0.00327818   -0.111316   0.0270175   -0.0462577   0.0415099   -0.0282488   -0.0380034   -0.0338695   -0.0651083   -0.00148349   0.0120808   0.00791532   -0.142696   0.00843198   0.00156052   0.000884821   -0.00827382   -0.0188451   0.00182035   0.0063196   -0.00111399   0.0144074   -0.00210859   0.0110037   -0.194077   0.0122149   -0.0449158   0.00293455   
0.0419813   0.0163722   -0.0280078   0.00656017   0.0215354   -0.0365935   0.0148642   -0.0145256   0.0305438   -0.00809344   -0.0180317   0.0210248   0.00821215   0.0185794   -1.46599e-06   -0.00833144   -0.00156203   -0.0014428   0.0103049   -0.000890098   -0.0194607   -0.00212545   0.0162161   0.00194466   0.00338987   -0.000950267   0.00644462   -0.00932318   0.000110412   -0.00425521   0.00201868   -0.00217371   0.00103875   0.00191338   0.00879276   -0.00212337   0.0288692   0.0171061   -0.000808613   -0.0060174   -0.0203908   0.0290117   -0.00815125   -0.0253387   -0.074757   -0.00172328   0.00318267   0.0161116   1   0.0738092   0.0956907   0.109296   0.0999951   0.0668936   0.13196   0.0785176   -0.0899842   0.012637   -0.0571929   0.0151844   0.0372908   0.0324361   0.0175776   0.0706909   0.0433406   0.0806684   -0.010718   0.108252   -0.0416123   -0.0291967   0.0091761   -0.00371736   0.058673   0.150401   0.141064   0.155452   0.0439319   0.109687   0.00539289   -0.0133606   -0.00380676   -0.00567869   0.000245312   -0.0130008   0.00471109   -0.000316577   0.0372394   -4.19601e-05   0.000235186   -0.00190947   -0.0012832   -0.00181337   0.00165211   -0.00534883   -0.0034929   -0.00237357   0.000362477   -1.93383e-06   0.000439321   1.16779e-05   -0.000469853   0.00099803   -0.00563969   -0.093627   -0.127034   0.0747373   -0.0101659   0.223455   0.00952325   -0.0342618   0.0691797   -0.0313957   -0.0391915   -0.0294931   -0.0596473   0.00428374   0.00651752   0.035404   -0.105626   -0.00114955   0.00100341   0.00129171   0.013156   -0.0268229   0.00587281   -0.00718925   0.00723502   -0.022711   0.00330698   0.0347185   -0.219232   0.00955006   -0.0010412   0.00382929   
0.0206114   0.00376322   0.00011967   0.00337761   0.0053384   -0.00763727   0.00078065   -0.00276454   0.0111919   0.00267147   0.0112313   0.00375553   -0.00274064   0.0215758   3.95148e-06   -0.00166835   0.00690565   -0.00342491   -0.00295839   -0.000173445   0.00290087   0.00283912   0.00424679   -0.000853503   0.00813129   -0.0018983   0.00562797   -0.00164348   -0.000361856   -0.000275783   -0.00253367   -0.000228125   -0.000972156   0.000923143   0.000905588   0.00160393   0.120991   0.0337397   -0.0416356   0.00135462   -0.0445229   0.210765   0.291052   0.383418   0.00749063   0.0943156   0.349038   1   0.0161116   0.0145011   0.0256376   0.0243078   0.0368279   0.0335814   0.04688   0.0242296   0.00382304   0.019963   0.00217767   0.0118102   0.00604167   0.0254809   0.018192   0.0255737   0.0185651   0.0379841   0.00785298   0.0109598   0.00279207   -0.0147647   -0.00454123   -0.0260006   0.00134363   0.00947397   0.0183746   0.0153618   0.0686397   0.064708   0.00542584   0.0137465   -0.00176595   0.00858902   0.00700988   0.044339   -0.00113326   0.0015669   -0.115901   -3.74171e-07   -5.60564e-07   0.000303887   0.000308702   0.00388414   0.00112089   0.000918547   -0.000266918   0.00681405   0.00850164   4.39215e-06   0.000148254   0.00119936   0.000167455   0.00276506   -0.00197678   0.291807   -0.0849806   -0.0435579   -0.00322891   0.0144852   -0.178999   -0.0699236   -0.218003   0.128897   0.0715071   -0.117421   0.0459819   0.00281525   0.00840933   0.0208701   0.0125382   -0.00768574   0.0037651   0.00272534   -0.00552306   0.000508971   0.00803048   0.00710107   0.00403525   0.00723893   -0.00140205   -0.0459961   0.0139451   -0.00152385   -0.0241157   -0.0415965   
0.0697561   0.00197713   0.000664234   0.000402561   -0.0156345   0.00741938   -0.00246879   -0.00225067   -0.0110521   -0.00272563   -0.0157075   -0.00992994   0.0144755   -0.00629645   -8.00634e-06   0.00115772   0.00194381   -0.00511986   0.0124287   0.00475207   -0.00588699   0.00101116   -0.0114494   0.00208468   -0.00870336   0.00144087   -0.00802483   0.000398083   0.000774203   0.00633182   0.00351674   0.0017087   -0.00119148   -0.00610861   2.34085e-05   0.00588925   0.0211704   0.0213738   0.0132416   0.0199111   0.0186572   0.119125   0.195028   0.26   0.0875488   0.0311976   1   0.349038   0.00318267   0.00587417   -0.0102988   -0.000722876   -0.000858477   0.0188896   0.0148176   -0.0141486   0.00443448   -0.00179339   0.0137926   -0.00294659   0.0094445   -0.0222764   -0.0297226   -0.0419793   -0.0266549   0.0344669   -0.0236327   -0.0280214   -0.042332   -0.0108547   0.00538639   0.0146538   -0.0222799   -0.0190306   -0.0337019   -0.010795   -0.0213045   0.0128551   8.6195e-05   0.000754987   -0.0274087   -0.00188607   -0.00101732   -0.115297   -0.00741162   0.00310931   -0.130942   8.04712e-05   0.000255578   -0.000223102   0.00135496   -0.00443637   -0.00180513   -0.000443189   0.00641163   -0.00678618   -0.0023677   -2.43897e-05   0.00011427   -0.000885453   0.00117028   0.00205023   0.00196649   0.0855288   0.114045   0.159608   0.11523   -0.0192685   -0.100923   -0.117711   -0.0885416   -0.00191764   0.0442766   -0.190916   -0.0069737   -0.00158626   -0.0103219   0.0556503   -0.0496609   -0.050391   -0.00143494   -0.0012651   0.015261   -0.0849819   -0.00503447   0.00459896   0.00152692   -0.0219722   0.00379779   0.011881   -0.0384532   0.00354383   0.0322848   -0.035959   
0.0080235   -0.00535142   0.0141948   -0.00885189   -0.00479666   -0.000792931   -0.00100371   0.0341648   -0.00366438   0.0153906   0.0582097   0.000209082   0.00999558   0.0127081   -1.29098e-05   0.00695618   0.00772541   -0.00254443   -0.0218152   -0.0155973   0.00883291   0.00643249   -0.0048886   0.000452901   0.0240193   -0.00320568   0.0141796   0.0188125   0.000606721   0.00806678   -0.000815328   1.11558e-05   -0.00751397   8.19479e-06   0.00106922   -0.00188645   0.225851   0.14316   0.0586741   0.0152248   0.0145689   0.0275145   0.0449509   0.104498   0.243086   1   0.0311976   0.0943156   -0.00172328   0.0368923   0.0273643   -0.00267231   0.0518839   0.0996584   0.0511753   0.0707034   0.106684   0.124395   0.0987553   0.0644518   0.0434093   0.093597   0.0388007   0.0217667   0.0472282   0.0399709   0.0381523   -0.0288894   0.0162264   0.0123407   -0.00369559   -0.0115814   -0.00557132   -0.0381993   -0.0250969   -0.0242841   0.12463   0.0643855   0.00184394   -0.00114859   -0.0391309   0.0310438   0.0250993   -0.102137   -0.0331771   0.0042974   0.0709494   -4.35081e-06   0.000109538   -5.09454e-05   0.0036643   0.00951501   0.00282755   0.00267636   0.0132113   0.0152765   0.0214982   -2.30273e-05   0.00084094   0.000573455   -0.00174643   -0.00675747   -0.00955519   0.0607926   -0.16958   0.0646446   -0.248687   -0.132158   -0.123525   0.101176   -0.0282105   -0.0151239   -0.00910891   0.131359   -0.0430361   -0.00678007   0.00351327   0.00997408   -0.0133681   -0.051468   0.00666375   -0.00343731   -0.0060435   -0.0690208   0.0116989   0.0102302   -0.0135831   0.0418284   -0.0015506   0.0302721   0.0720437   0.00172923   -0.0115229   0.0573223   
0.0353693   -0.0221054   0.0455095   -0.014713   -0.0416233   0.0471072   -0.0218645   0.0422385   -0.047015   0.0203035   0.0576017   -0.0329101   0.0119026   -0.015888   -2.00288e-05   0.0168974   0.00978863   -0.00524812   -0.0193045   -0.00641401   0.0246142   0.00997718   -0.0328185   0.000420112   0.00858122   -0.000994242   0.000487841   0.0268529   0.00113265   0.0183993   -0.000524993   0.00402063   -0.00895926   -0.00707791   -0.0095804   0.00600537   0.11345   0.0937411   0.044322   0.0265252   0.0374943   -0.149154   -0.0379618   0.0268958   1   0.243086   0.0875488   0.00749063   -0.074757   0.0568577   -0.0165837   -0.0652161   -0.00460284   0.0860324   -0.0435211   -0.0251386   0.213183   0.117178   0.178799   0.0586283   0.0226514   0.0459568   0.00590547   -0.0780112   -0.00218139   0.00603786   0.0539343   -0.127736   0.0639635   0.0634645   -0.00254159   0.0770212   0.0444273   -0.0581692   -0.0420369   -0.0550951   0.0734994   -0.0308613   0.00638701   -0.0166541   -0.0476377   0.0391652   0.0115727   -0.216423   -0.032521   0.00720387   0.00145486   9.0739e-05   3.29449e-05   0.00194239   0.00539922   0.00566457   -0.00105955   0.00816726   0.0197302   0.00871688   0.0151779   -4.72451e-05   0.000334312   -0.000229337   0.000208438   -0.00460617   0.000237414   -0.128172   0.0698892   0.102731   -0.0885306   -0.388127   -0.181629   0.0141215   0.106538   -0.0423925   -0.00557579   0.0315146   -0.0820068   -0.0109167   -0.00989067   0.0224103   -0.0962939   -0.0709552   0.00301   -0.00437924   -0.00591801   -0.131329   -0.00165315   0.0214066   -0.0166616   0.0437723   -0.00155822   0.0285604   -0.0080221   0.00852149   0.0139552   -0.00845235   
0.00352749   -0.00644164   0.0115236   -0.00436524   -0.0084615   0.0119092   -0.0050579   0.00832822   -0.00667332   0.00608269   0.0159237   -0.00799922   0.00191653   -0.0029108   -5.20289e-07   0.00369446   0.000910253   -0.00130828   -0.00585378   0.000778498   0.0050849   0.00423336   -0.00752443   -0.000266776   0.00195282   -0.000559696   0.00285143   0.00569418   0.00011516   0.00197708   -0.00163446   0.000363723   -0.0018762   -7.68281e-05   -0.00166005   0.00247712   0.0911875   0.0144671   -0.0393045   0.00467007   0.00530393   0.24958   0.310186   1   0.0268958   0.104498   0.26   0.383418   -0.0253387   0.00274287   -0.00879174   -0.0247245   -0.00587068   0.0185627   -0.0143664   0.00314391   0.0483781   0.0366169   0.0406052   0.0154243   0.00556317   0.0238897   0.00725428   -0.00714813   0.0086697   -0.0101288   0.0216908   -0.0220839   0.0300498   0.0284562   -0.00117005   0.0154018   0.00725568   -0.0249768   -0.0226751   -0.0273351   0.025718   -0.0102105   -0.00926579   0.0167312   -0.00527081   0.0142658   0.00664837   -0.00853899   -0.00617073   -0.000417538   0.0392143   3.37376e-05   7.76489e-05   0.000890547   0.00165744   0.00237062   0.00018907   0.00292646   0.00426451   0.00373852   0.00230023   -7.4564e-06   0.000157326   0.000117654   -0.000120652   -6.87116e-06   -0.000340102   0.438962   -0.0325497   0.0169111   -0.000377636   -0.0920046   0.018829   0.0128472   -0.318508   0.130548   -0.0285651   -0.0197455   0.0107822   -0.00253449   -0.0014246   0.0125562   0.0500939   -0.0111425   0.00105891   -0.000884567   -0.00536478   0.016824   0.000715979   0.0047218   -0.00308643   0.00722214   -0.00136578   0.0430103   0.0282484   -0.0041255   -0.00147888   0.00482679   
-0.0224151   -0.00204215   0.00274484   -0.000155907   0.0013311   0.00405063   -0.00320289   -0.00789099   0.00371374   0.000962003   -0.00149888   -0.00131201   -0.00421237   -0.00147798   -1.52995e-06   0.00104191   -0.00240854   -0.000367747   -5.00434e-05   0.00617143   0.000857999   0.00216302   0.000176259   0.000632568   -0.00255369   0.00050936   0.00303006   -0.00302203   -0.000101284   7.33491e-07   -0.00185562   -0.000176975   0.000805772   0.00118007   -0.00215676   0.000387152   0.0652437   0.0178782   -0.0132355   0.0321285   0.0978495   0.276569   1   0.310186   -0.0379618   0.0449509   0.195028   0.291052   -0.00815125   -0.00420426   0.0022481   -0.00160981   -0.00118869   -0.00399035   -0.00854322   0.0202736   0.0177922   0.0179354   0.0132858   0.0153792   0.0100408   0.0209268   0.0208132   0.022356   0.0150548   -0.0140593   0.0174309   0.00937763   0.0239404   0.0124331   -0.00242038   -0.00370839   0.00251164   -0.006003   -0.00127203   -0.00660384   0.00910916   -0.00878345   -0.0104635   0.0154459   -0.00543874   0.00675856   0.00517359   -0.0272815   -0.00887709   -0.00117002   0.0795405   1.40774e-05   -7.43256e-05   0.000433464   -0.000869108   -0.000448337   -5.98869e-05   0.00106978   -0.00341123   -0.00091487   -0.00110528   -2.8856e-06   2.47653e-05   0.000233405   0.000286944   0.000857749   0.00138651   0.351795   -0.0371897   -0.0548215   0.0663051   -0.0054864   0.0949584   -0.00256303   -0.230907   0.094228   -0.0330306   -0.0203592   0.00236795   0.00271253   0.0058808   -0.0125329   0.0630865   -0.0106811   -0.000572265   0.00185498   -0.00310875   0.0192598   -0.000829946   0.000167357   0.00404998   -0.00395736   -0.000780252   0.0189377   0.0304471   -0.00525135   -0.013612   0.00234132   
-0.0269892   0.0145774   -0.0286019   0.00698333   0.0245678   -0.0315629   0.0148019   -0.0171242   0.0239361   -0.0111276   -0.0276469   0.0237537   -0.00349096   0.00635442   2.91491e-06   -0.00732297   -0.00583343   0.00366793   0.00837236   -0.00323851   -0.0150045   -0.00838882   0.0204687   0.00169223   6.50815e-05   0.00188313   -0.000980254   -0.0116699   -8.17839e-05   -0.00530725   0.00337175   -0.00191004   0.0038714   0.00207968   0.00487241   -0.00814906   0.0977836   0.0902011   0.127118   -0.0393372   0.262971   1   0.276569   0.24958   -0.149154   0.0275145   0.119125   0.210765   0.0290117   -0.0486125   -0.00175266   0.0314162   -0.0113625   -0.0606218   0.0103653   0.0408325   -0.10256   -0.0474183   -0.0808134   -0.0122339   0.0123021   -0.0104725   0.011604   0.0590937   0.00760043   -0.0169651   -0.0200206   0.0811131   -0.0276964   -0.0220352   0.00270228   -0.0410025   -0.0441621   0.0072333   -0.00883449   0.00833161   -0.0665048   -0.00501762   -0.00863298   0.024006   0.0127807   -0.0164877   0.000774923   -0.00358339   -0.00536436   -0.000882095   0.100288   -1.15864e-05   -0.000155647   -0.00235335   -0.00378941   -0.0035924   0.000675298   -0.00690528   -0.00957872   -0.00594221   -0.00241936   9.12897e-06   3.80355e-05   -0.00037862   -0.000584097   -0.00344885   -0.00274195   0.369822   -0.0099801   -0.0414414   -0.0414508   0.230067   0.0985964   0.0383469   -0.208794   -0.0859305   -0.0583384   0.0480088   0.0290534   0.00520728   0.00393245   -0.00885861   0.151359   0.0167317   -0.00162223   0.000488302   0.00991671   0.0880026   0.00110206   -0.0138599   0.00441493   -0.0165426   0.00253605   0.0505386   0.0387105   -0.013204   -0.00347952   0.0175172   
-0.0232994   -0.00292079   0.00437619   -0.00131724   -0.00243241   0.00530591   -0.00173006   0.00390233   -0.00455228   0.00154529   0.00474906   -0.00265255   -0.00217626   -0.00271762   1.51565e-06   0.00112244   0.00019036   0.000825626   -0.00296836   -0.000988973   0.00363716   0.000109951   -0.00184433   -0.000687803   0.000402643   -5.8605e-05   -0.000746496   0.0019834   -7.85225e-05   -0.000246904   -0.000547256   0.000169103   -0.000155193   0.000242561   -0.00105278   -8.89624e-05   0.00513617   0.0206549   -0.00768427   0.00297154   1   0.262971   0.0978495   0.00530393   0.0374943   0.0145689   0.0186572   -0.0445229   -0.0203908   -0.0062715   -0.0110126   -0.0147707   -0.012882   -0.00840317   -0.0189808   -0.0155193   0.0113773   -0.00369867   0.00624069   -0.00368857   -0.00735558   -0.00438932   -0.00156979   -0.0083283   -0.00345289   -0.0122353   0.00797377   -0.00868547   0.019456   0.0176963   0.000254613   0.0142226   0.00713864   -0.00911128   -0.00887386   -0.0140611   -0.00374182   -0.016114   -0.000550085   -0.00303052   0.00745398   0.00244968   -0.00050403   0.0228619   0.00342985   -0.00046081   -0.0105698   6.41078e-06   -3.88926e-05   0.000353283   0.000343096   0.000931559   -3.98028e-05   0.000959779   0.000659687   0.00140535   0.000286676   1.90403e-06   -7.67399e-05   4.383e-05   -9.15941e-05   -0.0003609   0.000566787   -0.112356   0.0137635   -0.0184259   -0.0168488   -0.0361785   0.00252757   -0.012016   0.459807   -0.105763   -0.0538386   -0.0179915   -0.0189849   -0.00114358   -0.0015269   -0.0216559   0.0213744   0.0120654   5.69097e-05   -0.000437669   -0.00375756   0.0184108   -0.000359135   0.000608877   -0.00198559   0.00596629   -0.000943811   0.0286548   0.0113243   -0.0019377   0.0025575   0.00681925   
-0.0208534   0.000482746   -0.00200136   0.000288468   0.00216936   -0.00156783   0.0013169   -0.0013766   0.00199645   -0.000891066   -0.00255226   0.00154175   -0.00114585   -0.000518416   5.49791e-07   -0.000789443   -0.00107623   0.000721494   0.000332033   9.15216e-05   -0.000982528   -0.000596417   0.00165693   -0.000169686   -0.000559203   0.000150836   -0.000223008   -0.00112889   -8.29552e-05   -0.00155459   -8.18729e-05   -0.000301727   0.000565867   0.000646386   0.000514212   -0.00048109   0.0536968   0.0972787   0.00890746   1   0.00297154   -0.0393372   0.0321285   0.00467007   0.0265252   0.0152248   0.0199111   0.00135462   -0.0060174   -0.0111607   -0.00593938   -0.0032726   -0.00662739   -0.0105638   -0.00477803   -0.00218733   -0.0123211   -0.00873293   -0.0109037   -0.0053073   -0.00330227   -0.00342346   -0.00077212   0.0038897   -0.000288185   -0.00619747   -2.87201e-05   0.00769488   0.00384867   0.00608827   0.00102219   0.000866746   -0.00478784   -0.00553841   -0.00844629   -0.0079924   -0.00792691   -0.00455526   -0.00194951   -0.00902457   0.00470793   -0.00139925   0.000332146   0.0230814   0.000641609   -0.000955721   -0.00153502   1.66201e-06   -1.89251e-07   -1.25608e-05   -0.000155957   -3.96567e-05   0.000133916   -0.000230675   -0.000861258   -7.19509e-05   -0.000902762   3.61712e-06   -2.36148e-05   -1.48716e-05   -0.000109733   2.18579e-05   -8.03147e-06   -0.121848   -0.00266681   -0.00845597   -0.000640419   0.0166407   0.027427   -0.0341181   -0.0605417   0.312011   -0.0464792   -0.0505166   -0.0228608   0.000128496   -0.000281173   -0.0191889   0.0288987   0.0082403   -0.000224317   -4.68553e-05   -0.000789346   0.0121982   -2.24004e-05   -0.00170847   0.000273777   -0.00190182   -0.000193874   0.0289687   0.0162955   -0.00258446   0.00308601   0.00169471   
-0.015192   -0.00128608   0.00209401   -1.05217e-05   -0.000910008   0.00251334   -0.00131704   -0.000489438   -0.000642127   0.00046396   0.000801217   -0.00195895   -0.00136379   0.000341442   1.17249e-06   -4.9768e-05   0.000364558   -0.000106974   -0.000336083   0.0013595   0.00154428   0.000845206   -0.000940849   -0.000556016   -0.000740379   -0.000368056   0.000289092   -0.000193295   -0.0001132   -0.000843406   -0.000899844   3.38133e-06   0.000102393   0.0004416   -0.000278711   0.00105381   0.0650272   0.261068   1   0.00890746   -0.00768427   0.127118   -0.0132355   -0.0393045   0.044322   0.0586741   0.0132416   -0.0416356   -0.000808613   0.00496237   0.0021497   -0.00058007   0.00302774   0.00378442   0.000742342   -0.00795026   0.00241998   -0.00212992   6.6625e-05   -0.0033794   -0.00619685   -0.0025478   -0.0021487   -0.00470136   -0.000874391   0.00215442   -1.93821e-05   -0.00518635   0.00151425   -0.000463492   -0.000189833   0.00259013   0.00665471   0.00459345   0.00753196   0.00353382   0.0081381   0.00329404   0.000608638   -0.00802592   0.0019065   -0.000900909   -0.00143896   0.0255177   0.0086674   -0.000651891   -0.0211384   1.30399e-05   1.34235e-05   0.000386689   0.000246648   0.000436739   6.86616e-07   0.000872441   -0.000126266   0.000781321   -0.000712056   -8.92006e-07   -4.17338e-05   0.000162114   0.000134242   0.00128582   0.000699686   -0.121534   -0.00576004   -0.0107547   0.0159558   -0.013986   -0.00433257   -0.0430664   -0.345781   -0.732011   -0.0106907   -0.0504768   -0.0182885   0.000105764   0.000825059   -0.0136579   -0.034196   0.00744046   9.40389e-05   0.000522489   -0.00241728   -0.00145416   4.5273e-05   0.000973834   0.000845808   0.000542346   -0.000617022   -0.0109393   -0.00419066   0.00298823   6.61101e-05   -0.00146866   
-0.0280237   0.0115112   -0.015153   0.00657246   0.0156058   -0.0224948   0.00733844   -0.00535688   0.00894149   -0.00562884   -0.00707642   0.0180356   -0.00550883   0.0122283   -1.09805e-05   -0.00203733   0.00297323   0.00139892   0.000977551   -0.00918742   -0.00174072   -0.00789953   0.015203   0.00199151   0.00821691   0.00155785   -0.00204792   -0.00463177   0.000191169   0.00453714   0.00386292   0.00020803   0.000878858   -0.00167629   -0.000438797   -0.00945411   0.18503   1   0.261068   0.0972787   0.0206549   0.0902011   0.0178782   0.0144671   0.0937411   0.14316   0.0213738   0.0337397   0.0171061   -0.011665   0.0134097   0.0393736   0.00734786   -0.0300532   0.0132644   0.0333702   -0.0244108   -0.0188403   -0.0199172   0.014414   0.0236445   -0.00163883   0.0267875   0.0433479   0.00647527   0.00940341   -0.00294269   0.0422913   -0.0103652   -0.0240471   -0.00128181   -0.0250781   -0.0175983   0.0149951   0.0151975   0.022759   -0.0281083   0.00944893   -0.00279197   -0.000704496   -0.0249324   -0.00679983   0.00194092   -0.130176   -0.0225733   0.00616131   0.0123484   -8.29057e-07   -0.000443125   -0.00239634   -0.00376444   -0.00133072   0.000207888   -0.00575412   -0.00611789   -0.00235218   0.0105606   -9.15955e-06   7.5556e-06   0.000134121   -0.000106938   -0.00629436   -0.00241916   -0.0203941   0.0525316   -0.0891816   -0.114365   0.121592   -0.147201   0.0699617   -0.0972727   -0.154329   -0.0131558   0.082317   -0.0468564   0.00513455   0.00780386   -0.0264875   0.0449152   -0.0407055   0.000621681   0.00142821   0.0091829   -0.0556123   0.00316239   -0.00338848   0.000953977   0.0119019   0.00233172   -0.0192542   0.00645197   -0.00443142   -0.0142453   -0.0140567   
-0.0331727   0.0124062   -0.012604   0.00592692   0.0197032   -0.0287116   0.00834032   -0.00234925   0.0219602   0.000612985   0.0142456   0.0206732   -0.00328702   0.0305366   -1.06114e-05   -0.00215997   0.00741847   -0.00229373   -0.00554606   -0.00933656   -0.000868537   -0.00190427   0.0168522   0.00176192   0.0183594   -0.000858378   0.00888749   -0.0026168   1.60923e-05   0.00412862   0.000661764   -0.000655096   -0.00150488   0.000397261   0.00177044   -0.00699398   1   0.18503   0.0650272   0.0536968   0.00513617   0.0977836   0.0652437   0.0911875   0.11345   0.225851   0.0211704   0.120991   0.0288692   -0.00225473   0.0346748   0.0472375   0.0423791   0.0179504   0.0553146   0.0871172   -0.000220649   0.0418088   0.0050681   0.0437163   0.0441279   0.0573079   0.0548282   0.0805237   0.0440362   0.0286811   0.0163697   0.0542239   -0.00325773   -0.0241439   -0.00412825   -0.0517715   -0.027542   0.00137191   0.00824068   0.0152214   0.0490266   0.059778   -0.00405674   0.00713534   -0.0325686   0.0078756   0.0172509   -0.104466   -0.0322895   0.00598709   0.0735701   -2.91061e-05   -0.00027274   -0.00180976   -0.00208257   0.00401924   0.002211   -0.00364182   -0.00287102   0.00673009   0.0201453   -4.70748e-06   0.000444559   0.00117247   -0.000559477   -0.00439552   -0.00666455   0.0914365   -0.109551   -0.0856146   -0.137252   0.112913   -0.216094   0.139342   -0.0469492   0.0445013   -0.0208242   0.169698   -0.0302868   0.00561769   0.0163979   -0.0257261   0.0820818   -0.0527956   0.00498078   0.00282883   0.00248686   -0.0515504   0.0123235   0.00316755   0.00258757   0.0186768   0.000636404   0.00149288   0.0681354   -0.00716909   -0.0304774   0.024658   
0.00136313   0.00163067   0.0041416   0.00254884   0.00872293   0.00693315   -0.0142788   -0.0136721   -0.00765255   0.00238391   0.00281099   -0.000736356   0.00393619   -0.00320015   -1.21375e-05   -0.00303457   -0.00562437   0.00479202   0.01251   0.0203389   0.0369186   0.000690684   0.000528762   -0.00124222   0.000273348   0.0130432   0.0274043   -0.0131107   -0.000693694   0.00463892   0.035109   0.0155345   0.021395   0.0238193   0.0476763   1   -0.00699398   -0.00945411   0.00105381   -0.00048109   -8.89624e-05   -0.00814906   0.000387152   0.00247712   0.00600537   -0.00188645   0.00588925   0.00160393   -0.00212337   0.0032965   -0.000601461   -0.00606363   0.00294601   0.0118938   0.00318352   3.08677e-05   0.00777054   0.0110513   0.00768369   0.00142361   -0.00112909   0.00632068   -0.00239436   -0.005348   0.00230595   0.00319234   0.00174529   -0.00727108   0.000253725   0.00364691   0.000399936   0.00229965   0.000263485   -0.00582173   -0.00578891   -0.00612054   0.0123387   0.00436817   0.000886005   -0.00149902   0.00169683   -0.00330829   0.00155723   0.019944   0.00186657   0.0391765   0.00302917   0.000312534   -0.00500484   -0.00634755   -0.00446067   -0.0119211   8.03519e-07   -0.0121118   0.00259313   -0.0305667   0.0491733   -0.00011539   -0.0107973   -0.00734652   -0.019634   -0.129705   -0.00177402   -0.00768733   -0.0223552   0.0245014   0.034583   -0.0234981   -0.00829023   -0.00265068   0.00263092   -0.0108649   -0.00488763   -0.00166127   -0.00646133   -0.0254957   -0.11618   0.00279266   -0.0104665   0.000373076   0.00167364   0.0241253   -0.00580785   -0.00203538   0.00137909   0.0111834   0.0376257   0.0344108   -0.000376325   0.00956548   0.00611061   0.000989556   0.0033069   0.00079732   
0.00410822   0.00314765   -0.00156057   0.0035848   0.0144031   0.00223054   -0.0014062   -0.008493   0.00185355   0.000207144   -0.00449586   0.00651654   0.00499344   -0.000712981   -1.13955e-05   -0.00546317   0.00111868   0.00513251   0.0173396   0.00971618   0.0149998   -0.000665404   -0.00240706   4.73557e-05   0.00140466   0.00251821   0.0076721   -0.00962989   -0.00024827   0.0193825   0.0294346   0.0229549   0.0294904   0.0389919   1   0.0476763   0.00177044   -0.000438797   -0.000278711   0.000514212   -0.00105278   0.00487241   -0.00215676   -0.00166005   -0.0095804   0.00106922   2.34085e-05   0.000905588   0.00879276   -0.00192369   0.00188339   0.00358568   0.00480212   0.00473708   0.0111642   0.00653241   -0.0138158   0.00052789   -0.0088229   -0.00225841   0.00108346   0.0017362   -0.00345458   0.00256638   0.00157265   0.00589089   -0.00634768   0.00602924   -0.0129042   -0.00647515   0.0011523   -0.00681469   -0.00858441   -0.000931002   -0.0040096   0.000455506   0.00151724   0.00966328   0.000644127   -0.000404889   0.00128128   -0.00347575   0.000858445   0.0141258   0.00273393   0.0199591   0.00297635   0.000521883   -0.00707043   -0.0117503   0.00623576   -0.0235434   -0.00903451   -0.0222687   0.0355407   -0.043588   0.032182   7.27005e-05   -0.0103182   -0.00856937   -0.00645261   -0.105422   -0.0221201   -0.00398715   -0.0184927   0.0281724   -0.00826582   0.0231573   -0.00113315   3.18278e-05   0.00341473   -0.00633461   0.000711349   0.000534039   -0.00160662   -0.0205786   -0.0300594   0.00470583   -0.00544573   -0.000617581   0.00493044   0.0167951   -0.0609651   -0.002197   0.00827311   0.0107551   0.0247577   0.0328846   -0.015148   0.00633712   0.00416213   0.000525774   0.00437074   -1.47554e-05   
-0.00302808   0.00159959   -0.000287024   -0.00114858   0.00122171   0.00341102   0.00286846   0.000507834   -0.000840861   0.00114654   0.00261439   0.0019526   0.000723237   -0.00157605   -2.38759e-06   -0.00150443   0.00470694   0.000370854   0.00930371   0.00187487   -0.011241   0.001335   -0.00683216   -0.000602783   0.00213555   -0.0095547   -0.015175   -0.00081427   -1.10696e-06   0.0416619   0.0284189   0.0396696   0.0484586   1   0.0389919   0.0238193   0.000397261   -0.00167629   0.0004416   0.000646386   0.000242561   0.00207968   0.00118007   -7.68281e-05   -0.00707791   8.19479e-06   -0.00610861   0.000923143   0.00191338   0.00146643   0.00280537   0.00103978   0.00342714   0.00323424   0.00344473   0.00230553   -0.000231315   0.00241823   -0.000794895   0.000254361   -0.000875986   0.00382218   0.00192757   0.00348624   0.00322502   0.000230227   0.00142375   0.00152273   0.00154958   -0.000605051   -0.000534532   -0.00277603   0.00170106   0.00197072   0.00354153   0.00185695   0.00822366   0.00480012   7.78577e-05   0.000136309   0.00232194   0.00421376   0.000523119   0.0158975   0.00301117   -0.00291555   0.00134948   0.000925439   -0.00335583   -0.0111465   -0.0102344   -0.00788512   -0.00854277   -0.0205501   -0.00358661   -0.00982161   0.0283755   -0.000144822   -0.00281672   -0.00259205   0.00620876   -0.0289122   -0.0124287   0.000112491   -0.0185893   -0.00836595   -0.00433334   0.000170634   0.0076695   0.000506819   -0.000658254   -0.000646923   0.00214323   0.000637074   0.000204842   0.01564   0.0726191   -0.00257794   -0.00226676   -0.000901474   0.00149198   0.00053499   -0.152599   -0.00197782   0.00275618   0.000640947   0.000341808   0.00404408   -0.038676   -0.00429195   0.00333796   0.000293235   -0.002923   -0.000306734   
-0.00199567   0.00243752   -0.00241525   -0.00189824   -0.00657189   -0.00456746   0.00392357   0.00208694   0.000204801   -0.00110603   -0.00110752   0.000526149   -0.00121316   0.000424051   2.58793e-06   0.00137054   -0.00250339   -0.000676157   -0.00429172   0.000351434   0.00078249   -0.000209882   0.00437132   -0.000133744   -0.000232931   0.0025362   0.00250004   -0.000386353   -4.94591e-05   0.0423609   0.0465717   0.0426339   1   0.0484586   0.0294904   0.021395   -0.00150488   0.000878858   0.000102393   0.000565867   -0.000155193   0.0038714   0.000805772   -0.0018762   -0.00895926   -0.00751397   -0.00119148   -0.000972156   0.00103875   -0.0023018   -0.000205667   0.00258346   -0.00187695   -0.00666609   -0.00182911   -0.0011987   -0.00634613   -0.00690564   -0.00591088   -0.00206213   -0.00083309   -0.00422741   0.000279109   0.00210337   -0.00148574   -0.00156268   -0.00153205   0.00415449   -0.000536991   -0.00181976   -3.9963e-05   -0.00113486   -0.000245521   0.00309442   0.00281604   0.00278915   -0.0070166   -0.00255588   -0.000392658   0.000724155   -0.000749319   -0.00252951   -0.00107162   -0.00140974   -0.000195508   -0.0207203   -0.00170073   0.00102496   0.00113532   0.00776052   -0.0138547   0.00120806   -0.0075272   0.0214741   -0.0181974   0.00893175   0.00373352   -0.000199101   0.00289742   0.00314848   0.00558543   0.0312734   0.00355833   0.00211313   0.00959425   -0.011211   0.00490714   0.0133132   0.00189909   0.000735432   -0.00164415   0.003264   -0.00046252   -0.000309813   0.00031336   0.0255831   -0.0149128   -0.00266211   0.00432514   -0.0012323   -0.00225523   -0.00134088   -0.107311   -0.0011779   -0.00353429   -0.00642513   -0.00104472   -0.00738115   -0.0274572   -0.00348332   -0.00279375   -0.000438994   -0.0010254   6.70512e-05   
0.000768603   0.000120406   0.000357425   -0.00101845   -0.00259369   0.00231429   0.00434117   0.00552135   0.000363517   7.93486e-05   0.0011266   -0.0011411   -0.000449141   0.000103972   2.90131e-06   0.0014931   -0.000890865   -0.00108381   -0.00369624   -0.000557137   0.000123991   0.000802002   0.00117219   0.000105254   -8.39403e-05   0.000761788   0.000545354   0.00137942   1.46992e-05   0.0378028   0.0367931   1   0.0426339   0.0396696   0.0229549   0.0155345   -0.000655096   0.00020803   3.38133e-06   -0.000301727   0.000169103   -0.00191004   -0.000176975   0.000363723   0.00402063   1.11558e-05   0.0017087   -0.000228125   -0.00217371   0.000148051   -0.00118594   -0.00134665   -0.0017879   -0.00125976   -0.00295615   -0.00215058   0.00283504   -0.000497886   0.00203502   0.000158069   -0.000215878   -0.00124981   -0.000222485   -0.00187064   -0.0011795   -0.00126335   0.00075834   -0.00198189   0.0019019   0.00148073   -4.68492e-05   0.00219036   0.00131139   -0.000437244   -0.000295518   -0.000727467   -0.00200957   -0.00299922   -0.000145866   -0.00044661   0.000684788   0.0001164   -0.000321093   -0.00505228   -0.000803772   -0.0221572   -0.000910904   -0.00580734   0.0014845   0.00174522   -0.00505549   0.000884547   -0.00319094   0.00318162   -0.0107426   0.00882646   -0.00350977   2.63347e-05   0.00145592   0.00301394   0.00216486   0.034119   0.0069914   0.000463372   0.00747214   -0.00170285   0.00234029   -0.00556998   -0.00278413   -0.000418023   -0.000321431   0.000866656   -0.00085389   -0.000442164   -0.000198246   0.00555109   -0.00314609   -0.000332979   0.000511809   0.000376289   0.000376463   -0.00182285   -0.0887536   0.00072375   0.000843321   -0.00146874   -0.00219489   -0.0062563   -0.0230485   2.56479e-05   -0.00178528   -6.78875e-05   0.000173938   9.71762e-05   
0.00438118   0.000486203   -0.00244918   0.000605735   -0.00122159   -0.00622539   -0.00109806   2.64922e-06   0.0002892   -0.0018635   -0.00310071   0.000140753   -0.000336063   0.000737395   3.01769e-06   0.00158816   -0.0112631   0.00121241   -0.0123489   0.00261404   0.0303135   -0.00267874   0.0152495   0.000550204   -0.00158007   0.0203001   0.0347278   -0.0034914   -0.000303814   0.0328571   1   0.0367931   0.0465717   0.0284189   0.0294346   0.035109   0.000661764   0.00386292   -0.000899844   -8.18729e-05   -0.000547256   0.00337175   -0.00185562   -0.00163446   -0.000524993   -0.000815328   0.00351674   -0.00253367   0.00201868   -0.0032747   -0.00199874   0.00268508   -0.00281284   -0.00626451   -0.000816562   -0.000460563   -0.00843444   -0.00679224   -0.00577654   -0.00180024   0.00121343   -0.0064462   -0.00260809   -0.00126022   -0.00397055   0.00180443   -0.00476442   0.00330339   -0.00665442   -0.00322875   0.000871914   -0.000312925   -0.00501693   -8.97252e-05   -0.0028401   0.000551211   -0.0133241   -0.00338161   -8.56679e-05   0.00064837   -0.00154613   -0.0104141   -0.000971041   -0.0174768   -0.00178453   -0.0166291   -0.00208006   0.000949705   0.00397254   0.00800797   0.00488934   0.00660089   0.00528222   0.0145878   -0.00689651   0.0179077   -0.022626   0.000215515   0.00399949   0.00527792   4.17855e-05   0.0467671   0.00699097   0.00239183   0.0217267   0.0104342   -0.0122068   0.017304   0.000519244   -0.000107321   -0.000627845   0.00205251   -0.000577289   -0.00075447   0.000666581   -0.00983617   -0.157587   0.00307029   0.00316588   5.79276e-05   -0.00239425   0.0068109   -0.0195698   0.00089862   -0.00411739   -0.00365624   0.0121291   0.00125519   -0.00478612   0.00290571   -0.0048026   -0.000446893   0.00363114   -2.98958e-05   
0.00338742   -0.000707252   0.00549255   0.00488637   0.0175395   0.0229677   0.0225303   0.0201273   0.00985095   0.00119061   -0.000954345   0.000487773   -0.000580107   0.00669211   -1.84955e-06   0.00146514   0.00383117   0.00354072   -0.000935709   -0.00369118   -0.0122577   0.00239476   -0.00207504   0.00222199   -0.00129151   -0.00524942   -0.00972002   0.00747413   6.7602e-05   1   0.0328571   0.0378028   0.0423609   0.0416619   0.0193825   0.00463892   0.00412862   0.00453714   -0.000843406   -0.00155459   -0.000246904   -0.00530725   7.33491e-07   0.00197708   0.0183993   0.00806678   0.00633182   -0.000275783   -0.00425521   0.00134643   -0.0013155   -0.00112331   -0.00213206   -0.000356008   -0.00434501   -0.000114628   0.0108293   0.00321297   0.00903703   0.00431873   0.00371046   0.000351525   0.00195246   -0.00215782   -0.00135887   -0.000605099   0.00267869   -0.0045339   0.00346422   0.00269089   -0.000193233   0.00404628   0.00103932   -0.0027009   -0.00230831   -0.00192661   -0.00274152   -0.00448383   0.000560703   0.00112813   -0.00612579   0.00372385   0.000440597   -0.0337208   -0.00701086   -0.0610668   5.14666e-05   0.00101552   0.00194171   0.00812389   0.0239902   0.0201415   0.0168665   0.00894854   0.0105125   0.0228674   -0.0801148   0.00012974   -0.00128704   0.00336026   -0.00538329   0.0319236   0.0132079   -0.00158488   0.0191133   -0.00155902   0.000642297   -0.0126337   -0.00535998   -0.000461793   0.00245349   0.0030207   -0.00125553   0.000158652   0.00179792   -0.0398196   0.0420252   0.000102183   0.00327507   0.00264263   0.0115902   -0.00301664   -0.0889339   0.00521099   0.0207674   0.0157701   -0.00711541   0.0102815   -0.0218161   0.000952692   -0.00214134   -0.000349931   8.62528e-05   0.000175734   
0.000742231   -0.000118928   -0.000209136   -7.35262e-05   -0.000629321   -0.00136604   -0.00131339   -0.000861413   -0.000202285   -0.000191623   -0.000383987   -2.39375e-06   0.000181334   -0.000390134   3.97916e-07   0.000211422   0.000405577   -0.000358589   0.00463851   0.00236416   0.00159201   0.00260892   0.00266702   3.8013e-05   -3.27045e-05   -0.00017008   -0.000690494   0.00352595   1   6.7602e-05   -0.000303814   1.46992e-05   -4.94591e-05   -1.10696e-06   -0.00024827   -0.000693694   1.60923e-05   0.000191169   -0.0001132   -8.29552e-05   -7.85225e-05   -8.17839e-05   -0.000101284   0.00011516   0.00113265   0.000606721   0.000774203   -0.000361856   0.000110412   -7.16737e-05   -0.000175373   2.26159e-05   -7.52852e-05   0.00020848   0.000196207   0.000278146   8.53486e-05   0.000236224   0.000321354   0.000203976   0.000471102   -6.07227e-05   -0.00025847   -0.000321384   -0.00022927   0.000324518   -0.00030113   -0.000178416   -0.000720216   -0.000105031   0.000107424   0.000132996   -0.000614434   -0.000495653   -0.000795034   -0.000316592   -0.000584134   -2.58768e-06   7.89502e-05   4.11526e-05   8.50365e-05   0.000109013   7.30506e-05   -0.00315851   8.81912e-05   9.62203e-05   -6.12356e-06   -2.2555e-06   2.37969e-05   0.000895058   0.000998411   -0.00254298   0.000469014   0.00189495   0.00173244   -0.00371553   0.00221744   1.37594e-05   -4.13356e-05   0.000252758   -0.000174046   0.00260817   0.000772863   -8.05076e-05   0.00153501   0.00273133   -0.000789602   0.000240401   0.000745906   -0.000171455   5.06659e-05   -0.000261813   -0.000192524   -0.000146772   -7.51615e-05   -0.00192316   0.00250319   0.000639041   -6.78409e-05   0.000151913   -0.000447789   -0.00612555   -0.00201585   0.000255667   -0.000822055   -0.000389779   -0.0132004   -0.000523507   -0.000506904   0.000925353   -0.000103004   -5.43086e-06   0.000578738   5.04501e-06   
0.00812786   -0.00727521   0.00739183   -0.00163692   -0.00859552   -0.00454987   -0.0103966   0.00536438   -0.00342479   0.00253948   0.00844334   -0.00699082   0.000298694   0.00239923   4.37385e-06   0.00507865   0.00369042   0.00301171   0.0540943   0.0307133   0.0173579   0.0365692   0.0381782   0.000311905   -0.000604823   -0.00321754   -0.00457473   1   0.00352595   0.00747413   -0.0034914   0.00137942   -0.000386353   -0.00081427   -0.00962989   -0.0131107   -0.0026168   -0.00463177   -0.000193295   -0.00112889   0.0019834   -0.0116699   -0.00302203   0.00569418   0.0268529   0.0188125   0.000398083   -0.00164348   -0.00932318   0.00618119   -0.00384329   -0.0126633   -0.00174382   0.0124144   -0.00573516   -0.0075282   0.0213749   0.0132318   0.0177795   0.00215685   -0.00242708   0.00480527   -0.00396915   -0.0132898   -0.000772439   -0.00169524   0.0053811   -0.0173507   0.00785146   0.00994916   -6.40844e-05   0.0102999   0.00668411   -0.00773865   -0.00651283   -0.0090277   0.0119713   -0.00376475   0.0019843   0.000618489   0.00103189   0.00566459   0.000801058   0.00926571   0.00279545   0.00871138   -0.00159906   0.000128631   -8.90937e-05   0.0112777   0.00889817   0.0265888   -0.00534249   0.0269533   0.0173836   0.0536101   -0.0606203   3.74521e-05   -0.00134126   0.00115414   0.00422805   0.0191571   0.0193873   0.00434558   -0.00692813   0.023428   -0.0356083   -0.0529121   0.00900707   -0.00357558   -0.00430345   -0.00574873   0.00126649   -0.00232134   -0.0011474   -0.0154551   0.0168675   0.00815656   -0.01144   0.00236921   -0.00391549   -0.0877937   -0.0297042   0.00174517   -0.00773765   -0.000882663   -0.184492   0.013211   -0.0074411   0.0068662   -0.000431308   0.0011153   0.00311663   -0.000657287   
-0.00294765   -0.005773   0.00260689   -0.000677095   -0.0063921   -0.0122818   -0.00949721   -0.00512647   0.00669936   0.00174371   0.00256878   -0.0017783   -0.000145602   0.0070935   3.76486e-06   0.00989496   0.00501173   0.0238396   -0.0153329   0.00512559   0.0473096   -0.00041522   0.0172471   0.000560103   0.000162146   0.0272705   1   -0.00457473   -0.000690494   -0.00972002   0.0347278   0.000545354   0.00250004   -0.015175   0.0076721   0.0274043   0.00888749   -0.00204792   0.000289092   -0.000223008   -0.000746496   -0.000980254   0.00303006   0.00285143   0.000487841   0.0141796   -0.00802483   0.00562797   0.00644462   0.00833569   0.0107737   0.00460454   0.0167232   0.0216978   0.01801   0.0170866   0.0094976   0.022598   0.0093122   0.00991225   0.00464585   0.0201597   0.00904033   0.0105489   0.0131913   0.0122624   0.00596493   0.00133206   0.00106432   -0.00224111   -0.0012644   -0.00952626   -0.000523632   -0.00152035   0.00280192   0.000832293   0.0330113   0.0218433   0.00103145   -0.00016619   0.00128219   -0.00629737   0.00477151   0.0181746   0.00177416   0.00987678   0.0108177   8.44773e-05   -0.000146325   -0.000292583   0.0134963   0.0132163   0.00408544   -0.00876934   0.041913   0.0231598   -0.0424087   4.76943e-05   -0.000628563   0.0016476   -0.00110884   0.0273564   -0.00161269   -0.0107925   -0.0631057   0.000379875   0.000706079   -0.00929456   0.00848355   0.000890352   0.00770731   -0.00711842   0.00410994   0.00332204   0.000781326   -0.000715555   -0.216663   -0.00192322   -0.00859766   0.00122139   -0.00315024   0.0106044   0.0893225   0.000198068   -0.00530735   -0.0014393   0.0221847   -0.0198888   0.0223787   -0.00402774   0.0170179   0.000826141   -0.00631736   -0.000356839   
0.000384945   -0.00199088   -0.000994586   0.00014986   -0.00433068   -0.00804242   -0.00572146   -0.00436304   0.000576634   -0.00148561   -0.00407876   -0.000880521   -0.0012281   4.64453e-05   1.27094e-06   0.00637134   0.00236478   0.0132192   -0.00850317   0.00166926   0.0246352   -0.00198245   0.0104056   0.000414754   -0.00164704   1   0.0272705   -0.00321754   -0.00017008   -0.00524942   0.0203001   0.000761788   0.0025362   -0.0095547   0.00251821   0.0130432   -0.000858378   0.00155785   -0.000368056   0.000150836   -5.8605e-05   0.00188313   0.00050936   -0.000559696   -0.000994242   -0.00320568   0.00144087   -0.0018983   -0.000950267   -0.00181465   -0.00131855   0.00120616   -0.00254976   -0.00522257   -0.00291804   -0.00107034   -0.0021598   -0.0041028   -0.00179113   -0.000230219   0.000552781   -0.0037231   0.000157599   -0.000100819   -0.00212026   -0.00019096   -0.000810304   0.00154803   -2.52857e-05   -0.000193228   0.000122425   0.000850243   -0.000944877   0.000273118   -0.000434065   0.000261351   -0.00769887   -0.00387595   -0.00401594   -0.00144126   0.000382955   -0.00678838   -0.000617435   -0.0124491   -0.00353635   0.0125854   -0.00165041   4.65817e-05   0.000641916   0.0040396   0.00410137   0.0012365   0.00172019   0.0106032   0.0132639   0.00171438   -0.014646   2.46522e-05   0.00236409   0.0019255   0.00133234   0.0201317   0.0047658   0.00282432   0.0152823   -0.00382052   0.00136881   0.00631835   0.00255236   0.000669505   -0.00191448   0.00298355   -0.00045498   -0.00011776   0.00147693   -0.00306001   -0.117564   0.000478824   0.00644077   -0.000224671   -0.00326561   0.00325567   0.0480863   0.00105716   -0.00579698   -0.00374478   0.00981208   -0.0186202   0.0120536   0.000499323   -0.00255918   -0.000701587   0.000327968   1.57046e-05   
0.00203169   0.00317879   -0.000567566   -0.00147154   0.00333255   0.00135962   0.00301332   0.00458051   -0.00164516   0.00204351   0.0105218   0.00305183   0.000517624   0.00074835   -1.22456e-06   0.00424091   0.00775369   0.00837949   0.000922209   0.0020074   0.00172679   0.00137069   -5.66106e-05   -0.000957119   1   -0.00164704   0.000162146   -0.000604823   -3.27045e-05   -0.00129151   -0.00158007   -8.39403e-05   -0.000232931   0.00213555   0.00140466   0.000273348   0.0183594   0.00821691   -0.000740379   -0.000559203   0.000402643   6.50815e-05   -0.00255369   0.00195282   0.00858122   0.0240193   -0.00870336   0.00813129   0.00338987   0.00358466   0.00546173   0.00210654   0.00792354   0.0100361   0.00874535   0.00879648   0.00442413   0.0107942   0.00394496   0.00463789   0.002242   0.0109187   0.00523698   0.00688067   0.00728678   0.00402641   0.00379016   0.00176001   0.00213773   -0.001006   -0.000973649   -0.00573899   0.000619313   0.00019616   0.00255002   0.00111702   0.0175684   0.0111004   8.03005e-05   0.00125806   -0.00402564   0.00344937   0.0023902   0.0145173   -0.0023942   -0.0148566   0.00645972   -4.58104e-05   0.000632879   0.000135224   -0.00603355   -0.00344052   0.00291973   -0.00302551   -0.0253847   -0.0113245   0.0352222   4.52115e-05   0.000939566   -0.000602801   -0.00463939   -0.00435026   -0.006293   -0.00217414   -0.0348043   -0.00477687   -0.0442344   -0.00345252   -0.0141159   0.00434565   0.00697294   0.00156158   0.00955038   0.0064332   0.00915528   0.00467314   0.0149664   0.00230959   0.00263734   0.00264542   0.00184701   -2.4214e-05   0.00170669   0.00548091   0.00363218   0.000456783   0.0039073   -0.00732721   0.000434389   -0.00421434   0.00843934   -0.000119709   -0.00507451   -0.000985208   
0.00116941   -0.00045514   -0.000428038   0.000969084   0.0024895   0.00142326   0.00517211   0.00247161   0.0042552   -0.000556408   -0.00347008   0.00093978   0.000493168   0.00165407   -1.05532e-06   -0.000334757   0.000623571   0.00148274   0.00102126   -0.000702546   -0.000369309   -2.60836e-05   0.000654621   1   -0.000957119   0.000414754   0.000560103   0.000311905   3.8013e-05   0.00222199   0.000550204   0.000105254   -0.000133744   -0.000602783   4.73557e-05   -0.00124222   0.00176192   0.00199151   -0.000556016   -0.000169686   -0.000687803   0.00169223   0.000632568   -0.000266776   0.000420112   0.000452901   0.00208468   -0.000853503   0.00194466   -0.000852478   0.000745154   0.00274828   0.000953355   -0.000484428   0.00235154   0.00377246   -0.00175538   0.000232647   -0.00062375   0.0015881   0.00290092   0.000433399   0.00103042   0.00229539   0.000223975   0.0020629   -0.00112684   0.00246553   -0.00306039   -0.0020152   0.0001975   -0.00186813   -0.0032755   -0.000672935   -0.00149793   0.00043828   -0.00226093   0.00163206   4.17183e-06   -0.00180625   -0.00198766   -0.000461151   0.000534808   -0.0156298   0.000191026   0.000510276   0.0010475   3.01876e-05   0.000106757   0.000519792   0.00499156   -1.58088e-05   -0.00652066   0.000395998   0.0155882   0.000280648   -0.0169261   6.69752e-05   -0.00391839   -0.000870606   -0.001114   0.00282325   -0.001119   -0.00137983   0.00427012   0.00325568   0.00305766   0.00907979   0.00255451   0.000459366   0.00137248   0.000561034   -0.000346142   0.000418886   0.000935049   -0.00141751   -0.0024375   0.000847791   0.00344308   0.000404615   0.00195562   7.8313e-05   0.00370718   0.00137898   0.00373266   0.0019832   0.00102455   0.00317384   0.000934749   0.00156082   0.000944728   -0.000338221   0.000525877   6.48865e-05   
-0.00762616   0.00336719   -0.00944632   0.00312329   0.00564283   -0.0170821   0.00283624   -0.0030728   0.0106091   -0.00439759   -0.00673357   0.0056151   -0.00456015   0.0083748   4.77804e-06   0.000907502   -0.00502638   0.00465785   0.0518871   0.0379541   0.0371525   0.029934   1   0.000654621   -5.66106e-05   0.0104056   0.0172471   0.0381782   0.00266702   -0.00207504   0.0152495   0.00117219   0.00437132   -0.00683216   -0.00240706   0.000528762   0.0168522   0.015203   -0.000940849   0.00165693   -0.00184433   0.0204687   0.000176259   -0.00752443   -0.0328185   -0.0048886   -0.0114494   0.00424679   0.0162161   -0.00694509   0.00812077   0.0198763   0.00578659   -0.0144303   0.011985   0.0135686   -0.0311868   -0.0163429   -0.0257683   -0.00220865   0.00366436   -0.00414146   0.00687319   0.0211482   0.00316172   0.00475835   -0.00741403   0.0259294   -0.0117903   -0.0159491   -0.000337317   -0.0175244   -0.00911501   0.0127258   0.0118321   0.0149686   -0.0117236   0.00971588   -0.00256861   0.000292926   -0.000266838   -0.0101261   -0.000745161   -0.00599955   -0.00158185   0.0155401   0.00295901   7.60068e-05   0.000459736   0.0106469   -0.00595063   0.0173938   -0.00341837   0.024672   -0.01293   0.0294312   -0.0304055   -0.000165286   0.00110512   -0.000331009   0.0115774   0.023138   0.0253381   0.000501664   -0.00203816   -0.0344483   -0.0249069   0.077311   -0.00597558   0.00710112   0.00563542   0.0123373   0.00812662   0.00634505   0.00928308   -0.00216369   -0.0737001   -0.00635512   0.0158426   -0.00203415   -0.00273848   -0.0681581   0.0296774   0.000389209   -0.00305772   -0.00783278   -0.139287   0.0102816   0.00747333   -0.0157962   0.000582983   -0.00154897   -0.00670899   -0.000658693   
0.000818502   -0.00212039   0.00313503   -0.00246082   0.000953096   0.0178327   0.0215433   0.0231414   0.0106681   0.00260662   0.00749543   -0.00340936   0.000971985   0.00279205   3.38717e-06   0.0018095   0.00312559   0.00215236   0.0579579   0.0454293   0.0341158   1   0.029934   -2.60836e-05   0.00137069   -0.00198245   -0.00041522   0.0365692   0.00260892   0.00239476   -0.00267874   0.000802002   -0.000209882   0.001335   -0.000665404   0.000690684   -0.00190427   -0.00789953   0.000845206   -0.000596417   0.000109951   -0.00838882   0.00216302   0.00423336   0.00997718   0.00643249   0.00101116   0.00283912   -0.00212545   0.00638878   0.00279735   -0.00519398   0.00694086   0.0172857   0.00599734   0.00466217   0.0155918   0.0181869   0.0135948   0.00560884   0.00100802   0.0132987   0.00227226   -0.00113737   0.00662717   0.00365207   0.00602563   -0.00802355   0.00493576   0.00477393   -0.000554914   0.000617254   0.00286148   -0.00555358   -0.0030644   -0.00524467   0.0234749   0.00915068   -0.00364614   -0.00422127   0.000362089   0.00581226   0.00301333   0.0175017   -0.000304248   -0.00282304   0.00567932   1.18589e-05   0.00139037   0.00192873   -0.00690457   -0.0118109   0.000716849   -0.00133364   -0.00784942   -0.0188757   0.00547585   3.20557e-05   0.000958278   -0.00798346   0.0192591   0.00588876   0.0337394   -0.00812071   -0.0380065   0.0128484   0.023949   -0.0320798   0.000417412   -0.00157233   0.00345215   -0.00949294   -0.00166141   0.000140911   -0.00324237   0.00766037   0.0177257   0.00103798   -0.00845776   0.00124621   0.0091223   -0.059338   0.00366625   -1.72783e-05   0.0173291   0.00490268   -0.116416   0.0179786   0.000924977   0.00494803   0.010568   0.000900998   -0.00111411   0.000330821   
-0.00991519   -0.00759871   0.00631686   -0.00491111   -0.0030553   0.0266552   0.0268887   0.0302522   0.00926762   0.00324831   0.00651699   -0.00275641   -0.00346831   -0.00514901   3.38356e-06   9.11391e-05   -0.00747215   0.00700265   0.0504542   0.0565073   1   0.0341158   0.0371525   -0.000369309   0.00172679   0.0246352   0.0473096   0.0173579   0.00159201   -0.0122577   0.0303135   0.000123991   0.00078249   -0.011241   0.0149998   0.0369186   -0.000868537   -0.00174072   0.00154428   -0.000982528   0.00363716   -0.0150045   0.000857999   0.0050849   0.0246142   0.00883291   -0.00588699   0.00290087   -0.0194607   0.00829324   -0.00288195   -0.0125143   -0.00603016   0.000603958   -0.0203184   -0.0157555   0.0332923   0.0071235   0.0221511   0.00412155   -0.00694861   0.00165293   0.00558811   -0.0093057   -0.000142996   -0.00935612   0.0154883   -0.0180599   0.0296115   0.0162627   -0.00256533   0.0151034   0.0217512   0.0005782   0.00870188   -0.00367327   0.0114349   -0.0152463   0.000364431   -0.000737848   0.0012412   -0.00352027   -0.00115155   0.0128424   0.00138391   0.00928913   -0.00446053   -4.32012e-05   0.000452115   -0.0209705   0.0049264   -0.0433928   0.00892031   -0.0463135   0.0306832   -0.0786043   0.0336959   -1.70328e-05   0.00391767   -0.0113426   0.0191638   0.00425851   0.0209716   0.00772111   0.00780602   -0.0485844   -0.00741375   -0.0697396   -0.00979073   -0.000632183   -0.00571424   0.00778279   0.00324607   0.000651543   0.00255476   0.0243472   -0.189169   -0.00908471   -0.00267556   0.0018187   0.0124075   -0.0276975   0.106272   0.00262335   0.023116   0.00539127   -0.054122   0.0586684   0.026619   -0.0123158   -0.00451574   0.000157533   -0.00892007   -0.000511786   
-0.0065814   0.00808356   0.000632893   -0.000173046   0.0173236   0.0461819   0.0410105   0.023219   0.00134264   0.00258767   0.00648065   0.000466037   0.00110736   -0.003054   -5.63035e-06   -0.00041722   -0.00128924   0.0116715   0.095562   1   0.0565073   0.0454293   0.0379541   -0.000702546   0.0020074   0.00166926   0.00512559   0.0307133   0.00236416   -0.00369118   0.00261404   -0.000557137   0.000351434   0.00187487   0.00971618   0.0203389   -0.00933656   -0.00918742   0.0013595   9.15216e-05   -0.000988973   -0.00323851   0.00617143   0.000778498   -0.00641401   -0.0155973   0.00475207   -0.000173445   -0.000890098   0.00215001   0.00240852   0.000311716   0.00360624   0.00504693   0.00261666   0.00391675   0.00626036   0.00667803   0.00498444   0.00364622   0.00146669   0.00597842   0.00381615   0.00311333   0.00386362   0.00171104   0.00352338   -0.000663579   0.00355717   0.00149084   -0.000480398   -0.000941278   0.00123277   -0.00117431   0.000682783   -0.00081059   0.00946024   0.00418307   -0.000220662   -0.00105012   -0.000721438   0.00120077   0.00147132   0.000381722   -0.000434521   -0.00551324   0.0032359   -9.98896e-05   0.00372598   -0.0118713   -0.0332906   -0.0078496   0.00787446   -0.0232361   -0.074929   -0.0214992   0.0524904   3.11646e-05   0.00731705   -0.0087839   -0.00578378   -0.044496   -0.0263298   -0.00894886   -0.0146403   -0.00724581   0.069463   -0.0077136   0.00343523   -0.00138243   0.00187906   -0.00530845   -0.00715823   -0.00171356   -0.00628583   0.034947   -0.011496   -0.00644059   -0.00147782   -0.00113531   0.0159599   -0.0544868   0.0492378   -0.00287136   0.0291142   0.0115907   -0.104586   0.0541606   0.0123365   0.00114572   0.00667239   0.000140358   -0.00219013   0.00120132   
0.0018728   0.0118902   -0.00510732   0.00438434   0.0239475   0.0322108   0.032409   0.0025455   -0.000537481   -0.000742228   -0.0120236   0.0105956   0.00678144   -0.0048274   -1.60486e-05   -0.00559408   0.00916845   0.0164622   1   0.095562   0.0504542   0.0579579   0.0518871   0.00102126   0.000922209   -0.00850317   -0.0153329   0.0540943   0.00463851   -0.000935709   -0.0123489   -0.00369624   -0.00429172   0.00930371   0.0173396   0.01251   -0.00554606   0.000977551   -0.000336083   0.000332033   -0.00296836   0.00837236   -5.00434e-05   -0.00585378   -0.0193045   -0.0218152   0.0124287   -0.00295839   0.0103049   -0.00890211   -0.00162249   0.00898955   -0.00240766   -0.0117416   0.00570122   0.00414802   -0.0264674   -0.0155695   -0.0191317   -0.00567338   0.00337851   -0.0105408   -0.00539209   0.0036142   -0.00529599   0.00275859   -0.0125876   0.0132998   -0.0198864   -0.0111587   0.00216457   -0.00660588   -0.0142426   0.00170181   -0.00483443   0.00379446   -0.0237018   0.000454369   0.000761466   0.00139456   -0.00154726   -0.00344241   -0.00138423   -0.0241878   -0.00193665   -0.0272177   -0.000684625   -0.000143789   -0.00266025   -0.0311903   -0.0092016   -0.0131469   -0.00722195   -0.0622094   -0.00494626   -0.0445123   0.0445977   4.71567e-05   -0.00180746   0.000227964   -0.0280777   -0.0815846   -0.091378   -0.00726543   0.0271059   0.0228958   0.0446209   0.0551928   -0.00966046   -0.000935304   0.00453241   -0.00229272   -0.00818275   -0.00227619   -0.00617176   0.0296377   0.0638349   -0.000213662   0.00202549   -0.00190178   0.0139616   -0.0967855   0.0186268   -0.00316567   0.0246173   0.0157698   -0.198781   0.0805782   0.00463954   0.00782995   -0.00420006   -0.000274479   0.00789469   0.00137773   
-0.00195665   0.00169231   0.00243646   0.0026262   0.0147415   0.0211677   0.0246309   0.0141822   0.00277953   0.0010034   -0.000936128   0.00357227   -0.000341129   0.00252993   -6.38829e-06   0.107334   0.186845   1   0.0164622   0.0116715   0.00700265   0.00215236   0.00465785   0.00148274   0.00837949   0.0132192   0.0238396   0.00301171   -0.000358589   0.00354072   0.00121241   -0.00108381   -0.000676157   0.000370854   0.00513251   0.00479202   -0.00229373   0.00139892   -0.000106974   0.000721494   0.000825626   0.00366793   -0.000367747   -0.00130828   -0.00524812   -0.00254443   -0.00511986   -0.00342491   -0.0014428   -0.00121178   -0.00139648   0.000251604   -0.00383085   -0.0075121   -0.00569124   -0.00554815   -0.00311143   -0.00795406   -0.0039744   -0.00304736   -0.00275754   -0.00627448   -0.000941008   -0.00138502   -0.00315628   -0.00348904   -0.000762593   0.000653566   0.00215498   0.000181973   -0.0001861   0.00198382   0.00286371   0.00355644   0.00391627   0.00251772   -0.00808643   -0.00619938   0.000853902   0.00183033   -0.00056899   -0.00232138   -0.00186126   0.000383849   0.000685345   0.00183264   -0.00468127   5.07559e-05   -0.00165993   0.00244723   -0.00329353   0.021867   -0.0104214   0.0102159   0.0117949   0.0237198   -0.050037   4.34953e-05   -0.00316034   -0.000812944   -0.00755284   -0.0437043   -0.0415916   0.00811066   0.0155862   -0.0138863   -0.0241108   0.00354612   0.0142444   -0.000360946   -0.00611958   0.00515573   0.00202332   -0.00133601   0.000838637   0.0143578   -0.0151635   -0.00205812   0.000486489   -0.00129599   0.0089534   -0.0253475   0.0231003   -0.00185581   0.0160659   0.0097947   0.0247527   -0.348061   0.00578629   -0.00610744   -0.00639446   -0.000106876   -0.00103359   -0.000594519   
0.000204875   -0.000504712   0.00278595   0.000845037   0.000573952   1.41849e-05   0.000278304   -0.000974339   0.00350905   0.00114429   -0.00139337   0.00189989   0.00108206   0.00314362   -2.82854e-06   0.0842027   1   0.186845   0.00916845   -0.00128924   -0.00747215   0.00312559   -0.00502638   0.000623571   0.00775369   0.00236478   0.00501173   0.00369042   0.000405577   0.00383117   -0.0112631   -0.000890865   -0.00250339   0.00470694   0.00111868   -0.00562437   0.00741847   0.00297323   0.000364558   -0.00107623   0.00019036   -0.00583343   -0.00240854   0.000910253   0.00978863   0.00772541   0.00194381   0.00690565   -0.00156203   0.00153854   0.000265539   -0.00214403   0.000823093   0.00332275   -9.52071e-05   -0.0002065   0.00513809   0.00391241   0.0038588   0.00112292   -0.000388778   0.00322837   0.0009806   -0.000285566   0.00170239   -0.000954751   0.00243472   -0.00234452   0.00319175   0.00166978   -0.000349319   0.000592779   0.00235479   -0.000512103   0.000543721   -0.000893412   0.00599083   0.00099436   -0.000110399   -0.000480602   0.00167811   0.00432154   0.00049191   0.00901839   0.000759288   -0.0200112   0.00276645   -2.65679e-05   0.00208573   -0.00115221   0.0153752   -0.014007   -0.00400143   -0.00271021   0.0361004   -0.0241492   -0.0012171   -0.000179916   0.00664279   -0.000598629   -0.00425297   -0.0144676   -0.0101049   -0.00533995   -0.00895464   -0.00197341   0.003577   -0.0105224   -0.0309751   0.00116509   0.00681819   -0.000243959   0.00102129   0.00277993   0.00162261   -0.00238075   0.0578612   -2.26232e-05   -0.00126655   0.00199258   0.00276068   -0.0240203   -0.0227927   0.00305557   0.00464059   0.00626458   0.000878031   -0.301618   -0.00572225   -0.000597425   0.00182459   0.000185704   -0.00129156   0.00028365   
0.00106071   -0.00142604   0.00363739   -0.0018629   -0.00520555   0.000958122   -0.00698983   0.001109   -0.00667958   0.00131345   0.00683657   -0.00433803   -0.00106939   -0.00254809   1.794e-06   1   0.0842027   0.107334   -0.00559408   -0.00041722   9.11391e-05   0.0018095   0.000907502   -0.000334757   0.00424091   0.00637134   0.00989496   0.00507865   0.000211422   0.00146514   0.00158816   0.0014931   0.00137054   -0.00150443   -0.00546317   -0.00303457   -0.00215997   -0.00203733   -4.9768e-05   -0.000789443   0.00112244   -0.00732297   0.00104191   0.00369446   0.0168974   0.00695618   0.00115772   -0.00166835   -0.00833144   0.00388997   -0.00193355   -0.00635741   -0.00219918   0.00392789   -0.00700612   -0.00434932   0.0176163   0.00729751   0.0136008   0.00375509   -5.25367e-05   0.00270373   0.0013813   -0.0057206   -0.000271864   -0.00244877   0.00614912   -0.010093   0.00998372   0.00750947   -0.000666796   0.00731912   0.00639662   -0.00365233   -0.001445   -0.00442085   0.00554012   -0.00530183   -0.000851709   5.76495e-05   0.000232515   0.00341435   0.000472626   -0.0103291   -0.00162072   -0.00292641   -0.00130363   2.80379e-05   -0.00395104   0.00853069   -0.00478401   0.000643893   -0.0028251   0.019766   -0.0248219   0.0155786   0.00736704   0.000105005   -0.0100739   -0.00019718   0.000692688   0.0166673   0.014365   0.00290017   0.00568562   -0.00443369   -0.00327649   -0.0340097   0.00750409   -0.00128984   -0.00327475   0.00052118   -0.000289524   -0.00103239   0.000591406   -0.00442095   -0.00192521   0.000482236   -0.000262517   0.00147312   -0.00275478   -0.0181611   -0.00277719   0.00248641   -0.00546387   -0.00218685   -0.00466411   -0.188581   -0.00068595   0.000830446   -0.000548013   1.21606e-05   -0.00118106   -0.00018399   
-2.52434e-06   -6.41452e-06   -1.62837e-06   -3.33213e-07   -6.67939e-06   1.74336e-06   1.32501e-05   1.95139e-05   1.36207e-05   -1.16103e-06   3.82701e-06   -6.46336e-06   -4.16592e-06   4.20844e-06   1   1.794e-06   -2.82854e-06   -6.38829e-06   -1.60486e-05   -5.63035e-06   3.38356e-06   3.38717e-06   4.77804e-06   -1.05532e-06   -1.22456e-06   1.27094e-06   3.76486e-06   4.37385e-06   3.97916e-07   -1.84955e-06   3.01769e-06   2.90131e-06   2.58793e-06   -2.38759e-06   -1.13955e-05   -1.21375e-05   -1.06114e-05   -1.09805e-05   1.17249e-06   5.49791e-07   1.51565e-06   2.91491e-06   -1.52995e-06   -5.20289e-07   -2.00288e-05   -1.29098e-05   -8.00634e-06   3.95148e-06   -1.46599e-06   -5.45652e-07   -1.39625e-06   -4.83252e-06   -9.11375e-07   1.68582e-06   -1.03818e-06   -4.61297e-06   -2.5987e-06   -2.36085e-07   -2.99991e-06   -4.11446e-06   -5.50988e-06   7.02126e-07   -2.52786e-06   -2.02877e-06   8.58457e-07   -2.97023e-06   9.55573e-07   -1.21149e-06   3.59993e-06   2.84329e-06   -2.39062e-07   3.40835e-07   3.16189e-06   2.25682e-07   5.08181e-07   -1.87886e-06   5.70415e-06   3.14438e-07   8.87225e-05   8.85051e-05   8.66518e-05   -2.99343e-07   -3.06209e-07   4.25643e-05   8.57423e-05   4.50284e-05   -1.07443e-06   3.4825e-07   4.38965e-05   -3.23066e-06   -7.15981e-06   -6.48244e-07   -9.70541e-06   -6.15899e-06   -1.27953e-05   2.30536e-06   -6.42644e-06   -5.13465e-08   -7.14129e-06   2.58626e-05   1.63314e-05   9.42734e-05   4.93307e-05   1.01309e-05   -1.94137e-05   1.08527e-06   -5.93891e-07   -8.09999e-06   -1.00837e-05   3.88421e-06   -9.46803e-06   -3.98403e-06   -3.68758e-06   -5.80992e-06   5.81357e-07   4.17944e-06   -1.00984e-05   9.99765e-06   4.85364e-06   -4.85235e-06   -5.4189e-06   -9.15509e-06   -2.05349e-05   -6.38045e-06   -5.72619e-06   -1.5521e-05   -1.0159e-05   -3.55261e-05   -5.19466e-06   1.69899e-06   1.61712e-06   -3.06323e-07   -1.10664e-06   3.9681e-07   
-0.00492428   0.00574405   0.00501458   0.0159549   0.0257445   0.00932371   0.0306125   0.0225879   0.0398076   0.000540736   -0.00315431   0.00657284   0.00254142   1   4.20844e-06   -0.00254809   0.00314362   0.00252993   -0.0048274   -0.003054   -0.00514901   0.00279205   0.0083748   0.00165407   0.00074835   4.64453e-05   0.0070935   0.00239923   -0.000390134   0.00669211   0.000737395   0.000103972   0.000424051   -0.00157605   -0.000712981   -0.00320015   0.0305366   0.0122283   0.000341442   -0.000518416   -0.00271762   0.00635442   -0.00147798   -0.0029108   -0.015888   0.0127081   -0.00629645   0.0215758   0.0185794   0.000435792   0.0143097   0.0156877   0.0193548   0.0122244   0.0278725   0.0263227   -0.0167676   0.0105578   -0.0119376   0.00563315   0.00641725   0.0185019   0.0112668   0.025422   0.0159761   0.0121536   -0.000534409   0.0209665   -0.00959547   -0.013589   -0.00100047   -0.0231766   -0.0091289   0.00586288   0.00760563   0.00918416   0.0255922   0.0300014   0.000653259   0.00125927   0.00209568   -0.000454875   0.00449747   0.034484   0.000528177   -0.00417702   0.017928   0.00011706   0.000471007   0.0143023   0.00818987   0.0162872   -0.00902444   0.0349518   0.0405727   0.0324187   -0.0788562   -3.62189e-07   0.000971064   -0.00465232   0.0023245   -0.00362491   0.0225831   -0.0225094   -0.0743584   -0.0117656   0.018363   0.0487512   -0.0650321   0.00948007   0.0255108   -0.00157537   0.00761921   0.0126374   0.00927052   -0.00660064   -0.00805796   -0.00265841   0.00802309   0.00215119   -0.0195044   0.000754863   0.00859073   0.00531608   -0.0688906   0.00804681   0.000150857   0.00943943   0.00216218   -0.00767977   0.0206252   -0.000529629   -0.00907668   0.000522951   
0.0195151   0.0281371   0.0372409   0.0563533   -0.000792836   0.00182784   0.00669868   0.00765631   0.00468618   0.00465406   -0.000633689   0.010558   1   0.00254142   -4.16592e-06   -0.00106939   0.00108206   -0.000341129   0.00678144   0.00110736   -0.00346831   0.000971985   -0.00456015   0.000493168   0.000517624   -0.0012281   -0.000145602   0.000298694   0.000181334   -0.000580107   -0.000336063   -0.000449141   -0.00121316   0.000723237   0.00499344   0.00393619   -0.00328702   -0.00550883   -0.00136379   -0.00114585   -0.00217626   -0.00349096   -0.00421237   0.00191653   0.0119026   0.00999558   0.0144755   -0.00274064   0.00821215   -0.000527162   -0.0018593   -0.00263694   0.00527342   0.0170484   0.0154159   0.00862673   -0.00666801   0.012025   0.00112875   0.000169184   0.00532273   0.00538588   -0.0104019   -0.00756095   -0.00035771   0.0111582   -0.00945884   -0.00341825   -0.0224264   -0.00465582   0.00292953   -0.00274069   -0.0161815   -0.0124362   -0.0197251   -0.00921727   0.00353581   0.0122501   0.00138009   -0.00100195   -0.00596951   -4.44889e-05   0.00283006   -0.00592393   -0.00458363   -0.0250894   0.00501895   -6.9577e-06   -0.00660784   -0.00201178   0.00535464   -0.00288943   -0.0115222   -0.011981   0.0122645   -0.00293464   0.0101278   -2.44053e-06   -0.00673718   -0.0112567   -0.00360844   -0.0165953   -0.0107657   -0.0108547   -0.0170003   0.0872677   0.000622762   0.00507575   0.00291403   -0.00455285   0.0062542   -0.0187208   -0.00589931   -0.0032109   -0.00746494   0.0165579   -0.00054244   0.0167169   -0.0146055   0.00196405   -0.0288448   0.00162195   0.0103369   -5.49932e-05   -0.0306916   -0.135287   0.00266866   0.00189222   0.00258622   0.0260723   0.00656319   0.0013966   0.0149241   0.000642557   
-0.00133259   0.0216195   0.0068978   0.0293385   0.0154278   -0.00900278   0.0127597   -0.00322592   0.01162   -0.00159849   -0.01064   1   0.010558   0.00657284   -6.46336e-06   -0.00433803   0.00189989   0.00357227   0.0105956   0.000466037   -0.00275641   -0.00340936   0.0056151   0.00093978   0.00305183   -0.000880521   -0.0017783   -0.00699082   -2.39375e-06   0.000487773   0.000140753   -0.0011411   0.000526149   0.0019526   0.00651654   -0.000736356   0.0206732   0.0180356   -0.00195895   0.00154175   -0.00265255   0.0237537   -0.00131201   -0.00799922   -0.0329101   0.000209082   -0.00992994   0.00375553   0.0210248   -0.00882679   0.00857482   0.0225025   0.00752036   -0.012904   0.0177988   0.0186166   -0.0377853   -0.0160729   -0.0293704   -0.00228742   0.00666564   -0.00345521   0.00520388   0.0228649   0.00324619   0.0076939   -0.0113081   0.029408   -0.0200749   -0.0197978   0.000426864   -0.0210807   -0.0156599   0.0109593   0.00757317   0.0147001   -0.0139258   0.014155   -0.000514837   0.00273426   -0.000503825   -0.0068123   -6.11034e-06   -0.0151671   -0.00134875   -0.0431817   0.00458939   -5.66556e-05   0.00108168   0.00202352   0.00607057   -0.0165177   0.00858926   0.00239908   0.014291   -0.0265197   0.00795638   2.44009e-06   -0.000357331   -0.0196209   -0.0100568   -0.0268829   -0.0232806   -0.000474775   -0.0036095   -0.0158139   -0.0392604   0.0925947   -0.00398784   0.00789109   0.00764102   0.010667   0.00919622   0.00701905   0.0109959   0.0105666   0.0108804   -0.00244185   0.0176218   -0.00149321   -0.0102951   0.00668675   0.0207405   0.00180195   -0.00686088   -0.0581258   0.00946792   0.0167115   0.00522333   -0.0105555   0.00230848   -0.00165779   -0.00367076   -0.000811987   
0.00472697   -0.00371774   0.0142837   -0.00737538   -0.00211834   0.0252986   -0.000724601   0.0225103   -0.0165614   0.0106933   1   -0.01064   -0.000633689   -0.00315431   3.82701e-06   0.00683657   -0.00139337   -0.000936128   -0.0120236   0.00648065   0.00651699   0.00749543   -0.00673357   -0.00347008   0.0105218   -0.00407876   0.00256878   0.00844334   -0.000383987   -0.000954345   -0.00310071   0.0011266   -0.00110752   0.00261439   -0.00449586   0.00281099   0.0142456   -0.00707642   0.000801217   -0.00255226   0.00474906   -0.0276469   -0.00149888   0.0159237   0.0576017   0.0582097   -0.0157075   0.0112313   -0.0180317   0.0232127   0.00551088   -0.0227193   0.0136599   0.0459448   0.00136127   0.000597646   0.0639965   0.0522372   0.0508081   0.0168114   -0.00256548   0.0357748   0.00900379   -0.010108   0.0167517   0.00182291   0.0263526   -0.0343071   0.0337389   0.0233952   -0.00359737   0.0116933   0.0238079   -0.0128627   -0.000638735   -0.0150292   0.069892   0.0132624   0.00155658   9.14046e-05   -0.0019056   0.0183557   0.00673868   0.0573516   0.00508695   0.0039265   0.0100601   -4.96342e-05   7.62047e-05   0.00342605   -0.0146744   0.0185113   0.00868675   0.00998008   -0.0932714   0.0313934   0.0506986   3.83582e-06   0.00256716   0.00111952   0.00206282   0.00168855   0.00490039   -0.00139541   -0.0946622   0.000879741   -0.0679623   -0.133843   0.00179314   -0.000694206   0.00203766   -0.0106975   0.0129258   0.00492053   0.00723069   -0.00361097   0.0173861   0.0065856   -0.0196209   0.00704925   0.00314899   -7.7286e-05   -0.0109492   0.00814744   0.00474512   0.00356888   -0.00186573   0.00901665   -0.00275622   -0.00155238   0.0205076   0.00216808   -0.010706   -0.00196669   
0.00200965   0.00211704   0.0138124   0.00782046   -0.00166361   0.00994711   0.00039289   0.00679462   -0.0030413   1   0.0106933   -0.00159849   0.00465406   0.000540736   -1.16103e-06   0.00131345   0.00114429   0.0010034   -0.000742228   0.00258767   0.00324831   0.00260662   -0.00439759   -0.000556408   0.00204351   -0.00148561   0.00174371   0.00253948   -0.000191623   0.00119061   -0.0018635   7.93486e-05   -0.00110603   0.00114654   0.000207144   0.00238391   0.000612985   -0.00562884   0.00046396   -0.000891066   0.00154529   -0.0111276   0.000962003   0.00608269   0.0203035   0.0153906   -0.00272563   0.00267147   -0.00809344   0.00801327   0.000902943   -0.00940963   0.00374461   0.0161669   -0.00107827   -0.000715015   0.0246982   0.0190626   0.0196826   0.00622409   -0.00083329   0.012476   0.00288368   -0.00489051   0.00539461   3.9983e-05   0.00989362   -0.0136139   0.0130446   0.00974795   -0.00120063   0.00564466   0.00861606   -0.00592822   -0.00177023   -0.00685044   0.0240704   0.00315454   0.000525273   9.26868e-05   0.00141887   0.00675358   0.00245615   0.0172822   -0.00327359   -0.0142998   0.00325616   -1.16654e-05   0.000453444   -0.000421981   0.000130612   0.00540247   0.00112154   -0.00494858   -0.00121303   0.00992655   -0.000647339   -2.25894e-08   -0.000490415   -0.00658795   -0.00335715   -0.0103333   -0.00658381   -0.00123244   -0.0304018   0.00200312   -0.00485313   -0.0517205   0.00298437   -0.000788172   -0.000329439   -0.00515868   0.00177386   0.000600641   0.000920003   0.0046836   0.00297239   0.00198114   -0.00528927   0.00216734   -0.00297146   0.00221626   0.00118457   0.00254883   -0.00267885   -0.0185854   0.00180946   0.0120702   0.000290644   0.00208504   0.0076287   0.000616976   -0.00315978   -0.000322015   
-0.0057333   0.00302372   -0.000856994   0.0198956   0.039382   0.0321238   0.0916585   0.0741187   1   -0.0030413   -0.0165614   0.01162   0.00468618   0.0398076   1.36207e-05   -0.00667958   0.00350905   0.00277953   -0.000537481   0.00134264   0.00926762   0.0106681   0.0106091   0.0042552   -0.00164516   0.000576634   0.00669936   -0.00342479   -0.000202285   0.00985095   0.0002892   0.000363517   0.000204801   -0.000840861   0.00185355   -0.00765255   0.0219602   0.00894149   -0.000642127   0.00199645   -0.00455228   0.0239361   0.00371374   -0.00667332   -0.047015   -0.00366438   -0.0110521   0.0111919   0.0305438   -0.00481405   0.0179048   0.0267857   0.0234887   0.00766129   0.0391498   0.0367488   -0.0387503   0.00299966   -0.0278942   0.00364752   0.0104892   0.0160854   0.0109913   0.0349097   0.0164954   0.0180921   -0.00895379   0.0352264   -0.0247289   -0.0238234   5.51025e-06   -0.0334565   -0.0209168   0.00837726   0.00664104   0.0142548   0.016987   0.0385709   -0.00173229   0.00269482   -0.000481287   -0.00403052   0.00484606   0.0200819   -0.00191327   0.0219101   0.0173092   0.000156845   0.00142897   0.0004933   0.0266909   -0.0273061   -0.0187009   0.00214418   0.0909258   -0.0435222   -0.0990463   -8.81467e-06   0.00485173   0.010346   0.0192381   0.024259   0.0991465   -0.0181587   -0.075569   -0.00228014   0.0201053   0.0985379   -0.0110812   0.0097318   0.0181184   -0.00286576   0.00689253   0.0100016   0.00773847   0.0157444   0.00425597   -0.00281623   0.0137944   -0.0021124   -0.0253339   0.011344   0.0191553   -0.000600924   -0.0744097   0.00697315   0.0205494   0.00389676   0.00483544   -0.00549268   0.0234064   -0.00110905   -0.00691905   0.000148393   
0.0136557   -0.00174737   0.0151917   0.00712321   0.0353303   0.116084   0.169309   1   0.0741187   0.00679462   0.0225103   -0.00322592   0.00765631   0.0225879   1.95139e-05   0.001109   -0.000974339   0.0141822   0.0025455   0.023219   0.0302522   0.0231414   -0.0030728   0.00247161   0.00458051   -0.00436304   -0.00512647   0.00536438   -0.000861413   0.0201273   2.64922e-06   0.00552135   0.00208694   0.000507834   -0.008493   -0.0136721   -0.00234925   -0.00535688   -0.000489438   -0.0013766   0.00390233   -0.0171242   -0.00789099   0.00832822   0.0422385   0.0341648   -0.00225067   -0.00276454   -0.0145256   0.00845676   -0.00780773   -0.021468   -0.00471227   0.0176714   -0.0103753   -0.0154219   0.02927   0.0170794   0.0243351   2.74078e-05   -0.00628357   0.00422528   -0.00955347   -0.0237305   -0.00326187   -0.00403608   0.00626812   -0.0276197   0.0103326   0.0154048   0.00032332   0.0171317   0.0102523   -0.0117999   -0.0109258   -0.0145341   0.0151404   -0.00789449   -0.00198449   -0.0033396   0.00359049   0.00808953   0.000329773   0.0257026   0.00509741   0.0309021   -0.00464036   0.000253029   0.0024456   -0.00209342   -0.00904452   -0.0161059   -0.00727067   -0.00240031   -0.0224909   -0.0259239   -0.0879567   -2.27086e-05   0.00469545   0.0106791   0.025713   0.0436999   0.116252   0.0112969   -0.00807313   0.0432554   -0.084729   -0.0812958   0.0120842   -0.00538826   -0.00854962   -0.00833133   0.00572432   -0.00267342   -0.000342322   0.0954125   0.0324106   0.0143764   -0.0209789   0.00366832   -0.0214773   0.0288603   0.0392156   0.00224193   -0.035226   0.0114149   0.0452862   0.0434507   0.00992007   0.0120721   -0.00319629   0.0020471   0.00694544   -0.00161094   
0.00386357   0.011602   -0.000711029   0.0138496   0.0663318   0.134802   1   0.169309   0.0916585   0.00039289   -0.000724601   0.0127597   0.00669868   0.0306125   1.32501e-05   -0.00698983   0.000278304   0.0246309   0.032409   0.0410105   0.0268887   0.0215433   0.00283624   0.00517211   0.00301332   -0.00572146   -0.00949721   -0.0103966   -0.00131339   0.0225303   -0.00109806   0.00434117   0.00392357   0.00286846   -0.0014062   -0.0142788   0.00834032   0.00733844   -0.00131704   0.0013169   -0.00173006   0.0148019   -0.00320289   -0.0050579   -0.0218645   -0.00100371   -0.00246879   0.00078065   0.0148642   -0.00776489   0.00231692   0.010797   0.00344826   -0.00541125   0.0135757   0.0100667   -0.03015   -0.010572   -0.0219341   -0.005234   0.00291897   -0.00388633   -0.00337818   0.00917749   -0.000132821   0.00554567   -0.0117588   0.0170867   -0.0203664   -0.012993   0.00160486   -0.0126197   -0.014823   0.0028872   -0.00267419   0.00516712   -0.0114782   0.00987809   -0.000650624   -0.00112353   0.00116487   -0.00290141   -5.61356e-05   0.0027755   0.00112135   0.0365352   0.00227023   0.000230378   0.00170631   0.00668106   -0.00339573   -0.035427   -0.00675231   0.0109322   -0.0235405   -0.0581463   -0.105272   -2.23999e-05   0.00359789   0.00506135   0.0114923   0.0479779   0.0106966   -0.0002391   -0.00525733   0.0222296   -0.0262637   0.0606466   -0.00330232   0.00383052   0.00379946   -3.10726e-05   0.00443699   0.00331208   0.00425241   0.127033   0.0534514   0.00564828   0.00680734   -0.00138728   0.00143934   0.0500938   0.0663443   -0.000614121   0.0105065   0.0222358   0.0787122   0.0757019   0.0167529   0.00489483   0.00210597   -0.000584956   0.00436068   -0.000387693   
-0.00278679   0.00187073   0.0308808   0.025299   0.0965984   1   0.134802   0.116084   0.0321238   0.00994711   0.0252986   -0.00900278   0.00182784   0.00932371   1.74336e-06   0.000958122   1.41849e-05   0.0211677   0.0322108   0.0461819   0.0266552   0.0178327   -0.0170821   0.00142326   0.00135962   -0.00804242   -0.0122818   -0.00454987   -0.00136604   0.0229677   -0.00622539   0.00231429   -0.00456746   0.00341102   0.00223054   0.00693315   -0.0287116   -0.0224948   0.00251334   -0.00156783   0.00530591   -0.0315629   0.00405063   0.0119092   0.0471072   -0.000792931   0.00741938   -0.00763727   -0.0365935   0.0119639   -0.0136246   -0.0329913   -0.0159387   0.00930202   -0.0357435   -0.031877   0.0605187   0.0175918   0.0444515   0.00377674   -0.0108257   0.00140482   -0.00343301   -0.0315115   -0.00621175   -0.0178483   0.021042   -0.0428749   0.0403082   0.0328077   -0.00181926   0.0341335   0.0294211   -0.0125901   -0.00519799   -0.0193572   0.0148709   -0.0293609   0.0027135   -0.00220301   0.00227142   0.0143305   -0.00122857   0.0104769   0.003808   0.0351122   -0.0107232   6.96195e-05   -0.00285861   -0.0095451   -0.0281953   -0.0156519   -0.00400151   -0.0337535   -0.0878023   -0.011026   -0.033847   -2.41065e-05   -0.00218609   -0.00122844   -0.0132526   0.0185103   -0.0644883   0.0117024   0.0239579   -0.0132019   0.0393201   -0.140268   0.0180983   -0.00832189   -0.0183215   -0.00484662   -0.0088184   -0.00870478   -0.00882793   -0.0796471   0.0606077   -0.00164704   -0.011504   0.00156915   -0.00541979   0.0426046   0.0527693   -0.000322946   -0.0189227   0.054006   0.0635642   0.0797156   0.0132407   0.00736321   -0.00711674   0.00112135   -0.000460268   0.000408283   
-0.0106489   0.0157163   0.0075663   0.0448711   1   0.0965984   0.0663318   0.0353303   0.039382   -0.00166361   -0.00211834   0.0154278   -0.000792836   0.0257445   -6.67939e-06   -0.00520555   0.000573952   0.0147415   0.0239475   0.0173236   -0.0030553   0.000953096   0.00564283   0.0024895   0.00333255   -0.00433068   -0.0063921   -0.00859552   -0.000629321   0.0175395   -0.00122159   -0.00259369   -0.00657189   0.00122171   0.0144031   0.00872293   0.0197032   0.0156058   -0.000910008   0.00216936   -0.00243241   0.0245678   0.0013311   -0.0084615   -0.0416233   -0.00479666   -0.0156345   0.0053384   0.0215354   -0.00673611   0.0119791   0.0240756   0.0107994   -0.0113562   0.0193205   0.019931   -0.0359692   -0.014488   -0.0294021   -0.00146616   0.00516096   6.09174e-05   0.0090474   0.0273985   0.00685028   0.00709482   -0.00823342   0.031014   -0.0152153   -0.0197465   -0.000502977   -0.0232927   -0.0114899   0.0145764   0.0141114   0.0178243   -0.00532554   0.0175686   -0.0016681   0.00122116   -0.000600181   -0.0045994   0.000239734   0.000542072   -0.000398213   0.0151618   0.0057674   -5.41978e-05   -0.00469225   -0.00264595   -0.0151572   -0.00899075   -0.0176818   -0.00177327   -0.0459822   -0.0117922   -0.0254723   -1.62158e-05   -0.0123099   -0.00748763   -0.0248523   -0.0182623   -0.0589738   -0.00225799   -0.0203889   -0.0372178   -0.0255213   0.0905508   -0.000165463   0.00810603   0.00776621   0.0113094   0.0101902   0.00777045   0.00971633   -0.239682   0.0427416   -0.00914461   0.0139934   -0.00264503   -0.0113326   0.0212006   0.0532196   -0.00102593   -0.0502579   0.0547832   0.0308825   0.0466422   0.0133227   -0.0183086   0.00539249   -0.00127343   -0.00853348   -0.00083737   
-0.00483914   0.0716879   0.105316   1   0.0448711   0.025299   0.0138496   0.00712321   0.0198956   0.00782046   -0.00737538   0.0293385   0.0563533   0.0159549   -3.33213e-07   -0.0018629   0.000845037   0.0026262   0.00438434   -0.000173046   -0.00491111   -0.00246082   0.00312329   0.000969084   -0.00147154   0.00014986   -0.000677095   -0.00163692   -7.35262e-05   0.00488637   0.000605735   -0.00101845   -0.00189824   -0.00114858   0.0035848   0.00254884   0.00592692   0.00657246   -1.05217e-05   0.000288468   -0.00131724   0.00698333   -0.000155907   -0.00436524   -0.014713   -0.00885189   0.000402561   0.00337761   0.00656017   -0.00462022   0.00213419   0.0087438   0.000300735   -0.00998385   0.00308599   0.0040549   -0.0157756   -0.010842   -0.0131916   -0.00223753   0.0013519   -0.0047812   0.00206746   0.00849959   -0.000368708   0.000528357   -0.00440018   0.0120729   -0.00606179   -0.00743715   0.000118399   -0.00685604   -0.00453962   0.00602437   0.00490421   0.00680981   -0.0106087   0.00135989   5.36833e-05   0.00141575   0.000769027   -0.00374889   -0.000978426   -0.00669579   -0.00111185   0.00295692   0.00101742   -4.54481e-06   -0.000756461   0.000285875   -0.000120804   0.00868464   -0.00489442   0.00421407   0.00785996   0.00483391   -0.0234899   -5.29988e-06   0.000947198   -0.00232864   -0.00765512   -0.00911693   -0.0145194   -0.0035765   0.00907713   -0.0159567   0.0142537   0.0380402   -0.0191318   0.00278928   0.00537143   0.00539716   7.50604e-05   0.0024121   0.00182465   -0.0788677   0.00131286   -0.00450974   0.00699411   -0.000815929   -0.0766912   0.00114184   0.0108653   9.59866e-05   -0.0717521   -0.358843   0.00109211   0.00640622   0.00271199   -0.00594133   -0.0017239   -0.000683555   -0.00183039   0.000429944   
-0.00172715   0.0368968   1   0.105316   0.0075663   0.0308808   -0.000711029   0.0151917   -0.000856994   0.0138124   0.0142837   0.0068978   0.0372409   0.00501458   -1.62837e-06   0.00363739   0.00278595   0.00243646   -0.00510732   0.000632893   0.00631686   0.00313503   -0.00944632   -0.000428038   -0.000567566   -0.000994586   0.00260689   0.00739183   -0.000209136   0.00549255   -0.00244918   0.000357425   -0.00241525   -0.000287024   -0.00156057   0.0041416   -0.012604   -0.015153   0.00209401   -0.00200136   0.00437619   -0.0286019   0.00274484   0.0115236   0.0455095   0.0141948   0.000664234   0.00011967   -0.0280078   0.0148119   -0.00574252   -0.0256278   -0.00532949   0.0179835   -0.0222514   -0.0191322   0.0571324   0.0257219   0.0425976   0.00815774   -0.00730833   0.0114513   0.00250355   -0.0207117   0.00166605   -0.0104035   0.0217933   -0.0356262   0.0366804   0.0266971   -0.00256072   0.0239741   0.0265935   -0.00980473   -0.000600272   -0.0146332   0.0299614   -0.0145287   -0.00210107   -0.00319468   -0.000400641   0.0118006   0.00109311   0.021193   0.0017293   -0.0204941   -0.00299966   3.2335e-05   0.000159676   0.00473581   0.00602735   0.00872141   -0.00611236   0.0117521   0.0258472   0.0206012   -0.0295934   -4.47416e-06   -0.00273479   -0.0108406   -0.0072057   -0.0152048   -0.013233   0.00402266   -0.011882   -0.0182587   0.0165281   -0.124969   0.00478042   -0.00550814   -0.00842787   -0.00469414   -0.00290216   -0.00381486   -0.00411554   -0.0249865   -0.00535169   -0.00232578   -0.0128604   0.00320618   -0.0438719   0.000574689   0.000736854   0.00234022   -0.0521308   -0.232505   -0.00376554   0.025301   0.000163307   -0.000176517   0.0010068   0.00129714   -0.00545236   -3.50118e-05   
0.00268278   1   0.0368968   0.0716879   0.0157163   0.00187073   0.011602   -0.00174737   0.00302372   0.00211704   -0.00371774   0.0216195   0.0281371   0.00574405   -6.41452e-06   -0.00142604   -0.000504712   0.00169231   0.0118902   0.00808356   -0.00759871   -0.00212039   0.00336719   -0.00045514   0.00317879   -0.00199088   -0.005773   -0.00727521   -0.000118928   -0.000707252   0.000486203   0.000120406   0.00243752   0.00159959   0.00314765   0.00163067   0.0124062   0.0115112   -0.00128608   0.000482746   -0.00292079   0.0145774   -0.00204215   -0.00644164   -0.0221054   -0.00535142   0.00197713   0.00376322   0.0163722   -0.00846957   0.00404784   0.0156127   0.00396996   -0.00971929   0.0138587   0.0133066   -0.0315772   -0.0130996   -0.0233607   -0.00310825   0.00564658   -0.00464329   0.000330318   0.0139936   0.000308593   0.00641405   -0.0115627   0.0214945   -0.020414   -0.0156726   0.00126559   -0.0149677   -0.0156785   0.00548143   0.000462894   0.0086103   -0.0155651   0.0096743   0.000245357   0.00200951   -0.000123596   -0.00543169   -8.60244e-05   -0.0156849   -0.00330077   -0.0500202   0.00413417   -6.79412e-05   0.00181484   0.00873564   -0.00917543   -0.00838688   0.00690171   0.0223246   -0.0576669   -0.00152015   0.0445432   6.39188e-06   -0.000700967   -0.0228071   -0.0108366   -0.0297894   -0.0232675   -0.00641216   0.00440906   0.00768703   -0.000297045   0.0730482   -0.0202352   0.0045982   0.00969678   0.00350214   0.00147021   0.0040332   0.00423381   0.0174582   0.0192822   0.000830585   0.0113007   -0.000657552   -0.0319566   0.00564399   0.0225248   0.00142534   -0.0354765   -0.161647   0.00984152   0.00401235   0.00567761   -0.000175383   0.00107332   -0.00107522   0.00192224   0.000341213   
1   0.00268278   -0.00172715   -0.00483914   -0.0106489   -0.00278679   0.00386357   0.0136557   -0.0057333   0.00200965   0.00472697   -0.00133259   0.0195151   -0.00492428   -2.52434e-06   0.00106071   0.000204875   -0.00195665   0.0018728   -0.0065814   -0.00991519   0.000818502   -0.00762616   0.00116941   0.00203169   0.000384945   -0.00294765   0.00812786   0.000742231   0.00338742   0.00438118   0.000768603   -0.00199567   -0.00302808   0.00410822   0.00136313   -0.0331727   -0.0280237   -0.015192   -0.0208534   -0.0232994   -0.0269892   -0.0224151   0.00352749   0.0353693   0.0080235   0.0697561   0.0206114   0.0419813   0.0165148   -0.00376855   -0.0100188   -0.00772276   0.0245332   0.0112544   0.00913962   -0.0116676   0.0188791   0.00427946   -0.00268462   0.0119058   -0.00116995   -0.0319323   -0.0324804   -0.0187623   0.00736554   -0.0194068   -0.018691   -0.0309633   -0.0214478   -0.00581564   -0.0186365   -0.00637996   0.00719581   -0.00859377   0.0139954   -0.0178798   -0.000828531   -0.0147347   0.000912201   0.00664394   0.0150198   -0.00423893   0.018638   -0.0081661   0.00301136   0.0338681   0.000101863   0.000360436   -0.00118318   0.00219739   -0.00150841   -0.00068811   -0.00219247   0.00927363   -0.00251465   -0.00524374   -5.28061e-06   0.000464588   -0.00120662   -0.00081499   -0.00371261   -0.00467899   -0.0621355   0.0171339   0.212011   -0.0529227   -0.0107904   -0.00368141   -0.0507075   0.0360963   -0.0388551   -0.1692   -0.126488   -0.0405057   -0.00653055   -0.0168092   -0.227516   0.190504   0.00537629   5.06094e-05   -0.00637171   0.0170162   0.0347302   -0.00110528   0.000514062   -0.00984615   -0.00992479   0.00427565   -0.1235   -0.119373   -0.0183521   -0.0227471   0.0143932   


NLL
26909724.02211

