NUISANCE_PARAMETERS
AlphaS  -0.0143213 +0.998041 -0.998033
ElectronID  0.554274 +0.0729518 -0.0727344
ElectronRECO  0.385018 +0.957111 -0.95271
FakeClosure_tautau_c0_hi  -0.0232786 +0.959991 -0.955515
FakeClosure_tautau_c1_hi  0.234227 +0.500837 -0.485257
FakeClosure_tautau_c1_lo  1.01814 +0.803274 -0.815586
FakeClosure_tautau_c2_hi  1.68324 +0.805716 -0.815859
FakeClosure_tautau_c2_lo  0.337156 +0.967765 -0.979169
FakeMethod_mumu  0.29202 +1.01822 -0.963398
FakeOSSS_tautau_c0  -0.0760842 +0.636824 -0.619222
FakeOSSS_tautau_c1  0.661283 +0.932067 -0.917494
FakeOSSS_tautau_c2  0.356143 +0.992064 -0.979006
FakeStat_mumu  0.165879 +1.0004 -0.991337
L1Prefiring  3.51107 +0.920981 -0.921787
Lumi  -0.804046 +0.981576 -0.98013
MCStatNorm_WJets_tautau  -0.020546 +0.735579 -0.652252
MET_Unclustered  0.118503 +0.897635 -0.894825
MuonID  0.141507 +0.985606 -0.985327
MuonIso  -0.423663 +0.88036 -0.879197
MuonReco  -0.292341 +0.881095 -0.877194
MuonRes  0.456724 +0.099159 -0.0989833
MuonScale  -0.149352 +0.114514 -0.114516
MuonTrigger  -0.263706 +0.969781 -0.968659
PDF  1.6699 +0.883118 -0.882956
PS_FSR  0.0117 +0.546289 -0.548162
PS_ISR  1.23628 +0.87254 -0.857487
Pileup  -1.9531 +0.447661 -0.449003
QCDScale  -1.28509 +0.172599 -0.172571
SigModel_mumu  0.330827 +0.108854 -0.108854
TauES_DM0  -0.439088 +0.952188 -0.941504
TauES_DM1  -0.378866 +0.925811 -0.901261
TauES_DM10  -0.255243 +0.994744 -0.993562
TauES_DM11  0.0801311 +0.998026 -0.997689
TauFakeEle  -0.0495464 +0.998884 -0.997998
TauFakeMu  0.000951767 +1.00001 -1.00001
TauID_DM0  0.458933 +0.769452 -0.744334
TauID_DM1  0.38505 +0.881953 -0.859362
TauID_DM10  -0.165678 +0.856896 -0.832611
TauID_DM11  0.107562 +0.972216 -0.970744
TauTrigger_DM0  0.274629 +0.978602 -0.970901
TauTrigger_DM1  0.24071 +0.962478 -0.954731
TauTrigger_DM10  0.102184 +0.981896 -0.980628
TauTrigger_DM11  0.0534151 +0.994967 -0.994018
XS_DYll  -0.0258473 +0.999578 -0.999521
XS_DYlowmass  -0.00742161 +0.999948 -0.999865
XS_DYtautau  -1.69341 +0.913382 -0.917702
XS_DYtautau_nonfid  -0.0208417 +0.962382 -0.959687
XS_SingleTop  0.0858522 +0.999428 -0.9976
XS_TTbar  -1.12236 +0.824033 -0.838404
XS_VV  -0.46478 +1.00285 -0.96892
XS_WJets  -1.33228 +0.903662 -0.918017
XS_WW  0.0981925 +0.99892 -0.99699
XS_WZ  0.0460803 +1.00044 -0.999254
XS_ZZ  0.0194975 +0.999908 -0.999871
gamma_stat_ee_SR_bin_0  0.955598 +0.0106902 -0.0106157
gamma_stat_ee_SR_bin_1  0.978827 +0.0100621 -0.0100061
gamma_stat_ee_SR_bin_10  0.981078 +0.00759549 -0.00756326
gamma_stat_ee_SR_bin_11  0.983023 +0.00748507 -0.0074525
gamma_stat_ee_SR_bin_12  1.00369 +0.00728562 -0.00725593
gamma_stat_ee_SR_bin_13  0.9821 +0.00672164 -0.00669597
gamma_stat_ee_SR_bin_14  1.00603 +0.00645634 -0.00643767
gamma_stat_ee_SR_bin_15  1.00658 +0.0061227 -0.00610438
gamma_stat_ee_SR_bin_16  0.971939 +0.00564347 -0.00562461
gamma_stat_ee_SR_bin_17  0.991464 +0.00549123 -0.00547375
gamma_stat_ee_SR_bin_18  0.994966 +0.00495601 -0.00494495
gamma_stat_ee_SR_bin_19  0.998799 +0.00506956 -0.00505523
gamma_stat_ee_SR_bin_2  1.00241 +0.0106035 -0.0105351
gamma_stat_ee_SR_bin_20  1.01095 +0.00431406 -0.00430672
gamma_stat_ee_SR_bin_21  1.01055 +0.0040314 -0.00402471
gamma_stat_ee_SR_bin_22  1.01245 +0.00366834 -0.00366398
gamma_stat_ee_SR_bin_23  1.02185 +0.00320089 -0.00320069
gamma_stat_ee_SR_bin_24  1.00597 +0.00267217 -0.00267148
gamma_stat_ee_SR_bin_25  1.00852 +0.00228568 -0.00228642
gamma_stat_ee_SR_bin_26  1.00274 +0.0019319 -0.00193338
gamma_stat_ee_SR_bin_27  1.00114 +0.00155832 -0.00155532
gamma_stat_ee_SR_bin_28  0.99647 +0.0013487 -0.00134974
gamma_stat_ee_SR_bin_29  0.99819 +0.00128519 -0.00128648
gamma_stat_ee_SR_bin_3  0.985752 +0.0100215 -0.00996459
gamma_stat_ee_SR_bin_30  1.00665 +0.00130843 -0.0013095
gamma_stat_ee_SR_bin_31  1.00854 +0.00130679 -0.00131011
gamma_stat_ee_SR_bin_32  1.00328 +0.00138613 -0.00138706
gamma_stat_ee_SR_bin_33  0.990328 +0.00162997 -0.00163028
gamma_stat_ee_SR_bin_34  0.980661 +0.00193144 -0.00192701
gamma_stat_ee_SR_bin_35  0.980911 +0.00252443 -0.00252111
gamma_stat_ee_SR_bin_36  0.976164 +0.00280922 -0.00280613
gamma_stat_ee_SR_bin_37  0.983841 +0.00334398 -0.00333845
gamma_stat_ee_SR_bin_38  0.995358 +0.00398314 -0.00397609
gamma_stat_ee_SR_bin_39  1.00478 +0.00460807 -0.00459608
gamma_stat_ee_SR_bin_4  0.931386 +0.00982047 -0.00977571
gamma_stat_ee_SR_bin_40  0.985218 +0.00507808 -0.00506492
gamma_stat_ee_SR_bin_41  0.993606 +0.00559979 -0.00558293
gamma_stat_ee_SR_bin_42  1.00503 +0.00631968 -0.00629817
gamma_stat_ee_SR_bin_43  1.0216 +0.00686149 -0.0068449
gamma_stat_ee_SR_bin_44  1.00005 +0.00747552 -0.00744146
gamma_stat_ee_SR_bin_45  1.00929 +0.00788634 -0.00785316
gamma_stat_ee_SR_bin_46  1.02479 +0.00855398 -0.00851285
gamma_stat_ee_SR_bin_47  1.00077 +0.00958791 -0.00952314
gamma_stat_ee_SR_bin_48  0.988543 +0.00892272 -0.00887925
gamma_stat_ee_SR_bin_49  1.02452 +0.00978859 -0.00978859
gamma_stat_ee_SR_bin_5  0.96346 +0.00882763 -0.008776
gamma_stat_ee_SR_bin_50  0.989989 +0.0099159 -0.00986054
gamma_stat_ee_SR_bin_51  1.00548 +0.0109949 -0.0109215
gamma_stat_ee_SR_bin_52  1.01136 +0.0113884 -0.0113102
gamma_stat_ee_SR_bin_53  1.00465 +0.0115412 -0.0114599
gamma_stat_ee_SR_bin_54  1.00396 +0.0124193 -0.0124193
gamma_stat_ee_SR_bin_55  1.01048 +0.0130511 -0.0129368
gamma_stat_ee_SR_bin_56  1.0075 +0.0125825 -0.0124854
gamma_stat_ee_SR_bin_57  1.00417 +0.0132134 -0.0131056
gamma_stat_ee_SR_bin_58  0.994908 +0.0138476 -0.0137226
gamma_stat_ee_SR_bin_59  1.01201 +0.0139376 -0.0139376
gamma_stat_ee_SR_bin_6  0.952993 +0.00833848 -0.00833848
gamma_stat_ee_SR_bin_7  0.975304 +0.00883929 -0.00878584
gamma_stat_ee_SR_bin_8  0.978165 +0.00873002 -0.00867955
gamma_stat_ee_SR_bin_9  0.964942 +0.00788269 -0.0078439
gamma_stat_mumu_SR_bin_0  1.01193 +0.00481115 -0.00479426
gamma_stat_mumu_SR_bin_1  0.993976 +0.0037958 -0.00378436
gamma_stat_mumu_SR_bin_10  1.00747 +0.00487105 -0.004854
gamma_stat_mumu_SR_bin_11  1.00508 +0.00664551 -0.00660997
gamma_stat_mumu_SR_bin_2  0.994381 +0.00328596 -0.00327725
gamma_stat_mumu_SR_bin_3  0.995223 +0.00231771 -0.00231737
gamma_stat_mumu_SR_bin_4  0.99976 +0.00171902 -0.00171739
gamma_stat_mumu_SR_bin_5  1.00022 +0.00104857 -0.00104838
gamma_stat_mumu_SR_bin_6  0.999899 +0.000811998 -0.000811413
gamma_stat_mumu_SR_bin_7  0.999768 +0.00226025 -0.00226026
gamma_stat_mumu_SR_bin_8  1.00072 +0.00242927 -0.00242528
gamma_stat_mumu_SR_bin_9  1.00927 +0.00367727 -0.00366717
gamma_stat_tautau_SR0_bin_0  0.9809 +0.0195776 -0.0193475
gamma_stat_tautau_SR0_bin_1  0.995111 +0.01438 -0.0142552
gamma_stat_tautau_SR0_bin_2  1.00514 +0.00908086 -0.00904452
gamma_stat_tautau_SR0_bin_3  1.00652 +0.00915641 -0.00911021
gamma_stat_tautau_SR0_bin_4  0.997239 +0.0109533 -0.0108803
gamma_stat_tautau_SR0_bin_5  1.00233 +0.0104181 -0.0103392
gamma_stat_tautau_SR0_bin_6  0.991083 +0.00990868 -0.00985159
gamma_stat_tautau_SR1_bin_0  0.826206 +0.466185 -0.338079
gamma_stat_tautau_SR1_bin_1  0.958508 +0.0822275 -0.0775933
gamma_stat_tautau_SR1_bin_10  1.12129 +0.201286 -0.181049
gamma_stat_tautau_SR1_bin_11  0.749556 +0.488247 -0.3492
gamma_stat_tautau_SR1_bin_12  0.835728 +0.501733 -0.356724
gamma_stat_tautau_SR1_bin_13  1.13407 +0.326093 -0.273494
gamma_stat_tautau_SR1_bin_2  1.07014 +0.0563284 -0.0543886
gamma_stat_tautau_SR1_bin_3  1.0356 +0.050198 -0.0485812
gamma_stat_tautau_SR1_bin_4  1.06613 +0.0423922 -0.0413605
gamma_stat_tautau_SR1_bin_5  1.00715 +0.0341381 -0.0333605
gamma_stat_tautau_SR1_bin_6  0.97418 +0.0292673 -0.0286528
gamma_stat_tautau_SR1_bin_7  0.995461 +0.0277862 -0.0272982
gamma_stat_tautau_SR1_bin_8  1.01155 +0.0470892 -0.0456239
gamma_stat_tautau_SR1_bin_9  1.00528 +0.0669565 -0.0641022
gamma_stat_tautau_SR2_bin_0  2.16792e-08 +51040.8 -2.16792e-08
gamma_stat_tautau_SR2_bin_1  1.03353 +0.129008 -0.118845
gamma_stat_tautau_SR2_bin_10  1.12875 +0.312188 -0.262052
gamma_stat_tautau_SR2_bin_11  0.972055 +0.320325 -0.261216
gamma_stat_tautau_SR2_bin_12  0.273236 +0.848361 -0.251255
gamma_stat_tautau_SR2_bin_13  1.03375 +0.420108 -0.329969
gamma_stat_tautau_SR2_bin_2  1.03993 +0.0586519 -0.0562752
gamma_stat_tautau_SR2_bin_3  1.01126 +0.0336617 -0.0328093
gamma_stat_tautau_SR2_bin_4  0.9871 +0.026109 -0.0255805
gamma_stat_tautau_SR2_bin_5  0.966151 +0.0290348 -0.0283904
gamma_stat_tautau_SR2_bin_6  1.0178 +0.0455035 -0.0440813
gamma_stat_tautau_SR2_bin_7  1.19072 +0.0989078 -0.0935648
gamma_stat_tautau_SR2_bin_8  1.23767 +0.173066 -0.157262
gamma_stat_tautau_SR2_bin_9  0.760427 +0.148936 -0.131023
mu_comb  0.997108 +0.0150592 -0.0148424


CORRELATION_MATRIX
162   162
0.0103219   0.000538164   3.82739e-05   0.000388354   -0.000528374   4.10333e-06   -0.000361593   -0.00175604   0.000902774   -1.93931e-05   -0.000441427   -0.000606064   0.000697578   0.00135114   1.88557e-06   -0.000167552   0.000419483   -0.000782906   0.00109231   0.00139218   -0.000664902   0.0006464   -0.00043419   6.59766e-05   -0.00062453   -0.000210674   0.000333345   -0.00065909   -1.97232e-05   0.000204399   -0.000269205   9.91425e-05   5.21305e-05   -9.45616e-05   -1.13948e-05   0.000666383   0.0218667   -0.0175703   -0.00283605   -0.000212356   -0.00423586   0.0175103   0.00993049   0.0146182   -0.0106355   0.0536986   -0.0212528   -0.0233662   0.0023258   0.00407249   0.00486285   0.00166112   -0.000222565   -0.00126567   -0.000710357   -0.00216567   -0.00115873   -0.00261488   -0.000617471   -0.00223841   -0.00135681   -0.00192613   0.00319374   -0.000804124   -0.0012096   -0.00238108   -0.0017974   -0.00103002   -0.00307243   -0.00156085   -0.00322559   -0.00151743   -0.00266177   0.0023801   -0.00133712   -0.00183083   -0.00145892   -0.00140629   -0.0018877   -0.000883839   -0.00194139   -3.94898e-05   -8.51294e-05   -0.000724281   0.00398996   0.000568457   -0.00184464   0.000736491   -0.000594493   -0.000148307   0.00143495   -1.19448e-05   0.00012006   6.26976e-05   0.00230839   0.00342652   0.00321056   0.000674268   0.000239031   0.000569816   0.00256883   0.000147341   -0.000314123   0.000922317   0.00214295   0.00214658   0.0034104   0.00476329   2.34198e-05   0.000204784   0.000550225   0.000475461   1.2473e-05   0.00505838   0.000699101   0.000277091   -0.00672727   5.18095e-06   1.42844e-05   5.60766e-05   -0.000131684   -0.000190486   -0.000208517   0.000108756   -0.000722571   -0.000266484   -0.00103622   1.53533e-07   1.43151e-05   8.321e-05   0.000141199   0.000760971   0.000163265   0.0356655   -0.00889727   0.00360884   0.0141214   0.0017571   -0.00646434   -0.0113981   -0.0328312   0.0457861   0.0079079   -0.0240213   0.00296584   0.000391902   0.00103969   -0.000943098   0.00146504   0.00019339   0.000100766   0.000316157   0.000707599   -0.000427598   0.000210975   0.000737868   0.00111404   -0.0025574   0.000168402   -0.00469059   -6.05524e-05   1   
0.0381267   -0.016986   0.0257108   0.00431493   0.036355   0.00511487   -0.0292264   -0.0405724   0.0242223   0.0106094   -0.00306279   0.0131307   -0.0623528   0.0303579   -5.59569e-05   0.00766213   -0.0121026   0.0119089   -0.0355407   0.0130799   0.051186   0.00123463   0.0281598   -0.000868229   0.0141618   0.0191154   0.039554   -0.0177613   -0.00217689   -0.000109924   -0.000511711   -0.000236211   0.00663761   0.0058801   -0.018218   -0.0029102   0.0912408   0.0572804   -0.00277567   -0.00925745   0.008147   -0.0516946   0.0319814   -0.0411936   -0.0257795   0.0182934   -0.123405   0.0789833   -0.148644   -0.0632453   -0.0965136   -0.0421854   0.0215341   -0.0346104   0.0689788   0.0837831   -0.146793   -0.0712299   -0.0480047   0.017492   -0.0689589   0.0535477   -0.0217089   -0.0255841   -0.044236   -0.189174   0.10855   0.135744   0.0439245   0.0964426   0.0539206   0.0307381   -0.075202   -0.0535632   0.093039   0.000380218   -0.0612923   -0.00234956   0.174717   0.101896   0.228854   0.195894   0.296191   0.19149   0.0784505   0.263539   -0.0447904   -0.183258   -0.140333   -0.373829   -0.320154   -0.377915   -0.322422   -0.380652   -0.304799   0.148681   -0.421092   -0.250318   -0.330065   -0.227188   -0.112778   -0.0973354   -0.170676   -0.0284639   -0.0495948   -0.020281   -0.0092409   0.0420891   0.000383731   0.000240867   0.00035554   -0.02596   -0.0196008   -0.121602   0.000867885   0.00423538   -0.0353734   -0.000170815   -0.0012912   -0.00110423   0.000241203   -0.00383348   -0.00147534   -0.00159699   -0.00278725   -0.00795178   -0.00436534   -4.19945e-06   -0.000918407   0.00324024   -0.000296528   -0.00160899   0.000397678   -0.132317   -0.403462   -0.452843   0.0153184   -0.0622378   0.0741046   -0.0298844   0.121864   0.103281   -0.0818966   -0.0632767   -0.0144764   0.0317729   -0.0160387   -0.0376157   -0.0922703   0.000282826   0.00730195   0.0253054   0.00518167   0.000919957   0.0160223   0.023918   0.0306021   0.0829048   0.00129184   -0.336314   1   -6.05524e-05   
-0.0709255   0.00156485   -0.000927845   -0.000558607   0.00114899   -0.00533811   0.00258091   -0.0017439   0.0160441   0.0040823   0.00922737   -0.00119122   0.00810445   0.0153712   4.39724e-06   -0.00110914   0.00281819   -0.00669529   -0.000335465   0.00602512   -0.00310353   0.00775142   -0.000786737   0.000677809   0.00442117   -0.00299436   0.0139546   -0.000714325   1.86409e-05   -0.00246879   -0.00349992   -0.00150294   -0.00269407   0.00180932   0.00449987   0.00650981   0.041315   0.00250905   -0.00224393   0.00368361   0.00244533   0.0085272   0.00674344   0.00641646   0.00865176   0.0479588   -0.0194158   -0.00427178   0.0270139   0.0889571   0.0981726   0.0106089   -0.0305713   -0.0709685   -0.0633079   -0.0609049   -0.0639079   -0.0939329   -0.0403941   -0.0732359   -0.0592447   -0.0547174   0.0626697   -0.0346948   -0.0472413   -0.106026   -0.0161652   -0.034312   -0.0692112   -0.0318095   -0.0693787   -0.0377498   -0.0476341   0.00612749   -0.00806677   -0.0204411   -0.0147296   0.00262058   0.0008164   0.0203424   -0.0212224   0.00187161   0.0129295   -0.0239555   0.0792395   0.0331567   -0.0665883   -0.000112427   -0.017133   -0.0294554   0.0447793   -0.0158373   0.0124094   -0.0129123   0.0626248   0.0649523   0.0628238   0.0239148   -0.00859551   0.0101024   0.0806922   -0.00910913   -0.0267166   0.0247364   0.0394382   0.0478851   0.0424159   0.0657438   0.00101858   0.00193417   0.00275126   -0.00802762   -0.00873268   -0.0170135   0.00262848   -0.00266532   0.0233641   -4.22519e-05   0.000417938   0.00156873   0.00213095   0.00654459   0.00480506   0.00434806   0.00469677   0.012295   0.0161552   -1.1507e-07   0.000709157   0.000869458   -0.000216431   0.00590115   -0.00427992   -0.00396657   -0.291873   0.0422367   0.039038   0.0107981   -0.00732333   0.0202771   0.0105128   -0.0202533   0.146812   0.0459226   0.0374865   -0.000630888   0.0104998   0.00401678   0.0313425   0.00430146   0.00347714   0.00166327   -0.00925333   0.0065939   0.00818015   0.0030875   0.00587099   -0.0125139   -0.0022514   1   -0.336314   -0.00469059   
0.0210572   0.00640423   -0.00134863   0.00221014   0.0139505   0.012156   0.0188968   0.0103447   0.00621563   0.000431519   0.000248104   0.00471862   0.00410282   0.00338474   -2.51503e-05   -0.000897985   -0.00355612   0.00295592   0.00483859   0.00984008   0.0140425   0.000938647   0.0049202   0.000839164   0.000886717   0.0149979   0.0151058   -0.00538475   -0.000430929   -0.022658   0.00441808   -0.0211099   -0.0244516   -0.0393999   -0.0115891   0.006762   0.00357449   0.00390494   -0.000771886   -0.000225317   -0.000487183   0.00243831   -0.00249317   -0.00465003   -0.00619079   -0.00131758   0.00223081   0.00109008   0.00348687   0.00393479   0.00427815   0.00246974   0.00256961   0.0026023   0.00217011   0.001129   0.00178079   0.00167113   0.00246011   0.0015163   0.00297115   0.000914906   0.00346904   0.00166068   0.00123611   0.00106739   0.000698107   0.00129653   -6.27527e-05   0.000541594   -0.000601747   0.000470129   -0.000332467   0.00605818   0.00014436   -0.000174964   0.000230128   -0.0006809   -0.000972449   -0.000664319   -0.00143245   -0.000303192   -0.000574756   -0.00101571   0.00396856   -0.000450535   -0.00205003   -0.000733017   -0.00176522   -0.00126514   -0.000399109   -0.0010508   -0.000737235   -0.000637437   0.000954101   0.00318611   0.00179507   0.000380766   0.000609591   0.00120616   0.00192228   0.00122166   0.00122616   0.00175166   0.00314877   0.00261197   0.00364115   0.00470367   0.000437135   0.000849994   -0.00229953   -0.00751627   0.00104915   -0.00574028   -0.00221942   -0.061909   0.00317186   -0.000590411   -0.00105737   0.00129045   -0.00376743   -0.00364491   -0.00471272   0.00350165   -0.0124126   -0.00110197   -0.0058354   -3.92206e-05   -0.00356583   0.00197585   -9.92648e-05   -0.00451707   -0.00104265   -0.0082775   -0.00473983   0.00253006   -0.000838253   0.0195183   -0.00111331   -0.0012229   0.00821115   -0.00127265   -0.00695779   -0.00284691   -0.00168963   -0.0078676   -0.114176   -0.0192934   0.00274082   -0.0003074   0.00904141   0.0134764   -0.381537   -0.000481561   0.0164394   0.00982832   0.0214872   0.0190302   1   -0.0022514   0.00129184   0.000168402   
0.00447629   -0.00949132   0.0403827   0.00175298   0.0498257   0.0894996   0.0658474   0.0495239   -0.000592247   0.0202402   0.0108245   0.00746993   -0.00897143   0.00978881   -0.000175801   -0.180137   -0.297683   -0.345902   0.0642281   0.0495879   0.0663642   0.0196757   0.0061196   0.00178405   -0.00387447   -0.0190107   -0.0258952   0.0230485   -0.00104672   0.0128298   -0.00605015   -0.00598157   -0.00869705   0.00782838   0.0239288   0.0260764   0.0452715   0.0266542   -0.00384426   -0.00685113   0.00688734   -0.0421768   0.00331436   0.0074403   0.0654832   0.0739745   -0.0642632   0.0334221   -0.028828   -0.0271761   -0.0321991   -0.000690575   -0.00787668   -0.0217957   0.00415557   0.0256445   -0.0540942   -0.0280725   -0.0308474   0.00311092   -0.0232958   0.0110266   -0.00940881   -0.0163189   -0.0227477   -0.066884   0.0305453   0.0346533   0.0205099   0.0248596   0.0221832   0.0117542   -0.013956   -0.0163763   0.0340409   0.00940697   -0.0104343   0.0197441   0.0705097   0.0336537   0.0509923   -0.0259667   -0.0118718   -0.0416173   0.0268318   0.00638875   -0.0187184   -0.0184993   0.0468315   -0.01678   0.0134407   0.00406936   0.0283654   -0.00689603   -0.00433408   0.0446711   -0.0697281   -0.0019845   -0.0338855   -0.013704   0.00804366   0.00372352   -0.0163173   0.0234699   0.00239197   0.0104358   0.000527804   0.0018756   0.00128461   0.00533585   0.00535572   -0.00530362   -0.00255583   0.0143748   0.00446575   -0.069985   -0.00109562   -0.00011066   -0.00946453   0.0146435   0.0186968   0.0173095   -0.0601057   0.0437423   0.11908   -0.00423144   -0.137881   -3.30629e-05   -0.0184196   -0.0048633   -0.0491979   -0.197073   -0.202458   -0.00858741   -0.0846645   -0.176615   -0.138928   -0.137539   0.0157431   -0.013011   0.0150709   0.057063   0.00983526   -0.0207401   0.0115749   0.0594229   -0.0345136   -0.0177286   -0.0383904   0.00922121   0.0416689   -0.28539   0.0796629   0.0148281   0.0713381   0.0642473   0.164131   1   0.0190302   -0.0125139   0.0829048   -0.0025574   
0.000884389   0.0127021   -0.00558786   0.00433616   0.0431229   0.0753563   0.0930537   0.0480448   0.0274087   0.000411719   -0.00220312   0.00876852   -0.00116747   0.00692718   -5.25715e-05   -0.0029463   0.00432511   0.0278927   -0.198864   -0.103691   -0.0782882   -0.117798   -0.150353   0.0013919   0.00139423   0.005692   0.00979359   -0.184712   -0.0139241   -0.000937097   0.0046824   -0.00188432   -0.000242023   0.00219807   0.0177565   0.0287705   0.00933231   0.00914201   0.000881   0.00104817   -0.000144844   0.00556129   0.00578009   -0.0153904   -0.0390639   -0.0348325   -0.00749348   0.00931385   -0.00740391   -0.00674617   -0.0085589   0.0022992   0.00114284   -0.00312497   0.00501207   0.0121062   -0.0138724   -0.00539193   -0.00661924   0.00436038   -0.00442652   0.00704244   -0.000778338   -0.00208674   -0.00423978   -0.0187885   0.0127118   0.013523   0.00953417   0.0104121   0.00966744   0.00536803   -0.00278611   -0.00273449   0.0125198   0.00374424   -0.00286759   0.00608526   0.0222744   0.00997691   0.0163583   -0.0064438   -0.000844573   -0.0101591   0.0109024   0.00372727   -0.00636172   -0.00877664   0.0117905   -0.00906472   0.000539981   -0.00251165   0.00561276   -0.00503871   -0.00388087   0.0170208   -0.0243569   -0.00155246   -0.0113433   -0.00431473   0.00262314   0.00229236   -0.00382707   0.00899125   0.00247682   0.00492085   0.00282083   0.00296894   -0.00318767   -0.00215771   -0.00269407   -0.00148202   0.000602053   -0.0209745   -0.0031814   -0.0126412   0.00132117   -9.84078e-05   0.00242993   -0.0300212   -0.0320889   -0.0132821   0.00241223   -0.0614795   -0.0631589   -0.0494657   0.0342918   -4.9783e-05   0.00639352   -0.018299   0.00944214   -0.070719   -0.0273199   -0.0240065   -0.0256581   -0.0572761   0.0734047   0.0473818   -0.0247107   0.000872219   0.0227526   0.012648   -0.012212   -0.00128467   -0.00577682   0.0639801   -0.0181725   -0.00806632   -0.0172283   -0.00421447   0.0365316   -0.259448   0.0897337   -0.00660503   0.0678317   0.025555   1   0.164131   0.0214872   0.00587099   0.0306021   0.00111404   
0.0137941   -0.17073   -0.226435   -0.367802   0.0591855   0.063745   0.0197934   0.00946351   0.0052911   -0.0165109   0.000996308   -0.0732736   -0.120107   0.0102868   -9.04143e-05   -0.000614373   0.00455639   0.00916702   0.0138283   0.0159583   0.0139261   0.00517796   -0.00905026   0.00182777   -0.00115273   -0.00172053   0.00314277   -0.00204882   -0.000766714   0.0183658   -0.00512702   -0.00100316   -0.00665145   0.000362605   0.00784447   0.0117293   0.0077163   0.00131601   0.00128486   -0.00270957   0.00370903   -0.0258778   0.00199937   0.000657212   0.0284464   0.00608537   -0.00314019   0.0124583   -0.00805689   -0.00702347   -0.00858507   -0.000244688   -0.00131689   -0.00475065   0.00192292   0.00783142   -0.0146536   -0.00746924   -0.00806056   0.00143564   -0.00558906   0.00375746   -0.0022758   -0.0035576   -0.00559981   -0.0180594   0.00901711   0.0105402   0.00641749   0.00815656   0.00686197   0.003765   -0.00358614   -0.00474158   0.0108311   0.00362875   -0.00215222   0.00675614   0.0215157   0.0119762   0.0167929   -0.00476859   -0.00208281   -0.0112966   0.00831228   0.00274646   -0.00553563   -0.0057786   0.0116752   -0.00654522   0.00175328   -0.00126067   0.0054549   -0.00421523   -0.00289137   0.0133679   -0.0203082   -0.00184838   -0.0105479   -0.00503808   0.00170583   0.000848769   -0.00518987   0.00599593   0.000264335   0.00239416   0.000650376   0.00134683   -0.00282864   9.44053e-05   0.000628321   0.000973632   -0.000238998   0.00218176   -0.00171557   -0.0457896   0.00318602   9.85926e-06   -0.00219958   0.00347385   0.00321505   -0.00121743   -0.0239953   0.0096643   0.0329171   -0.008301   -0.0635093   -1.5844e-05   -0.00357746   -0.027055   -0.0246961   -0.0407876   -0.043353   -0.015021   -0.0251687   -0.0488501   0.0377708   -0.0521763   -0.0341806   -0.00243125   0.0145969   0.00963467   -0.0136096   -0.00254472   -0.000604502   -0.136037   0.017282   -0.0127248   -0.000557342   0.00326751   -0.0125534   0.020614   0.0411862   0.00546466   0.083693   1   0.025555   0.0642473   0.00982832   0.0030875   0.023918   0.000737868   
0.00491506   -0.0337619   -0.0559348   -0.0710864   -0.0391329   -0.00732984   0.0250643   -0.0251431   -0.0734372   -0.00459063   -0.00329503   -0.00769424   -0.0275337   -0.0685562   -4.25035e-05   -0.00689968   -0.00250303   0.0174774   0.0229797   0.032111   0.0267532   0.0147794   0.00156347   0.00420062   0.00214184   -0.0029511   -0.000246197   -0.0105039   -0.00139609   0.0248841   -0.00201324   0.00130934   -0.00297716   0.000240569   0.005408   -0.00165789   0.0179233   0.014696   -0.00178696   -0.00088106   0.000440247   0.000560545   -0.00668833   -0.0125402   -0.0143131   -0.000973831   -0.00700956   0.0113132   -0.0051244   -0.00248624   -0.00341049   -0.000530657   -0.0010805   -0.00410137   0.000509933   0.00340524   -0.01026   -0.00674253   -0.00562548   -0.00079269   -0.00492032   0.00114169   -0.000479794   -0.0027156   -0.00427795   -0.013157   0.0048337   0.00602745   0.0021026   0.00450603   0.00246625   0.0014715   -0.0037691   -0.00381071   0.0064362   0.00159005   -0.00192845   0.00400199   0.0132955   0.0084671   0.0111969   -0.00027686   0.00149005   -0.00510456   0.00651503   0.00446758   -0.00391538   -0.00333093   0.00577625   -0.00592661   0.000132483   -0.00310522   0.00113323   -0.00487769   -0.00217916   0.00947246   -0.0121059   -0.0022305   -0.00815735   -0.00433298   0.00167268   -0.000445699   -0.00484851   0.00317844   0.000207756   0.00167643   0.000910638   0.00226828   -0.00152326   -0.000953506   0.000666575   0.00207714   -0.000224611   0.000949881   0.000214188   0.00786118   0.00092714   0.000118691   -0.000680492   0.00274636   -0.00702465   -0.0212304   -0.0308078   0.0059218   -0.0155859   -0.0336516   -0.10545   -2.69592e-05   -0.000923551   -0.00406908   -0.00265123   0.00969059   0.0170691   -0.0200276   -0.0227455   -0.0282021   -0.00688428   0.0332961   -0.0298708   -0.00269904   0.0230275   0.00918453   -0.00946085   -0.00603233   -0.00174928   -0.0618544   0.0355186   0.00189372   0.00321692   -0.000338758   -0.0276087   0.0437346   0.0684652   -0.000440482   1   0.083693   0.0678317   0.0713381   0.0164394   0.00818015   0.0160223   0.000210975   
0.0227386   -0.00457825   0.0119448   -0.00354101   -0.0100713   0.00863297   -0.00555527   0.0129641   -0.0109405   0.0063936   0.0125876   -0.00736915   0.00323773   9.37852e-05   -1.9965e-05   0.00416531   0.00425171   -0.00199838   -0.00695684   -0.00377541   0.00755658   0.00275041   -0.00720115   -6.34567e-05   0.00571147   -0.000920977   0.00202081   0.00792792   0.000306647   0.0048782   -0.00021136   0.00106985   -0.00262824   -0.00149343   -0.00203234   0.000805335   -0.0667363   -0.0659263   0.0115828   0.00990464   -0.00307899   0.0430775   0.00870535   0.0221716   -0.0816655   -0.0508804   -0.0703664   0.00145692   0.00812933   0.010296   0.0110152   0.00667963   0.0083807   0.00866764   0.00703163   0.00418036   0.00908537   0.00640209   0.00805822   0.00468894   0.00700567   0.00426948   0.00879624   0.00698749   0.00632881   0.00714967   0.0020259   0.00232061   0.00131694   0.00237476   0.00025868   0.00132147   0.00128209   0.00850121   0.000344896   9.68649e-06   0.000679111   -0.00159983   -0.00486385   -0.00199347   -0.00365928   0.00358807   0.00215699   0.00262383   0.00809896   0.000354016   -0.00301606   -0.00269288   -0.00840752   -0.00475584   -0.00508998   -0.00585437   -0.00676357   -0.00370174   -0.00076017   0.00700301   0.00528994   -0.000210619   0.00214404   0.00181862   0.00310577   0.00283704   0.00346097   0.00258357   0.00544493   0.00485654   0.00941048   0.0106398   -0.000411886   -0.000849671   -0.00947493   0.00305199   0.00302139   -0.0406641   -0.00764599   0.0031663   -0.00372487   2.96243e-05   -5.48689e-05   0.000380662   0.000703952   0.0018215   0.00107245   0.00194895   0.00477942   0.00291277   0.00932271   -9.15142e-06   1.9109e-05   3.6427e-05   -0.000273848   -0.00195138   -0.00118151   0.132966   -0.00319214   0.0134919   -0.0388293   -0.0685594   -0.0664608   9.99997e-05   -0.129154   0.00869272   -0.0196417   -0.0114046   -0.017543   -0.00340892   0.000851367   -0.0104217   0.00962916   0.0145212   0.000603814   -0.00184098   -0.00194524   1   -0.000440482   0.00546466   -0.00660503   0.0148281   -0.000481561   0.0065939   0.000919957   -0.000427598   
0.0874319   0.0265851   -0.00546052   0.00928841   0.0582557   0.050834   0.0784025   0.0428916   0.0257531   0.001841   0.00106502   0.0195332   0.0171615   0.0140284   -0.000105473   -0.00377991   -0.014774   0.0123518   0.0203612   0.0411402   0.0587707   0.00392353   0.0203271   0.00349145   0.00363358   0.0626391   0.0630792   -0.0224825   -0.00179797   -0.0968365   0.0177925   -0.0849572   -0.0999818   -0.163011   -0.049141   0.0236717   0.0147086   0.0160721   -0.00318443   -0.000948181   -0.00200714   0.00995356   -0.01036   -0.0192147   -0.0253443   -0.00542431   0.00950375   0.00446755   0.0145786   0.0164281   0.0178696   0.0102673   0.0106893   0.0108698   0.00899861   0.00461771   0.00752534   0.00701134   0.0103008   0.00628925   0.0124209   0.00376723   0.0144425   0.00693392   0.00518651   0.00459796   0.00281879   0.00530103   -0.000316889   0.00218107   -0.00256564   0.0019207   -0.00135282   0.0252778   0.000514558   -0.000758472   0.000986109   -0.00289112   -0.00422588   -0.00285661   -0.00608705   -0.00117674   -0.00232453   -0.00408172   0.0164327   -0.00185978   -0.00847124   -0.00300944   -0.00746884   -0.00523686   -0.00170521   -0.00440094   -0.00315089   -0.00265216   0.00396708   0.0131272   0.00762406   0.00157659   0.00260744   0.00504764   0.00796457   0.00506099   0.00513584   0.00722201   0.0130971   0.0108319   0.0151316   0.0195515   0.00183006   0.00354431   -0.00957078   -0.0314387   0.00436768   -0.023916   -0.00925415   -0.256689   0.0132145   -0.00236903   -0.00448818   0.00530328   -0.015334   -0.0151762   -0.0193739   0.0143382   -0.051132   -0.00505601   -0.0242504   -0.000161038   -0.0150341   0.00807256   -0.000797541   -0.0209042   -0.00431847   -0.0343468   -0.0195119   0.0109582   -0.0030136   0.0806294   -0.00483899   -0.00506235   0.0340444   -0.00547159   -0.0289638   -0.0117624   -0.00701704   -0.0337021   -0.477127   -0.0800635   0.0114119   -0.00124318   0.0376772   0.0563051   1   -0.00194524   0.0684652   0.0411862   0.0897337   0.0796629   -0.381537   -0.00925333   0.00518167   0.000707599   
0.000402151   0.00539296   0.00184638   0.0023591   0.0279564   0.0505193   0.0564775   0.031166   0.0142206   0.00256025   0.000190691   0.00504482   -0.00170004   0.00439367   -4.65954e-05   -0.0170957   -0.0230766   -0.0262412   -0.0957846   -0.0532758   -0.0392905   -0.0582438   -0.0724207   3.92152e-05   -0.00136503   0.000673372   0.00305884   -0.0839821   -0.00632308   0.000756068   0.00184391   -0.00165136   -0.00111916   0.00200613   0.0120614   0.0184929   0.00923455   0.00712443   0.000177034   -0.000174662   0.000726825   -0.00207783   0.00390866   -0.00680272   -0.0127557   -0.0105584   -0.0109657   0.00836268   -0.00719321   -0.0067685   -0.0083008   0.00108437   -0.000303989   -0.00404971   0.00310114   0.00929746   -0.0133051   -0.0058734   -0.00692645   0.00271777   -0.00488818   0.00499373   -0.00158376   -0.00291214   -0.00473997   -0.0172518   0.0101453   0.0110015   0.00742363   0.00829441   0.00768856   0.00418875   -0.00291524   -0.00333498   0.010422   0.00308764   -0.00261835   0.00545673   0.0196538   0.00901883   0.0143495   -0.00635057   -0.00183948   -0.0100192   0.00856911   0.00258848   -0.00535614   -0.00669451   0.0114996   -0.00657579   0.00177386   -0.000797799   0.0061775   -0.00336127   -0.00258637   0.0138052   -0.0207083   -0.00103796   -0.00972066   -0.00379783   0.00217559   0.00163061   -0.00379559   0.00732131   0.00148647   0.00367402   0.00142823   0.00159359   -0.00144932   -0.00056469   -0.000888221   -0.00142561   2.07853e-05   -0.00945117   -0.00116051   -0.013727   0.000489449   -6.54474e-05   0.000215771   -0.0147012   -0.015007   -0.00574327   -0.00493926   -0.0287281   -0.0205491   -0.0278328   0.00446719   -2.48435e-05   0.00129094   -0.0102797   -0.000246981   -0.0586638   -0.0362864   -0.0129881   -0.0224922   -0.0500062   0.0252907   0.00768997   -0.0106992   -0.000830914   0.0128899   0.0129245   -0.00504947   -0.00264976   -0.00172708   0.0405389   -0.0138772   -0.00603385   -0.0134399   -0.00120138   0.0239362   1   0.0563051   -0.00184098   0.0437346   0.020614   -0.259448   -0.28539   0.0134764   0.00166327   0.0253054   0.000316157   
0.00251104   -0.0315994   -0.0440394   -0.0765329   -0.006786   0.00127176   0.00819367   -0.01632   -0.0264219   -0.00341049   -0.000459413   -0.0126437   -0.0249005   -0.0197415   -3.68203e-05   -0.00325197   -0.000948743   0.00961573   0.0130327   0.0181384   0.0152134   0.00824824   -0.00111849   0.00216012   0.00101553   -0.00192368   -0.000210225   -0.00502194   -0.000757551   0.0140067   -0.00154133   0.000669171   -0.00213093   0.000219159   0.00326493   0.000330192   0.00748895   0.00559883   -0.000609648   -0.000619603   0.00054943   -0.00241484   -0.00266207   -0.00422918   -0.00143001   0.00148166   -0.00282685   0.00528058   -0.00260655   -0.00160768   -0.00205675   -0.00038558   -0.000704685   -0.00199637   0.00010968   0.00160982   -0.00488122   -0.00312038   -0.00278544   -0.000348518   -0.00235311   0.000546449   -0.000542816   -0.00136784   -0.00204852   -0.006079   0.00225053   0.00278406   0.00115217   0.00212731   0.00134835   0.000730278   -0.00161938   -0.0020171   0.00306467   0.000838471   -0.000834945   0.00197707   0.00637831   0.0040094   0.00535963   -0.000307223   0.000478662   -0.0025364   0.00269565   0.00187512   -0.00166384   -0.00153452   0.00296251   -0.00254127   0.000159931   -0.00120404   0.000760913   -0.00207746   -0.00107705   0.00413983   -0.00586401   -0.00100685   -0.00374201   -0.00202982   0.00057391   -0.000214217   -0.00222422   0.00139901   -0.000118723   0.000568802   0.000156726   0.000659874   -0.00101183   -0.000434559   0.000522541   0.00120273   -0.000162923   0.00153756   6.795e-05   1.17842e-05   0.000491609   6.24346e-05   -0.00046911   0.00137549   -0.00377667   -0.0105236   -0.0164441   0.00298831   -0.00794356   -0.017649   -0.0556063   -1.52034e-05   -0.000583913   -0.00434495   -0.0034839   0.00200699   0.00341143   -0.00810854   -0.00973943   -0.0135996   -0.00181275   0.00625859   -0.0145944   -0.00120351   0.00938129   0.00415643   -0.00391925   -0.00230397   -0.000378351   -0.039477   0.019961   8.07094e-05   0.00135823   0.000341584   1   0.0239362   0.0376772   0.000603814   -0.0276087   -0.0125534   0.0365316   0.0416689   0.00904141   0.00347714   0.00730195   0.000100766   
0.013445   -0.00287036   0.00737096   -0.00224946   -0.00625226   0.00536036   -0.00339011   0.00819897   -0.00687021   0.00395427   0.00783108   -0.00454375   0.0020516   -0.000156822   -1.25321e-05   0.0025924   0.00258   -0.00119034   -0.00434266   -0.0024309   0.00463764   0.00166837   -0.00447747   -3.37176e-05   0.00354251   -0.000575953   0.00120409   0.00498403   0.000196346   0.00300991   -0.00011159   0.000653557   -0.00163872   -0.000918558   -0.00123846   0.000450253   -0.044755   -0.0390962   0.00797214   0.00621472   -0.000606629   0.0219728   0.00201152   0.0119654   -0.0517951   -0.0343478   -0.0425585   0.00654621   0.00494305   0.00623112   0.00660781   0.00395434   0.00530052   0.00554968   0.00443912   0.00266568   0.00591035   0.00424073   0.00518404   0.0030576   0.00452702   0.00274151   0.00522008   0.00446597   0.00408976   0.00478656   0.00129275   0.00141452   0.000914384   0.00149181   0.00025812   0.000883724   0.00098889   0.00507388   0.00017654   8.37038e-05   0.000539542   -0.000972742   -0.00314356   -0.00129811   -0.00234937   0.00227923   0.00134968   0.00176051   0.00461823   0.000156145   -0.00172913   -0.00161888   -0.00530919   -0.00285597   -0.00322744   -0.00360029   -0.00424608   -0.00224137   -0.000531809   0.00388751   0.0033795   -0.000130008   0.00142123   0.00115182   0.00177914   0.00172424   0.00218008   0.0014609   0.00322581   0.00282446   0.00549328   0.00617724   -0.000273399   -0.000541876   -0.0059378   0.00186055   0.00187325   -0.0257875   -0.00482155   0.0019251   -0.000917549   1.8202e-05   -3.24716e-05   0.0002335   0.000440454   0.00113261   0.000670023   0.00120399   0.00300159   0.00180431   0.00580817   -5.73055e-06   1.38777e-05   9.15451e-06   -0.000180906   -0.001272   -0.000743347   0.0771188   -0.00133514   0.00876216   -0.0249651   -0.0425438   -0.0396699   0.00181343   -0.074829   0.00341778   -0.0123337   -0.00324342   -0.0110789   -0.00218421   0.000493866   -0.00632221   0.00602886   1   0.000341584   -0.00120138   -0.00124318   0.0145212   -0.000338758   0.00326751   -0.00421447   0.00922121   -0.0003074   0.00430146   0.000282826   0.00019339   
0.285533   0.0137689   -0.00345273   -0.00613872   -0.0133632   -0.00686813   0.0107194   0.00502574   0.0114553   0.0085824   0.0164274   0.0064369   0.0284888   0.00779514   2.14913e-05   0.00320508   0.00495285   -0.0111113   0.000568225   -0.00446606   -0.0245654   0.00436893   -0.00547724   0.00485363   0.0112397   -0.00113902   -0.00539864   0.0072866   0.00104827   0.00711161   0.0015852   0.00181439   -0.00194053   -0.00320035   0.00232239   -0.00386258   -0.00035391   0.00273918   -0.00399307   -0.00471467   -0.00225062   -0.00756824   -0.020274   -0.0124969   0.0366902   0.027288   0.0588481   -0.0103526   -0.00891626   0.019154   0.00494   -0.0454796   0.0619014   0.0858828   0.0413872   0.0135864   0.0530812   0.0580271   0.0579744   0.0475093   0.0868518   0.0135019   0.00595644   0.0612951   0.0433908   0.0871655   0.0115895   0.0336811   0.00942936   0.0518647   0.0140202   0.0371967   0.0371806   -0.0168116   0.0427077   0.0900842   0.0791839   0.106287   0.114896   0.189316   0.139828   0.0660585   -0.082192   -0.135223   -0.00522879   -0.0652538   -0.0288296   0.043407   -0.0347926   -0.000843499   -0.0428569   -0.0312839   -0.0638174   -0.0470611   -0.0307838   -0.0230931   0.047275   -0.0428585   -0.0125216   -0.0469121   -0.0227361   -0.00251703   -0.0310349   -0.0544336   -0.0479236   -0.0408431   -0.011855   0.0156544   -0.000746382   -0.000612485   0.00392502   0.0144754   0.0128197   0.0786437   0.00319813   0.00589037   0.00128708   0.000142304   0.000188617   -0.00329282   -0.00446034   -0.00117474   0.000680944   -0.00631689   -0.00980817   -0.00459711   0.00651529   -1.28236e-05   0.000713445   -0.00129931   -0.00226267   -0.0132815   -0.0117422   -0.0415023   -0.0467352   0.145289   0.00532878   0.0318994   0.0346962   -0.00942854   0.0484194   -0.0101301   -0.0557109   -0.0145976   -0.00798618   -0.00884944   0.0105764   0.00768588   1   0.00602886   0.00135823   -0.0134399   0.0114119   0.00962916   0.00321692   -0.000557342   -0.0172283   -0.0383904   0.00274082   0.0313425   -0.0922703   0.00146504   
-0.81451   -0.0142067   -0.00353246   -0.00159169   -0.0022133   0.011651   0.00701647   0.0142838   -7.28643e-05   -0.00280751   0.00131289   -0.0113243   -0.0138158   -0.00227522   0.000353069   -0.00396331   -0.00120453   0.000423817   -0.00783176   -0.00366965   0.00417854   -6.69569e-05   -0.00151696   -0.00298165   -0.00208298   -0.00132401   -0.0051215   0.00321307   -0.000210988   -0.0220304   -0.00527654   -0.00637412   -0.00379384   0.00244535   0.00591779   0.0114736   -0.0222071   -0.0229621   0.00277942   0.00279394   -0.00466276   0.023499   0.0134167   0.0175729   -0.026997   -0.0192952   -0.0276098   -0.015444   -0.0434383   -0.0342741   -0.0415889   -0.0487031   -0.0287091   -0.0332261   -0.0302543   -0.029483   -0.0224541   -0.0319371   -0.0272194   -0.0308623   -0.0364041   -0.0248659   -0.0518401   -0.0212814   -0.0194329   -0.0188595   -0.0226939   -0.0240537   -0.0215635   -0.0181003   -0.0169481   -0.0146698   -0.010269   -0.0841007   -0.0110366   -0.00711206   -0.00609745   0.00232637   -0.00192498   0.00670239   0.00493566   0.00866196   0.00591194   0.00830771   -0.0574889   0.00980219   0.0174965   0.0237238   0.0191655   0.0232671   0.0204839   0.0181333   0.0126268   0.0122352   0.0072882   -0.0593035   0.0109332   0.000713811   -0.00654016   -0.0127765   -0.0141723   -0.0233447   -0.0272882   -0.0304691   -0.038588   -0.0392387   -0.065433   -0.0707842   -0.000228688   0.000240527   -0.00418316   -0.039781   -0.021682   -0.125364   -0.00346582   -0.0261247   -0.0673749   -0.000270321   -0.000124656   0.00145689   0.000953888   0.000790848   -6.78534e-05   0.00183096   -0.00873409   0.00123435   -0.0101555   2.61378e-05   -0.00158815   -0.000319957   -0.00193338   0.00416814   -0.00350156   0.0473649   0.000415549   0.0155652   -0.0171551   -0.026095   -0.031206   -0.00608334   -0.0479394   0.00291703   -0.0148952   -0.0188131   -0.00917326   -0.0110959   -0.0317609   1   0.00768588   -0.00632221   8.07094e-05   -0.00603385   -0.0800635   -0.0104217   0.00189372   -0.0127248   -0.00806632   -0.0177286   -0.0192934   0.00401678   -0.0376157   -0.000943098   
0.0473775   0.0207067   -0.00689893   0.00350325   0.0349895   0.0447212   0.0463251   0.0294222   0.0011732   0.000828288   0.0131207   0.00525242   0.0169131   -0.00495007   -5.53673e-05   -8.48699e-05   0.0282803   -0.00200072   0.0466266   0.0105776   -0.0917137   0.0119384   -0.0374789   -0.000153549   0.0059852   -0.126664   -0.113918   0.00705209   0.00121227   0.0657459   -0.188911   -0.000873619   -0.0176396   0.0858437   -0.0400825   -0.150378   -0.00410946   -0.002379   -0.000723549   -0.000886186   -0.00133869   0.00121217   -0.00973059   -0.00636366   0.000516985   -0.00191291   0.0264725   -0.00470168   0.0263223   0.0242241   0.0278405   0.00805681   0.00645473   0.0144299   0.00107157   -0.00972257   0.0163677   0.011615   0.0166213   0.00165009   0.0229664   -0.00511877   0.0155679   0.00599989   0.00648441   0.0208035   -0.0103501   -0.00661007   -0.0100796   -0.00933886   -0.0139472   -0.00347303   1.71174e-05   0.0498744   -0.0104102   -0.00542337   0.00624849   -0.0111422   -0.0252593   -0.0137362   -0.0211817   0.0110954   0.00911539   0.0156688   0.0083144   0.00367452   -0.00200768   0.00220032   -0.0233505   -0.00407499   -0.00718294   -0.0103122   -0.0139669   -0.00547142   0.0036798   -0.00385424   0.0253678   -0.00150005   0.00886303   0.00872499   0.00331289   0.000576069   0.00822165   -0.00112085   0.0162505   0.0069466   0.012317   0.0194961   -0.00131101   -7.00684e-05   -0.00196759   -0.113404   0.00415845   -0.0132983   -0.00403838   -0.0600026   0.0131992   -0.000171862   -0.00303154   -0.00323382   -0.0265696   -0.0316273   0.00681334   -0.0121642   -0.116313   -0.0417765   0.116097   0.000178527   -0.0234657   -0.00574489   -0.00739776   -0.0756064   0.0178925   -0.0183794   -0.00383308   0.0632917   0.0197076   0.0391238   -0.0126071   -0.00261776   0.0157179   -0.0243022   -0.0282768   -0.00518667   -0.00652395   -0.0266795   1   -0.0317609   0.0105764   0.000493866   0.019961   -0.0138772   -0.477127   0.000851367   0.0355186   0.017282   -0.0181725   -0.0345136   -0.114176   0.0104998   -0.0160387   0.00103969   
0.00795509   0.0204969   -0.0227753   -0.0717389   -0.236589   -0.0799371   0.124533   0.0844613   0.022368   0.0036386   -0.00645608   0.0175373   0.00503691   0.000668065   1.22561e-05   -0.00332753   -0.00496029   0.0134782   0.0282488   0.0377945   0.0266079   0.00620474   -0.000682995   -0.00088424   0.00317831   0.00111107   0.00731712   -0.0166859   -0.00238048   -0.0396338   -0.00502445   0.00523792   0.0268378   0.0140254   -0.0209339   -0.0228748   0.0151376   0.0130913   -0.000612921   -0.000118743   0.000218297   0.00217272   0.00291966   -0.0127377   -0.0251395   -0.0148979   -0.0141624   0.0111296   -0.00805354   -0.00696463   -0.00892114   0.00202803   0.00127264   -0.00355685   0.00531813   0.0125825   -0.0157195   -0.00643653   -0.00744492   0.00442998   -0.00474243   0.00693447   -0.000675001   -0.00249358   -0.00515225   -0.0210164   0.0133575   0.0147794   0.00950258   0.0112048   0.00969969   0.0057876   -0.00362947   -0.00300678   0.0135794   0.00445641   -0.00290864   0.00745902   0.0254002   0.0124611   0.0184887   -0.0083364   -0.00387704   -0.0148373   0.012384   0.00210404   -0.00798644   -0.00834668   0.0141309   -0.00838973   0.00232123   -0.00101559   0.00770229   -0.00428026   -0.00268971   0.018737   -0.0249755   -0.00107417   -0.011945   -0.00453584   0.00363425   0.00270517   -0.00452256   0.0097517   0.00265665   0.005462   0.00311344   0.00380651   0.000584302   0.0010315   -0.00386143   -0.00186697   0.000448511   -0.0154031   -0.00402519   -0.0225267   0.00135641   0.000113011   -0.00452387   0.00190699   0.00427423   0.0188408   0.00164624   0.00394065   -0.00271107   0.0369264   0.0197268   3.89302e-05   -0.0118844   -0.00996012   -0.0340836   -0.0564462   -0.068604   -0.0212607   -0.0307953   -0.0618359   0.0247609   0.0302171   -0.0120701   -0.00188748   0.0216137   0.016836   -0.00951964   -0.00566643   -0.00322347   1   -0.0266795   -0.0110959   -0.00884944   -0.00218421   -0.039477   0.0405389   -0.0337021   -0.00340892   -0.0618544   -0.136037   0.0639801   0.0594229   -0.0078676   -0.000630888   0.0317729   0.000391902   
-0.0851591   -0.00459297   0.00399771   -0.00132029   -0.00340171   0.0072021   -0.000154733   0.0101895   -0.0102324   0.000363771   0.00177311   -0.00281822   -0.00387084   -0.00655527   -1.82891e-05   0.00161929   0.000530316   0.00242988   -0.00397332   -0.00571591   0.00661016   -0.00238613   -0.00232556   -0.000579404   0.00124998   0.000981335   -0.00564796   0.00386435   0.000148337   0.000217465   0.000930068   7.73338e-05   -0.00084945   -0.00114327   -0.00108837   -0.000902834   -0.0745933   -0.0666659   0.0126045   0.00553682   -0.000665555   0.00902673   -0.00178604   0.0156806   -0.0460396   -0.0580035   -0.00641903   -2.62614e-05   -0.0121912   -0.0377036   -0.0413975   -0.00667173   0.00041704   0.0176508   0.00516388   0.0188012   0.0212419   0.0334417   0.00935217   0.0236505   0.0190341   0.0190563   -0.0239213   0.0102948   0.0166028   0.0396035   0.0122073   0.0041272   0.0324485   0.0126414   0.0336683   0.0141634   0.0323236   -0.00938548   0.00914887   0.0182916   0.0174945   0.0115839   0.00852243   0.00242959   0.0116969   0.000545567   -0.00328573   0.0101518   -0.0377076   -0.013903   0.0230446   -0.00743461   -0.000281584   0.00627481   -0.0182353   0.0016892   -0.00430564   0.00316082   -0.0251277   -0.0325664   -0.0246248   -0.0059982   0.00788373   -0.0013669   -0.029179   0.00221854   0.0128816   -0.01013   -0.0194282   -0.020075   -0.0212069   -0.0368731   -0.000484247   -0.00122671   -0.00667806   -0.0011029   0.00146812   -0.0375308   -0.00573423   -0.000687882   -0.0162805   -9.22461e-06   -0.000112194   0.000644837   0.00212494   0.00264799   0.0016686   0.00168256   0.00879523   0.00486831   0.00893479   -1.60647e-06   -0.000255657   -0.000199881   -4.606e-05   -0.00131046   0.00143247   0.0477025   0.127436   -0.0128753   -0.0470746   -0.0339668   -0.0358294   -0.00155929   -0.0707339   -0.0571552   -0.0742884   -0.0110657   1   -0.00322347   -0.00652395   -0.00917326   -0.00798618   -0.0110789   -0.000378351   -0.00172708   -0.00701704   -0.017543   -0.00174928   -0.000604502   -0.00577682   0.0115749   -0.00168963   0.0374865   -0.0144764   0.00296584   
-0.140675   -0.00380162   0.000979731   0.00140198   -0.0120545   0.0160297   0.0015015   0.00143224   -0.0121729   -0.00492654   -0.0103808   -0.0123558   0.000869862   -0.0122695   2.5959e-06   -0.00122843   0.00116866   -0.00100433   0.0104975   0.0041782   -0.00136029   -0.000329951   -0.0101356   -0.00082282   -0.0124272   -0.000984656   -0.0161398   -0.00131278   0.000131761   -0.00262365   -0.000976177   0.000163491   8.4819e-06   -0.00250358   0.000372275   0.00558544   0.220982   0.0945582   -0.0560369   -0.0149698   -0.0530325   0.204716   0.100224   0.126218   0.0049912   0.152902   -0.265416   -0.186503   -0.00854841   -0.0572276   -0.0575201   -0.00858255   -0.0114389   0.0242583   -0.00673565   0.00921858   0.0449294   0.0554962   0.0150443   0.027177   0.0299021   0.0172345   -0.0355084   0.011851   0.0266105   0.0846683   -0.00119861   -0.0156675   0.0396871   0.00302688   0.0421945   0.0133447   0.0553236   -0.00491336   -0.0034444   0.0227492   0.0304434   0.00910904   -0.0156377   -0.0125705   -0.00315069   0.00574098   -0.00503526   0.0312773   -0.0728654   -0.0287171   0.0494871   -0.00136356   -0.0113605   0.0249039   -0.0289247   0.00942927   -0.0106055   0.0146194   -0.0370977   -0.0700865   -0.0138436   -0.00786568   0.0291237   0.00395471   -0.0533339   0.00110854   0.0288255   -0.0270819   -0.0344863   -0.0376567   -0.0309325   -0.0579863   -0.00112618   0.000172906   0.00124091   -0.00130394   0.000344208   0.0148556   0.00337819   -0.00392346   -0.106096   2.13754e-05   0.000131783   0.00262975   0.00397529   0.00333995   0.00066807   0.0053886   0.0122825   0.00737518   0.00121458   6.01173e-06   -0.000378611   -0.000123459   0.0016379   0.00731953   0.00738365   0.629598   0.256312   0.0440376   0.0753817   -0.0213207   -0.0424584   -0.137201   -0.4568   0.257855   -0.0938478   1   -0.0110657   -0.00566643   -0.00518667   -0.0188131   -0.0145976   -0.00324342   -0.00230397   -0.00264976   -0.0117624   -0.0114046   -0.00603233   -0.00254472   -0.00128467   -0.0207401   -0.00284691   0.0459226   -0.0632767   -0.0240213   
-0.419288   -0.0124683   -0.00348537   0.00045074   -0.00186695   0.0208598   0.0087557   0.018504   -0.0262733   -0.0108373   -0.0178953   -0.0044394   -0.0191872   -0.0329631   -3.01088e-05   -0.00100907   -0.00565787   0.0124066   0.000411596   -0.013216   0.0114529   -0.0132464   -0.00190451   -0.0024264   -0.0105587   0.00466608   -0.03079   0.00154797   0.000135192   -0.00882846   0.00324316   -0.0015568   0.00111124   -0.00245709   -0.000522188   -0.002314   -0.0949057   -0.0207261   0.00561406   -0.00439656   -0.00847718   0.00504841   -0.00335895   0.00172745   -0.0339015   -0.104286   0.0234835   -0.00853087   -0.0631055   -0.179227   -0.194732   -0.0414126   -0.0169827   0.0597179   0.00419679   0.0649708   0.0817032   0.134641   0.0275213   0.0895391   0.0699761   0.0692459   -0.118917   0.0308722   0.0612251   0.168131   0.0404956   0.00403197   0.131889   0.0426913   0.139197   0.0547647   0.138869   -0.0533482   0.0304149   0.075739   0.0752864   0.0480985   0.0311081   0.00580485   0.0461266   -0.00109915   -0.0164021   0.0475468   -0.184542   -0.0622032   0.11043   -0.0223286   0.00789668   0.0416828   -0.0696821   0.0201028   -0.00883572   0.0240971   -0.105355   -0.163373   -0.103239   -0.0246289   0.0371626   -0.00636973   -0.134106   0.00285337   0.0523282   -0.0536021   -0.0953472   -0.0982719   -0.109624   -0.180261   -0.00183046   -0.00300623   -0.00784289   -0.0105708   4.08901e-05   -0.0667588   -0.00719316   -0.0103343   -0.0809687   -7.73207e-05   -0.000237312   0.00297822   0.00845465   0.00798179   0.00443427   0.00558389   0.0300176   0.0157807   0.0170818   1.13421e-05   -0.00111532   -0.00098634   0.000836527   0.00107953   0.010416   0.0466379   0.576469   -0.0484889   -0.081973   -0.0286835   -0.0078083   -0.0406589   -0.0584511   0.0368182   1   -0.0938478   -0.0742884   -0.00951964   -0.0282768   -0.0148952   -0.0557109   -0.0123337   -0.00391925   -0.00504947   -0.0289638   -0.0196417   -0.00946085   -0.0136096   -0.012212   0.00983526   -0.00695779   0.146812   -0.0818966   0.0079079   
-0.0955706   -0.00995045   0.00838171   0.00504656   0.0266461   0.00201937   -0.0102764   -0.0182627   0.00833191   0.000609189   -0.00972031   0.0131424   -0.0462147   0.0134108   -1.65578e-05   0.00222323   -0.00733996   0.0128451   -0.0216455   -0.0021531   0.0331979   -0.00785203   0.0219433   -0.00224762   0.00826136   0.0132297   0.00887224   -0.0111241   -0.00156991   -0.00460566   0.00190207   -0.000667034   0.00538578   0.00280376   -0.0101646   -0.00562209   0.149377   -0.107976   -0.716517   0.298493   -0.111542   -0.0310145   0.153406   0.167907   -0.0680427   0.0464883   -0.130863   0.149177   -0.0662657   -0.0947081   -0.109528   -0.0168663   -0.0090873   -0.00944178   0.0159405   0.0665959   -0.0610061   -0.00297322   -0.0376268   0.0367407   -0.0105713   0.0415411   -0.0522539   -0.0114091   -0.0158179   -0.0580457   0.0642835   0.0641474   0.0735968   0.0586598   0.0778499   0.0386549   0.0172777   -0.0483607   0.0694268   0.0424686   0.00739691   0.053578   0.134033   0.068168   0.10273   -0.0515521   -0.0450809   -0.080837   -0.00840396   -0.0226573   -0.00710905   -0.0326247   0.0862746   -0.00753219   0.0111665   0.0223767   0.0533531   0.00334415   -0.029102   0.0252692   -0.13509   -0.00491346   -0.0409595   -0.0224015   -0.0209983   0.0104404   -0.0123152   0.0236261   -0.0244901   -0.0128176   -0.0343192   -0.0512001   0.00207   -0.00177121   0.000107915   -0.00792093   -0.00423071   -0.0163503   -0.00103591   -0.000325985   0.0161225   -0.00013303   -0.00100737   -0.00102638   0.00161794   -0.000895992   0.000373921   -0.00278502   0.00374567   -0.00196992   0.00151088   1.05738e-05   -0.0011782   0.00152765   -0.000395766   -0.00333254   0.00206596   0.323839   0.0158112   -0.303407   -0.0579206   -0.0159342   -0.0298251   0.0955966   -0.0136976   1   0.0368182   0.257855   -0.0571552   0.016836   -0.0243022   0.00291703   -0.0101301   0.00341778   0.00415643   0.0129245   -0.00547159   0.00869272   0.00918453   0.00963467   0.012648   0.057063   -0.00127265   -0.0202533   0.103281   0.0457861   
0.220176   0.0264693   -0.0237611   0.0138498   0.0355564   -0.0513638   0.00755288   -0.0320814   0.0433784   -0.00311175   -0.00254157   0.0364454   -0.00365002   0.057993   -8.07e-05   -0.00470427   0.00735023   -0.00458057   -0.000267138   -0.00150534   -0.00474732   -0.00403134   0.0315735   0.00381571   0.020964   0.00418849   0.0221785   -0.0148689   -0.000339423   0.00943576   0.00392224   0.000613036   0.0019741   -0.000992831   9.34172e-05   -0.00944782   -0.0639905   -0.0469799   -0.272171   -0.0498666   0.435433   -0.330497   -0.337207   -0.448388   0.0936618   -0.0817209   0.0115509   -0.112854   0.0246726   0.0749411   0.0782322   0.0421894   0.0327549   -0.0045049   0.0319985   0.0226161   -0.0436905   -0.044718   -0.00609522   -0.00557454   -0.016575   0.00756071   0.0704102   0.00381339   -0.0154168   -0.0910446   0.0285234   0.0448896   -0.0147042   0.0244551   -0.0189939   0.00118187   -0.0514888   0.0384526   0.0292303   -0.0107987   -0.0287637   0.00213001   0.0476982   0.0334693   0.0326204   0.00234253   0.0137228   -0.0376849   0.124794   0.0368498   -0.0651756   -0.0254789   0.00141419   -0.0610113   0.00198573   -0.0405973   -0.0111408   -0.0435505   0.0152482   0.133058   -0.0234364   -0.0038692   -0.0444263   -0.0112333   0.060241   0.0125893   -0.021839   0.0492374   0.0538862   0.0624948   0.0808057   0.111664   -0.00911279   -0.000469751   -0.0378841   0.0137445   0.0117243   -0.137539   -0.0266307   0.0156047   -0.0390182   -2.3335e-05   -0.000599689   -0.00551793   -0.00747269   -0.00318517   0.00186092   -0.0126316   -0.0228608   -0.00562066   0.00903393   -1.18593e-05   0.000354464   0.00172565   -0.000339497   -0.00571581   -0.0109221   -0.842894   -0.28807   -0.10539   -0.0323416   0.173558   -0.269973   -0.185653   1   -0.0136976   -0.0584511   -0.4568   -0.0707339   0.0216137   0.0157179   -0.0479394   0.0484194   -0.074829   0.00938129   0.0128899   0.0340444   -0.129154   0.0230275   0.0145969   0.0227526   0.0150709   0.00821115   0.0105128   0.121864   -0.0328312   
-0.0719138   -0.000690982   -0.00232227   0.0014841   -0.00333275   0.00545623   0.00202014   -0.00220323   -0.00323111   -0.00378184   -0.00770295   -0.00404904   -0.000296026   -0.00570632   5.34024e-06   -0.00152212   -0.000377118   -2.35331e-05   0.006499   0.00273251   -0.00236016   -0.000817256   -0.003077   -0.000355466   -0.00705513   -0.000250791   -0.00804386   -0.00239172   -1.50537e-06   -0.00228912   -0.000383503   -0.000165357   0.0005809   -0.000863683   0.00064431   0.0023972   0.119684   0.0616109   -0.0275858   -0.00947552   -0.0215436   0.0723702   0.0425778   0.0700377   0.00996105   0.0863743   -0.108969   -0.09133   -0.00571282   -0.0291605   -0.0294601   -0.0053617   -0.00704596   0.00971942   -0.00452337   0.00364106   0.0193736   0.0249538   0.0054844   0.0119645   0.0127003   0.00737089   -0.0185605   0.00420666   0.0113081   0.0384835   -0.000862524   -0.00778029   0.0185769   0.00101558   0.0199705   0.00608238   0.0258878   -0.00407362   -0.0016429   0.0107435   0.0142035   0.00461308   -0.00635645   -0.00559687   -0.000758592   0.00187455   -0.00283319   0.0142184   -0.0360207   -0.0136418   0.0239612   -0.00017456   -0.0035902   0.0126993   -0.0126092   0.00566877   -0.00356139   0.00768502   -0.0173659   -0.0344432   -0.00774238   -0.00363424   0.0133051   0.00152746   -0.0257899   -7.83924e-06   0.0129453   -0.0132233   -0.0173523   -0.0187142   -0.0165049   -0.029564   -0.000415289   0.000316215   0.00248439   -0.00124215   -0.00044354   0.0145044   0.00298361   -0.00251964   -0.0493989   3.1955e-06   7.23281e-05   0.00113654   0.00169869   0.00117317   9.54117e-05   0.00206424   0.00469075   0.00283709   -0.00140578   4.76955e-06   -0.000182397   -6.76711e-05   0.000829494   0.00383858   0.00370711   0.279997   0.121712   0.0177168   0.0434683   0.0058255   -0.00610788   1   -0.185653   0.0955966   -0.0406589   -0.137201   -0.00155929   -0.00188748   -0.00261776   -0.00608334   -0.00942854   0.00181343   -0.00120351   -0.000830914   -0.00506235   9.99997e-05   -0.00269904   -0.00243125   0.000872219   -0.013011   -0.0012229   0.0202771   -0.0298844   -0.0113981   
0.0296182   -0.0317055   0.020543   -0.027051   -0.00558322   0.0336514   -0.011957   0.0253105   -0.0237043   0.00967355   0.00920323   -0.00841699   -0.00440119   -0.089821   -5.85484e-05   0.0115675   -0.0364717   0.0192898   -0.0221135   -0.000575998   -1.19876e-05   0.00235579   -0.0111819   0.00190554   -0.0113491   0.00457149   0.0108942   0.015711   0.00101181   -0.00641672   0.000210066   -0.0027638   0.00159156   0.00980082   -0.00450433   -0.00969865   -0.230204   -0.166358   0.0188399   0.0244581   -0.0318911   0.155498   0.174297   0.104543   -0.179625   -0.0983539   -0.106587   -0.14966   0.0164035   0.0692469   0.0678592   0.0200343   0.0372707   -0.0064834   0.0281314   0.00846094   -0.014196   -0.0192153   0.0151898   -0.00105931   -0.00914282   -0.000720605   0.0589944   0.00688239   -0.00722481   -0.0550889   0.0231514   0.0243701   -0.0299575   0.00569328   -0.0308235   0.000300675   -0.034517   0.0223955   -0.0021557   -0.00949598   -0.0185388   -0.00570622   0.00911306   0.0109343   -0.000297865   -0.00140388   0.0105342   -0.0203526   0.0768759   0.0276919   -0.0456606   0.000277679   -0.0119215   -0.0360496   0.00421714   -0.0237925   -0.0103364   -0.026575   0.0236352   0.0751375   0.0116038   -0.000993663   -0.0285465   -0.00341377   0.0525122   0.00502788   -0.0189621   0.0319239   0.0393597   0.0544203   0.0472429   0.0751496   -9.10296e-05   -0.00251319   -0.0234426   0.0071623   0.00827782   -0.0958294   -0.0200182   -0.0166243   -0.0133703   -5.44889e-05   0.000562259   0.000936676   0.000502887   -0.00834563   -0.00708965   0.0035706   0.00407579   -0.0192757   -0.0285877   -2.30571e-05   0.000899493   -0.00362546   -0.0034985   -0.0167606   0.00143828   0.190204   -0.231837   -0.0144152   -0.105276   -0.129093   1   -0.00610788   -0.269973   -0.0298251   -0.0078083   -0.0424584   -0.0358294   -0.0120701   -0.0126071   -0.031206   0.0346962   -0.0396699   -0.0145944   -0.0106992   -0.00483899   -0.0664608   -0.0298708   -0.0341806   -0.0247107   0.0157431   -0.00111331   -0.00732333   0.0741046   -0.00646434   
0.0603669   0.111637   -0.185373   0.048777   0.126066   -0.197654   0.106282   -0.091532   0.138974   -0.0719254   -0.0929619   0.139447   0.0357515   0.0726424   -4.96845e-05   -0.0495601   -0.00724359   0.00300594   0.0812689   -0.0170361   -0.12336   -0.0449847   0.102782   0.0112283   -0.0011588   -0.00293609   -0.0187271   -0.0618845   0.000555655   -0.0149067   0.0181118   -0.00818709   0.0144201   0.00135892   0.0394131   -0.037856   0.108707   0.14537   -0.025424   0.0186056   -0.0309121   0.251283   -0.0836625   -0.178308   -0.487746   -0.191907   0.0247164   0.0044509   0.0439517   0.0482887   0.054152   0.0183176   0.0274855   0.037402   0.0148218   -0.00948912   0.0648102   0.0372497   0.0442749   0.00880449   0.034494   0.00172318   0.0298734   0.0294825   0.0328775   0.0679995   -0.0189321   -0.0217019   -0.014111   -0.0151505   -0.018358   -0.00671311   0.012461   0.0345887   -0.027806   -0.0100021   0.00739475   -0.0225397   -0.0713395   -0.037112   -0.0550918   0.0237113   0.0119904   0.0375149   5.15648e-05   -0.00586184   0.00579393   0.00816635   -0.0550894   0.00404266   -0.018546   -0.0133303   -0.0338465   0.000681472   0.00618683   -0.0169468   0.0704799   0.00456908   0.0340341   0.0183547   0.0045528   0.00529135   0.0227541   -0.00933258   0.0142294   0.00640171   0.023302   0.0251004   -0.00309796   -0.00202653   -0.0248139   0.0129665   0.00922811   -0.112913   -0.0237164   0.00470474   0.00466452   -0.000159079   0.000385809   -0.0152494   -0.0201276   -0.0109138   0.00366204   -0.043677   -0.0687784   -0.0159977   -0.016485   3.08725e-05   0.00180763   -0.00184809   -0.000209712   -0.00973065   -0.0192746   -0.146708   0.0552115   0.170148   -0.060436   1   -0.129093   0.0058255   0.173558   -0.0159342   -0.0286835   -0.0213207   -0.0339668   0.0302171   0.0391238   -0.026095   0.0318994   -0.0425438   0.00625859   0.00768997   0.0806294   -0.0685594   0.0332961   -0.0521763   0.0473818   -0.137539   0.0195183   0.0107981   -0.0622378   0.0017571   
-0.0279228   -0.00785716   0.0302196   0.0212115   -0.0409247   0.0699217   -0.0413658   -0.11673   0.0192929   -0.00764942   -0.0614757   -0.0642546   -0.0127702   0.0245154   -3.40526e-06   -0.00111715   0.00317842   -0.0303959   0.0588251   0.0998823   0.000926316   0.0344481   -0.037108   0.00406567   -0.0674115   0.0056301   -0.00084497   -0.0501424   -0.00118836   0.00489689   -0.0163266   0.0045978   0.00749293   -0.00876509   -0.0180641   0.0476524   -0.16128   -0.13301   0.0392122   0.0142761   0.00304615   -0.0321576   0.105066   0.0133684   -0.0906615   -0.326616   0.113746   -0.0390032   -0.00638239   -0.0171828   -0.0211317   0.00211028   0.0119269   0.0189236   0.0158349   0.0259747   0.0128509   0.023696   0.0105175   0.0235646   0.0165709   0.0221589   -0.00750298   0.0134884   0.0144935   0.0177589   0.0202831   0.0164185   0.0284402   0.0193759   0.0282465   0.0148299   0.0191424   -0.00257535   0.0164723   0.0152753   0.0100671   0.0116474   0.0190144   0.0101058   0.0182122   0.00122903   0.000108831   0.000424748   -0.00771054   -0.00448431   0.0054008   -0.0134189   -0.000860351   -0.00906257   -0.0168868   -0.00843267   -0.00704897   -0.00741377   -0.0196023   -0.00147488   -0.0275162   -0.00589994   -0.00299869   -0.00354631   -0.012665   0.00528406   0.00670914   0.00213109   -0.00567705   -0.00480938   -0.00388731   -0.0115695   -0.000710691   -0.00316344   -0.0169845   0.00396649   0.00460384   -0.0885604   -0.0152399   0.000826086   0.00637354   0.00017056   8.15728e-05   0.0109166   0.00608795   -0.00509672   -0.0122033   0.023448   0.00195398   -0.00256776   -0.0599951   -4.1957e-06   -0.00118998   0.00527804   0.0121266   0.0561842   0.03461   -0.0172071   0.0499712   -0.0356255   1   -0.060436   -0.105276   0.0434683   -0.0323416   -0.0579206   -0.081973   0.0753817   -0.0470746   0.0247609   0.0197076   -0.0171551   0.00532878   -0.0249651   -0.00181275   0.0252907   -0.0030136   -0.0388293   -0.00688428   0.0377708   0.0734047   -0.138928   -0.000838253   0.039038   0.0153184   0.0141214   
0.0992908   0.0433452   -0.057515   -0.0123214   -0.0688058   -0.0311162   0.0602318   0.0796262   -0.0296462   -0.0155773   0.0213222   -0.0174972   0.147879   -0.0510275   5.65568e-05   -0.013895   0.0236571   -0.0314345   0.0717282   -0.0219743   -0.117704   0.00572639   -0.0544866   0.006549   -0.0195774   -0.041836   -0.0541293   0.0386829   0.00546111   0.00849236   0.00119671   0.000207091   -0.0166816   -0.010714   0.0405517   0.00439689   -0.167539   -0.121161   0.00100524   0.0050476   -0.0171142   0.0546679   -0.0908314   0.0497543   0.103907   0.0371195   0.301863   -0.14174   0.170524   0.180375   0.214342   0.00728002   0.0257112   0.0883042   -0.044782   -0.175949   0.270464   0.112901   0.150986   -0.0534433   0.0995848   -0.0913161   0.0690619   0.0673751   0.100507   0.32765   -0.193139   -0.209766   -0.153779   -0.163423   -0.163642   -0.0871245   0.0426763   0.103309   -0.207904   -0.0790238   0.0369553   -0.130796   -0.414437   -0.205082   -0.307093   0.145186   0.081478   0.241563   -0.122968   -0.0131613   0.0915994   0.112422   -0.259009   0.091437   -0.054194   -0.0214898   -0.151012   0.0387622   0.0489171   -0.228193   0.41119   0.0167359   0.182018   0.0790443   -0.0213453   -0.0284253   0.0780979   -0.12482   0.00363358   -0.0425854   0.0110203   0.0168587   -0.00203027   -0.0018707   0.00542744   0.0188575   0.00951749   0.047455   0.0034683   -0.00244951   0.0290204   0.000366911   0.00305745   0.000766377   -0.00445471   0.00710862   0.00403001   0.00156174   -0.00495317   0.0140697   0.0149129   -2.11117e-05   0.00339648   -0.00661877   -0.00031138   -0.00017972   -0.0098394   0.0926555   0.364352   1   -0.0356255   0.170148   -0.0144152   0.0177168   -0.10539   -0.303407   -0.0484889   0.0440376   -0.0128753   -0.0618359   0.0632917   0.0155652   0.145289   0.00876216   -0.0135996   -0.0500062   0.0109582   0.0134919   -0.0282021   -0.0488501   -0.0572761   -0.176615   0.00253006   0.0422367   -0.452843   0.00360884   
-0.344525   0.0103629   -0.0280326   0.00424149   -0.0383988   0.0152044   0.0300575   0.0326456   -0.0433676   -0.0241482   -0.0266858   -0.0205028   0.0390515   -0.0446867   2.65657e-05   -0.00973945   0.0109384   -0.00497509   0.046368   -0.0118292   -0.0383387   -0.01152   -0.0292887   -0.000653487   -0.0312919   -0.0126834   -0.0680333   0.0082639   0.00196359   -0.00320608   0.00309949   0.000637996   -0.00334664   -0.0111401   0.0131783   0.00508572   -0.0578678   -0.0119208   0.00173776   0.0297424   -0.00287701   0.116541   0.00357132   0.0829636   0.00829366   -0.065249   0.0775784   -0.11065   0.0243217   -0.161397   -0.156654   -0.0281429   -0.0120603   0.127712   -0.00817758   0.0116182   0.237855   0.234072   0.0981205   0.0990096   0.146498   0.0466079   -0.130678   0.0678667   0.122346   0.378077   -0.0558376   -0.0956229   0.104182   -0.0322005   0.103384   0.0280172   0.19254   -0.00678655   -0.0691294   0.0472338   0.0979909   -0.0102542   -0.173249   -0.134619   -0.150229   -0.0789588   -0.153112   0.017807   -0.292147   -0.223467   0.155601   0.0470461   -0.0165593   0.211144   0.00423298   0.160939   0.0636446   0.18444   -0.0147835   -0.317676   0.12727   0.0594252   0.215005   0.0938692   -0.146367   0.0325204   0.151598   -0.0926842   -0.0989545   -0.132297   -0.12531   -0.228635   0.00276192   0.00432236   -0.000846462   0.00634022   -0.00649473   0.0240034   -0.00147395   -0.00741336   -0.0897305   0.00014601   0.000770079   0.00391665   0.00607327   0.00751403   0.00229608   0.00635839   0.0238645   0.0170983   0.00729322   1.1989e-05   -0.000523209   -0.00296212   0.00340165   0.00997306   0.0144682   0.354062   1   0.364352   0.0499712   0.0552115   -0.231837   0.121712   -0.28807   0.0158112   0.576469   0.256312   0.127436   -0.0307953   -0.00383308   0.000415549   -0.0467352   -0.00133514   -0.00973943   -0.0224922   -0.0195119   -0.00319214   -0.0227455   -0.0251687   -0.0256581   -0.0846645   -0.00473983   -0.291873   -0.403462   -0.00889727   
-0.252906   -0.0230159   0.0177942   -0.0116437   -0.0300476   0.0438114   -0.00263788   0.0346115   -0.0417276   0.000792481   0.00141598   -0.0299614   0.00159518   -0.0526164   7.89232e-05   0.00315393   -0.00545884   0.00604806   -0.000502131   -0.00471498   0.00505898   1.91359e-05   -0.0262893   -0.00417509   -0.0171163   -0.00374627   -0.0254473   0.0145964   0.000275737   -0.0100755   -0.00243208   -0.000840053   -0.00186567   0.000486554   0.00113456   0.00672171   0.131604   -0.020156   -0.0813876   -0.0613352   -0.172342   0.433407   0.399918   0.506593   -0.0939401   0.131376   -0.0631647   0.117689   -0.0329749   -0.0979888   -0.103003   -0.0475697   -0.0361408   0.0112339   -0.032188   -0.0147952   0.0502916   0.0583764   0.00680043   0.0154862   0.0242901   0.000206625   -0.0860013   -0.00112861   0.0212158   0.108449   -0.0243433   -0.0433187   0.0310185   -0.0183312   0.0361087   0.00541796   0.0667627   -0.045708   -0.0233454   0.0206041   0.0376556   0.00571953   -0.0392874   -0.029011   -0.023638   -0.00501897   -0.020819   0.0361963   -0.145466   -0.0475848   0.0765253   0.0230649   0.00373785   0.0679521   -0.00713706   0.0458921   0.0137438   0.0483848   -0.0262489   -0.150816   0.010351   0.00202676   0.0489438   0.0102718   -0.0758133   -0.0116367   0.0274986   -0.0552719   -0.0657271   -0.0751854   -0.0938915   -0.133035   0.00888937   -0.00155182   0.0390705   -0.0149271   -0.0122692   0.139905   0.0273706   -0.0148477   0.0310823   6.92957e-06   0.000481489   0.00479795   0.00750006   0.00446746   -0.000282289   0.0107036   0.0238223   0.00807764   -0.0025668   1.53504e-05   -0.000483801   -0.00173307   6.9331e-05   0.00388685   0.0096658   1   0.354062   0.0926555   -0.0172071   -0.146708   0.190204   0.279997   -0.842894   0.323839   0.0466379   0.629598   0.0477025   -0.0212607   -0.0183794   0.0473649   -0.0415023   0.0771188   -0.00810854   -0.0129881   -0.0343468   0.132966   -0.0200276   -0.015021   -0.0240065   -0.00858741   -0.0082775   -0.00396657   -0.132317   0.0356655   
-0.0100351   -0.0226159   -0.0132058   -0.0161513   -0.061344   -0.0594986   0.00716627   0.11483   0.0985237   -0.00760337   -0.00316933   -0.0182464   -0.0208739   0.022242   0.00021605   0.0124393   -0.0142054   -0.0367463   -0.0930218   -0.0235255   0.0297598   0.0351859   0.0292123   -0.00187823   -0.00202154   0.00463818   -0.00403951   0.0105491   0.000725076   0.0107915   0.00546579   0.0065725   0.00313844   -0.0122319   -0.0214045   0.00272916   -0.00811411   -0.00688697   0.00194448   0.00100898   0.000506385   -0.00180678   0.00739395   0.00509838   0.00106392   -0.0109774   -0.00016132   -0.00283801   -0.00244294   -0.00633075   -0.00672328   -0.00042402   -0.00115529   0.000290523   0.000187515   0.00294418   1.45294e-06   0.00241108   -0.000904974   0.00243595   0.000431494   0.00233186   -0.00374673   -0.000216193   0.000517853   0.00157373   0.00205724   0.00115981   0.00448914   0.0016097   0.00466343   0.00168766   0.00298204   -0.0020423   0.00159716   0.00156562   0.000771312   0.00108176   0.00230016   -0.000798177   0.00107099   -0.00380262   -0.00285111   -0.00156697   -0.0039747   -0.00306833   0.00212729   -0.00131461   0.00368022   0.00225151   0.000690167   0.00316955   0.00352764   0.00284478   -0.00135814   -0.00255556   -0.00486222   0.000867396   0.00109015   0.00065591   -0.00261743   0.000924082   0.00181585   0.000421509   -0.00186546   -0.0016913   -0.00268563   -0.00507129   0.00268102   0.00122055   -9.21348e-05   0.00109762   -0.000323848   -0.000442704   0.000213816   -0.0109139   -0.00212728   0.000200945   -0.00457479   -0.0147971   -0.0227756   -0.00327792   -0.0110019   -0.0293971   -0.0685501   -0.0212919   -0.00244234   -1.27902e-06   -0.00749141   -0.0104162   -0.0345157   -0.102593   1   0.0096658   0.0144682   -0.0098394   0.03461   -0.0192746   0.00143828   0.00370711   -0.0109221   0.00206596   0.010416   0.00738365   0.00143247   -0.068604   0.0178925   -0.00350156   -0.0117422   -0.000743347   0.00341143   -0.0362864   -0.00431847   -0.00118151   0.0170691   -0.043353   -0.0273199   -0.202458   -0.00104265   -0.00427992   0.000397678   0.000163265   
-0.0125162   -0.0290232   -0.015851   -0.00915849   -0.0189008   0.024455   0.0462485   0.0409253   0.0217872   -0.0123548   -0.00760944   -0.0213593   -0.0256296   -0.00773747   0.000406534   0.0124282   -0.0144724   -0.0375587   -0.0786229   -0.0454005   0.00205434   0.00731912   0.0249241   0.00194636   -0.000879666   0.0229245   0.0122238   0.0105573   0.00314718   0.0285685   0.0508452   0.0338888   0.0327092   -0.0312468   -0.106089   -0.127464   -0.0099444   -0.00875178   0.00262298   0.00105237   0.000664427   -0.00294999   0.00506172   0.00229589   -0.00329298   -0.0185274   0.00603256   -0.00156307   -0.00113543   -0.00369059   -0.00355783   -0.00127344   -0.00322465   -0.00156505   -0.00274078   -0.0015727   -0.000741801   -0.000169998   -0.00162673   -0.00103654   -0.000715813   -0.00090825   -0.0030458   -0.00176585   -0.000819597   0.00114269   -0.00139981   -0.00192403   0.000587658   -0.00138525   0.00068223   -0.00060331   0.00114675   9.37565e-05   -0.000771727   -0.000487869   0.000408293   -0.00093302   -0.00159417   -0.00221651   -0.000939046   0.000955499   0.00263068   0.00459444   -0.00420613   0.00133899   0.0031184   -0.000266455   2.25173e-05   0.00062587   -0.000878865   -1.01685e-05   -0.000251065   0.000237129   -0.00178475   -0.00417652   -0.00191977   -0.00067576   0.000288054   -9.30947e-05   -0.00286997   -0.00110248   0.000426324   -0.00157754   -0.00158376   -0.00235424   -0.00288993   -0.00408641   0.00181028   0.00156905   0.00144359   -0.00695183   -0.000638771   0.00716575   0.00255124   0.018786   -0.00126695   0.000976687   -0.0096354   -0.0290992   -0.0249999   -0.0328457   -0.0167821   -0.0560053   -0.0346051   -0.0904358   0.0224705   -6.49061e-05   -0.0149494   -0.0222338   -0.0398274   1   -0.102593   0.00388685   0.00997306   -0.00017972   0.0561842   -0.00973065   -0.0167606   0.00383858   -0.00571581   -0.00333254   0.00107953   0.00731953   -0.00131046   -0.0564462   -0.0756064   0.00416814   -0.0132815   -0.001272   0.00200699   -0.0586638   -0.0209042   -0.00195138   0.00969059   -0.0407876   -0.070719   -0.197073   -0.00451707   0.00590115   -0.00160899   0.000760971   
-0.000530785   -0.0098103   -0.00805228   -0.00767118   -0.0246294   -0.0120069   0.0107228   0.0244734   0.0186047   -0.00435841   -0.00260594   -0.00622931   -0.00850391   0.00238467   6.96255e-05   -0.000941167   -0.00626504   -0.00501848   -0.0276479   -0.00537884   0.0227763   0.0199482   0.0116761   -0.00138011   -0.00279392   0.00178416   -0.00349102   -7.88157e-05   -0.000224662   -0.00628666   0.00136218   0.00195904   0.00563315   0.00555239   -0.00585576   -0.0177202   -0.0012449   -0.000997933   0.000381371   0.000173728   9.93378e-05   -0.00044394   0.000996385   9.76079e-05   -0.000526502   -0.00359355   0.00158042   -0.000386715   0.000138657   -0.000638459   -0.000657269   0.000250623   0.000217454   0.000673697   0.000360026   0.000671202   0.000790733   0.00104636   0.000443707   0.000757212   0.000697113   0.000642963   -0.000308934   0.000396407   0.000567066   0.00112808   0.000350582   0.000164439   0.000902403   0.000286212   0.00085087   0.000354441   0.000785533   0.000367967   0.000144962   0.000244485   0.000286977   -3.77595e-05   -0.000254705   -0.000571273   -0.000338672   -0.00041487   -0.000282154   0.000221982   -0.000609193   -0.000565616   0.000428019   -0.000352269   -2.03364e-06   0.000261326   -0.00024549   0.000266698   0.000182108   0.000395322   -0.000331051   -0.000520304   -0.000377261   0.000157126   0.000522777   0.000343977   -0.000469566   0.000297783   0.000680571   8.95157e-05   -5.29544e-05   -0.000167749   -0.000133331   -0.000566271   0.000981265   0.000975073   -0.000294043   -0.000471239   0.000116519   -0.00224693   -0.000767696   -0.00475555   9.01896e-05   6.13199e-05   -0.00157761   -0.00331045   -0.00574206   -0.00110633   -0.00356404   -0.00658287   -0.020749   -0.00762302   -0.00339874   1.04025e-05   -0.00322793   -0.00362747   1   -0.0398274   -0.0345157   6.9331e-05   0.00340165   -0.00031138   0.0121266   -0.000209712   -0.0034985   0.000829494   -0.000339497   -0.000395766   0.000836527   0.0016379   -4.606e-05   -0.0340836   -0.00739776   -0.00193338   -0.00226267   -0.000180906   -0.0034839   -0.000246981   -0.000797541   -0.000273848   -0.00265123   -0.0246961   0.00944214   -0.0491979   -9.92648e-05   -0.000216431   -0.000296528   0.000141199   
-0.000168578   -0.0219666   -0.0121538   -0.0021576   -0.00577618   0.000259379   0.00484841   0.0111369   0.00985191   -0.00823117   -0.0053656   -0.0128544   -0.0205214   -0.00428991   0.000113045   -0.000100664   -0.000328153   -8.86782e-05   0.000668751   -0.00910201   -0.0128775   -0.00799303   0.000186178   -0.000793895   -0.000413336   0.00209168   -0.00049824   0.000829552   0.000266651   0.00339007   0.00474578   0.00290634   0.00312561   -0.00263071   -0.00909826   -0.0076914   0.00100886   0.00051662   0.000143215   -0.000109972   0.000268975   -0.00146194   0.000443736   -0.000569477   7.93329e-07   -0.00113939   -0.000995515   0.0013809   -0.00113871   -0.00111692   -0.0013218   -9.01859e-05   -0.0003509   -0.000764942   0.000107784   0.000964573   -0.002032   -0.00102496   -0.00116558   0.000129059   -0.00081238   0.000449879   -0.0004449   -0.000596819   -0.000817621   -0.00242099   0.0011604   0.00131265   0.000869963   0.000995779   0.00093235   0.00046523   -0.000440681   -0.000576242   0.00138149   0.000422289   -0.000296088   0.000800768   0.00274766   0.00140191   0.00213988   -0.000588812   -3.93031e-05   -0.00115774   0.000907213   0.000530779   -0.000569351   -0.000808608   0.00154607   -0.000894666   0.000173452   -0.000206678   0.000704963   -0.000583169   -0.000484819   0.00158627   -0.00286846   -0.000293217   -0.00143646   -0.00067254   9.76598e-05   4.14113e-05   -0.0006809   0.000752397   -6.04003e-06   0.000244518   -6.54371e-05   -2.62255e-05   -0.00041763   -0.000471338   -7.29285e-05   -0.000612744   -7.27978e-05   0.000209781   -8.80584e-05   0.000476543   6.41458e-05   7.56771e-05   -0.00101291   -0.0033117   -0.00422716   -0.00421592   -0.000202264   -0.00721104   -0.0116396   -0.00937318   0.00898586   -3.56736e-06   -0.00165409   1   -0.00362747   -0.0222338   -0.0104162   -0.00173307   -0.00296212   -0.00661877   0.00527804   -0.00184809   -0.00362546   -6.76711e-05   0.00172565   0.00152765   -0.00098634   -0.000123459   -0.000199881   -0.00996012   -0.00574489   -0.000319957   -0.00129931   9.15451e-06   -0.00434495   -0.0102797   0.00807256   3.6427e-05   -0.00406908   -0.027055   -0.018299   -0.0048633   0.00197585   0.000869458   0.00324024   8.321e-05   
0.00241593   -0.000482173   -0.00436597   0.00268755   -0.0118565   -0.00111393   0.00345592   0.00572689   0.00449969   -0.000628156   0.000674934   0.00049163   -0.0143567   0.00068016   -1.71055e-05   -0.0077171   0.0146409   -0.00874245   0.00140035   0.00625954   0.00383668   0.000432739   -0.000156776   -0.00341537   0.000486074   0.00308179   -0.00294292   -0.00106573   -0.000187607   -0.00117857   0.00539313   0.00114592   0.00347646   -0.00180945   -0.0117646   -0.0118005   -0.00027797   -0.000149651   -7.37982e-05   -2.53762e-05   -0.000110683   0.000353067   -0.000474391   -0.000162016   -6.45832e-05   0.000389489   0.000966622   -0.000374693   0.000933038   0.00122522   0.00137854   0.000262946   0.000278026   0.000357924   -2.43344e-05   -0.00062045   0.000761343   0.000231089   0.000626247   -0.000215525   0.000484879   -0.000363275   0.000736938   0.000248802   0.000264699   0.000762174   -0.000589704   -0.000530957   -0.000734726   -0.000539272   -0.000826663   -0.000321796   -0.000141145   0.00116473   -0.000659341   -0.000370693   6.46659e-05   -0.000542019   -0.00135852   -0.000622021   -0.00102197   0.000703805   0.000594296   0.000904832   0.000296775   0.000332935   -3.10235e-05   0.000266534   -0.00114339   -0.000148287   -0.000313293   -0.000494338   -0.00078629   -0.000267017   0.000219322   -0.000157567   0.00141982   -5.99275e-05   0.000362384   0.000245488   0.000246604   -8.28468e-05   0.00016794   -0.000195737   0.000465726   0.000253762   0.00051521   0.000807754   8.64321e-05   -0.000115904   -0.000396932   -0.00151508   0.000138204   -0.000161908   0.000182762   -0.000595856   0.00045313   3.7695e-05   -0.00435441   -0.000854574   -0.0012474   -0.00407085   -0.00418115   -0.00201042   -0.00282249   -0.00233966   -0.00185785   1.15812e-05   1   -0.00165409   -0.00322793   -0.0149494   -0.00749141   -0.000483801   -0.000523209   0.00339648   -0.00118998   0.00180763   0.000899493   -0.000182397   0.000354464   -0.0011782   -0.00111532   -0.000378611   -0.000255657   -0.0118844   -0.0234657   -0.00158815   0.000713445   1.38777e-05   -0.000583913   0.00129094   -0.0150341   1.9109e-05   -0.000923551   -0.00357746   0.00639352   -0.0184196   -0.00356583   0.000709157   -0.000918407   1.43151e-05   
-3.3596e-05   3.51457e-06   -6.99233e-06   -5.34706e-07   -1.41849e-05   -3.39298e-05   -2.77399e-05   -2.8776e-05   -7.01589e-06   -3.54986e-06   -3.38523e-06   4.45512e-06   -4.51307e-06   2.76682e-07   1.69766e-08   8.98415e-05   -0.000161766   3.67893e-05   4.10073e-05   3.24937e-05   9.5942e-06   2.58967e-05   -0.00013003   6.01325e-05   3.82566e-05   2.48433e-05   7.5485e-05   3.53731e-05   1.22127e-05   0.000117634   0.000184617   1.74779e-05   -0.000171072   -0.000126367   5.95339e-05   -0.000108927   -4.10622e-06   -4.85438e-07   1.91395e-06   3.49294e-06   -4.78464e-07   1.67953e-05   -6.01092e-07   -5.23285e-06   -4.67414e-05   -2.86966e-05   -1.62406e-05   5.33649e-06   -1.48447e-05   -1.95083e-05   -1.97106e-05   -1.1443e-05   -1.90537e-05   -1.76498e-05   -1.631e-05   -1.07173e-05   -1.794e-05   -1.49359e-05   -1.79821e-05   -1.20582e-05   -1.5938e-05   -9.63407e-06   -1.62126e-05   -1.42039e-05   -1.24233e-05   -1.28384e-05   -7.14025e-06   -7.13726e-06   -3.00938e-06   -5.35018e-06   -7.79081e-07   -4.2995e-06   -2.82227e-06   -1.80622e-05   -4.41091e-07   -7.27289e-07   -1.63506e-06   3.02712e-06   8.40808e-06   4.91979e-06   8.71619e-06   -1.29848e-06   2.48726e-07   3.53522e-08   -1.47878e-05   1.95687e-06   7.81279e-06   4.23812e-06   1.33044e-05   7.25306e-06   6.38505e-06   7.50806e-06   8.23604e-06   4.15945e-06   -1.88074e-06   -1.19939e-05   -1.04555e-05   -1.64207e-06   -4.32802e-06   -5.42589e-06   -8.19742e-06   -6.42663e-06   -6.89865e-06   -7.19177e-06   -1.21677e-05   -1.14105e-05   -1.54056e-05   -1.82817e-05   -1.66826e-06   9.0232e-07   6.14215e-06   8.04116e-06   -5.83346e-06   8.41568e-05   1.40307e-05   3.75567e-05   -1.24952e-05   4.41303e-07   -2.6279e-06   -2.15598e-06   -2.46979e-05   -1.71671e-06   -5.63593e-06   1.25406e-05   9.02861e-07   -1.74484e-06   5.13646e-05   1   1.15812e-05   -3.56736e-06   1.04025e-05   -6.49061e-05   -1.27902e-06   1.53504e-05   1.1989e-05   -2.11117e-05   -4.1957e-06   3.08725e-05   -2.30571e-05   4.76955e-06   -1.18593e-05   1.05738e-05   1.13421e-05   6.01173e-06   -1.60647e-06   3.89302e-05   0.000178527   2.61378e-05   -1.28236e-05   -5.73055e-06   -1.52034e-05   -2.48435e-05   -0.000161038   -9.15142e-06   -2.69592e-05   -1.5844e-05   -4.9783e-05   -3.30629e-05   -3.92206e-05   -1.1507e-07   -4.19945e-06   1.53533e-07   
0.00751995   0.0409076   -0.0164803   -0.0166082   -0.0270288   -0.0368794   -0.100082   -0.0696423   -0.0964348   -9.84709e-05   0.0701958   0.00232814   0.0125017   -0.0702031   2.5969e-05   0.0143101   -0.00221383   -0.0318923   0.0173401   0.0432096   0.0427832   0.000947298   -0.0124931   -0.0155317   0.0338291   -0.00415377   -0.0156507   -0.0432807   0.00210651   -0.0703855   -0.00389625   -0.00149759   0.00795124   0.017497   0.0220495   0.0444744   0.0194127   0.0127719   -0.00346285   -0.00265518   0.00188806   -0.0114687   -0.0127327   0.00106247   0.0358023   0.0382773   0.00185319   0.00540727   0.00160452   0.00238983   0.00253204   8.59873e-05   0.00147913   0.00264162   0.000402488   -0.00111897   0.00531719   0.00294663   0.00317337   0.000364865   0.0019589   0.000259955   0.00113858   0.00243237   0.00298384   0.00631758   -0.00137986   -0.00220514   -0.000534605   -0.000709889   -0.000499085   -0.000433275   0.00206555   -0.000357734   -0.00163497   0.000149529   0.00144124   -0.000764671   -0.00465907   -0.000928595   -0.00156372   0.00648941   0.00547947   0.00758199   -0.00207146   0.00276154   0.00245171   0.000141192   -0.00672885   -0.0021534   -0.00523339   -0.00479475   -0.00696749   -0.0034279   -0.00320248   -0.00293823   0.00321101   -0.0022039   0.000761649   -0.000874204   -0.00203728   -0.00100487   0.00047556   -0.00280924   -0.00122024   -0.00150449   0.000301508   9.53222e-05   -0.00185752   -0.0022311   0.000645589   0.00852983   0.000876817   -0.00617443   -0.00148173   -0.0370575   0.00165767   -0.000730522   0.000659482   -0.0247385   -0.105465   -0.17101   -0.158771   -0.0750103   -0.432764   -0.330009   1   5.13646e-05   -0.00185785   0.00898586   -0.00339874   0.0224705   -0.00244234   -0.0025668   0.00729322   0.0149129   -0.0599951   -0.016485   -0.0285877   -0.00140578   0.00903393   0.00151088   0.0170818   0.00121458   0.00893479   0.0197268   0.116097   -0.0101555   0.00651529   0.00580817   -0.0556063   0.00446719   -0.0242504   0.00932271   -0.10545   -0.0635093   0.0342918   -0.137881   -0.0058354   0.0161552   -0.00436534   -0.00103622   
-0.0101129   0.00982931   0.0119185   -0.00343352   -0.00442064   0.00795054   -0.0580785   -0.0300397   -0.0738026   0.00862386   0.00525065   -0.0251146   -0.00520041   0.0150464   -7.03898e-06   0.0130685   -0.0358917   0.0157942   -0.02899   -0.00473303   -0.084986   -0.0203295   0.0220317   -0.00181739   -0.00756333   -0.00952422   0.0060861   0.0375746   -0.00372639   0.0182658   0.00921677   0.00857474   0.00779095   -0.00568279   -0.0429741   -0.0284595   0.000733243   -0.000992475   5.41809e-05   -0.000117729   0.00108305   -0.0047512   -0.00267396   0.00417966   0.014606   0.00779952   0.00395285   -0.000552362   0.000308793   -0.00211283   -0.00175438   -0.00187514   -0.00271043   0.000189199   -0.00323763   -0.00364206   0.0034838   0.00213181   0.000743343   -0.00122424   0.00106316   -0.00170872   -0.00266978   -0.000348088   0.00110851   0.00676962   -0.0035953   -0.00457284   -0.000754402   -0.00289421   -0.000610405   -0.00129072   0.00272881   0.000279218   -0.00298281   -0.000443567   0.00185281   -0.00156264   -0.005956   -0.00315671   -0.00310758   0.00476326   0.00472692   0.00869831   -0.00692136   0.00170692   0.00511797   0.00117559   -0.00441922   0.00102396   -0.00339565   -0.00173987   -0.0041331   -0.000683649   -0.00290992   -0.00811598   0.00258764   -0.00166056   0.00204714   -0.000116935   -0.00442331   -0.00190303   0.00103534   -0.00428537   -0.00279434   -0.00395336   -0.00344393   -0.00471561   -0.00137479   -0.00324159   0.00167771   -0.00392612   -0.000344565   0.00861301   0.00167535   0.00268386   -0.00165834   0.00051427   -0.00200091   -0.0397455   -0.076119   -0.142181   -0.0852721   -0.0960533   -0.267917   1   -0.330009   -1.74484e-06   -0.00233966   -0.00937318   -0.00762302   -0.0904358   -0.0212919   0.00807764   0.0170983   0.0140697   -0.00256776   -0.0159977   -0.0192757   0.00283709   -0.00562066   -0.00196992   0.0157807   0.00737518   0.00486831   0.0369264   -0.0417765   0.00123435   -0.00459711   0.00180431   -0.017649   -0.0278328   -0.00505601   0.00291277   -0.0336516   -0.008301   -0.0494657   -0.00423144   -0.00110197   0.012295   -0.00795178   -0.000266484   
-0.0132587   -0.0658133   0.0301129   0.00907116   -0.0676463   -0.105619   -0.0543278   -0.0448874   0.0941984   0.000476765   -0.0708593   0.0102128   0.0128434   0.0315315   -9.80365e-05   -0.021312   0.0513797   0.000835181   0.00664382   -0.0864894   0.0254544   -0.00387981   -0.029937   0.014079   -0.0277398   0.0109859   0.0172959   0.0236194   0.00274624   0.00190011   -0.0176751   -0.0106405   -0.0200878   0.00500191   0.0429366   0.00499587   -0.00717042   -0.00926455   0.00163288   -5.97382e-05   0.00219354   -0.0127021   0.00686181   0.0156818   0.0337808   0.0133161   -0.00251006   -0.0037463   -0.00279037   -0.00873614   -0.00910735   -0.00202989   -0.00303552   0.000535256   -0.00179798   0.00127197   0.000952355   0.00393406   -0.000723355   0.00239109   0.00195761   0.00154179   -0.00579188   -0.000731074   0.000749307   0.00510255   0.000747023   -0.000503622   0.00486915   0.000686276   0.00514172   0.00165494   0.00500128   -0.000187503   0.000909335   0.00242023   0.00279897   0.00136736   0.00138768   -0.000651862   0.00154866   -0.000937271   -0.000407178   0.00238538   -0.00802404   -0.00208534   0.00500837   -0.000874187   0.0017218   0.00224955   -0.00181835   0.00169381   0.00107313   0.00160681   -0.00399107   -0.00724826   -0.00544347   -0.000927021   0.00124772   -3.6188e-05   -0.00589081   -0.000298746   0.00205186   -0.00209753   -0.00363315   -0.00421484   -0.00515534   -0.00801529   -0.00192956   -0.00364399   0.00115663   -0.00874466   -0.000451589   0.00920308   0.0018879   -0.0337188   -0.00341785   7.15987e-05   -0.000125015   -0.0336297   -0.119711   -0.140009   -0.101496   -0.0884647   1   -0.267917   -0.432764   9.02861e-07   -0.00282249   -0.0116396   -0.020749   -0.0346051   -0.0685501   0.0238223   0.0238645   -0.00495317   0.00195398   -0.0687784   0.00407579   0.00469075   -0.0228608   0.00374567   0.0300176   0.0122825   0.00879523   -0.00271107   -0.116313   -0.00873409   -0.00980817   0.00300159   -0.00794356   -0.0205491   -0.051132   0.00477942   -0.0155859   0.0329171   -0.0631589   0.11908   -0.0124126   0.00469677   -0.00278725   -0.000722571   
-0.00848465   0.02236   0.00996387   -0.000510772   -0.000866018   -0.0209943   0.0139289   0.000404886   -0.00816587   -0.00412107   0.00498196   0.000163524   -0.0119641   0.0278342   -4.19741e-05   0.0189839   -0.00293754   0.00809277   -0.0574789   -0.0168948   -0.0512924   -5.09393e-05   0.0194144   -0.000309245   -0.00148187   0.00648007   -0.0250856   0.0216598   0.00186837   0.00756925   0.0100888   0.00281351   0.0201442   -0.0189976   -0.0213319   -0.00969115   -0.0102925   -0.0107397   0.00206329   -5.41461e-05   0.0012212   -0.00959243   0.0058224   0.00953763   0.0190358   0.000942287   0.0030996   -0.00324434   -0.000884879   -0.00206647   -0.00205999   -0.00104117   -0.0017021   -0.000907732   -0.00158347   -0.00111035   8.85177e-05   0.000179761   -0.00063479   -0.000605777   -0.000493614   -0.000605406   -0.00179071   -0.000845428   -0.000250939   0.00120961   -0.000881167   -0.00142636   0.000100011   -0.000952802   0.0002528   -0.000378305   0.000908721   -0.000754332   -0.000810006   -0.000175257   0.000379899   -0.000490532   -0.00133694   -0.00123992   -0.000667854   0.00099278   0.00177978   0.00311068   -0.00300083   0.000872627   0.00210791   0.000190724   -0.000461945   0.000448163   -0.00082452   -0.000162718   -0.000626307   1.23567e-05   -0.00118835   -0.00303461   -0.000628836   -0.000560148   0.0002282   -0.000208495   -0.00182642   -0.000815987   0.000124672   -0.0013134   -0.00133086   -0.00156116   -0.00199522   -0.00271746   -8.77139e-05   -0.00103902   0.0011619   -0.00165299   -0.000368368   0.00463707   0.000953693   0.00523197   -0.000901093   0.000153014   -0.00179309   -0.0235627   -0.0275713   -0.0462293   -0.0217621   1   -0.0884647   -0.0960533   -0.0750103   1.25406e-05   -0.00201042   -0.00721104   -0.00658287   -0.0560053   -0.0293971   0.0107036   0.00635839   0.00156174   0.023448   -0.043677   0.0035706   0.00206424   -0.0126316   -0.00278502   0.00558389   0.0053886   0.00168256   0.00394065   -0.0121642   0.00183096   -0.00631689   0.00120399   0.00298831   -0.0287281   0.0143382   0.00194895   0.0059218   0.0096643   -0.0614795   0.0437423   0.00350165   0.00434806   -0.00159699   0.000108756   
-0.000847043   0.0116575   -0.00912965   -0.00437502   -0.0194465   -0.00794879   -0.0178239   -0.0140484   -0.0299071   0.000274852   0.0121931   0.00986523   -0.0156181   -0.0172598   -6.43358e-07   -7.49055e-05   0.00744697   -0.0171033   -0.00256725   0.0113795   0.0131936   -0.000373481   -0.00370814   -0.00758281   0.006396   0.00216414   0.00104103   -0.00952941   0.00062709   0.00853707   0.00604989   -0.00331783   -0.0052223   -0.0060493   -0.00800703   0.00322424   0.0041094   0.00313208   -0.000739216   -0.000230989   0.000156438   4.20245e-05   -0.00293773   -0.000821364   0.00245444   0.00535301   -2.64371e-05   0.00104208   0.000171585   0.000171694   0.00024907   -0.000372823   -0.000360046   9.48256e-05   -0.000616927   -0.000945145   0.000857018   0.000286178   0.000314968   -0.00043386   0.000144205   -0.000452283   -0.000171447   8.32758e-05   0.000324126   0.00138668   -0.000830329   -0.00102381   -0.000468536   -0.000611928   -0.000423707   -0.000378604   0.000404696   -7.67835e-05   -0.000661247   -0.000129626   0.000379369   -0.000319336   -0.00135318   -0.000354563   -0.000439417   0.00190302   0.00179973   0.00247994   -0.00109836   0.00103692   0.00100131   0.000236462   -0.00163159   -0.000398478   -0.00127462   -0.00119098   -0.00177363   -0.000883736   -0.000908616   -0.00140429   0.000742172   -0.000715731   9.25127e-05   -0.000342729   -0.000851969   -0.000583166   -7.50857e-05   -0.00107652   -0.000579006   -0.000770364   -0.000447926   -0.000508945   -0.000495333   -0.000507161   0.000395755   0.000326873   2.67946e-05   0.00112682   0.000414586   0.000784533   -0.000218561   -0.000348246   -0.001682   -0.00853956   -0.0285415   -0.0463678   1   -0.0217621   -0.101496   -0.0852721   -0.158771   -5.63593e-06   -0.00418115   -0.000202264   -0.00356404   -0.0167821   -0.0110019   -0.000282289   0.00229608   0.00403001   -0.0122033   0.00366204   -0.00708965   9.54117e-05   0.00186092   0.000373921   0.00443427   0.00066807   0.0016686   0.00164624   0.00681334   -6.78534e-05   0.000680944   0.000670023   -0.0164441   -0.00493926   -0.0193739   0.00107245   -0.0308078   -0.0239953   0.00241223   -0.0601057   -0.00471272   0.00480506   -0.00147534   -0.000208517   
-0.00462353   -0.00288914   0.0030431   0.00435171   -0.00477954   -0.0056649   -0.0326237   -0.0166339   -0.0412902   0.00436324   0.0034496   -0.0146715   -0.00458253   0.00529976   -9.14273e-06   -0.000806578   -0.0182608   0.0153579   -0.00217366   0.0015287   -0.0427014   -0.0116005   0.0107984   -0.00108972   -0.00099807   -0.00386005   0.00269448   0.0160652   -0.00242508   0.0163599   0.00251469   0.000230018   0.00050874   -0.00532562   -0.0213937   -0.00876577   0.000532189   -0.000555135   -4.19906e-05   -0.000180312   0.000610341   -0.00303325   -0.00149386   0.00261359   0.00921993   0.00585587   0.0015632   -0.000205229   0.000146508   -0.000887686   -0.000708711   -0.00103951   -0.00142545   -3.90847e-05   -0.00173468   -0.00202025   0.00148561   0.000815722   0.000274885   -0.000783176   0.000470952   -0.00104295   -0.00124705   -0.000289082   0.00038432   0.00310309   -0.00187989   -0.00228426   -0.000607038   -0.00149713   -0.000530411   -0.000707139   0.00117338   0.000296713   -0.00147695   -0.000219092   0.000944096   -0.000705514   -0.00278162   -0.00128025   -0.0013197   0.00260179   0.00250007   0.0042964   -0.00327461   0.00106467   0.00243489   0.000672384   -0.00226669   0.000348605   -0.00172743   -0.00106001   -0.00221702   -0.000578145   -0.00145317   -0.00393309   0.00131308   -0.000969581   0.000802168   -0.000201718   -0.00214002   -0.00106098   0.000302014   -0.00219852   -0.00136078   -0.00194835   -0.00169571   -0.0021626   -0.000616606   -0.0017611   0.000882297   -0.00274862   -0.000186814   0.00520739   0.00121731   0.00339387   -0.000801668   0.000142639   -0.00268913   -0.0187212   -0.0393103   1   -0.0463678   -0.0462293   -0.140009   -0.142181   -0.17101   -1.71671e-06   -0.00407085   -0.00421592   -0.00110633   -0.0328457   -0.00327792   0.00446746   0.00751403   0.00710862   -0.00509672   -0.0109138   -0.00834563   0.00117317   -0.00318517   -0.000895992   0.00798179   0.00333995   0.00264799   0.0188408   -0.0316273   0.000790848   -0.00117474   0.00113261   -0.0105236   -0.00574327   -0.0151762   0.0018215   -0.0212304   -0.00121743   -0.0132821   0.0173095   -0.00364491   0.00654459   -0.00383348   -0.000190486   
-0.00769307   -0.00805914   0.00609685   -0.000612227   -0.0169247   -0.0254928   -0.00965221   -0.0136098   0.0202979   0.000428908   -0.0101549   0.00376167   0.00393013   0.00274232   -2.4257e-05   -0.00208558   0.0160989   -0.0055134   -0.00592314   -0.0297931   0.00321006   -0.00555968   -0.00742539   0.00355773   -0.00542598   0.00354975   0.00595978   0.00872172   0.00105385   0.0200027   0.00336912   -0.00409143   -0.0123277   -0.00822546   0.00517009   -0.00355681   -0.00321098   -0.00360066   0.000826514   0.00020958   0.000648628   -0.00328151   0.00294162   0.00452821   0.00715697   0.00071528   -0.0015153   -0.00093597   -0.0018714   -0.00365092   -0.00385251   -0.00114817   -0.00180197   -0.000951954   -0.00119732   0.00018343   -0.00120002   6.56036e-05   -0.00137423   0.000138901   -0.000508891   0.000146617   -0.00250567   -0.00104466   -0.000617266   -3.64296e-06   0.000299074   -5.22312e-05   0.00146953   0.000246847   0.00166965   0.000398204   0.0011032   -0.00115802   0.000640214   0.000720599   0.000560915   0.000698809   0.00155259   0.000383057   0.00144894   -0.000395637   0.000149233   0.000582991   -0.00265596   -0.000101636   0.00161071   -0.00034814   0.00148216   0.000540263   -0.000253077   0.00060819   0.000779109   0.000335365   -0.00141384   -0.00208742   -0.0029772   -0.000476309   -0.000399972   -0.000507842   -0.00198009   -0.000417292   -1.4719e-05   -0.000672937   -0.00156618   -0.0015991   -0.00222437   -0.00313972   -0.000501174   -0.00107985   0.000951822   -0.00245629   -0.000425617   0.00535927   0.00129396   0.00176271   -0.00165204   -2.53955e-05   -0.000826111   -0.0115814   1   -0.0393103   -0.0285415   -0.0275713   -0.119711   -0.076119   -0.105465   -2.46979e-05   -0.0012474   -0.00422716   -0.00574206   -0.0249999   -0.0227756   0.00750006   0.00607327   -0.00445471   0.00608795   -0.0201276   0.000502887   0.00169869   -0.00747269   0.00161794   0.00845465   0.00397529   0.00212494   0.00427423   -0.0265696   0.000953888   -0.00446034   0.000440454   -0.00377667   -0.015007   -0.015334   0.000703952   -0.00702465   0.00321505   -0.0320889   0.0186968   -0.00376743   0.00213095   0.000241203   -0.000131684   
-0.00479541   0.00854706   0.00414166   -0.00130237   -0.00228341   -0.00450552   0.00776337   -0.0010529   -0.00330357   -0.000233689   0.00154078   0.00125285   -0.00237589   0.0115186   -1.94136e-05   0.00801023   -0.00116749   0.00180542   -0.0289391   -0.009233   -0.0224883   0.00229513   0.00900574   0.000213652   0.000647395   0.00242887   -0.00584218   0.00898494   0.000874798   0.00738632   0.00607683   0.00153916   0.00713928   -0.0103722   -0.0111341   -0.00531298   -0.0044434   -0.00436745   0.000891919   0.00014933   0.000406559   -0.00290082   0.00248536   0.00358999   0.00563862   -0.00116854   0.00115666   -0.00147811   -0.000509434   -0.00126465   -0.00125607   -0.000575867   -0.000953457   -0.000465284   -0.00086187   -0.000567718   8.81699e-05   0.000150335   -0.000372803   -0.000292373   -0.000257971   -0.000305389   -0.00107604   -0.000453761   -0.000117238   0.000749642   -0.000505308   -0.000792368   0.000125259   -0.000509736   0.000211308   -0.000187974   0.000550836   -0.000530459   -0.000435474   -6.64822e-05   0.000215489   -0.000229739   -0.000710237   -0.000695053   -0.000404744   0.000307492   0.000643694   0.00141124   -0.001744   0.000190454   0.00115881   0.000152288   -6.72603e-05   0.000481581   -0.00027276   0.000182075   -9.78621e-05   0.000254819   -0.000538084   -0.00174531   -0.000269583   -0.00017912   0.000279898   -3.17018e-05   -0.00101225   -0.000380243   0.000151874   -0.000711768   -0.000784461   -0.000910474   -0.00114287   -0.00160445   8.53064e-06   -0.000315856   0.000572444   -0.000618734   -0.00023085   0.00266401   0.000563948   0.00431773   -0.000686643   6.8831e-05   -0.00090732   1   -0.0115814   -0.0187212   -0.00853956   -0.0235627   -0.0336297   -0.0397455   -0.0247385   -2.15598e-06   -0.000854574   -0.0033117   -0.00331045   -0.0290992   -0.0147971   0.00479795   0.00391665   0.000766377   0.0109166   -0.0152494   0.000936676   0.00113654   -0.00551793   -0.00102638   0.00297822   0.00262975   0.000644837   0.00190699   -0.00323382   0.00145689   -0.00329282   0.0002335   0.00137549   -0.0147012   0.00530328   0.000380662   0.00274636   0.00347385   -0.0300212   0.0146435   0.00129045   0.00156873   -0.00110423   5.60766e-05   
0.000396761   0.00169153   -0.000915982   0.000439692   -0.00449398   -0.00194262   0.00171849   0.00317008   0.00126541   0.000387562   0.000346175   0.000694748   -0.010216   0.000335678   0.000202017   -0.0030156   0.00760176   -0.00509664   -0.000688651   0.00327457   0.00100008   0.00101906   -7.72835e-05   0.000138793   0.000351971   0.00074626   -0.00101431   1.14221e-05   -5.03693e-06   0.00175435   0.00431726   0.0013537   0.0015386   -0.00256503   -0.00808578   -0.00601621   -0.000810177   -0.000609077   4.91709e-05   5.03431e-05   -7.05299e-05   0.000293071   -0.000137982   0.000234627   4.9637e-06   -0.000157269   0.000830446   -0.000520529   0.000508687   0.000590802   0.000708603   -9.39725e-06   -3.69972e-05   0.000118315   -0.000260353   -0.000678111   0.000669666   0.000177393   0.000357263   -0.000303953   0.000188929   -0.000399576   0.000227335   8.8901e-05   0.000188914   0.000828549   -0.000665459   -0.000704245   -0.00059721   -0.000585491   -0.000622655   -0.000337418   2.62561e-05   0.00037316   -0.00068265   -0.000311126   6.91294e-05   -0.000449717   -0.00129002   -0.000638896   -0.000937975   0.000541426   0.000422553   0.000886005   -0.000334097   0.0001347   0.000286225   0.000361225   -0.000818303   0.000204626   -0.000176615   -0.000150528   -0.000520147   2.80933e-05   0.000142873   -0.000670999   0.0012306   -3.07607e-06   0.000462047   0.000194622   -5.03688e-05   -0.000157414   0.000155701   -0.000402368   3.10979e-05   -0.000117301   3.03132e-05   9.73674e-05   5.70706e-05   3.5051e-05   0.000106061   -0.000225901   8.16443e-06   0.000732168   0.000151241   0.00128343   6.12851e-05   4.07403e-05   1   -0.00090732   -0.000826111   -0.00268913   -0.001682   -0.00179309   -0.000125015   -0.00200091   0.000659482   -2.6279e-06   -0.00435441   -0.00101291   -0.00157761   -0.0096354   -0.00457479   0.000481489   0.000770079   0.00305745   8.15728e-05   0.000385809   0.000562259   7.23281e-05   -0.000599689   -0.00100737   -0.000237312   0.000131783   -0.000112194   -0.00452387   -0.00303154   -0.000124656   0.000188617   -3.24716e-05   -0.00046911   0.000215771   -0.00448818   -5.48689e-05   -0.000680492   -0.00219958   0.00242993   -0.00946453   -0.00105737   0.000417938   -0.0012912   1.42844e-05   
0.000307261   -2.4829e-05   2.76749e-05   -3.24662e-05   -9.76899e-05   0.0001035   0.0002076   0.000245498   7.43702e-05   1.14894e-05   -1.4594e-05   -6.36382e-05   4.34525e-05   4.72849e-05   3.00118e-07   2.79369e-05   -1.83416e-05   -2.49124e-05   -0.000104662   -5.19621e-05   -7.00735e-05   3.90012e-05   1.03431e-05   1.80318e-05   -2.77646e-05   1.10015e-05   1.66095e-05   8.59093e-05   1.23845e-06   0.00116094   0.00107504   -0.0069733   0.00123644   0.00114816   0.00067983   0.000441303   -8.87525e-05   -7.89246e-05   8.13009e-06   -7.31673e-06   4.43323e-06   -7.64332e-05   -2.44971e-05   4.43143e-05   0.000191102   3.76932e-05   0.000167961   -4.56314e-05   7.99944e-05   7.67368e-05   9.00262e-05   1.76077e-05   3.05539e-05   6.02238e-05   4.66557e-06   -4.51056e-05   0.000118079   6.57516e-05   7.44215e-05   3.0946e-06   6.50805e-05   -1.80046e-05   4.06349e-05   4.24218e-05   5.1953e-05   0.00014134   -5.95146e-05   -6.13678e-05   -4.16598e-05   -4.58069e-05   -4.78386e-05   -2.01662e-05   2.55839e-05   6.77391e-05   -6.64498e-05   -1.70016e-05   2.33061e-05   -3.85593e-05   -0.000140895   -6.46665e-05   -0.000108129   3.77149e-05   -2.48075e-06   5.21531e-05   -2.71595e-05   -3.33758e-05   2.05718e-05   3.75924e-05   -9.40619e-05   3.8389e-05   -1.8166e-05   -1.27283e-08   -4.82257e-05   2.19448e-05   2.30241e-05   -6.73912e-05   0.000157957   1.24945e-05   7.86047e-05   3.7904e-05   -1.54934e-06   4.18916e-06   4.27627e-05   -3.51825e-05   1.32399e-05   -4.9291e-06   2.4517e-05   2.81354e-05   -2.05556e-06   -1.13915e-05   9.83867e-06   7.14251e-06   1.16375e-05   2.59122e-05   -2.28257e-05   -0.000573836   4.41629e-05   1   4.07403e-05   6.8831e-05   -2.53955e-05   0.000142639   -0.000348246   0.000153014   7.15987e-05   0.00051427   -0.000730522   4.41303e-07   3.7695e-05   7.56771e-05   6.13199e-05   0.000976687   0.000200945   6.92957e-06   0.00014601   0.000366911   0.00017056   -0.000159079   -5.44889e-05   3.1955e-06   -2.3335e-05   -0.00013303   -7.73207e-05   2.13754e-05   -9.22461e-06   0.000113011   -0.000171862   -0.000270321   0.000142304   1.8202e-05   6.24346e-05   -6.54474e-05   -0.00236903   2.96243e-05   0.000118691   9.85926e-06   -9.84078e-05   -0.00011066   -0.000590411   -4.22519e-05   -0.000170815   5.18095e-06   
0.121731   0.00409518   0.00055854   -0.000387451   -0.00179036   -0.0052369   -0.00156184   -0.00124186   0.00274843   0.00238257   0.00509248   0.00141568   0.00823526   0.00545865   -3.55626e-05   0.00130863   0.00210847   -0.00348365   0.00104853   0.00141648   -0.00348677   0.00260946   -0.000970055   0.00168206   0.00309769   -0.00083139   0.00624495   0.0013342   0.000389154   0.00577508   0.00080722   0.000969828   -0.00100782   -0.00113898   -0.000188344   -0.00061318   0.031116   0.00086083   -0.0154224   -0.00623294   -0.0231022   0.0667138   0.0709629   0.0455338   0.0281275   0.0456751   -0.0601974   -0.0868979   -0.0670803   -0.0338969   -0.0680259   -0.104702   0.0186813   0.00871939   0.0101394   0.000617194   0.00548281   -0.00376992   0.014424   -0.00133355   0.00692463   -0.00219541   -0.106397   0.00909292   0.00355602   -0.00917288   0.00122191   0.00547808   -0.0154869   -0.00199653   -0.0178638   -0.000819764   -0.00975507   -0.120159   0.00155094   -0.00371679   0.00144851   0.00239443   -0.0028384   0.00573746   -0.00459246   0.0113959   0.0134705   0.00646087   -0.10649   0.0219309   -0.000688293   0.0258307   0.0146434   0.0175003   0.0346118   0.0169146   0.020414   0.0124218   0.0279818   -0.129778   0.0338984   0.0127786   -0.016247   -0.00623509   -0.00395052   -0.0325591   -0.0474889   -0.0369997   -0.0401942   -0.0627756   -0.157116   -0.158528   -0.000325386   -0.000550047   0.000703746   -0.021811   -0.0136253   -0.0590413   0.00132374   0.00541229   1   4.41629e-05   6.12851e-05   -0.000686643   -0.00165204   -0.000801668   -0.000218561   -0.000901093   -0.00341785   -0.00165834   0.00165767   -1.24952e-05   0.00045313   6.41458e-05   9.01896e-05   -0.00126695   -0.00212728   0.0310823   -0.0897305   0.0290204   0.00637354   0.00466452   -0.0133703   -0.0493989   -0.0390182   0.0161225   -0.0809687   -0.106096   -0.0162805   0.00135641   0.0131992   -0.0673749   0.00128708   -0.000917549   0.000491609   0.000489449   0.0132145   -0.00372487   0.00092714   0.00318602   0.00132117   -0.00109562   0.00317186   0.0233641   -0.0353734   -0.00672727   
0.0297103   -0.0466485   -0.0264842   -4.46386e-05   0.0126046   0.0270093   0.0253912   0.0229152   0.0169004   -0.0177028   -0.0118355   -0.0258299   -0.042633   -0.00669689   0.000183564   -0.0087833   -0.02174   0.00534617   -0.0234558   -0.00975918   0.0110595   -0.00024475   0.0115816   -0.000705862   -0.00623906   0.0123908   -0.00585665   -0.00242801   0.0005031   -0.0696078   -0.0130323   -0.0210772   -0.0154095   0.00115966   0.0241798   0.045384   0.00913748   0.00675975   -0.00122758   -0.00167757   0.000764241   -0.00725458   -0.00506391   -0.00469404   0.0101156   0.00794035   0.00480536   0.00483229   0.00329303   0.0041863   0.00427876   0.00336925   0.004219   0.00379294   0.00410464   0.0035358   0.0017676   0.0022158   0.00292468   0.00299816   0.00346341   0.00263935   0.00420475   0.00275736   0.0019252   0.000227714   0.00265829   0.00341208   0.00156568   0.00248397   0.000967672   0.00151428   -0.000215424   0.00547913   0.00193699   0.000687574   0.000131227   0.00037834   0.00156055   0.000943133   0.000495704   -0.000999641   -0.00156007   -0.00318245   0.00597184   -0.00094245   -0.00334397   -0.00189136   -0.00105048   -0.00237652   -0.00066915   -0.00149834   -0.000539111   -0.0012087   0.000596548   0.00588617   -5.45348e-05   0.000437737   -0.000136446   0.00090662   0.00262788   0.00206119   0.00123675   0.00301036   0.00365447   0.00350034   0.00489578   0.00596057   0.000203211   0.000865683   -0.00326171   -0.00271887   0.00153379   -0.0127273   -0.00397396   1   0.00541229   -0.000573836   0.00128343   0.00431773   0.00176271   0.00339387   0.000784533   0.00523197   -0.0337188   0.00268386   -0.0370575   3.75567e-05   -0.000595856   0.000476543   -0.00475555   0.018786   -0.0109139   -0.0148477   -0.00741336   -0.00244951   0.000826086   0.00470474   -0.0166243   -0.00251964   0.0156047   -0.000325985   -0.0103343   -0.00392346   -0.000687882   -0.0225267   -0.0600026   -0.0261247   0.00589037   0.0019251   1.17842e-05   -0.013727   -0.256689   0.0031663   0.00786118   -0.0457896   -0.0126412   -0.069985   -0.061909   -0.00266532   0.00423538   0.000277091   
0.00702971   -0.00396441   0.0042181   -0.00264813   -0.00175178   0.00460415   0.000184034   0.00628922   -0.00381903   -0.0015309   0.00424997   -0.00194614   -0.00320755   -0.00053725   0.000389407   -0.000644646   0.00113565   0.000491172   -0.0030391   -0.00123095   0.00255998   -0.000798803   -0.00197643   0.00010115   -0.00195682   -0.00236376   0.000709128   0.00337054   0.00012416   -0.00668777   -0.0015166   -0.000890594   0.000242705   0.00292241   0.00218266   0.00131457   -0.0233735   -0.019084   0.00493455   0.00299594   0.000842442   0.0044621   -0.000869391   0.00604901   -0.0271643   -0.0235103   -0.0113975   0.00384994   0.00240101   0.00318091   0.00325569   0.00201511   0.0030652   0.00307998   0.00266183   0.00184531   0.00299708   0.00232089   0.00281108   0.00189654   0.00250704   0.00174245   0.00265583   0.00248751   0.00221172   0.00224777   0.00111165   0.00118638   0.00077079   0.00113194   0.000409109   0.000683775   0.000533515   0.00255145   0.000436431   0.000209411   0.000298726   -0.000324244   -0.00112127   -0.000390961   -0.000839799   0.00111474   0.000710373   0.000682167   0.00257675   0.000181847   -0.00111104   -0.00105711   -0.0026311   -0.00178081   -0.00175245   -0.00203349   -0.00219066   -0.00136333   -0.000377587   0.00227468   0.00128747   -0.000114867   0.000459118   0.000507688   0.00101206   0.00095791   0.00102757   0.000955233   0.00175347   0.00156494   0.00276846   0.00315035   -0.000107451   -0.000254625   -0.0033496   0.000651322   0.001038   -0.0151753   1   -0.00397396   0.00132374   -2.28257e-05   0.000151241   0.000563948   0.00129396   0.00121731   0.000414586   0.000953693   0.0018879   0.00167535   -0.00148173   1.40307e-05   0.000182762   -8.80584e-05   -0.000767696   0.00255124   0.000213816   0.0273706   -0.00147395   0.0034683   -0.0152399   -0.0237164   -0.0200182   0.00298361   -0.0266307   -0.00103591   -0.00719316   0.00337819   -0.00573423   -0.00402519   -0.00403838   -0.00346582   0.00319813   -0.00482155   6.795e-05   -0.00116051   -0.00925415   -0.00764599   0.000214188   -0.00171557   -0.0031814   0.00446575   -0.00221942   0.00262848   0.000867885   0.000699101   
0.157567   -0.011592   0.0177145   -0.00707872   -0.0168996   0.0184836   0.000156057   0.0322822   -0.0189251   0.0085838   0.0184297   -0.0205741   0.000448876   -0.00372263   0.000134536   -0.00511915   0.00890851   0.00389025   -0.0102593   -0.0124024   0.00937319   0.00154937   -0.0141004   -0.0137977   0.00161074   -0.0110341   -0.0172311   0.0129374   -0.00295511   -0.0225137   -0.0065684   -0.000465798   0.00125011   0.00818707   0.00855808   0.00935072   -0.132335   -0.103356   0.0268849   0.0154417   0.00537219   0.0201252   -0.0213346   0.023569   -0.149434   -0.12725   -0.0439409   0.0277302   -0.0719314   -0.0911426   -0.0796723   -0.0956993   -0.17041   -0.150614   -0.167875   -0.16346   -0.135447   -0.143018   -0.137284   -0.142446   -0.118921   -0.134747   -0.0963386   -0.127397   -0.113536   -0.0828356   -0.12264   -0.10782   -0.0977577   -0.094128   -0.0823559   -0.068098   -0.0497668   -0.0759203   -0.0507268   -0.0292363   -0.0070902   0.00222784   0.00355509   0.0308314   0.0271606   0.0310759   0.0155038   0.0212138   -0.106013   0.025753   0.0582301   0.0744406   0.0587595   0.0708126   0.0562323   0.0495852   0.0354252   0.0267642   0.0128912   -0.116909   0.0173071   -0.0184229   -0.0163874   -0.0369553   -0.0524287   -0.0678979   -0.0623912   -0.0854034   -0.0816693   -0.0897878   -0.104106   -0.0997182   -0.000877039   -0.00264412   -0.0181707   -0.0402783   -0.047262   1   -0.0151753   -0.0127273   -0.0590413   2.59122e-05   0.000732168   0.00266401   0.00535927   0.00520739   0.00112682   0.00463707   0.00920308   0.00861301   -0.00617443   8.41568e-05   -0.000161908   0.000209781   -0.00224693   0.00716575   -0.000442704   0.139905   0.0240034   0.047455   -0.0885604   -0.112913   -0.0958294   0.0145044   -0.137539   -0.0163503   -0.0667588   0.0148556   -0.0375308   -0.0154031   -0.0132983   -0.125364   0.0786437   -0.0257875   0.00153756   -0.00945117   -0.023916   -0.0406641   0.000949881   0.00218176   -0.0209745   0.0143748   -0.00574028   -0.0170135   -0.121602   0.00505838   
0.0217912   0.00169312   -0.00146987   0.000138821   0.000177963   -0.00202422   0.0005175   -0.00130448   0.0012517   -0.000268942   -0.000289561   0.00144584   0.00241496   0.00013726   -1.61852e-05   0.000295278   -0.000170508   -0.000771876   0.00131674   0.000521854   -0.00215125   0.000165263   0.000285249   0.000971447   0.000126499   0.000269824   0.000967585   -0.000265801   0.000229883   0.00192591   0.000677984   0.000211756   -0.000168295   -0.000666062   -7.13631e-05   -0.000663446   0.00576936   0.00477926   -0.00130343   -0.00104341   0.000109262   -0.00357366   -0.00232957   -0.00296468   0.0103607   0.0084568   0.00868566   -0.00034302   -0.0187417   -0.0222072   -0.0181307   -0.023987   -0.0309213   -0.033167   -0.0353212   -0.0313682   -0.0316267   -0.0334674   -0.0284495   -0.0299726   -0.0274248   -0.0298525   -0.0238465   -0.0246521   -0.0261147   -0.0199963   -0.0257936   -0.0258805   -0.0229439   -0.0221791   -0.0240212   -0.0149062   -0.0146945   -0.0202277   -0.0113158   -0.0103205   -0.00503463   -0.00319518   -0.00116249   0.00308883   0.00231351   0.00211433   -0.00126149   0.00203752   -0.0257004   0.0102917   0.0172028   0.0242368   0.0208279   0.0195321   0.0182634   0.0136159   0.0105712   0.00590876   0.00273699   -0.0258715   0.00271159   -0.00757532   -0.00768324   -0.0103636   -0.014376   -0.0213339   -0.0203174   -0.0228699   -0.0197113   -0.0212172   -0.0222506   -0.02044   5.08613e-06   8.74306e-05   0.00126622   -0.00934077   1   -0.047262   0.001038   0.00153379   -0.0136253   1.16375e-05   8.16443e-06   -0.00023085   -0.000425617   -0.000186814   2.67946e-05   -0.000368368   -0.000451589   -0.000344565   0.000876817   -5.83346e-06   0.000138204   -7.27978e-05   0.000116519   -0.000638771   -0.000323848   -0.0122692   -0.00649473   0.00951749   0.00460384   0.00922811   0.00827782   -0.00044354   0.0117243   -0.00423071   4.08901e-05   0.000344208   0.00146812   0.000448511   0.00415845   -0.021682   0.0128197   0.00187325   -0.000162923   2.07853e-05   0.00436768   0.00302139   -0.000224611   -0.000238998   0.000602053   -0.00255583   0.00104915   -0.00873268   -0.0196008   1.2473e-05   
0.0432182   0.0036602   -0.00217885   0.000374224   0.00238961   0.00120424   0.00426962   0.00142643   0.000604411   -0.000357981   0.000515823   0.00194475   0.00456385   -0.00098573   -2.50312e-05   0.000258795   0.00220213   -0.000829186   0.0054585   0.000840318   -0.0100138   0.000814653   -0.00295919   0.000975358   0.000360275   -0.009985   -0.00880565   0.000620984   0.000345857   0.00752456   -0.0139425   0.000299498   -0.00149667   0.00592627   -0.00317539   -0.0128827   0.00234825   0.00372412   -0.00106959   -0.00131022   0.000138662   -0.00505535   -0.00536483   -0.00444019   0.0106505   0.00623258   0.014716   0.000198474   -0.0813359   -0.00839842   -0.0167723   -0.0156934   0.0141039   -0.0491616   0.0120591   0.00894805   0.0173539   -0.0431402   -0.0267516   -0.0337664   -0.126282   0.00879958   -0.0117063   0.0130287   0.012313   -0.0319819   0.0061026   -0.026018   -0.0151882   0.00630031   0.00539447   -0.0165523   -0.00973266   -0.304847   -0.0156466   -0.011111   -0.0514829   0.00886689   -0.0164591   0.00638669   0.00506689   0.00839566   0.002261   0.00553013   -0.0285279   0.0021691   0.0144426   0.0196028   0.0138763   0.0210688   0.010238   0.0194302   -0.00518804   0.0193453   0.00538741   0.013589   0.0238513   0.0165415   0.000128696   -0.0303602   0.0155363   -0.00660734   -0.0320856   -0.0182811   -0.0758778   -0.0189569   -0.0153466   -0.0443179   -0.000170315   -4.74319e-05   0.00105854   1   -0.00934077   -0.0402783   0.000651322   -0.00271887   -0.021811   7.14251e-06   -0.000225901   -0.000618734   -0.00245629   -0.00274862   0.000326873   -0.00165299   -0.00874466   -0.00392612   0.00852983   8.04116e-06   -0.00151508   -0.000612744   -0.000471239   -0.00695183   0.00109762   -0.0149271   0.00634022   0.0188575   0.00396649   0.0129665   0.0071623   -0.00124215   0.0137445   -0.00792093   -0.0105708   -0.00130394   -0.0011029   -0.00186697   -0.113404   -0.039781   0.0144754   0.00186055   0.00120273   -0.00142561   -0.0314387   0.00305199   0.00207714   0.000973632   -0.00148202   -0.00530362   -0.00751627   -0.00802762   -0.02596   0.000475461   
0.00839073   -0.00197111   0.00367863   -0.00104682   -0.00310937   0.00470707   -0.000374043   0.00644837   -0.00387953   0.00250649   0.000174317   -0.00382857   -0.0038499   0.000317119   0.000398669   0.000623784   0.00219597   -0.000665959   -0.00291054   -0.00149808   0.00252162   0.000747908   -0.00215048   -0.00279387   -0.00426081   3.44125e-05   0.00123983   0.00276919   0.000132774   -0.00555943   -0.00134925   0.000272489   -0.00100164   0.00229093   0.0014341   0.00213335   -0.0259878   -0.0231778   0.00533937   0.00366079   0.000244042   0.0104711   -0.000975693   0.00596909   -0.0308645   -0.0269354   -0.0205094   0.00550443   0.00315873   0.00400651   0.00416852   0.00253353   0.00372219   0.00385419   0.00316694   0.00204609   0.00403193   0.00303449   0.00359386   0.00227654   0.00317181   0.00202586   0.00332773   0.00310223   0.00283321   0.00324339   0.00110212   0.00114624   0.000807301   0.00116174   0.000363598   0.000737798   0.000775508   0.00324523   0.000239719   0.000173676   0.000417485   -0.000557452   -0.00191897   -0.000806161   -0.00147552   0.0013665   0.000769948   0.00100508   0.00294324   1.07364e-05   -0.00119098   -0.00112861   -0.00343027   -0.00189894   -0.00212666   -0.00232923   -0.00271351   -0.00144522   -0.000360716   0.00247578   0.00209418   -4.79599e-05   0.000912925   0.000785693   0.00117793   0.00119301   0.00145684   0.00103285   0.00212069   0.00186355   0.00344678   0.00386044   -0.000148294   -0.00043513   1   0.00105854   0.00126622   -0.0181707   -0.0033496   -0.00326171   0.000703746   9.83867e-06   0.000106061   0.000572444   0.000951822   0.000882297   0.000395755   0.0011619   0.00115663   0.00167771   0.000645589   6.14215e-06   -0.000396932   -7.29285e-05   -0.000294043   0.00144359   -9.21348e-05   0.0390705   -0.000846462   0.00542744   -0.0169845   -0.0248139   -0.0234426   0.00248439   -0.0378841   0.000107915   -0.00784289   0.00124091   -0.00667806   -0.00386143   -0.00196759   -0.00418316   0.00392502   -0.0059378   0.000522541   -0.000888221   -0.00957078   -0.00947493   0.000666575   0.000628321   -0.00269407   0.00535572   -0.00229953   0.00275126   0.00035554   0.000550225   
-0.00397414   0.000778705   -0.000490703   0.00036461   -0.00136742   -0.00062999   -0.00175401   -7.42951e-05   -8.23537e-05   0.000377199   0.000559025   0.000351787   0.000389358   -0.000559602   0.000410204   0.000113074   -0.000424607   0.00138027   0.00172342   0.000229045   -0.000768189   -0.00254296   -0.00225799   -0.00255506   0.000433715   -0.00400701   0.000111784   0.0014846   7.25458e-05   0.00075337   0.000369389   -0.000441464   0.000248656   4.58116e-05   -7.84933e-05   0.00028183   -0.00415365   -0.00271836   0.000631558   0.000288279   -4.68278e-05   0.00033736   0.000649961   0.000159064   -0.00238787   -0.00350258   0.00032921   0.00010791   -0.000673308   -0.00161662   -0.00182418   -0.000214558   0.000115591   0.000677759   0.000387146   0.00109015   0.000551939   0.00122747   0.000262244   0.00108066   0.000674825   0.000972759   -0.000951576   0.000413987   0.000601679   0.00113292   0.000839878   0.000532207   0.00154114   0.000799214   0.00159075   0.000713158   0.00122519   -0.00048614   0.000699541   0.000835343   0.000632695   0.000623505   0.000899485   0.000379779   0.000906561   -4.4046e-05   -6.01397e-05   0.000225398   -0.00121095   -0.000387363   0.000748309   -0.000538249   0.000201244   -6.04853e-05   -0.000791217   -9.74932e-05   -0.000136463   -8.82488e-05   -0.00114569   -0.000855157   -0.00159304   -0.0003159   -1.07405e-05   -0.000195192   -0.00109362   0.00013389   0.000390946   -0.000189896   -0.00071427   -0.000676512   -0.000773447   -0.00138276   -0.000131168   1   -0.00043513   -4.74319e-05   8.74306e-05   -0.00264412   -0.000254625   0.000865683   -0.000550047   -1.13915e-05   3.5051e-05   -0.000315856   -0.00107985   -0.0017611   -0.000507161   -0.00103902   -0.00364399   -0.00324159   -0.0022311   9.0232e-07   -0.000115904   -0.000471338   0.000975073   0.00156905   0.00122055   -0.00155182   0.00432236   -0.0018707   -0.00316344   -0.00202653   -0.00251319   0.000316215   -0.000469751   -0.00177121   -0.00300623   0.000172906   -0.00122671   0.0010315   -7.00684e-05   0.000240527   -0.000612485   -0.000541876   -0.000434559   -0.00056469   0.00354431   -0.000849671   -0.000953506   9.44053e-05   -0.00215771   0.00533585   0.000849994   0.00193417   0.000240867   0.000204784   
-0.00267616   0.000627635   -0.00246466   -0.000175743   -0.000252529   0.00229441   -0.000795403   -0.00284346   -0.00223178   0.000359756   0.000304621   5.33109e-05   0.000322398   0.000620534   0.000409292   -0.000851815   -0.000237463   0.000876347   0.00113836   0.00135605   0.00014183   -0.00445494   -0.00266768   5.87891e-05   0.000156863   -0.00513858   0.000302939   0.00147648   7.68418e-05   0.000412903   -8.96411e-06   -0.000107839   -0.000211927   0.000128101   0.000263227   0.000544255   0.00017107   -0.0010743   5.31569e-05   0.000182483   0.00011513   0.00223574   -0.00411989   -0.002781   -0.000789703   0.000531908   -0.00499585   0.0046742   -0.000649766   -0.00134336   -0.00150317   -0.000235476   -8.83809e-05   0.00025292   0.000156916   0.000745455   6.23093e-05   0.000654087   -4.48144e-05   0.000671974   0.000288814   0.000618631   -0.000800702   0.000109494   0.000230368   0.000456656   0.000623925   0.000425481   0.00108487   0.000567932   0.00113819   0.000498382   0.000769568   -0.000452878   0.000560042   0.000590368   0.000387778   0.000498338   0.000888652   0.00036605   0.000798199   -0.000215234   -0.000158198   -5.33672e-05   -0.000857879   -0.000288347   0.000493072   -0.000371894   0.000435791   1.57361e-05   -0.000383914   8.11278e-05   0.000144801   1.67426e-05   -0.00075072   -0.000549814   -0.00136239   -0.000196338   -0.000118619   -0.000177152   -0.000756861   7.17231e-05   0.000184407   -8.13538e-05   -0.000542125   -0.000485497   -0.000652724   -0.00108112   1   -0.000131168   -0.000148294   -0.000170315   5.08613e-06   -0.000877039   -0.000107451   0.000203211   -0.000325386   -2.05556e-06   5.70706e-05   8.53064e-06   -0.000501174   -0.000616606   -0.000495333   -8.77139e-05   -0.00192956   -0.00137479   -0.00185752   -1.66826e-06   8.64321e-05   -0.00041763   0.000981265   0.00181028   0.00268102   0.00888937   0.00276192   -0.00203027   -0.000710691   -0.00309796   -9.10296e-05   -0.000415289   -0.00911279   0.00207   -0.00183046   -0.00112618   -0.000484247   0.000584302   -0.00131101   -0.000228688   -0.000746382   -0.000273399   -0.00101183   -0.00144932   0.00183006   -0.000411886   -0.00152326   -0.00282864   -0.00318767   0.00128461   0.000437135   0.00101858   0.000383731   2.34198e-05   
0.169596   0.00559632   -0.00190451   -0.00161419   0.00464732   -0.0125361   -0.00126769   -0.00417753   0.0105075   0.00365979   0.0074444   0.00765299   0.00883127   0.00662099   -4.53524e-05   0.00169996   -0.00114326   -0.00274712   -0.00204312   0.00167377   -0.00563877   0.00319416   0.00379284   0.00280808   0.00632963   0.000162801   0.0146394   0.000712099   0.000482777   0.00623297   0.0015073   0.00049389   -0.00075592   0.000262407   0.000174262   -0.00284531   0.00646494   0.00310921   -0.00104915   -0.0105783   0.00321529   -0.0516022   -0.0316781   -0.0357544   0.0313023   0.0335145   0.0446296   0.0332342   0.0639578   0.106678   0.118567   0.0612692   0.0319567   0.00297556   0.0221286   -0.000413523   -0.00949468   -0.0245575   0.0151433   -0.00863157   0.00179835   -0.00329914   0.098339   0.0101712   -0.00270836   -0.0459847   0.00993189   0.0197282   -0.0291043   0.0041308   -0.0339006   -0.00290165   -0.0346991   0.0884385   0.00605745   -0.0113967   -0.0100398   -0.00437185   0.00505874   0.0171045   0.00700318   0.037515   0.0503835   0.0237409   0.123808   0.0615383   -0.0233522   0.0134624   -0.00877818   -0.0279285   0.014398   -0.0237499   -0.0101188   -0.0213606   0.0359043   0.118249   0.0357555   0.0105114   -0.00699363   0.0150107   0.0688503   0.0208876   0.00501498   0.0488591   0.0718243   0.0763833   0.103336   1   -0.00108112   -0.00138276   0.00386044   -0.0443179   -0.02044   -0.0997182   0.00315035   0.00596057   -0.158528   2.81354e-05   9.73674e-05   -0.00160445   -0.00313972   -0.0021626   -0.000508945   -0.00271746   -0.00801529   -0.00471561   9.53222e-05   -1.82817e-05   0.000807754   -2.62255e-05   -0.000566271   -0.00408641   -0.00507129   -0.133035   -0.228635   0.0168587   -0.0115695   0.0251004   0.0751496   -0.029564   0.111664   -0.0512001   -0.180261   -0.0579863   -0.0368731   0.00380651   0.0194961   -0.0707842   0.0156544   0.00617724   0.000659874   0.00159359   0.0195515   0.0106398   0.00226828   0.00134683   0.00296894   0.0018756   0.00470367   0.0657438   0.0420891   0.00476329   
0.115371   0.00458899   -0.0025365   -0.000413448   0.00359426   -0.00903042   -0.000574867   -0.00405579   0.00656535   0.00135703   0.00300409   0.005936   0.006051   0.00357704   -4.36821e-05   0.00115301   -0.000976097   -0.00170779   0.000179991   0.00138759   -0.00449109   0.00149882   0.00288527   0.00237512   0.00336097   0.00037568   0.00890205   -0.000220579   0.000455084   0.00547862   0.00136514   0.000508693   -0.000404346   -0.000342594   -0.000308702   -0.00271367   0.00793279   0.0075045   -0.00107824   -0.00729687   0.00334211   -0.0390903   -0.0255269   -0.0273202   0.027293   0.0240796   0.0378467   0.0255024   0.0585319   0.079204   0.0901389   0.058309   0.0285565   0.0108606   0.0219604   0.00931467   0.00599743   -0.00452466   0.0175963   0.0038117   0.00986753   0.00617003   0.0786962   0.0145874   0.00661002   -0.0191697   0.0122302   0.0163113   -0.0099615   0.00691635   -0.0140965   0.00379293   -0.0137476   0.0730074   0.00704582   -0.00275784   -0.00157885   0.00151339   0.00289385   0.00875376   -0.000436182   0.0136104   0.0210866   0.00834639   0.09396   0.0309837   -0.00807397   0.0191063   0.0115486   0.00418074   0.0308816   0.0100159   0.01854   0.011664   0.042977   0.0907715   0.0400614   0.0263702   0.0175584   0.0285928   0.0587305   0.0293354   0.0223282   0.047258   0.0605707   0.0644667   1   0.103336   -0.000652724   -0.000773447   0.00344678   -0.0153466   -0.0222506   -0.104106   0.00276846   0.00489578   -0.157116   2.4517e-05   3.03132e-05   -0.00114287   -0.00222437   -0.00169571   -0.000447926   -0.00199522   -0.00515534   -0.00344393   0.000301508   -1.54056e-05   0.00051521   -6.54371e-05   -0.000133331   -0.00288993   -0.00268563   -0.0938915   -0.12531   0.0110203   -0.00388731   0.023302   0.0472429   -0.0165049   0.0808057   -0.0343192   -0.109624   -0.0309325   -0.0212069   0.00311344   0.012317   -0.065433   -0.011855   0.00549328   0.000156726   0.00142823   0.0151316   0.00941048   0.000910638   0.000650376   0.00282083   0.000527804   0.00364115   0.0424159   -0.0092409   0.0034104   
0.0782797   0.000616052   0.00138835   -0.000189237   0.00639233   -0.00520551   -0.00399943   -0.00653211   0.0062537   0.00208611   0.00179325   0.00522768   -0.00293993   0.00409537   -3.39741e-05   0.00175583   -0.00257365   0.000603887   -0.00413852   0.00221505   0.00277027   0.00106755   0.00490459   0.00147966   0.00355315   0.00236566   0.0106996   -0.00172377   8.83298e-05   0.00357471   0.000968276   0.000252647   0.000450296   0.000552342   -0.00225694   -0.00228892   0.0111673   0.00783475   -0.00129083   -0.0061814   0.00141611   -0.0274563   -0.00826928   -0.0196074   0.0135089   0.0172697   0.00798165   0.0200861   0.0419344   0.0590783   0.0653002   0.0459427   0.0215486   0.00150611   0.0183711   0.0152747   -0.0101935   -0.0129061   0.00581603   0.00369863   0.00182851   0.00813759   0.0581079   0.00798445   -0.000752489   -0.0366902   0.0198703   0.0238027   -0.00183983   0.0128563   -0.00498179   0.00878869   -0.0126179   0.0503527   0.0186775   0.00374792   0.000804879   0.0138508   0.0279945   0.0228746   0.0181019   0.0050923   0.0166882   -0.00134112   0.0815746   0.0348467   0.00128463   0.0304286   0.0468413   0.0231313   0.0572739   0.0351593   0.0500898   0.0308396   0.0563144   0.0813779   0.0305473   0.038582   0.0180403   0.0326263   0.0621829   0.0311652   0.0192095   0.0520527   0.0553351   1   0.0644667   0.0763833   -0.000485497   -0.000676512   0.00186355   -0.0189569   -0.0212172   -0.0897878   0.00156494   0.00350034   -0.0627756   -4.9291e-06   -0.000117301   -0.000910474   -0.0015991   -0.00194835   -0.000770364   -0.00156116   -0.00421484   -0.00395336   -0.00150449   -1.14105e-05   0.000253762   0.000244518   -0.000167749   -0.00235424   -0.0016913   -0.0751854   -0.132297   -0.0425854   -0.00480938   0.00640171   0.0544203   -0.0187142   0.0624948   -0.0128176   -0.0982719   -0.0376567   -0.020075   0.005462   0.0069466   -0.0392387   -0.0408431   0.00282446   0.000568802   0.00367402   0.0108319   0.00485654   0.00167643   0.00239416   0.00492085   0.0104358   0.00261197   0.0478851   -0.020281   0.00214658   
0.0766013   0.00262039   -0.00143321   -0.000384754   0.00282629   -0.00666274   -0.00128703   -0.00288189   0.00423334   0.000951709   0.00213974   0.00405113   0.00358099   0.00204942   -2.97869e-05   0.000874059   -0.00116427   -0.000828007   -0.0005037   0.00101136   -0.00202324   0.00101337   0.0024076   0.00159521   0.00226782   0.000877363   0.00778359   -0.000106579   0.000306322   0.00352286   0.0018707   0.000299958   -0.000212557   -0.000473491   -0.000135584   -0.00121116   0.00483279   0.00333505   -0.00149344   -0.00579793   0.000461216   -0.0232911   -0.0120388   -0.0159825   0.0187766   0.0181884   0.0205017   0.0123335   0.0538365   0.0633244   0.0711982   0.0455059   0.020696   0.009307   0.0148842   0.00711863   0.00383149   -0.00245134   0.0146554   0.00440798   0.0151217   0.00417251   0.056939   0.0106194   0.004445   -0.0152182   0.00987167   0.0143595   -0.00572299   0.00438716   -0.0105442   0.00656366   -0.00679737   0.0700628   0.00975682   0.00166108   0.00736211   0.00808922   0.00850979   0.011165   0.00205281   0.00924328   0.0184243   0.010781   0.0706624   0.0321772   0.010516   0.0389458   0.0404001   0.0350335   0.0606586   0.0418146   0.0512117   0.0399353   0.0623488   0.0626521   0.0518426   0.0430793   0.0321487   0.0420422   0.0594918   0.0316708   0.0279227   0.0471046   1   0.0553351   0.0605707   0.0718243   -0.000542125   -0.00071427   0.00212069   -0.0758778   -0.0197113   -0.0816693   0.00175347   0.00365447   -0.0401942   1.32399e-05   3.10979e-05   -0.000784461   -0.00156618   -0.00136078   -0.000579006   -0.00133086   -0.00363315   -0.00279434   -0.00122024   -1.21677e-05   0.000465726   -6.04003e-06   -5.29544e-05   -0.00158376   -0.00186546   -0.0657271   -0.0989545   0.00363358   -0.00567705   0.0142294   0.0393597   -0.0173523   0.0538862   -0.0244901   -0.0953472   -0.0344863   -0.0194282   0.00265665   0.0162505   -0.038588   -0.0479236   0.00322581   -0.000118723   0.00148647   0.0130971   0.00544493   0.000207756   0.000264335   0.00247682   0.00239197   0.00314877   0.0394382   -0.0495948   0.00214295   
0.0371121   -0.0034477   0.00575198   0.0015109   0.0107996   -0.000400494   -0.0083085   -0.0125015   0.0060154   0.00203658   -0.0023895   0.00534981   -0.0163979   0.00666673   -3.28376e-05   0.0024849   -0.00408019   0.00363496   -0.00866259   0.00352623   0.012962   -0.000469111   0.00855958   0.000570946   0.00345282   0.00590897   0.0111098   -0.00522223   -0.000392523   0.00214697   0.000963589   0.0002643   0.0020108   0.000904494   -0.00568207   -0.0022673   0.0253488   0.0198685   -0.00159389   -0.00461249   0.00232083   -0.0221413   0.00402274   -0.0170396   0.00230659   0.00786814   -0.0221413   0.0247669   0.0242409   0.0245959   0.0266243   0.0397885   0.016632   0.000784207   0.0208836   0.0348336   -0.0218998   -0.00807889   -0.00440768   0.0166645   0.00217397   0.0208141   0.035592   0.00556067   -0.00281264   -0.0435896   0.0360622   0.0387746   0.0233581   0.0281123   0.0213255   0.0214647   -0.000686937   0.0323011   0.0377297   0.018691   0.00734304   0.0324411   0.0643795   0.0397116   0.0424104   -0.0208448   -0.0107751   -0.0330605   0.0677891   0.0159541   0.00803747   0.032201   0.0881417   0.0449384   0.0799777   0.0666064   0.0881905   0.0555218   0.0622644   0.0757418   0.00544054   0.0511619   0.0228535   0.0377164   0.0580552   0.039724   0.0248157   1   0.0471046   0.0520527   0.047258   0.0488591   -8.13538e-05   -0.000189896   0.00103285   -0.0182811   -0.0228699   -0.0854034   0.000955233   0.00301036   -0.0369997   -3.51825e-05   -0.000402368   -0.000711768   -0.000672937   -0.00219852   -0.00107652   -0.0013134   -0.00209753   -0.00428537   -0.00280924   -7.19177e-06   -0.000195737   0.000752397   8.95157e-05   -0.00157754   0.000421509   -0.0552719   -0.0926842   -0.12482   0.00213109   -0.00933258   0.0319239   -0.0132233   0.0492374   0.0236261   -0.0536021   -0.0270819   -0.01013   0.0097517   -0.00112085   -0.0304691   -0.0544336   0.0014609   0.00139901   0.00732131   0.00722201   0.00258357   0.00317844   0.00599593   0.00899125   0.0234699   0.00175166   0.0247364   -0.0284639   0.000922317   
-0.0144377   0.00424256   -0.00706027   0.000661603   -0.00603519   -0.0013968   0.00548554   0.00453796   -0.00636172   -0.00454634   -0.00451413   -0.00111015   0.010665   -0.00841273   -1.75156e-05   -0.00127246   0.00134203   -0.0015426   0.00957408   -0.00184686   -0.00981832   -0.00194631   -0.00438718   0.00118234   -0.00505063   -0.00195647   -0.0094165   0.00158482   0.000673335   0.00233323   0.00191413   0.000430945   -0.000797109   -0.00275643   0.0023337   -0.000390595   -0.00846589   0.00116821   -0.000970202   0.00195293   -0.00044494   0.00801838   -0.00750384   0.00585124   0.0165337   -0.000978285   0.032086   -0.015162   0.0515405   0.0152603   0.0225758   0.0335779   0.0162737   0.0377657   0.0119551   0.0127578   0.0589411   0.0526907   0.03418   0.029061   0.046094   0.0168764   0.0174983   0.0269772   0.0335521   0.0742702   -0.00105016   -0.00732413   0.023672   0.000423213   0.020104   0.0161268   0.04338   0.047988   -0.00198623   0.0194423   0.03398   0.0157082   -0.0205472   -0.00950988   -0.0237317   -0.0158253   -0.0307399   0.000728603   -0.00691709   -0.0294763   0.0521484   0.0588303   0.0533375   0.100718   0.0755613   0.0971886   0.0826389   0.0978054   0.0665847   -0.0187765   0.0850431   0.0650544   0.0893119   0.0666953   0.025795   0.0422146   1   0.0248157   0.0279227   0.0192095   0.0223282   0.00501498   0.000184407   0.000390946   0.00145684   -0.0320856   -0.0203174   -0.0623912   0.00102757   0.00123675   -0.0474889   4.27627e-05   0.000155701   0.000151874   -1.4719e-05   0.000302014   -7.50857e-05   0.000124672   0.00205186   0.00103534   0.00047556   -6.89865e-06   0.00016794   -0.0006809   0.000680571   0.000426324   0.00181585   0.0274986   0.151598   0.0780979   0.00670914   0.0227541   -0.0189621   0.0129453   -0.021839   -0.0123152   0.0523282   0.0288255   0.0128816   -0.00452256   0.00822165   -0.0272882   -0.0310349   0.00218008   -0.00222422   -0.00379559   0.00513584   0.00346097   -0.00484851   -0.00518987   -0.00382707   -0.0163173   0.00122616   -0.0267166   -0.170676   -0.000314123   
0.0146492   0.000313957   -0.000129537   0.00102044   0.00241083   -0.000321808   -0.00149095   -0.00438789   0.000208803   -0.000867611   -0.00324073   0.00228728   -0.00357643   -0.000259782   -2.23239e-05   0.000824193   -0.00132971   0.00101685   -0.000173414   0.000806003   0.00188632   -0.00120208   0.00224809   0.000904099   -0.000337323   0.00220372   0.000478617   -0.00192128   0.00011076   0.00227701   0.001192   0.000394023   0.000701099   -0.000849045   -0.00206625   -0.00162345   0.00991596   0.0117555   -0.00147692   -0.0012461   0.00078729   -0.00581702   -0.000214723   -0.00517401   0.00876359   0.00295613   0.00240235   0.00430607   0.0318454   0.0146585   0.0174431   0.0319239   0.0183389   0.0216079   0.0187437   0.0269901   0.0190071   0.0243591   0.0153023   0.0258584   0.0251376   0.0213595   0.0217597   0.0186509   0.0171665   0.017496   0.02051   0.0191807   0.0272992   0.0191629   0.0254886   0.0223111   0.0247471   0.0295029   0.0227862   0.0255045   0.0249131   0.0323758   0.0332436   0.0280538   0.0226094   -0.0131103   -0.021326   -0.0195682   0.0259312   -0.00612746   0.0341244   0.0500666   0.0757193   0.0757015   0.0779613   0.0835215   0.0857282   0.0764194   0.062129   0.0252501   0.0425086   0.0566957   0.0543646   0.0488413   0.0391656   1   0.0422146   0.039724   0.0316708   0.0311652   0.0293354   0.0208876   7.17231e-05   0.00013389   0.00119301   -0.00660734   -0.0213339   -0.0678979   0.00095791   0.00206119   -0.0325591   4.18916e-06   -0.000157414   -0.000380243   -0.000417292   -0.00106098   -0.000583166   -0.000815987   -0.000298746   -0.00190303   -0.00100487   -6.42663e-06   -8.28468e-05   4.14113e-05   0.000297783   -0.00110248   0.000924082   -0.0116367   0.0325204   -0.0284253   0.00528406   0.00529135   0.00502788   -7.83924e-06   0.0125893   0.0104404   0.00285337   0.00110854   0.00221854   0.00270517   0.000576069   -0.0233447   -0.00251703   0.00172424   -0.000214217   0.00163061   0.00506099   0.00283704   -0.000445699   0.000848769   0.00229236   0.00372352   0.00122166   -0.00910913   -0.0973354   0.000147341   
0.0849207   0.00105431   0.00122267   -0.000992929   0.00469532   -0.0055883   -0.00291422   -0.00338944   0.00570923   0.00272741   0.0042131   0.00438305   0.000124283   0.0039389   -1.74717e-05   0.0014344   -0.00162557   -8.01721e-05   -0.00399006   0.00112274   0.000560212   0.00157575   0.00348711   0.0011149   0.00419208   0.000719188   0.00981746   -5.99182e-05   8.16533e-05   0.00296349   9.3891e-05   0.000149753   -2.43965e-05   0.00108136   -0.00122775   -0.00230439   0.00276619   9.74923e-05   -0.00102874   -0.00695005   -0.000328475   -0.0250678   -0.00837812   -0.0173688   0.011347   0.0157742   0.00964311   0.0156617   0.0468854   0.0670996   0.0742564   0.0429315   0.0160025   -0.00780863   0.00815452   0.00355133   -0.0125893   -0.0242773   -4.3386e-05   -0.00755567   -0.00643738   -0.00235694   0.0564889   0.00435683   -0.005502   -0.042505   0.0103439   0.0138548   -0.0130082   0.00476007   -0.0156857   0.00468225   -0.0148944   0.0344202   0.0154615   0.00437784   0.00411157   0.022397   0.0285271   0.0304597   0.0138027   -0.00519733   -0.00151182   -0.0188339   0.0789979   0.0273833   0.0101124   0.0627584   0.081076   0.0670614   0.10682   0.0815598   0.0950094   0.072883   0.0985935   0.0733882   0.0735325   0.0686972   0.0441059   0.052927   1   0.0391656   0.025795   0.0580552   0.0594918   0.0621829   0.0587305   0.0688503   -0.000756861   -0.00109362   0.00117793   0.0155363   -0.014376   -0.0524287   0.00101206   0.00262788   -0.00395052   -1.54934e-06   -5.03688e-05   -0.00101225   -0.00198009   -0.00214002   -0.000851969   -0.00182642   -0.00589081   -0.00442331   -0.00203728   -8.19742e-06   0.000246604   9.76598e-05   -0.000469566   -0.00286997   -0.00261743   -0.0758133   -0.146367   -0.0213453   -0.012665   0.0045528   0.0525122   -0.0257899   0.060241   -0.0209983   -0.134106   -0.0533339   -0.029179   0.00363425   0.00331289   -0.0141723   -0.0227361   0.00177914   0.00057391   0.00217559   0.00796457   0.00310577   0.00167268   0.00170583   0.00262314   0.00804366   0.00192228   0.0806922   -0.112778   0.00256883   
0.00496735   0.0038349   -0.00601021   -0.000236377   -0.00557009   -0.00251063   0.00474326   0.00583639   -0.00539878   -0.0031861   -0.001651   -0.00100966   0.0113347   -0.00752434   -8.26512e-06   -0.00115398   0.0012614   -0.00155381   0.00771513   -0.00218845   -0.00961486   -0.0011257   -0.00420537   0.000856884   -0.00355452   -0.0026037   -0.00663139   0.00260867   0.00058505   0.00183645   0.00145776   0.000286517   -0.000989834   -0.00188451   0.00272072   -0.000397642   -0.015187   -0.00618332   -0.000490205   5.1032e-05   -0.00168639   0.00420415   -0.00794724   0.0038891   0.0132691   -0.000294856   0.0306673   -0.0134624   0.0605489   0.0328692   0.0423084   0.0372891   0.0110592   0.0236206   0.00290433   0.00139799   0.0455998   0.0324357   0.0250727   0.0145691   0.033972   0.00515337   0.0262629   0.0193454   0.0229869   0.051284   -0.00758531   -0.0121823   0.0085885   -0.00743414   0.0044874   0.010229   0.031277   0.0479412   -0.00368964   0.0142962   0.0306751   0.0183528   -0.0181954   -0.00518064   -0.0278784   -0.0236556   -0.0369474   -0.0105514   0.00882651   -0.024121   0.0520363   0.0820009   0.0819918   0.127442   0.118206   0.129234   0.119248   0.12611   0.104959   -0.00737318   0.116109   0.0893366   0.103354   1   0.052927   0.0488413   0.0666953   0.0377164   0.0420422   0.0326263   0.0285928   0.0150107   -0.000177152   -0.000195192   0.000785693   -0.0303602   -0.0103636   -0.0369553   0.000507688   0.00090662   -0.00623509   3.7904e-05   0.000194622   -3.17018e-05   -0.000507842   -0.000201718   -0.000342729   -0.000208495   -3.6188e-05   -0.000116935   -0.000874204   -5.42589e-06   0.000245488   -0.00067254   0.000343977   -9.30947e-05   0.00065591   0.0102718   0.0938692   0.0790443   -0.00354631   0.0183547   -0.00341377   0.00152746   -0.0112333   -0.0224015   -0.00636973   0.00395471   -0.0013669   -0.00453584   0.00872499   -0.0127765   -0.0469121   0.00115182   -0.00202982   -0.00379783   0.00504764   0.00181862   -0.00433298   -0.00503808   -0.00431473   -0.013704   0.00120616   0.0101024   -0.227188   0.000569816   
-0.0135291   0.00786934   -0.0122844   -0.000843085   -0.0141351   -0.00292245   0.0118752   0.0147353   -0.011498   -0.00618553   -0.00216679   -0.00412322   0.0251987   -0.01489   2.56518e-06   -0.0029653   0.00416306   -0.00424184   0.0166501   -0.00513756   -0.0215278   -0.00180824   -0.0108365   0.00114418   -0.00741618   -0.00692685   -0.017398   0.00628978   0.00111147   0.00207904   0.00139472   0.000399563   -0.00243809   -0.00344379   0.00662695   -1.37639e-05   -0.0336934   -0.0162524   1.67659e-05   0.00303253   -0.00301624   0.0178266   -0.0151831   0.0142196   0.0200374   -0.00567638   0.0594267   -0.0321883   0.0745335   0.0297635   0.0423125   0.0350616   0.0107918   0.039976   -0.00278998   -0.0103702   0.0860524   0.0601815   0.0422797   0.0189595   0.0521118   0.00194929   0.0183633   0.0303932   0.0407605   0.108569   -0.0270722   -0.0369023   0.00749281   -0.0213496   0.0032744   0.00738611   0.0536018   0.0453218   -0.0230762   0.016726   0.0445035   0.0150284   -0.0571156   -0.0247367   -0.0603512   -0.0293842   -0.0608901   -0.0086907   -0.0271601   -0.0562897   0.0735956   0.103678   0.0766427   0.169708   0.131561   0.16086   0.132023   0.16179   0.12007   -0.0529636   0.167988   0.106383   1   0.103354   0.0441059   0.0543646   0.0893119   0.0228535   0.0321487   0.0180403   0.0175584   -0.00699363   -0.000118619   -1.07405e-05   0.000912925   0.000128696   -0.00768324   -0.0163874   0.000459118   -0.000136446   -0.016247   7.86047e-05   0.000462047   0.000279898   -0.000399972   0.000802168   9.25127e-05   0.0002282   0.00124772   0.00204714   0.000761649   -4.32802e-06   0.000362384   -0.00143646   0.000522777   0.000288054   0.00109015   0.0489438   0.215005   0.182018   -0.00299869   0.0340341   -0.0285465   0.0133051   -0.0444263   -0.0409595   0.0371626   0.0291237   0.00788373   -0.011945   0.00886303   -0.00654016   -0.0125216   0.00142123   -0.00374201   -0.00972066   0.00260744   0.00214404   -0.00815735   -0.0105479   -0.0113433   -0.0338855   0.000609591   -0.00859551   -0.330065   0.000239031   
0.0027994   0.000867835   -0.00180532   0.00015473   -0.0013571   -0.000254132   0.00098578   0.00182457   -0.0035507   -0.00162459   -0.00180736   -0.000130937   0.0020982   -0.00404372   -2.9767e-06   -0.000265926   1.44962e-05   0.000449382   0.00247821   -0.00121923   -0.00236505   -0.00127073   -0.00103709   0.000171911   -0.00170596   -0.000675416   -0.00342397   0.000743966   0.000179286   0.000995147   0.000474832   0.000213746   -3.64163e-05   -0.000581951   0.000171757   -0.00114789   -0.00848862   -0.00187497   -0.000209849   -0.000755394   -0.00120407   0.000612423   -0.00207534   0.000801145   0.00387932   -0.00463687   0.0102386   -0.00449058   0.0498135   0.0246618   0.0323182   0.0361938   0.00645153   0.0105306   0.000810781   0.00825943   0.0246375   0.0165008   0.0096946   0.0114626   0.0186356   0.00631562   0.0215276   0.0128094   0.0132319   0.0228856   0.00168389   -0.00270985   0.0136076   0.000654208   0.0111163   0.0143575   0.0269894   0.0242264   0.0100549   0.0210674   0.0291022   0.0344452   0.01388   0.0160928   -0.00623591   -0.0406644   -0.0548036   -0.0400385   0.0175792   -0.0281399   0.0513629   0.0943264   0.123535   0.148703   0.153176   0.160462   0.158508   0.150019   0.127506   0.00741237   0.112172   1   0.106383   0.0893366   0.0686972   0.0566957   0.0650544   0.0511619   0.0430793   0.038582   0.0263702   0.0105114   -0.000196338   -0.0003159   -4.79599e-05   0.0165415   -0.00757532   -0.0184229   -0.000114867   0.000437737   0.0127786   1.24945e-05   -3.07607e-06   -0.00017912   -0.000476309   -0.000969581   -0.000715731   -0.000560148   -0.000927021   -0.00166056   -0.0022039   -1.64207e-06   -5.99275e-05   -0.000293217   0.000157126   -0.00067576   0.000867396   0.00202676   0.0594252   0.0167359   -0.00589994   0.00456908   -0.000993663   -0.00363424   -0.0038692   -0.00491346   -0.0246289   -0.00786568   -0.0059982   -0.00107417   -0.00150005   0.000713811   -0.0428585   -0.000130008   -0.00100685   -0.00103796   0.00157659   -0.000210619   -0.0022305   -0.00184838   -0.00155246   -0.0019845   0.000380766   0.0239148   -0.250318   0.000674268   
0.0825923   0.0183939   -0.0234659   -0.00567425   -0.0276481   -0.0146069   0.0240507   0.0333278   -0.0124439   -0.00578182   0.0102021   -0.0058876   0.0617312   -0.0216074   2.32319e-05   -0.00529594   0.00931923   -0.0125436   0.02851   -0.00989125   -0.0491402   0.00220163   -0.021808   0.00286988   -0.00692306   -0.0174343   -0.0208587   0.0167873   0.00229024   0.00463526   0.000658636   0.000276032   -0.00680968   -0.00408468   0.0163198   0.000271954   -0.0768491   -0.0536979   0.000391964   -0.00129934   -0.00823684   0.0131681   -0.0419266   0.0143238   0.0456718   0.0149311   0.132084   -0.0542459   0.119512   0.113922   0.135659   0.0396676   0.0168002   0.0361193   -0.0195681   -0.0694901   0.117311   0.042694   0.0636465   -0.021032   0.0481683   -0.0385835   0.060462   0.0345576   0.0439185   0.129007   -0.0773751   -0.0844822   -0.06193   -0.0664732   -0.0683498   -0.0252158   0.0283472   0.0667126   -0.0718418   -0.0148405   0.0379195   -0.016948   -0.143557   -0.0546362   -0.121357   0.0242654   -0.0152359   0.0514635   -0.0107152   -0.0201727   0.076074   0.14221   0.0204038   0.175821   0.136231   0.144384   0.0953321   0.156084   0.154324   -0.0641299   1   0.112172   0.167988   0.116109   0.0735325   0.0425086   0.0850431   0.00544054   0.0518426   0.0305473   0.0400614   0.0357555   -0.00136239   -0.00159304   0.00209418   0.0238513   0.00271159   0.0173071   0.00128747   -5.45348e-05   0.0338984   0.000157957   0.0012306   -0.000269583   -0.0029772   0.00131308   0.000742172   -0.000628836   -0.00544347   0.00258764   0.00321101   -1.04555e-05   0.00141982   -0.00286846   -0.000377261   -0.00191977   -0.00486222   0.010351   0.12727   0.41119   -0.0275162   0.0704799   0.0116038   -0.00774238   -0.0234364   -0.13509   -0.103239   -0.0138436   -0.0246248   -0.0249755   0.0253678   0.0109332   0.047275   0.0033795   -0.00586401   -0.0207083   0.00762406   0.00528994   -0.0121059   -0.0203082   -0.0243569   -0.0697281   0.00179507   0.0628238   -0.421092   0.00321056   
0.129555   -0.00517047   0.0121406   0.00150344   0.0216322   -0.00443074   -0.0157555   -0.0235115   0.0178446   0.00740169   0.00219689   0.0116859   -0.0276441   0.0193265   -5.46013e-05   0.0050388   -0.00673469   0.00487314   -0.0194263   0.00720642   0.0229726   0.00190556   0.016914   0.00117574   0.011068   0.00978701   0.0273354   -0.00879061   -0.000850208   0.00418208   0.000175704   0.000338589   0.00315938   0.00329667   -0.00989933   -0.00436237   0.0493389   0.0330564   -0.00185745   -0.0116754   0.00655619   -0.0610616   -0.00584812   -0.045279   0.00604584   0.0256566   -0.033304   0.0640263   0.012121   0.0578313   0.0591908   0.0526839   0.0255038   -0.0230003   0.032729   0.0427885   -0.0756865   -0.0559397   -0.0244768   0.00153785   -0.0318455   0.0192279   0.0740258   -0.00619586   -0.0271094   -0.129262   0.0576791   0.069106   0.00757503   0.0444246   0.00671494   0.0173372   -0.0454723   0.0359027   0.0564696   0.00757958   -0.0219289   0.029067   0.106606   0.0687907   0.08405   0.00431799   0.0332328   -0.0323959   0.14514   0.0675198   -0.0428298   -0.011464   0.057129   -0.0480579   0.0294421   -0.0166325   0.027344   -0.0293707   0.0241696   1   -0.0641299   0.00741237   -0.0529636   -0.00737318   0.0733882   0.0252501   -0.0187765   0.0757418   0.0626521   0.0813779   0.0907715   0.118249   -0.000549814   -0.000855157   0.00247578   0.013589   -0.0258715   -0.116909   0.00227468   0.00588617   -0.129778   -6.73912e-05   -0.000670999   -0.00174531   -0.00208742   -0.00393309   -0.00140429   -0.00303461   -0.00724826   -0.00811598   -0.00293823   -1.19939e-05   -0.000157567   0.00158627   -0.000520304   -0.00417652   -0.00255556   -0.150816   -0.317676   -0.228193   -0.00147488   -0.0169468   0.0751375   -0.0344432   0.133058   0.0252692   -0.163373   -0.0700865   -0.0325664   0.018737   -0.00385424   -0.0593035   -0.0230931   0.00388751   0.00413983   0.0138052   0.0131272   0.00700301   0.00947246   0.0133679   0.0170208   0.0446711   0.00318611   0.0649523   0.148681   0.00342652   
0.0500354   0.00222432   -0.00225306   -0.00151255   -0.00269345   -0.00337093   0.00186516   0.00530923   -0.00225075   3.52321e-05   0.00300583   0.000173641   0.00809431   -0.00380195   5.45656e-06   -0.000317803   0.000553783   -0.000809245   0.00204326   -0.00221784   -0.0061334   0.000151763   -0.00214708   0.000227473   0.000195727   -0.00246904   -0.000721017   0.00318739   0.000264708   0.00112622   0.0002666   0.000142757   -0.000751765   5.97438e-05   0.00182505   -0.00120087   -0.0212242   -0.0136617   0.000624916   -0.0034677   -0.00236094   -0.00760265   -0.00934642   -0.00391997   0.00493048   -0.00094598   0.022435   -0.00218114   0.0685272   0.0572168   0.0690505   0.0442811   0.0042662   -0.000795172   -0.00809046   -0.00975221   0.0161186   -0.00382863   0.00578547   -0.00602519   0.010177   -0.00961584   0.0418041   0.00733518   0.00421404   0.00441422   -0.0102039   -0.0111521   -0.00974316   -0.0110492   -0.0132831   0.00563773   0.0118367   0.0378777   0.00361382   0.0136341   0.0268535   0.0341647   0.00802084   0.020819   -0.0134821   -0.035945   -0.0512416   -0.0415171   0.0422837   -0.0151439   0.0506358   0.120615   0.139759   0.170011   0.189382   0.18285   0.182645   0.170301   1   0.0241696   0.154324   0.127506   0.12007   0.104959   0.0985935   0.062129   0.0665847   0.0622644   0.0623488   0.0563144   0.042977   0.0359043   -0.00075072   -0.00114569   -0.000360716   0.00538741   0.00273699   0.0128912   -0.000377587   0.000596548   0.0279818   2.30241e-05   0.000142873   -0.000538084   -0.00141384   -0.00145317   -0.000908616   -0.00118835   -0.00399107   -0.00290992   -0.00320248   -1.88074e-06   0.000219322   -0.000484819   -0.000331051   -0.00178475   -0.00135814   -0.0262489   -0.0147835   0.0489171   -0.0196023   0.00618683   0.0236352   -0.0173659   0.0152482   -0.029102   -0.105355   -0.0370977   -0.0251277   -0.00268971   0.0036798   0.0072882   -0.0307838   -0.000531809   -0.00107705   -0.00258637   0.00396708   -0.00076017   -0.00217916   -0.00289137   -0.00388087   -0.00433408   0.000954101   0.0626248   -0.304799   0.00230839   
-0.037342   0.000265961   -0.00295596   0.000402637   -0.00532278   0.00353955   0.00311844   0.00597616   -0.00994178   -0.00388958   -0.00483274   -0.00314468   0.00303464   -0.00974299   1.06482e-05   -0.00123655   0.000856165   0.00117674   0.00564861   -0.00321111   -0.00385489   -0.00311013   -0.00398739   -0.000713589   -0.00509348   -0.00165765   -0.0118288   0.00176686   0.00016979   -0.000670125   0.000611821   0.000260124   6.95931e-05   -0.00128859   0.00101607   -0.000633985   -0.0219805   -0.00703985   0.00124516   0.00292138   -0.00175341   0.0149657   0.000596   0.0111567   -0.00536649   -0.0220417   0.0109716   -0.0149203   0.0589045   0.00266474   0.0125867   0.0370195   -0.00232527   0.0185533   -0.00762981   0.00843089   0.045044   0.0379036   0.0123422   0.0206303   0.0329442   0.00848215   0.00388955   0.0162202   0.0223446   0.0602957   -0.00599621   -0.0146229   0.0285787   -0.00342471   0.026152   0.021045   0.0537146   0.0211263   0.00843751   0.0345611   0.0485519   0.0494488   0.0114525   0.0144167   -0.0163871   -0.0713373   -0.10098   -0.0666939   -0.0147183   -0.0683589   0.083655   0.132655   0.175506   0.226867   0.212641   0.239744   0.228684   1   0.170301   -0.0293707   0.156084   0.150019   0.16179   0.12611   0.072883   0.0764194   0.0978054   0.0555218   0.0399353   0.0308396   0.011664   -0.0213606   1.67426e-05   -8.82488e-05   -0.00144522   0.0193453   0.00590876   0.0267642   -0.00136333   -0.0012087   0.0124218   2.19448e-05   2.80933e-05   0.000254819   0.000335365   -0.000578145   -0.000883736   1.23567e-05   0.00160681   -0.000683649   -0.0034279   4.15945e-06   -0.000267017   -0.000583169   0.000395322   0.000237129   0.00284478   0.0483848   0.18444   0.0387622   -0.00741377   0.000681472   -0.026575   0.00768502   -0.0435505   0.00334415   0.0240971   0.0146194   0.00316082   -0.00428026   -0.00547142   0.0122352   -0.0470611   -0.00224137   -0.00207746   -0.00336127   -0.00265216   -0.00370174   -0.00487769   -0.00421523   -0.00503871   -0.00689603   -0.000637437   -0.0129123   -0.380652   6.26976e-05   
-0.0309034   -0.00796483   0.00881805   0.00200653   0.00817631   0.00818943   -0.00894059   -0.00873408   -0.00278676   0.000397687   -0.00640413   0.00066859   -0.0242922   0.00132255   3.87796e-06   0.00164234   -0.00372995   0.00689269   -0.00963875   0.000856283   0.0185876   -0.00340606   0.00676104   -0.00202609   0.000172602   0.00618285   0.00121598   -0.00492644   -0.000921704   -0.00244447   0.000418167   0.000174604   0.00313434   0.00121179   -0.00642642   -0.00134188   0.006566   0.011752   0.00139295   0.0003942   0.00108778   -0.000468221   0.015933   -0.00151108   -0.026239   -0.0269749   -0.0457522   0.015396   0.0350998   -0.0157606   -0.010634   0.0397642   -0.00898327   -0.00560112   -0.00382748   0.0345555   -0.0166409   0.00311488   -0.0209331   0.0222003   0.00939113   0.0181721   0.00121417   -0.000878336   -0.00389482   -0.01833   0.0277258   0.0248714   0.047498   0.0243299   0.0463093   0.0348311   0.0367263   0.0110156   0.0491765   0.0480713   0.0414246   0.0781335   0.0966608   0.0623992   0.0454617   -0.0977124   -0.115533   -0.118249   0.0254766   -0.0573239   0.0645759   0.125574   0.239793   0.220762   0.245897   0.257654   1   0.228684   0.182645   0.027344   0.0953321   0.158508   0.132023   0.119248   0.0950094   0.0857282   0.0826389   0.0881905   0.0512117   0.0500898   0.01854   -0.0101188   0.000144801   -0.000136463   -0.00271351   -0.00518804   0.0105712   0.0354252   -0.00219066   -0.000539111   0.020414   -4.82257e-05   -0.000520147   -9.78621e-05   0.000779109   -0.00221702   -0.00177363   -0.000626307   0.00107313   -0.0041331   -0.00696749   8.23604e-06   -0.00078629   0.000704963   0.000182108   -0.000251065   0.00352764   0.0137438   0.0636446   -0.151012   -0.00704897   -0.0338465   -0.0103364   -0.00356139   -0.0111408   0.0533531   -0.00883572   -0.0106055   -0.00430564   0.00770229   -0.0139669   0.0126268   -0.0638174   -0.00424608   0.000760913   0.0061775   -0.00315089   -0.00676357   0.00113323   0.0054549   0.00561276   0.0283654   -0.000737235   0.0124094   -0.322422   0.00012006   
-0.0388846   -0.00275187   0.00120832   0.000749826   -0.00166204   0.00609358   -0.000546503   0.00203486   -0.00845691   -0.00245219   -0.00531058   -0.00249202   -0.00602336   -0.00679644   1.41897e-05   -0.000364199   -0.000483502   0.00316982   0.000576623   -0.00231623   0.00346126   -0.00338183   -0.000998133   -0.0013978   -0.00356746   0.000737777   -0.00897309   -0.000105862   -0.000231462   -0.00179039   0.000355506   0.000225846   0.00111878   -0.000398951   -0.00134775   -0.00080308   -0.0159174   -0.00274474   0.00177477   0.00283994   -0.000960215   0.0128335   0.00663909   0.00898749   -0.015844   -0.0277483   -0.00918927   -0.00653124   0.0507059   -0.00728715   0.000508851   0.0364032   -0.0056169   0.0119865   -0.00722574   0.0173965   0.0271079   0.029442   0.0017023   0.0231413   0.0274664   0.0127091   -0.000611412   0.0122572   0.0159633   0.0407696   0.00563489   -0.000969901   0.0389362   0.00847807   0.0378972   0.0299341   0.0552895   0.0132977   0.026597   0.047318   0.0552991   0.0702722   0.0506349   0.0449175   0.0190802   -0.0689482   -0.0991274   -0.0758361   -0.00712014   -0.0563899   0.0960235   0.14907   0.21454   0.24421   0.238085   1   0.257654   0.239744   0.18285   -0.0166325   0.144384   0.160462   0.16086   0.129234   0.0815598   0.0835215   0.0971886   0.0666064   0.0418146   0.0351593   0.0100159   -0.0237499   8.11278e-05   -9.74932e-05   -0.00232923   0.0194302   0.0136159   0.0495852   -0.00203349   -0.00149834   0.0169146   -1.27283e-08   -0.000150528   0.000182075   0.00060819   -0.00106001   -0.00119098   -0.000162718   0.00169381   -0.00173987   -0.00479475   7.50806e-06   -0.000494338   -0.000206678   0.000266698   -1.01685e-05   0.00316955   0.0458921   0.160939   -0.0214898   -0.00843267   -0.0133303   -0.0237925   0.00566877   -0.0405973   0.0223767   0.0201028   0.00942927   0.0016892   -0.00101559   -0.0103122   0.0181333   -0.0312839   -0.00360029   -0.00120404   -0.000797799   -0.00440094   -0.00585437   -0.00310522   -0.00126067   -0.00251165   0.00406936   -0.0010508   -0.0158373   -0.377915   -1.19448e-05   
0.00948056   -0.00348986   0.00425519   -4.99291e-05   0.00279687   0.00278759   -0.00384147   -0.000962712   -0.00216828   0.000945103   -0.000397158   -8.292e-05   -0.00869889   -0.000195646   1.41752e-05   0.000564422   -0.00130336   0.00309573   -0.00495971   -0.000890727   0.00706828   -0.0012517   0.00225424   -0.00138997   0.000876732   0.00147621   0.000820365   -0.000511654   -0.000463524   -0.00160015   -0.000234139   3.54339e-05   0.00116624   0.00121665   -0.00210732   -0.000924341   -0.0100391   -0.00433897   0.00171243   -0.0015884   -0.000646822   -0.00457284   0.00306254   -0.00276793   -0.0155123   -0.0162744   -0.015401   0.00856516   0.0527874   0.0256037   0.0336964   0.0422076   -0.00585486   -0.0096758   -0.00973222   0.00836252   -0.00681477   -0.00844628   -0.0117984   0.00317697   0.00428697   0.00152994   0.0233487   0.00141713   -0.00221173   -0.0139741   0.00950487   0.0088163   0.0177557   0.00923622   0.0170494   0.0241588   0.0265934   0.0198987   0.0347406   0.0395271   0.0444002   0.0723061   0.0723944   0.0680542   0.0455812   -0.0340376   -0.0485939   -0.0478339   0.0378567   0.00196032   0.0899092   0.156471   0.218778   0.218136   1   0.238085   0.245897   0.212641   0.189382   0.0294421   0.136231   0.153176   0.131561   0.118206   0.10682   0.0779613   0.0755613   0.0799777   0.0606586   0.0572739   0.0308816   0.014398   -0.000383914   -0.000791217   -0.00212666   0.010238   0.0182634   0.0562323   -0.00175245   -0.00066915   0.0346118   -1.8166e-05   -0.000176615   -0.00027276   -0.000253077   -0.00172743   -0.00127462   -0.00082452   -0.00181835   -0.00339565   -0.00523339   6.38505e-06   -0.000313293   0.000173452   -0.00024549   -0.000878865   0.000690167   -0.00713706   0.00423298   -0.054194   -0.0168868   -0.018546   0.00421714   -0.0126092   0.00198573   0.0111665   -0.0696821   -0.0289247   -0.0182353   0.00232123   -0.00718294   0.0204839   -0.0428569   -0.00322744   0.000159931   0.00177386   -0.00170521   -0.00508998   0.000132483   0.00175328   0.000539981   0.0134407   -0.000399109   0.0447793   -0.320154   0.00143495   
-0.0427367   0.00180348   -0.00506547   -0.00049067   -0.00989696   0.00352781   0.00656307   0.0112336   -0.0118459   -0.00424954   -0.003066   -0.00520028   0.0102124   -0.0120234   2.51854e-05   -0.00215157   0.00257399   -0.000526176   0.00876145   -0.00471964   -0.00940276   -0.00265913   -0.0075133   -0.00092575   -0.00600186   -0.0040669   -0.0159499   0.00412102   0.000319738   -0.00160215   0.00023574   0.000165289   -0.000776931   -0.00159045   0.00343382   0.000343293   -0.0331845   -0.0160362   0.00214738   0.00469554   -0.00247407   0.0226063   -0.0022552   0.0170523   -0.00691099   -0.0250665   0.021054   -0.0235925   0.0624244   0.00702783   0.0157694   0.0317697   -0.00239366   0.0248053   -0.00956766   -0.000305715   0.0591295   0.0466815   0.0215746   0.0209597   0.0412103   0.00707179   0.00201071   0.0231785   0.0320773   0.0855044   -0.0108428   -0.0184674   0.0292006   -0.00159297   0.0293622   0.0281873   0.0697277   0.0205552   0.0133916   0.0507639   0.0731479   0.0700082   0.0237433   0.0493446   0.0239803   0.00185878   -0.031581   0.00963768   -0.0289891   -0.00677526   0.144931   0.18067   0.189063   1   0.218136   0.24421   0.220762   0.226867   0.170011   -0.0480579   0.175821   0.148703   0.169708   0.127442   0.0670614   0.0757015   0.100718   0.0449384   0.0350335   0.0231313   0.00418074   -0.0279285   1.57361e-05   -6.04853e-05   -0.00189894   0.0210688   0.0195321   0.0708126   -0.00178081   -0.00237652   0.0175003   3.8389e-05   0.000204626   0.000481581   0.000540263   0.000348605   -0.000398478   0.000448163   0.00224955   0.00102396   -0.0021534   7.25306e-06   -0.000148287   -0.000894666   0.000261326   0.00062587   0.00225151   0.0679521   0.211144   0.091437   -0.00906257   0.00404266   -0.0360496   0.0126993   -0.0610113   -0.00753219   0.0416828   0.0249039   0.00627481   -0.00838973   -0.00407499   0.0232671   -0.000843499   -0.00285597   -0.00254127   -0.00657579   -0.00523686   -0.00475584   -0.00592661   -0.00654522   -0.00906472   -0.01678   -0.00126514   -0.0294554   -0.373829   -0.000148307   
-0.0431052   -0.0128526   0.0159416   0.00297619   0.0156432   0.0116793   -0.0152951   -0.0172055   0.00264598   0.00333398   -0.00661343   0.00223357   -0.0400889   0.00957432   6.31412e-06   0.0031166   -0.00571815   0.00953969   -0.0186099   0.00363128   0.0315478   -0.00294096   0.0125565   -0.00297174   0.00359442   0.0102493   0.00844442   -0.00895216   -0.00162227   -0.00422595   -0.000661198   -3.48138e-05   0.00470976   0.00300657   -0.0104438   -0.00115266   0.0275622   0.0236137   0.00167609   0.000396693   0.0035381   -0.00622091   0.0257656   -0.0068667   -0.0406311   -0.0285324   -0.0830118   0.0327932   0.00140121   -0.0327562   -0.0370052   0.0291828   -0.00827327   -0.0157073   0.00744141   0.0538667   -0.051505   -0.0131449   -0.0343615   0.027937   -0.00569325   0.0328446   -0.00650369   -0.00347108   -0.010252   -0.0557292   0.0589195   0.0615902   0.0686182   0.0579066   0.0734042   0.0563552   0.0390099   -0.0128816   0.091631   0.076266   0.0576883   0.118844   0.183   0.144582   0.161318   0.00442848   0.00349336   -0.0250969   0.0388891   0.0595536   0.121691   0.148816   1   0.189063   0.218778   0.21454   0.239793   0.175506   0.139759   0.057129   0.0204038   0.123535   0.0766427   0.0819918   0.081076   0.0757193   0.0533375   0.0881417   0.0404001   0.0468413   0.0115486   -0.00877818   0.000435791   0.000201244   -0.00343027   0.0138763   0.0208279   0.0587595   -0.0026311   -0.00105048   0.0146434   -9.40619e-05   -0.000818303   -6.72603e-05   0.00148216   -0.00226669   -0.00163159   -0.000461945   0.0017218   -0.00441922   -0.00672885   1.33044e-05   -0.00114339   0.00154607   -2.03364e-06   2.25173e-05   0.00368022   0.00373785   -0.0165593   -0.259009   -0.000860351   -0.0550894   -0.0119215   -0.0035902   0.00141419   0.0862746   0.00789668   -0.0113605   -0.000281584   0.0141309   -0.0233505   0.0191655   -0.0347926   -0.00530919   0.00296251   0.0114996   -0.00746884   -0.00840752   0.00577625   0.0116752   0.0117905   0.0468315   -0.00176522   -0.017133   -0.140333   -0.000594493   
0.00925904   0.00339807   -0.00475829   -0.00225682   -0.00901267   -0.00128545   0.00667956   0.0117444   -0.0051128   -0.00092417   0.00391808   -0.00355231   0.0158066   -0.00691344   2.63949e-05   -0.0017118   0.00289519   -0.00292369   0.00650989   -0.00369922   -0.0123547   0.000595168   -0.00714248   -0.000269692   -0.00194107   -0.00539257   -0.0078046   0.00557291   0.00040114   -0.000978523   -0.000631115   -0.000111887   -0.00177562   -0.000402038   0.00486681   0.000780576   -0.0313618   -0.0228167   0.00189121   0.00146648   -0.00273772   0.0107525   -0.00792885   0.0092169   -0.00114032   -0.00708875   0.0274847   -0.0174427   0.0555224   0.0471739   0.0517832   0.0268387   0.00719416   0.0148857   -0.00237027   -0.0129031   0.0399316   0.0194529   0.0243314   0.00441206   0.025526   8.86778e-05   0.0276007   0.0235122   0.0269525   0.052943   -0.00523341   -0.00477223   0.0069023   0.0065428   0.0104805   0.0279635   0.0487682   0.0247586   0.0250621   0.0523593   0.0765407   0.078496   0.0505753   0.101951   0.0965554   0.141043   0.128743   0.148395   0.00623933   0.139317   0.18354   1   0.148816   0.18067   0.156471   0.14907   0.125574   0.132655   0.120615   -0.011464   0.14221   0.0943264   0.103678   0.0820009   0.0627584   0.0500666   0.0588303   0.032201   0.0389458   0.0304286   0.0191063   0.0134624   -0.000371894   -0.000538249   -0.00112861   0.0196028   0.0242368   0.0744406   -0.00105711   -0.00189136   0.0258307   3.75924e-05   0.000361225   0.000152288   -0.00034814   0.000672384   0.000236462   0.000190724   -0.000874187   0.00117559   0.000141192   4.23812e-06   0.000266534   -0.000808608   -0.000352269   -0.000266455   -0.00131461   0.0230649   0.0470461   0.112422   -0.0134189   0.00816635   0.000277679   -0.00017456   -0.0254789   -0.0326247   -0.0223286   -0.00136356   -0.00743461   -0.00834668   0.00220032   0.0237238   0.043407   -0.00161888   -0.00153452   -0.00669451   -0.00300944   -0.00269288   -0.00333093   -0.0057786   -0.00877664   -0.0184993   -0.000733017   -0.000112427   -0.183258   0.000736491   
-0.083519   0.00145961   -0.00520562   -6.15931e-06   -0.00896937   0.00315807   0.00682494   0.00981841   -0.0083196   -0.00394515   -0.00245766   -0.00592088   0.0101468   -0.00837633   2.23265e-05   -0.00261006   0.00305775   -0.00167481   0.00897874   -0.00268938   -0.00860003   -0.00108352   -0.00739157   -0.000938834   -0.00583034   -0.00439659   -0.0128849   0.00306578   0.000269555   -0.00263211   -0.000621652   -0.000282723   -0.00125597   -0.0012186   0.00427676   0.00238879   -0.0192785   -0.0125532   0.00177842   0.00688232   -0.000932697   0.026552   0.000743512   0.019955   -0.0065543   -0.0146298   0.0121942   -0.0237923   0.0289866   0.00446527   0.00285663   0.0132213   0.00439351   0.0265386   0.00547441   0.00299172   0.0529555   0.0462156   0.0312266   0.0231596   0.0345911   0.0193742   -0.00131167   0.0293002   0.0411317   0.0851134   0.0076839   0.00357838   0.0370117   0.0206274   0.0438133   0.0412864   0.0745777   0.0120371   0.0346682   0.064944   0.0892328   0.0813919   0.058985   0.106967   0.132314   0.202298   0.207276   0.240789   -0.0355368   0.192263   1   0.18354   0.121691   0.144931   0.0899092   0.0960235   0.0645759   0.083655   0.0506358   -0.0428298   0.076074   0.0513629   0.0735956   0.0520363   0.0101124   0.0341244   0.0521484   0.00803747   0.010516   0.00128463   -0.00807397   -0.0233522   0.000493072   0.000748309   -0.00119098   0.0144426   0.0172028   0.0582301   -0.00111104   -0.00334397   -0.000688293   2.05718e-05   0.000286225   0.00115881   0.00161071   0.00243489   0.00100131   0.00210791   0.00500837   0.00511797   0.00245171   7.81279e-06   -3.10235e-05   -0.000569351   0.000428019   0.0031184   0.00212729   0.0765253   0.155601   0.0915994   0.0054008   0.00579393   -0.0456606   0.0239612   -0.0651756   -0.00710905   0.11043   0.0494871   0.0230446   -0.00798644   -0.00200768   0.0174965   -0.0288296   -0.00172913   -0.00166384   -0.00535614   -0.00847124   -0.00301606   -0.00391538   -0.00553563   -0.00636172   -0.0187184   -0.00205003   -0.0665883   -0.0447904   -0.00184464   
0.015238   -0.00107129   0.00267108   -0.00117806   0.00401745   -0.00404937   -0.00234651   -0.00108556   0.00834126   0.00394094   0.00729078   0.000791614   -3.15899e-05   0.00839742   7.83331e-06   0.000121654   7.9815e-06   -0.00129069   -0.00500475   0.00235002   0.00257509   0.0039275   0.00203416   -0.000437523   0.00459018   -0.00112307   0.0122471   0.000200604   -0.000281613   -0.00146804   -0.00197473   -0.000752056   -0.000786184   0.00254183   0.00110687   0.00183296   0.00708427   -0.00778623   0.000600502   -0.00289702   0.000638964   -0.0134968   -0.00243743   -0.0079331   -0.00342924   0.0177366   -0.010785   0.0128762   0.00592043   0.0643954   0.0578632   0.0135869   0.0103826   -0.0197336   0.0123722   -0.00672965   -0.0307313   -0.0384187   0.00227816   -0.0167422   -0.0233544   0.00333301   0.0448619   0.00521062   0.000317   -0.0478473   0.0277116   0.0377989   -0.00644731   0.0315219   0.00229262   0.0269359   -0.000288247   0.0146447   0.0536942   0.0383688   0.0477362   0.0667824   0.104398   0.14825   0.200312   0.306944   0.361803   0.336429   0.0621269   1   0.192263   0.139317   0.0595536   -0.00677526   0.00196032   -0.0563899   -0.0573239   -0.0683589   -0.0151439   0.0675198   -0.0201727   -0.0281399   -0.0562897   -0.024121   0.0273833   -0.00612746   -0.0294763   0.0159541   0.0321772   0.0348467   0.0309837   0.0615383   -0.000288347   -0.000387363   1.07364e-05   0.0021691   0.0102917   0.025753   0.000181847   -0.00094245   0.0219309   -3.33758e-05   0.0001347   0.000190454   -0.000101636   0.00106467   0.00103692   0.000872627   -0.00208534   0.00170692   0.00276154   1.95687e-06   0.000332935   0.000530779   -0.000565616   0.00133899   -0.00306833   -0.0475848   -0.223467   -0.0131613   -0.00448431   -0.00586184   0.0276919   -0.0136418   0.0368498   -0.0226573   -0.0622032   -0.0287171   -0.013903   0.00210404   0.00367452   0.00980219   -0.0652538   0.000156145   0.00187512   0.00258848   -0.00185978   0.000354016   0.00446758   0.00274646   0.00372727   0.00638875   -0.000450535   0.0331567   0.263539   0.000568457   
0.150275   -0.000617667   0.00638442   -1.92165e-05   0.0143485   -0.00822116   -0.00978009   -0.0150417   0.0149838   0.00614276   0.00512985   0.00998516   -0.0118592   0.0142978   -4.75865e-05   0.00366797   -0.0043254   0.00151858   -0.0124829   0.00475652   0.0108641   0.00265064   0.0113839   0.00184205   0.00945001   0.0057288   0.0226788   -0.00449939   -0.000293001   0.00492864   0.000912499   0.000383629   0.00144126   0.00202121   -0.00547875   -0.00349662   0.030606   0.018949   -0.0018464   -0.0117594   0.00423957   -0.0558869   -0.0150051   -0.0403374   0.016892   0.0301939   -0.00213188   0.0488573   0.0369981   0.0818697   0.0875791   0.0553054   0.0276372   -0.0132644   0.0262499   0.0222434   -0.0497218   -0.045521   -0.00848191   -0.00474246   -0.0167902   0.00710005   0.0838956   -0.000364407   -0.0187301   -0.0975255   0.0359506   0.0475241   -0.0108494   0.0255692   -0.0140223   0.00813215   -0.042632   0.060547   0.0353023   -0.000580969   -0.0157561   0.0166572   0.0648279   0.0483587   0.0492231   0.0128486   0.0337071   -0.0165884   1   0.0621269   -0.0355368   0.00623933   0.0388891   -0.0289891   0.0378567   -0.00712014   0.0254766   -0.0147183   0.0422837   0.14514   -0.0107152   0.0175792   -0.0271601   0.00882651   0.0789979   0.0259312   -0.00691709   0.0677891   0.0706624   0.0815746   0.09396   0.123808   -0.000857879   -0.00121095   0.00294324   -0.0285279   -0.0257004   -0.106013   0.00257675   0.00597184   -0.10649   -2.71595e-05   -0.000334097   -0.001744   -0.00265596   -0.00327461   -0.00109836   -0.00300083   -0.00802404   -0.00692136   -0.00207146   -1.47878e-05   0.000296775   0.000907213   -0.000609193   -0.00420613   -0.0039747   -0.145466   -0.292147   -0.122968   -0.00771054   5.15648e-05   0.0768759   -0.0360207   0.124794   -0.00840396   -0.184542   -0.0728654   -0.0377076   0.012384   0.0083144   -0.0574889   -0.00522879   0.00461823   0.00269565   0.00856911   0.0164327   0.00809896   0.00651503   0.00831228   0.0109024   0.0268318   0.00396856   0.0792395   0.0784505   0.00398996   
-0.0551584   0.00854897   -0.0138734   -0.00223144   -0.0152004   -0.00751419   0.0143114   0.0197373   -0.0053099   -0.00419748   0.00552231   -0.00677663   0.0345754   -0.00959625   1.88611e-05   -0.00472217   0.0063688   -0.00791616   0.0178639   -0.0032711   -0.0259938   0.00301612   -0.0135367   0.000516376   -0.00577193   -0.011735   -0.00939688   0.00854552   0.00110468   -0.0007863   -0.00141697   -0.000810199   -0.00470282   -0.00133404   0.0115478   0.0042181   -0.0328046   -0.0328374   0.00111679   0.00396588   -0.00278798   0.0186844   -0.0182984   0.0177304   0.0179267   0.0150945   0.0584562   -0.0342626   0.0351397   0.0682342   0.0683144   0.00786759   0.0102269   0.0140712   0.00225354   -0.040731   0.0600194   0.0206401   0.0472229   -0.0140946   0.0129107   -0.00597949   0.0331516   0.0260166   0.0394689   0.0764842   -0.0196009   -0.021165   -0.0206026   -0.00907191   -0.0135013   0.0102622   0.0357502   0.0324482   -0.00455129   0.0199399   0.0617002   0.0224818   -0.0223193   0.066359   0.108962   0.345531   0.395118   1   -0.0165884   0.336429   0.240789   0.148395   -0.0250969   0.00963768   -0.0478339   -0.0758361   -0.118249   -0.0666939   -0.0415171   -0.0323959   0.0514635   -0.0400385   -0.0086907   -0.0105514   -0.0188339   -0.0195682   0.000728603   -0.0330605   0.010781   -0.00134112   0.00834639   0.0237409   -5.33672e-05   0.000225398   0.00100508   0.00553013   0.00203752   0.0212138   0.000682167   -0.00318245   0.00646087   5.21531e-05   0.000886005   0.00141124   0.000582991   0.0042964   0.00247994   0.00311068   0.00238538   0.00869831   0.00758199   3.53522e-08   0.000904832   -0.00115774   0.000221982   0.00459444   -0.00156697   0.0361963   0.017807   0.241563   0.000424748   0.0375149   -0.0203526   0.0142184   -0.0376849   -0.080837   0.0475468   0.0312773   0.0101518   -0.0148373   0.0156688   0.00830771   -0.135223   0.00176051   -0.0025364   -0.0100192   -0.00408172   0.00262383   -0.00510456   -0.0112966   -0.0101591   -0.0416173   -0.00101571   -0.0239555   0.19149   -0.000724281   
-0.00835425   0.00281296   -0.00354527   -0.0015416   -0.00274901   -0.005966   0.00384334   0.00597203   0.00458395   0.00122657   0.00711448   -0.00165483   0.0131744   0.0029441   9.35413e-06   -0.00160263   0.00244092   -0.00417063   0.00335194   0.000721959   -0.00818964   0.00402325   -0.00348026   0.000120376   0.00121569   -0.00500297   0.005374   0.00308559   0.000253857   -0.000972231   -0.00183536   -0.000798957   -0.00234622   0.00111942   0.00502961   0.00286589   -0.00376452   -0.0154622   0.000427082   -0.000520734   -0.000362787   -0.00269996   -0.00861724   0.000655778   0.00676577   0.0208134   0.0148776   -0.00376904   0.00939855   0.0661842   0.0603064   0.00687245   0.0127037   -0.00668469   0.0118057   -0.0190387   0.000676374   -0.0179592   0.0204087   -0.0161782   -0.0116363   0.000931663   0.0405978   0.013407   0.0149592   -0.00480695   0.012469   0.0191506   -0.0133019   0.0189232   -0.00454223   0.0200534   0.00923   0.0192057   0.0325887   0.0296721   0.0498908   0.0462534   0.0576614   0.12024   0.174834   0.342511   1   0.395118   0.0337071   0.361803   0.207276   0.128743   0.00349336   -0.031581   -0.0485939   -0.0991274   -0.115533   -0.10098   -0.0512416   0.0332328   -0.0152359   -0.0548036   -0.0608901   -0.0369474   -0.00151182   -0.021326   -0.0307399   -0.0107751   0.0184243   0.0166882   0.0210866   0.0503835   -0.000158198   -6.01397e-05   0.000769948   0.002261   -0.00126149   0.0155038   0.000710373   -0.00156007   0.0134705   -2.48075e-06   0.000422553   0.000643694   0.000149233   0.00250007   0.00179973   0.00177978   -0.000407178   0.00472692   0.00547947   2.48726e-07   0.000594296   -3.93031e-05   -0.000282154   0.00263068   -0.00285111   -0.020819   -0.153112   0.081478   0.000108831   0.0119904   0.0105342   -0.00283319   0.0137228   -0.0450809   -0.0164021   -0.00503526   -0.00328573   -0.00387704   0.00911539   0.00591194   -0.082192   0.00134968   0.000478662   -0.00183948   -0.00232453   0.00215699   0.00149005   -0.00208281   -0.000844573   -0.0118718   -0.000574756   0.0129295   0.296191   -8.51294e-05   
0.0198005   0.00649714   -0.00702043   -0.00237763   -0.00857768   -0.00668373   0.0084822   0.0104687   0.00239236   0.000530565   0.00806233   -0.00219477   0.0226962   -6.54752e-05   1.58866e-05   -0.00199264   0.0043626   -0.00657855   0.00784165   -0.00144669   -0.0166372   0.00375293   -0.00716917   0.00091145   0.000481556   -0.00677024   -0.00135006   0.00553959   0.00064405   0.000246731   -0.0012652   -0.000405343   -0.00309331   -0.000349029   0.00685673   0.00236469   -0.0122816   -0.0181354   -3.7003e-05   0.000286446   -0.00135113   0.00329844   -0.014328   0.00412124   0.0153513   0.0199793   0.0362608   -0.0144159   0.0184434   0.0625359   0.0572186   0.0018317   0.0204567   0.0155121   0.0142474   -0.020031   0.0301419   0.00788589   0.036581   -0.00417604   0.013289   0.00238245   0.0349544   0.0271933   0.0298581   0.0387835   0.00396782   0.0104469   -0.00918667   0.0178672   -0.00101996   0.0237278   0.0273404   0.0192623   0.0271853   0.0422546   0.0661027   0.057115   0.0499449   0.126406   0.162954   1   0.342511   0.345531   0.0128486   0.306944   0.202298   0.141043   0.00442848   0.00185878   -0.0340376   -0.0689482   -0.0977124   -0.0713373   -0.035945   0.00431799   0.0242654   -0.0406644   -0.0293842   -0.0236556   -0.00519733   -0.0131103   -0.0158253   -0.0208448   0.00924328   0.0050923   0.0136104   0.037515   -0.000215234   -4.4046e-05   0.0013665   0.00839566   0.00211433   0.0310759   0.00111474   -0.000999641   0.0113959   3.77149e-05   0.000541426   0.000307492   -0.000395637   0.00260179   0.00190302   0.00099278   -0.000937271   0.00476326   0.00648941   -1.29848e-06   0.000703805   -0.000588812   -0.00041487   0.000955499   -0.00380262   -0.00501897   -0.0789588   0.145186   0.00122903   0.0237113   -0.00140388   0.00187455   0.00234253   -0.0515521   -0.00109915   0.00574098   0.000545567   -0.0083364   0.0110954   0.00866196   0.0660585   0.00227923   -0.000307223   -0.00635057   -0.00117674   0.00358807   -0.00027686   -0.00476859   -0.0064438   -0.0259667   -0.000303192   0.00187161   0.195894   -3.94898e-05   
-0.0094426   -0.0127909   0.0192492   0.00301092   0.0202553   0.0102451   -0.0178596   -0.0252   0.0130723   0.00722578   -0.00328111   0.00569933   -0.0447177   0.0202739   -5.73252e-06   0.00482048   -0.00637404   0.00800541   -0.0242621   0.00707404   0.0357062   -0.000310988   0.0166734   -0.00182755   0.00872002   0.0132314   0.0174201   -0.0117078   -0.00177199   -0.00313273   -0.00103707   -4.65472e-05   0.00499529   0.00350607   -0.0124934   -0.000776895   0.0592504   0.0396074   -0.000556671   -0.000565601   0.00585748   -0.0139379   0.0297965   -0.0147371   -0.0337352   -0.00704023   -0.0990298   0.0439389   -0.0523958   -0.0405723   -0.0602229   -0.0027983   0.0116459   -0.0062194   0.0350315   0.0706845   -0.0743469   -0.0187715   -0.0268455   0.0380483   -0.00836837   0.0497576   -0.0102224   0.00545409   -0.0071824   -0.078793   0.0905856   0.102986   0.0771528   0.0957113   0.0882008   0.0707743   0.0281944   -0.0328068   0.123673   0.0945724   0.0622907   0.134258   0.246388   0.221633   1   0.162954   0.174834   0.108962   0.0492231   0.200312   0.132314   0.0965554   0.161318   0.0239803   0.0455812   0.0190802   0.0454617   -0.0163871   -0.0134821   0.08405   -0.121357   -0.00623591   -0.0603512   -0.0278784   0.0138027   0.0226094   -0.0237317   0.0424104   0.00205281   0.0181019   -0.000436182   0.00700318   0.000798199   0.000906561   -0.00147552   0.00506689   0.00231351   0.0271606   -0.000839799   0.000495704   -0.00459246   -0.000108129   -0.000937975   -0.000404744   0.00144894   -0.0013197   -0.000439417   -0.000667854   0.00154866   -0.00310758   -0.00156372   8.71619e-06   -0.00102197   0.00213988   -0.000338672   -0.000939046   0.00107099   -0.023638   -0.150229   -0.307093   0.0182122   -0.0550918   -0.000297865   -0.000758592   0.0326204   0.10273   0.0461266   -0.00315069   0.0116969   0.0184887   -0.0211817   0.00493566   0.139828   -0.00234937   0.00535963   0.0143495   -0.00608705   -0.00365928   0.0111969   0.0167929   0.0163583   0.0509923   -0.00143245   -0.0212224   0.228854   -0.00194139   
0.0300829   -0.00785395   0.0137015   0.00123957   0.0134773   0.00606944   -0.0120146   -0.0172374   0.0109321   0.00646387   0.000223624   0.00490333   -0.0288542   0.0155131   -7.28602e-07   0.00384267   -0.00419342   0.00462924   -0.017889   0.00458287   0.0230977   0.000509646   0.0115343   -0.000861625   0.00786491   0.00915409   0.0131297   -0.00734629   -0.00117719   -0.0015354   -0.00070935   0.000105118   0.0033101   0.00248569   -0.00861005   -0.0010394   0.0402545   0.0263135   -0.000661704   -0.00165689   0.00362231   -0.0128445   0.0187555   -0.0130215   -0.020947   -0.00146388   -0.0646524   0.0314633   -0.0257955   -0.0130534   -0.0266136   0.00273574   0.014771   0.00050273   0.0270837   0.0499704   -0.0501864   -0.0134129   -0.0147233   0.02879   0.00118697   0.0346858   0.00380443   0.0100861   -0.00218188   -0.0546355   0.0664141   0.0775524   0.053653   0.0734189   0.0617503   0.0564056   0.0244308   -0.0183974   0.0972689   0.0809281   0.0587112   0.117211   0.197331   1   0.221633   0.126406   0.12024   0.066359   0.0483587   0.14825   0.106967   0.101951   0.144582   0.0493446   0.0680542   0.0449175   0.0623992   0.0144167   0.020819   0.0687907   -0.0546362   0.0160928   -0.0247367   -0.00518064   0.0304597   0.0280538   -0.00950988   0.0397116   0.011165   0.0228746   0.00875376   0.0171045   0.00036605   0.000379779   -0.000806161   0.00638669   0.00308883   0.0308314   -0.000390961   0.000943133   0.00573746   -6.46665e-05   -0.000638896   -0.000695053   0.000383057   -0.00128025   -0.000354563   -0.00123992   -0.000651862   -0.00315671   -0.000928595   4.91979e-06   -0.000622021   0.00140191   -0.000571273   -0.00221651   -0.000798177   -0.029011   -0.134619   -0.205082   0.0101058   -0.037112   0.0109343   -0.00559687   0.0334693   0.068168   0.00580485   -0.0125705   0.00242959   0.0124611   -0.0137362   0.00670239   0.189316   -0.00129811   0.0040094   0.00901883   -0.00285661   -0.00199347   0.0084671   0.0119762   0.00997691   0.0336537   -0.000664319   0.0203424   0.101896   -0.000883839   
-0.00674975   -0.0171061   0.0250123   0.00431974   0.02768   0.0131055   -0.0245496   -0.0339431   0.0153029   0.00849776   -0.00629577   0.0082012   -0.0603648   0.024248   -1.75303e-05   0.00653515   -0.00939175   0.0117478   -0.0316407   0.00909884   0.0479523   -0.00148181   0.0227625   -0.00223608   0.0105065   0.0181712   0.0229453   -0.0157909   -0.00227131   -0.00322265   -0.000398608   0.000103465   0.00694064   0.00424109   -0.0171704   -0.00188439   0.0748298   0.0530712   -0.00102028   -0.0020567   0.00710261   -0.0214736   0.0390609   -0.0213305   -0.0420201   -0.0116602   -0.127265   0.0584456   -0.0605154   -0.0603284   -0.0793666   0.00166865   0.00641453   -0.0162807   0.0342232   0.0876072   -0.10227   -0.0310823   -0.0465586   0.0418509   -0.0167852   0.053539   -0.016858   -0.00657446   -0.0238574   -0.116918   0.102168   0.11455   0.0865523   0.100152   0.0946605   0.0687425   0.0139225   -0.0348284   0.129456   0.0860902   0.0398113   0.126137   1   0.197331   0.246388   0.0499449   0.0576614   -0.0223193   0.0648279   0.104398   0.058985   0.0505753   0.183   0.0237433   0.0723944   0.0506349   0.0966608   0.0114525   0.00802084   0.106606   -0.143557   0.01388   -0.0571156   -0.0181954   0.0285271   0.0332436   -0.0205472   0.0643795   0.00850979   0.0279945   0.00289385   0.00505874   0.000888652   0.000899485   -0.00191897   -0.0164591   -0.00116249   0.00355509   -0.00112127   0.00156055   -0.0028384   -0.000140895   -0.00129002   -0.000710237   0.00155259   -0.00278162   -0.00135318   -0.00133694   0.00138768   -0.005956   -0.00465907   8.40808e-06   -0.00135852   0.00274766   -0.000254705   -0.00159417   0.00230016   -0.0392874   -0.173249   -0.414437   0.0190144   -0.0713395   0.00911306   -0.00635645   0.0476982   0.134033   0.0311081   -0.0156377   0.00852243   0.0254002   -0.0252593   -0.00192498   0.114896   -0.00314356   0.00637831   0.0196538   -0.00422588   -0.00486385   0.0132955   0.0215157   0.0222744   0.0705097   -0.000972449   0.0008164   0.174717   -0.0018877   
-0.00981784   -0.00527058   0.00784257   0.00152902   0.00768598   0.00580754   -0.00704654   -0.0110119   0.00411937   0.0023765   -0.00311856   0.00234097   -0.0194762   0.00704651   -4.01289e-06   0.0022099   -0.00279123   0.00358799   -0.00946704   0.0026756   0.0147637   -0.00095759   0.00671356   -0.000542756   0.00283808   0.00619047   0.00443832   -0.00524188   -0.000684932   -0.000928841   -7.57105e-05   0.000165134   0.00234722   0.000854348   -0.00584124   -0.000807438   0.0262464   0.0202776   -0.000747277   0.000871102   0.00214746   -1.89705e-05   0.0159701   -0.00295118   -0.0135767   -0.00619302   -0.0427165   0.0136645   -0.00994251   -0.0205919   -0.0286632   0.00688605   0.0112191   0.0112454   0.0201086   0.0417591   -0.0157344   0.0107259   -0.00303129   0.0314185   0.0138177   0.0311431   -0.00467163   0.0134598   0.00854712   -0.0110287   0.0457001   0.048931   0.0501832   0.0501954   0.054792   0.0436076   0.0340171   -0.0107297   0.0647463   0.0610551   0.0480934   1   0.126137   0.117211   0.134258   0.057115   0.0462534   0.0224818   0.0166572   0.0667824   0.0813919   0.078496   0.118844   0.0700082   0.0723061   0.0702722   0.0781335   0.0494488   0.0341647   0.029067   -0.016948   0.0344452   0.0150284   0.0183528   0.022397   0.0323758   0.0157082   0.0324411   0.00808922   0.0138508   0.00151339   -0.00437185   0.000498338   0.000623505   -0.000557452   0.00886689   -0.00319518   0.00222784   -0.000324244   0.00037834   0.00239443   -3.85593e-05   -0.000449717   -0.000229739   0.000698809   -0.000705514   -0.000319336   -0.000490532   0.00136736   -0.00156264   -0.000764671   3.02712e-06   -0.000542019   0.000800768   -3.77595e-05   -0.00093302   0.00108176   0.00571953   -0.0102542   -0.130796   0.0116474   -0.0225397   -0.00570622   0.00461308   0.00213001   0.053578   0.0480985   0.00910904   0.0115839   0.00745902   -0.0111422   0.00232637   0.106287   -0.000972742   0.00197707   0.00545673   -0.00289112   -0.00159983   0.00400199   0.00675614   0.00608526   0.0197441   -0.0006809   0.00262058   -0.00234956   -0.00140629   
-0.0182152   0.00166193   -0.00265197   0.000184946   -0.00432199   0.00137193   0.00313748   0.00209198   -0.00291357   -0.00177796   -0.00221591   -0.00132552   0.00452008   -0.00349542   -1.11377e-06   -0.000483654   0.000960082   -0.00116139   0.00414407   -0.000934238   -0.0042853   -0.00088606   -0.00266316   0.000486501   -0.0023736   -0.000149593   -0.00629348   0.0006318   0.000267799   0.000182847   0.00128677   0.000224628   -0.00024788   -0.00181446   0.00110183   0.000814914   -0.000580383   0.00235069   -0.000733046   0.00319496   -0.000549908   0.0142822   0.00307975   0.0091366   0.00399171   -0.00257524   0.0067414   -0.013922   0.0205062   -0.00201302   -0.00382321   0.0083313   0.013701   0.0333436   0.0132778   0.0156582   0.0368197   0.0426052   0.0268427   0.0297241   0.0417971   0.0196349   -0.000213855   0.0248118   0.0286444   0.0582661   0.0123992   0.0119694   0.031427   0.0200472   0.0324641   0.0287229   0.0462914   0.0255353   0.0243606   0.0428759   1   0.0480934   0.0398113   0.0587112   0.0622907   0.0661027   0.0498908   0.0617002   -0.0157561   0.0477362   0.0892328   0.0765407   0.0576883   0.0731479   0.0444002   0.0552991   0.0414246   0.0485519   0.0268535   -0.0219289   0.0379195   0.0291022   0.0445035   0.0306751   0.00411157   0.0249131   0.03398   0.00734304   0.00736211   0.000804879   -0.00157885   -0.0100398   0.000387778   0.000632695   0.000417485   -0.0514829   -0.00503463   -0.0070902   0.000298726   0.000131227   0.00144851   2.33061e-05   6.91294e-05   0.000215489   0.000560915   0.000944096   0.000379369   0.000379899   0.00279897   0.00185281   0.00144124   -1.63506e-06   6.46659e-05   -0.000296088   0.000286977   0.000408293   0.000771312   0.0376556   0.0979909   0.0369553   0.0100671   0.00739475   -0.0185388   0.0142035   -0.0287637   0.00739691   0.0752864   0.0304434   0.0174945   -0.00290864   0.00624849   -0.00609745   0.0791839   0.000539542   -0.000834945   -0.00261835   0.000986109   0.000679111   -0.00192845   -0.00215222   -0.00286759   -0.0104343   0.000230128   -0.0147296   -0.0612923   -0.00145892   
-0.0202527   -0.00285977   0.00386102   0.00148883   0.00400829   0.00457989   -0.00369642   -0.00774021   0.00141587   0.000310444   -0.00436818   0.00145769   -0.0121659   0.0027367   -1.0702e-05   0.00143452   -0.00192494   0.00222758   -0.00424165   0.00181982   0.00853658   -0.0013689   0.00386688   0.000133106   0.000396194   0.00461005   0.000278062   -0.00390639   -0.000290701   7.78783e-05   0.000711864   0.000261837   0.00160877   -0.000438569   -0.00398247   -0.000582739   0.0209556   0.0181496   -0.0013784   0.00201615   0.00128809   0.00653087   0.013561   0.00194184   -0.00483958   -0.00381973   -0.0262758   0.00253326   -0.00472128   -0.022595   -0.0293899   0.00537449   0.0152661   0.0243461   0.0225604   0.0389636   0.00702356   0.0292769   0.0103734   0.0367132   0.0270578   0.0320404   -0.00782844   0.0195032   0.0183408   0.0185732   0.0366616   0.037465   0.0482886   0.0409416   0.0509897   0.0377154   0.0385241   6.67859e-05   0.0473666   1   0.0428759   0.0610551   0.0860902   0.0809281   0.0945724   0.0422546   0.0296721   0.0199399   -0.000580969   0.0383688   0.064944   0.0523593   0.076266   0.0507639   0.0395271   0.047318   0.0480713   0.0345611   0.0136341   0.00757958   -0.0148405   0.0210674   0.016726   0.0142962   0.00437784   0.0255045   0.0194423   0.018691   0.00166108   0.00374792   -0.00275784   -0.0113967   0.000590368   0.000835343   0.000173676   -0.011111   -0.0103205   -0.0292363   0.000209411   0.000687574   -0.00371679   -1.70016e-05   -0.000311126   -6.64822e-05   0.000720599   -0.000219092   -0.000129626   -0.000175257   0.00242023   -0.000443567   0.000149529   -7.27289e-07   -0.000370693   0.000422289   0.000244485   -0.000487869   0.00156562   0.0206041   0.0472338   -0.0790238   0.0152753   -0.0100021   -0.00949598   0.0107435   -0.0107987   0.0424686   0.075739   0.0227492   0.0182916   0.00445641   -0.00542337   -0.00711206   0.0900842   8.37038e-05   0.000838471   0.00308764   -0.000758472   9.68649e-06   0.00159005   0.00362875   0.00374424   0.00940697   -0.000174964   -0.0204411   0.000380218   -0.00183083   
-0.00725152   -0.00749721   0.0111396   0.00296088   0.0144744   0.00544959   -0.0120883   -0.0189331   0.00811229   0.00329155   -0.00494779   0.00512612   -0.0299563   0.0124055   -2.15909e-05   0.00336534   -0.00481186   0.00560011   -0.0143821   0.00519035   0.0233575   -0.00111145   0.0120006   -0.000396951   0.0046981   0.00969316   0.0115221   -0.00883274   -0.000969736   -0.000139376   0.000437415   0.000204629   0.00347597   0.00134396   -0.00899991   -0.00134364   0.0464647   0.0341142   -0.00213067   -0.00157338   0.00361511   -0.0115454   0.0195893   -0.0116797   -0.0113448   0.000815274   -0.0599705   0.0277405   -0.0237299   -0.027293   -0.0373177   0.00800478   0.0131696   0.00396494   0.0277249   0.0550658   -0.0390837   -0.00176937   -0.012884   0.0325667   0.00307072   0.0369572   -0.00394478   0.00579871   -0.0024461   -0.0464261   0.0589206   0.0639747   0.0531623   0.0565991   0.0562338   0.0406975   0.0149306   -0.00787986   1   0.0473666   0.0243606   0.0647463   0.129456   0.0972689   0.123673   0.0271853   0.0325887   -0.00455129   0.0353023   0.0536942   0.0346682   0.0250621   0.091631   0.0133916   0.0347406   0.026597   0.0491765   0.00843751   0.00361382   0.0564696   -0.0718418   0.0100549   -0.0230762   -0.00368964   0.0154615   0.0227862   -0.00198623   0.0377297   0.00975682   0.0186775   0.00704582   0.00605745   0.000560042   0.000699541   0.000239719   -0.0156466   -0.0113158   -0.0507268   0.000436431   0.00193699   0.00155094   -6.64498e-05   -0.00068265   -0.000435474   0.000640214   -0.00147695   -0.000661247   -0.000810006   0.000909335   -0.00298281   -0.00163497   -4.41091e-07   -0.000659341   0.00138149   0.000144962   -0.000771727   0.00159716   -0.0233454   -0.0691294   -0.207904   0.0164723   -0.027806   -0.0021557   -0.0016429   0.0292303   0.0694268   0.0304149   -0.0034444   0.00914887   0.0135794   -0.0104102   -0.0110366   0.0427077   0.00017654   0.00306467   0.010422   0.000514558   0.000344896   0.0064362   0.0108311   0.0125198   0.0340409   0.00014436   -0.00806677   0.093039   -0.00133712   
0.100349   0.00744817   -0.00785102   -0.000915014   -0.00529146   -0.00989259   0.00454411   0.00360203   -3.18909e-05   -0.00170567   0.00170158   0.00230461   0.018139   -0.00381413   -4.00647e-05   -0.00064022   0.00100874   -0.00386067   0.00772818   -0.00133725   -0.0125893   0.000534754   -0.00267055   0.00239449   -0.00101945   -0.000628709   0.00151612   0.00287057   0.000869404   0.00398733   0.00590371   0.000684725   -0.00122326   -0.00382684   0.00430587   0.00158759   -0.00895966   -0.00298205   -0.00081794   -0.00361746   0.00124166   -0.0199193   -0.0264597   -0.0127496   0.0308094   0.0183338   0.0570941   0.0027726   0.0910012   0.0737793   0.0882682   0.0559043   0.0247355   0.0433228   0.0153284   -0.00319105   0.0407756   0.0382166   0.0447212   0.0200978   0.067176   0.00272483   0.0685441   0.0214596   0.0213885   0.0479084   -0.00689371   0.00209811   -0.00478279   -0.00795046   -0.0154121   0.00619468   0.0105611   1   -0.00787986   6.67859e-05   0.0255353   -0.0107297   -0.0348284   -0.0183974   -0.0328068   0.0192623   0.0192057   0.0324482   0.060547   0.0146447   0.0120371   0.0247586   -0.0128816   0.0205552   0.0198987   0.0132977   0.0110156   0.0211263   0.0378777   0.0359027   0.0667126   0.0242264   0.0453218   0.0479412   0.0344202   0.0295029   0.047988   0.0323011   0.0700628   0.0503527   0.0730074   0.0884385   -0.000452878   -0.00048614   0.00324523   -0.304847   -0.0202277   -0.0759203   0.00255145   0.00547913   -0.120159   6.77391e-05   0.00037316   -0.000530459   -0.00115802   0.000296713   -7.67835e-05   -0.000754332   -0.000187503   0.000279218   -0.000357734   -1.80622e-05   0.00116473   -0.000576242   0.000367967   9.37565e-05   -0.0020423   -0.045708   -0.00678655   0.103309   -0.00257535   0.0345887   0.0223955   -0.00407362   0.0384526   -0.0483607   -0.0533482   -0.00491336   -0.00938548   -0.00300678   0.0498744   -0.0841007   -0.0168116   0.00507388   -0.0020171   -0.00333498   0.0252778   0.00850121   -0.00381071   -0.00474158   -0.00273449   -0.0163763   0.00605818   0.00612749   -0.0535632   0.0023801   
-0.0634153   0.00177249   -0.00464969   0.00133234   -0.00531067   0.00331275   0.00440779   0.00200639   -0.00633776   -0.00444873   -0.00675575   -0.00220811   0.00405897   -0.0073288   -9.64183e-06   -0.000930527   0.000894651   -0.000602033   0.00764721   -0.000923174   -0.00524452   -0.00241352   -0.00367395   0.000724585   -0.00553287   -0.000253374   -0.0113688   -0.000192295   0.000435847   0.000766772   0.0012896   0.000299698   -0.000166516   -0.00266368   0.00078913   0.000292156   0.00218013   0.00797088   -0.00148092   0.00564142   -0.000586773   0.0241878   0.00734775   0.0156976   0.00694096   -0.00624203   0.00765639   -0.0226071   0.0134368   -0.0250416   -0.0274215   0.0059177   0.0155414   0.0438705   0.0178716   0.0259372   0.0566314   0.0640425   0.0333879   0.0417895   0.0484911   0.0295025   -0.0156345   0.0305598   0.0390841   0.0849788   0.0129186   0.00599935   0.0448267   0.0187846   0.045433   0.0286359   1   0.0105611   0.0149306   0.0385241   0.0462914   0.0340171   0.0139225   0.0244308   0.0281944   0.0273404   0.00923   0.0357502   -0.042632   -0.000288247   0.0745777   0.0487682   0.0390099   0.0697277   0.0265934   0.0552895   0.0367263   0.0537146   0.0118367   -0.0454723   0.0283472   0.0269894   0.0536018   0.031277   -0.0148944   0.0247471   0.04338   -0.000686937   -0.00679737   -0.0126179   -0.0137476   -0.0346991   0.000769568   0.00122519   0.000775508   -0.00973266   -0.0146945   -0.0497668   0.000533515   -0.000215424   -0.00975507   2.55839e-05   2.62561e-05   0.000550836   0.0011032   0.00117338   0.000404696   0.000908721   0.00500128   0.00272881   0.00206555   -2.82227e-06   -0.000141145   -0.000440681   0.000785533   0.00114675   0.00298204   0.0667627   0.19254   0.0426763   0.0191424   0.012461   -0.034517   0.0258878   -0.0514888   0.0172777   0.138869   0.0553236   0.0323236   -0.00362947   1.71174e-05   -0.010269   0.0371806   0.00098889   -0.00161938   -0.00291524   -0.00135282   0.00128209   -0.0037691   -0.00358614   -0.00278611   -0.013956   -0.000332467   -0.0476341   -0.075202   -0.00266177   
-0.0150756   -0.00270342   0.00353296   0.00177691   0.00560362   0.0031849   -0.0045656   -0.00924229   0.00210479   5.63644e-05   -0.00493345   0.00252122   -0.0128251   0.00285662   -2.10985e-05   0.00165473   -0.00259805   0.00254713   -0.00432405   0.00242704   0.0090789   -0.00140852   0.004938   0.000524885   0.000450263   0.00504029   0.0024548   -0.00447597   -0.000220305   0.00109101   0.00105582   0.00028951   0.00166001   -0.000478595   -0.00443296   -0.00109835   0.0242646   0.0206107   -0.00213704   0.00052622   0.00110898   0.00188921   0.0130489   -0.00115586   0.000258017   0.00106168   -0.0244259   0.00452784   -0.00303676   -0.0171105   -0.0230868   0.00990601   0.018543   0.0233512   0.0265097   0.0413062   0.00521851   0.0265403   0.0108841   0.0356655   0.0238789   0.0327148   -0.00257115   0.0181221   0.0163143   0.00980643   0.0372215   0.0379721   0.0441966   0.0375893   0.0452531   1   0.0286359   0.00619468   0.0406975   0.0377154   0.0287229   0.0436076   0.0687425   0.0564056   0.0707743   0.0237278   0.0200534   0.0102622   0.00813215   0.0269359   0.0412864   0.0279635   0.0563552   0.0281873   0.0241588   0.0299341   0.0348311   0.021045   0.00563773   0.0173372   -0.0252158   0.0143575   0.00738611   0.010229   0.00468225   0.0223111   0.0161268   0.0214647   0.00656366   0.00878869   0.00379293   -0.00290165   0.000498382   0.000713158   0.000737798   -0.0165523   -0.0149062   -0.068098   0.000683775   0.00151428   -0.000819764   -2.01662e-05   -0.000337418   -0.000187974   0.000398204   -0.000707139   -0.000378604   -0.000378305   0.00165494   -0.00129072   -0.000433275   -4.2995e-06   -0.000321796   0.00046523   0.000354441   -0.00060331   0.00168766   0.00541796   0.0280172   -0.0871245   0.0148299   -0.00671311   0.000300675   0.00608238   0.00118187   0.0386549   0.0547647   0.0133447   0.0141634   0.0057876   -0.00347303   -0.0146698   0.0371967   0.000883724   0.000730278   0.00418875   0.0019207   0.00132147   0.0014715   0.003765   0.00536803   0.0117542   0.000470129   -0.0377498   0.0307381   -0.00151743   
-0.0733209   -0.00635372   0.0067387   0.00403694   0.00954159   0.00851474   -0.00798399   -0.0154522   0.00102306   -0.00111906   -0.0109634   0.00236352   -0.0258451   0.00432646   -2.6722e-05   0.00211965   -0.00394629   0.00548416   -0.00697961   0.00396849   0.0183705   -0.00338617   0.00807869   -0.000187209   -0.000946874   0.00840402   0.000802812   -0.00844329   -0.000611973   2.0793e-05   0.00095743   0.000333927   0.0031803   -0.000515903   -0.0078126   -0.00118552   0.041282   0.0361749   -0.00246314   0.00350419   0.00309358   0.00895978   0.02407   0.00244936   -0.00870852   -0.00866779   -0.0510141   0.00852075   -0.0256656   -0.0598555   -0.070191   0.00354945   0.0153178   0.0278304   0.0324949   0.0651023   0.00198019   0.0409628   0.00475046   0.0539061   0.0264623   0.0506051   -0.0277027   0.0188961   0.0197531   0.0152401   0.0549431   0.0517499   0.075178   0.0541648   1   0.0452531   0.045433   -0.0154121   0.0562338   0.0509897   0.0324641   0.054792   0.0946605   0.0617503   0.0882008   -0.00101996   -0.00454223   -0.0135013   -0.0140223   0.00229262   0.0438133   0.0104805   0.0734042   0.0293622   0.0170494   0.0378972   0.0463093   0.026152   -0.0132831   0.00671494   -0.0683498   0.0111163   0.0032744   0.0044874   -0.0156857   0.0254886   0.020104   0.0213255   -0.0105442   -0.00498179   -0.0140965   -0.0339006   0.00113819   0.00159075   0.000363598   0.00539447   -0.0240212   -0.0823559   0.000409109   0.000967672   -0.0178638   -4.78386e-05   -0.000622655   0.000211308   0.00166965   -0.000530411   -0.000423707   0.0002528   0.00514172   -0.000610405   -0.000499085   -7.79081e-07   -0.000826663   0.00093235   0.00085087   0.00068223   0.00466343   0.0361087   0.103384   -0.163642   0.0282465   -0.018358   -0.0308235   0.0199705   -0.0189939   0.0778499   0.139197   0.0421945   0.0336683   0.00969969   -0.0139472   -0.0169481   0.0140202   0.00025812   0.00134835   0.00768856   -0.00256564   0.00025868   0.00246625   0.00686197   0.00966744   0.0221832   -0.000601747   -0.0693787   0.0539206   -0.00322559   
-0.00440617   -0.00500417   0.00764515   0.00268693   0.0117087   0.00391493   -0.00917796   -0.0165807   0.00661334   0.00187329   -0.0055362   0.00514628   -0.0231629   0.00877757   -3.03649e-05   0.00304305   -0.00433065   0.00425418   -0.0101118   0.0046142   0.0172008   -0.00126126   0.00978351   0.000581368   0.00314462   0.00824158   0.00850107   -0.00762753   -0.000555671   0.00160022   0.000727734   0.000342569   0.00276511   0.000416275   -0.00777218   -0.00207373   0.0428229   0.0331137   -0.00314276   -0.00135742   0.002532   -0.00749281   0.0177097   -0.00894589   -0.00103821   0.00571898   -0.0438674   0.0180206   -0.0198838   -0.0240592   -0.0337685   0.00828988   0.0225832   0.017343   0.0351047   0.0565438   -0.0169528   0.014494   0.00109849   0.0389846   0.0130263   0.0406768   -0.00268854   0.0151609   0.00878043   -0.022141   0.0547545   0.0574682   0.0521162   1   0.0541648   0.0375893   0.0187846   -0.00795046   0.0565991   0.0409416   0.0200472   0.0501954   0.100152   0.0734189   0.0957113   0.0178672   0.0189232   -0.00907191   0.0255692   0.0315219   0.0206274   0.0065428   0.0579066   -0.00159297   0.00923622   0.00847807   0.0243299   -0.00342471   -0.0110492   0.0444246   -0.0664732   0.000654208   -0.0213496   -0.00743414   0.00476007   0.0191629   0.000423213   0.0281123   0.00438716   0.0128563   0.00691635   0.0041308   0.000567932   0.000799214   0.00116174   0.00630031   -0.0221791   -0.094128   0.00113194   0.00248397   -0.00199653   -4.58069e-05   -0.000585491   -0.000509736   0.000246847   -0.00149713   -0.000611928   -0.000952802   0.000686276   -0.00289421   -0.000709889   -5.35018e-06   -0.000539272   0.000995779   0.000286212   -0.00138525   0.0016097   -0.0183312   -0.0322005   -0.163423   0.0193759   -0.0151505   0.00569328   0.00101558   0.0244551   0.0586598   0.0426913   0.00302688   0.0126414   0.0112048   -0.00933886   -0.0181003   0.0518647   0.00149181   0.00212731   0.00829441   0.00218107   0.00237476   0.00450603   0.00815656   0.0104121   0.0248596   0.000541594   -0.0318095   0.0964426   -0.00156085   
-0.0657869   -0.00550499   0.00580934   0.00404634   0.00914722   0.00741186   -0.00751715   -0.0152848   0.00106657   -0.00139009   -0.010955   0.0027214   -0.0240842   0.00404204   -3.07599e-05   0.00207635   -0.00383028   0.00507203   -0.00608379   0.00388935   0.017027   -0.00337555   0.00789484   0.000136275   -0.00105929   0.00831767   0.000926702   -0.00824026   -0.000504125   0.000632843   0.00145973   0.000407144   0.00303121   -0.000916433   -0.0074864   -0.00120178   0.0416549   0.0367322   -0.00293828   0.00289651   0.00286717   0.00756594   0.0223281   0.00153122   -0.00419571   -0.00571596   -0.0457615   0.00761505   -0.0190433   -0.0545362   -0.063843   0.0069953   0.0180064   0.0316999   0.0340714   0.0650856   0.00634593   0.0443813   0.00868656   0.0554713   0.031653   0.0506458   -0.0236347   0.0207218   0.0214674   0.0191802   0.0535585   0.0506918   1   0.0521162   0.075178   0.0441966   0.0448267   -0.00478279   0.0531623   0.0482886   0.031427   0.0501832   0.0865523   0.053653   0.0771528   -0.00918667   -0.0133019   -0.0206026   -0.0108494   -0.00644731   0.0370117   0.0069023   0.0686182   0.0292006   0.0177557   0.0389362   0.047498   0.0285787   -0.00974316   0.00757503   -0.06193   0.0136076   0.00749281   0.0085885   -0.0130082   0.0272992   0.023672   0.0233581   -0.00572299   -0.00183983   -0.0099615   -0.0291043   0.00108487   0.00154114   0.000807301   -0.0151882   -0.0229439   -0.0977577   0.00077079   0.00156568   -0.0154869   -4.16598e-05   -0.00059721   0.000125259   0.00146953   -0.000607038   -0.000468536   0.000100011   0.00486915   -0.000754402   -0.000534605   -3.00938e-06   -0.000734726   0.000869963   0.000902403   0.000587658   0.00448914   0.0310185   0.104182   -0.153779   0.0284402   -0.014111   -0.0299575   0.0185769   -0.0147042   0.0735968   0.131889   0.0396871   0.0324485   0.00950258   -0.0100796   -0.0215635   0.00942936   0.000914384   0.00115217   0.00742363   -0.000316889   0.00131694   0.0021026   0.00641749   0.00953417   0.0205099   -6.27527e-05   -0.0692112   0.0439245   -0.00307243   
0.017006   -0.00665043   0.0104993   0.00276771   0.0157454   0.0034607   -0.012677   -0.0206506   0.00946884   0.00341388   -0.00494595   0.0069842   -0.0290674   0.0118926   -3.74948e-05   0.00401997   -0.00588572   0.00552912   -0.0144352   0.00583018   0.0224403   -0.000945906   0.0130206   0.000580605   0.0051729   0.0103959   0.0141424   -0.00911714   -0.000767372   0.00181875   0.00115793   0.000352892   0.00345448   0.0010393   -0.00957912   -0.00242393   0.0495865   0.0368662   -0.00343502   -0.00352447   0.00285449   -0.0159791   0.0200628   -0.0151863   -0.00294983   0.00881591   -0.0546929   0.0273305   -0.0209494   -0.0178801   -0.0280641   0.0125451   0.0242227   0.0112029   0.0386772   0.0618694   -0.0353938   0.00173997   -0.00563157   0.0372348   0.00735643   0.0413666   0.0047364   0.0101675   -2.82104e-06   -0.0497853   0.0627636   1   0.0506918   0.0574682   0.0517499   0.0379721   0.00599935   0.00209811   0.0639747   0.037465   0.0119694   0.048931   0.11455   0.0775524   0.102986   0.0104469   0.0191506   -0.021165   0.0475241   0.0377989   0.00357838   -0.00477223   0.0615902   -0.0184674   0.0088163   -0.000969901   0.0248714   -0.0146229   -0.0111521   0.069106   -0.0844822   -0.00270985   -0.0369023   -0.0121823   0.0138548   0.0191807   -0.00732413   0.0387746   0.0143595   0.0238027   0.0163113   0.0197282   0.000425481   0.000532207   0.00114624   -0.026018   -0.0258805   -0.10782   0.00118638   0.00341208   0.00547808   -6.13678e-05   -0.000704245   -0.000792368   -5.22312e-05   -0.00228426   -0.00102381   -0.00142636   -0.000503622   -0.00457284   -0.00220514   -7.13726e-06   -0.000530957   0.00131265   0.000164439   -0.00192403   0.00115981   -0.0433187   -0.0956229   -0.209766   0.0164185   -0.0217019   0.0243701   -0.00778029   0.0448896   0.0641474   0.00403197   -0.0156675   0.0041272   0.0147794   -0.00661007   -0.0240537   0.0336811   0.00141452   0.00278406   0.0110015   0.00530103   0.00232061   0.00602745   0.0105402   0.013523   0.0346533   0.00129653   -0.034312   0.135744   -0.00103002   
-0.0106114   -0.00647711   0.00906352   0.00290871   0.0143245   0.00442195   -0.0112708   -0.0192105   0.00755371   0.002128   -0.00645137   0.00594989   -0.0273731   0.00905575   -3.88376e-05   0.00360125   -0.00575321   0.00541934   -0.0120584   0.00569049   0.0205107   -0.00133211   0.0115716   0.000669007   0.0033599   0.00953766   0.0112758   -0.00884714   -0.00063545   0.00180833   0.000786129   0.000271844   0.00318686   0.00080172   -0.00905023   -0.00245744   0.0472786   0.035872   -0.00347759   -0.00171864   0.00245355   -0.00826298   0.0228675   -0.00973612   -0.002932   0.00710704   -0.0529473   0.0198712   -0.0209234   -0.022656   -0.032461   0.0126566   0.0238061   0.0133726   0.0376427   0.0621861   -0.0248863   0.00913255   -0.00261117   0.0391395   0.00792065   0.0432297   0.000854697   0.0128177   0.00506778   -0.0368125   1   0.0627636   0.0535585   0.0547545   0.0549431   0.0372215   0.0129186   -0.00689371   0.0589206   0.0366616   0.0123992   0.0457001   0.102168   0.0664141   0.0905856   0.00396782   0.012469   -0.0196009   0.0359506   0.0277116   0.0076839   -0.00523341   0.0589195   -0.0108428   0.00950487   0.00563489   0.0277258   -0.00599621   -0.0102039   0.0576791   -0.0773751   0.00168389   -0.0270722   -0.00758531   0.0103439   0.02051   -0.00105016   0.0360622   0.00987167   0.0198703   0.0122302   0.00993189   0.000623925   0.000839878   0.00110212   0.0061026   -0.0257936   -0.12264   0.00111165   0.00265829   0.00122191   -5.95146e-05   -0.000665459   -0.000505308   0.000299074   -0.00187989   -0.000830329   -0.000881167   0.000747023   -0.0035953   -0.00137986   -7.14025e-06   -0.000589704   0.0011604   0.000350582   -0.00139981   0.00205724   -0.0243433   -0.0558376   -0.193139   0.0202831   -0.0189321   0.0231514   -0.000862524   0.0285234   0.0642835   0.0404956   -0.00119861   0.0122073   0.0133575   -0.0103501   -0.0226939   0.0115895   0.00129275   0.00225053   0.0101453   0.00281879   0.0020259   0.0048337   0.00901711   0.0127118   0.0305453   0.000698107   -0.0161652   0.10855   -0.0017974   
-0.0483814   0.0150079   -0.0226965   -0.00107611   -0.0255455   -0.00489871   0.0222471   0.0231174   -0.0167717   -0.0108311   -0.00451911   -0.00680156   0.0457467   -0.023828   -6.19886e-06   -0.00487822   0.00751319   -0.00934516   0.0305368   -0.00719431   -0.0393746   -0.00223481   -0.0191929   0.00321187   -0.0130122   -0.011032   -0.0302493   0.0097744   0.00217265   0.00445576   0.00294583   0.000676961   -0.004606   -0.00719978   0.0116858   0.00114367   -0.0388984   -0.0174434   -0.00259835   0.00803607   -0.00533064   0.0443395   -0.0168423   0.0322151   0.044134   0.0040937   0.0974091   -0.0679911   0.0596403   0.00601345   0.0118116   0.00633314   0.0314179   0.0906637   0.0171438   -0.00832699   0.154591   0.125285   0.0898833   0.0473059   0.0987653   0.0175679   -0.00819918   0.0601477   0.0811024   1   -0.0368125   -0.0497853   0.0191802   -0.022141   0.0152401   0.00980643   0.0849788   0.0479084   -0.0464261   0.0185732   0.0582661   -0.0110287   -0.116918   -0.0546355   -0.078793   0.0387835   -0.00480695   0.0764842   -0.0975255   -0.0478473   0.0851134   0.052943   -0.0557292   0.0855044   -0.0139741   0.0407696   -0.01833   0.0602957   0.00441422   -0.129262   0.129007   0.0228856   0.108569   0.051284   -0.042505   0.017496   0.0742702   -0.0435896   -0.0152182   -0.0366902   -0.0191697   -0.0459847   0.000456656   0.00113292   0.00324339   -0.0319819   -0.0199963   -0.0828356   0.00224777   0.000227714   -0.00917288   0.00014134   0.000828549   0.000749642   -3.64296e-06   0.00310309   0.00138668   0.00120961   0.00510255   0.00676962   0.00631758   -1.28384e-05   0.000762174   -0.00242099   0.00112808   0.00114269   0.00157373   0.108449   0.378077   0.32765   0.0177589   0.0679995   -0.0550889   0.0384835   -0.0910446   -0.0580457   0.168131   0.0846683   0.0396035   -0.0210164   0.0208035   -0.0188595   0.0871655   0.00478656   -0.006079   -0.0172518   0.00459796   0.00714967   -0.013157   -0.0180594   -0.0187885   -0.066884   0.00106739   -0.106026   -0.189174   -0.00238108   
-0.00451655   0.00638323   -0.0087356   0.000257994   -0.00671959   -0.00337256   0.0070872   0.00405773   -0.00354136   -0.00403827   -0.00304019   0.00013571   0.0150934   -0.00720977   -2.29365e-05   -0.000879898   0.00166181   -0.00344506   0.0108585   -0.00115521   -0.0138971   -0.000861439   -0.00488708   0.00245065   -0.00408475   -0.0025293   -0.0084055   0.00192287   0.000983865   0.00425608   0.00148841   0.000468417   -0.00148597   -0.00308243   0.00265057   -0.00111975   0.000281811   0.00487551   -0.00343274   0.00109906   -0.00212172   0.0120227   -0.00366111   0.00765668   0.0287217   0.0132609   0.0362951   -0.0242015   0.0278925   0.0130635   0.0129211   0.0139062   0.0311859   0.0486312   0.0268785   0.0178868   0.0673186   0.0590744   0.0462965   0.0340944   0.0472829   0.0236146   0.00946833   0.0369947   1   0.0811024   0.00506778   -2.82104e-06   0.0214674   0.00878043   0.0197531   0.0163143   0.0390841   0.0213885   -0.0024461   0.0183408   0.0286444   0.00854712   -0.0238574   -0.00218188   -0.0071824   0.0298581   0.0149592   0.0394689   -0.0187301   0.000317   0.0411317   0.0269525   -0.010252   0.0320773   -0.00221173   0.0159633   -0.00389482   0.0223446   0.00421404   -0.0271094   0.0439185   0.0132319   0.0407605   0.0229869   -0.005502   0.0171665   0.0335521   -0.00281264   0.004445   -0.000752489   0.00661002   -0.00270836   0.000230368   0.000601679   0.00283321   0.012313   -0.0261147   -0.113536   0.00221172   0.0019252   0.00355602   5.1953e-05   0.000188914   -0.000117238   -0.000617266   0.00038432   0.000324126   -0.000250939   0.000749307   0.00110851   0.00298384   -1.24233e-05   0.000264699   -0.000817621   0.000567066   -0.000819597   0.000517853   0.0212158   0.122346   0.100507   0.0144935   0.0328775   -0.00722481   0.0113081   -0.0154168   -0.0158179   0.0612251   0.0266105   0.0166028   -0.00515225   0.00648441   -0.0194329   0.0433908   0.00408976   -0.00204852   -0.00473997   0.00518651   0.00632881   -0.00427795   -0.00559981   -0.00423978   -0.0227477   0.00123611   -0.0472413   -0.044236   -0.0012096   
0.0183624   0.00561707   -0.00667115   0.000237429   -0.00368089   -0.00401117   0.00473472   0.0007218   -0.000558126   -0.00255155   -0.00208357   0.00192764   0.0112095   -0.00407264   -2.79378e-05   5.21568e-07   0.000669229   -0.00287717   0.00752788   -0.000168613   -0.0106264   -0.000397121   -0.00240966   0.00266747   -0.00202544   -0.00103667   -0.00408455   0.000831904   0.000857771   0.00484334   0.00149012   0.000514694   -0.00105628   -0.00254904   0.00117347   -0.00177416   0.00741297   0.0090137   -0.00398541   -0.0008591   -0.00184174   0.00464099   -0.00255426   0.0019504   0.0294362   0.0178117   0.0294997   -0.0168111   0.0260128   0.0198656   0.0187958   0.0166364   0.0350255   0.0449166   0.0311578   0.0231659   0.054441   0.0491805   0.041963   0.0333852   0.0422757   0.0250417   0.0165829   1   0.0369947   0.0601477   0.0128177   0.0101675   0.0207218   0.0151609   0.0188961   0.0181221   0.0305598   0.0214596   0.00579871   0.0195032   0.0248118   0.0134598   -0.00657446   0.0100861   0.00545409   0.0271933   0.013407   0.0260166   -0.000364407   0.00521062   0.0293002   0.0235122   -0.00347108   0.0231785   0.00141713   0.0122572   -0.000878336   0.0162202   0.00733518   -0.00619586   0.0345576   0.0128094   0.0303932   0.0193454   0.00435683   0.0186509   0.0269772   0.00556067   0.0106194   0.00798445   0.0145874   0.0101712   0.000109494   0.000413987   0.00310223   0.0130287   -0.0246521   -0.127397   0.00248751   0.00275736   0.00909292   4.24218e-05   8.8901e-05   -0.000453761   -0.00104466   -0.000289082   8.32758e-05   -0.000845428   -0.000731074   -0.000348088   0.00243237   -1.42039e-05   0.000248802   -0.000596819   0.000396407   -0.00176585   -0.000216193   -0.00112861   0.0678667   0.0673751   0.0134884   0.0294825   0.00688239   0.00420666   0.00381339   -0.0114091   0.0308722   0.011851   0.0102948   -0.00249358   0.00599989   -0.0212814   0.0612951   0.00446597   -0.00136784   -0.00291214   0.00693392   0.00698749   -0.0027156   -0.0035576   -0.00208674   -0.0163189   0.00166068   -0.0346948   -0.0255841   -0.000804124   
0.117841   0.00652761   -0.00517653   -0.00168809   -0.00040306   -0.0105628   0.00264449   0.00106105   0.00548022   0.00117466   0.00548915   0.00466294   0.0146883   0.000669087   -3.51188e-05   0.000519965   0.000127281   -0.00361487   0.00335759   0.000261084   -0.0111335   0.00238909   -0.000403385   0.00270233   0.00274913   -0.0021803   0.00697756   0.00241313   0.000750149   0.00554109   0.00110417   0.000373327   -0.00151219   -0.000572059   0.00216197   -0.00223172   -0.00311726   -0.00289382   -0.00129557   -0.00698102   0.000884707   -0.0309504   -0.0249715   -0.0209959   0.0305588   0.027698   0.0488145   0.0121164   0.0611801   0.0901239   0.100644   0.050453   0.0294063   0.0118126   0.0178959   -0.00412585   0.0161378   -0.00472046   0.0241461   -0.0037072   0.0107581   -0.00200481   1   0.0165829   0.00946833   -0.00819918   0.000854697   0.0047364   -0.0236347   -0.00268854   -0.0277027   -0.00257115   -0.0156345   0.0685441   -0.00394478   -0.00782844   -0.000213855   -0.00467163   -0.016858   0.00380443   -0.0102224   0.0349544   0.0405978   0.0331516   0.0838956   0.0448619   -0.00131167   0.0276007   -0.00650369   0.00201071   0.0233487   -0.000611412   0.00121417   0.00388955   0.0418041   0.0740258   0.060462   0.0215276   0.0183633   0.0262629   0.0564889   0.0217597   0.0174983   0.035592   0.056939   0.0581079   0.0786962   0.098339   -0.000800702   -0.000951576   0.00332773   -0.0117063   -0.0238465   -0.0963386   0.00265583   0.00420475   -0.106397   4.06349e-05   0.000227335   -0.00107604   -0.00250567   -0.00124705   -0.000171447   -0.00179071   -0.00579188   -0.00266978   0.00113858   -1.62126e-05   0.000736938   -0.0004449   -0.000308934   -0.0030458   -0.00374673   -0.0860013   -0.130678   0.0690619   -0.00750298   0.0298734   0.0589944   -0.0185605   0.0704102   -0.0522539   -0.118917   -0.0355084   -0.0239213   -0.000675001   0.0155679   -0.0518401   0.00595644   0.00522008   -0.000542816   -0.00158376   0.0144425   0.00879624   -0.000479794   -0.0022758   -0.000778338   -0.00940881   0.00346904   0.0626697   -0.0217089   0.00319374   
-0.0211556   -0.00173578   0.00211154   0.00263399   0.00673455   0.00219957   -0.00451397   -0.0116122   0.00253868   -0.00105112   -0.0071557   0.00382061   -0.0130644   0.00265218   -3.69238e-05   0.00188037   -0.00302488   0.00249863   -0.00282378   0.00326272   0.00847158   -0.00187916   0.00574512   0.00139213   -0.000254132   0.00559307   0.00249842   -0.00560833   -2.2961e-05   0.00298949   0.00133748   0.000442404   0.00168277   -0.00108459   -0.00520565   -0.00210913   0.0338235   0.029011   -0.00392579   -0.000141   0.00109738   0.000880027   0.0138853   -0.00243333   0.010666   0.00818344   -0.0207758   0.00285235   -0.00482152   -0.0196201   -0.026456   0.0131632   0.0283772   0.0328748   0.037553   0.0529053   0.0160975   0.0379377   0.0187743   0.0451134   0.0285912   1   -0.00200481   0.0250417   0.0236146   0.0175679   0.0432297   0.0413666   0.0506458   0.0406768   0.0506051   0.0327148   0.0295025   0.00272483   0.0369572   0.0320404   0.0196349   0.0311431   0.053539   0.0346858   0.0497576   0.00238245   0.000931663   -0.00597949   0.00710005   0.00333301   0.0193742   8.86778e-05   0.0328446   0.00707179   0.00152994   0.0127091   0.0181721   0.00848215   -0.00961584   0.0192279   -0.0385835   0.00631562   0.00194929   0.00515337   -0.00235694   0.0213595   0.0168764   0.0208141   0.00417251   0.00813759   0.00617003   -0.00329914   0.000618631   0.000972759   0.00202586   0.00879958   -0.0298525   -0.134747   0.00174245   0.00263935   -0.00219541   -1.80046e-05   -0.000399576   -0.000305389   0.000146617   -0.00104295   -0.000452283   -0.000605406   0.00154179   -0.00170872   0.000259955   -9.63407e-06   -0.000363275   0.000449879   0.000642963   -0.00090825   0.00233186   0.000206625   0.0466079   -0.0913161   0.0221589   0.00172318   -0.000720605   0.00737089   0.00756071   0.0415411   0.0692459   0.0172345   0.0190563   0.00693447   -0.00511877   -0.0248659   0.0135019   0.00274151   0.000546449   0.00499373   0.00376723   0.00426948   0.00114169   0.00375746   0.00704244   0.0110266   0.000914906   -0.0547174   0.0535477   -0.00192613   
0.0149567   0.00685576   -0.00881233   0.000328329   -0.00749011   -0.00369123   0.00677066   0.00303416   -0.00383771   -0.00414436   -0.00379275   0.000641334   0.0152016   -0.00743409   -2.98424e-05   -0.00058874   0.00137219   -0.00352915   0.0107625   -0.00139318   -0.0134587   -0.00135697   -0.00446011   0.00278416   -0.00415891   -0.000657761   -0.00835852   0.00165325   0.00103131   0.00445164   0.00396564   0.000750048   -0.00110352   -0.00449143   0.00260493   -0.000105446   0.00231424   0.00808575   -0.0039754   0.00115211   -0.00219081   0.0130438   -0.00305573   0.00781632   0.0314182   0.0132708   0.0377661   -0.0256064   0.042976   0.0114341   0.0121894   0.0182586   0.035731   0.066566   0.0314034   0.0244426   0.0746944   0.0774006   0.0568353   0.0488524   1   0.0285912   0.0107581   0.0422757   0.0472829   0.0987653   0.00792065   0.00735643   0.031653   0.0130263   0.0264623   0.0238789   0.0484911   0.067176   0.00307072   0.0270578   0.0417971   0.0138177   -0.0167852   0.00118697   -0.00836837   0.013289   -0.0116363   0.0129107   -0.0167902   -0.0233544   0.0345911   0.025526   -0.00569325   0.0412103   0.00428697   0.0274664   0.00939113   0.0329442   0.010177   -0.0318455   0.0481683   0.0186356   0.0521118   0.033972   -0.00643738   0.0251376   0.046094   0.00217397   0.0151217   0.00182851   0.00986753   0.00179835   0.000288814   0.000674825   0.00317181   -0.126282   -0.0274248   -0.118921   0.00250704   0.00346341   0.00692463   6.50805e-05   0.000188929   -0.000257971   -0.000508891   0.000470952   0.000144205   -0.000493614   0.00195761   0.00106316   0.0019589   -1.5938e-05   0.000484879   -0.00081238   0.000697113   -0.000715813   0.000431494   0.0242901   0.146498   0.0995848   0.0165709   0.034494   -0.00914282   0.0127003   -0.016575   -0.0105713   0.0699761   0.0299021   0.0190341   -0.00474243   0.0229664   -0.0364041   0.0868518   0.00452702   -0.00235311   -0.00488818   0.0124209   0.00700567   -0.00492032   -0.00558906   -0.00442652   -0.0232958   0.00297115   -0.0592447   -0.0689589   -0.00135681   
-0.0183182   -5.18535e-05   -0.000316385   0.00227979   0.0033507   0.00190065   -0.00205946   -0.00893439   0.000242653   -0.00219345   -0.00774003   0.00312022   -0.00772642   -0.000840745   -3.88572e-05   0.00151423   -0.00245043   0.00152009   0.000444522   0.00221804   0.00395954   -0.0023107   0.00350966   0.00186053   -0.00178077   0.00490555   -0.00119569   -0.00435693   0.000244951   0.0035053   0.00240506   0.000608593   0.00129397   -0.00227356   -0.00393049   -0.00182367   0.0276655   0.0265829   -0.00420711   0.00096058   0.00018465   0.00750169   0.0132357   0.00207521   0.014985   0.00725872   -0.00963065   -0.00653032   0.00579912   -0.0206363   -0.0265669   0.0140819   0.0332112   0.048799   0.0405056   0.0536687   0.0361031   0.057919   0.0318952   1   0.0488524   0.0451134   -0.0037072   0.0333852   0.0340944   0.0473059   0.0391395   0.0372348   0.0554713   0.0389846   0.0539061   0.0356655   0.0417895   0.0200978   0.0325667   0.0367132   0.0297241   0.0314185   0.0418509   0.02879   0.0380483   -0.00417604   -0.0161782   -0.0140946   -0.00474246   -0.0167422   0.0231596   0.00441206   0.027937   0.0209597   0.00317697   0.0231413   0.0222003   0.0206303   -0.00602519   0.00153785   -0.021032   0.0114626   0.0189595   0.0145691   -0.00755567   0.0258584   0.029061   0.0166645   0.00440798   0.00369863   0.0038117   -0.00863157   0.000671974   0.00108066   0.00227654   -0.0337664   -0.0299726   -0.142446   0.00189654   0.00299816   -0.00133355   3.0946e-06   -0.000303953   -0.000292373   0.000138901   -0.000783176   -0.00043386   -0.000605777   0.00239109   -0.00122424   0.000364865   -1.20582e-05   -0.000215525   0.000129059   0.000757212   -0.00103654   0.00243595   0.0154862   0.0990096   -0.0534433   0.0235646   0.00880449   -0.00105931   0.0119645   -0.00557454   0.0367407   0.0895391   0.027177   0.0236505   0.00442998   0.00165009   -0.0308623   0.0475093   0.0030576   -0.000348518   0.00271777   0.00628925   0.00468894   -0.00079269   0.00143564   0.00436038   0.00311092   0.0015163   -0.0732359   0.017492   -0.00223841   
0.0283614   0.00912823   -0.0116212   -0.00087867   -0.00937796   -0.00682765   0.00948342   0.00714368   -0.00328716   -0.0040413   -0.000686381   0.000603476   0.0236594   -0.0093156   -2.84987e-05   -0.00104871   0.00213953   -0.00532117   0.0136096   -0.00186656   -0.0203486   -1.27456e-05   -0.00683052   0.00338836   -0.00400444   -0.00403684   -0.00797422   0.0040036   0.00136244   0.00570794   0.00233213   0.000551465   -0.00238539   -0.00376154   0.0045827   -0.00116413   -0.00721603   -0.00142704   -0.00407304   -0.000409001   -0.00363637   0.0103552   -0.00842535   0.00690954   0.0386421   0.0216293   0.0546802   -0.0305342   0.0440307   0.0364709   0.0385151   0.0191456   0.0390945   0.0562921   0.0297448   0.0100553   0.0786629   0.0625505   1   0.0318952   0.0568353   0.0187743   0.0241461   0.041963   0.0462965   0.0898833   -0.00261117   -0.00563157   0.00868656   0.00109849   0.00475046   0.0108841   0.0333879   0.0447212   -0.012884   0.0103734   0.0268427   -0.00303129   -0.0465586   -0.0147233   -0.0268455   0.036581   0.0204087   0.0472229   -0.00848191   0.00227816   0.0312266   0.0243314   -0.0343615   0.0215746   -0.0117984   0.0017023   -0.0209331   0.0123422   0.00578547   -0.0244768   0.0636465   0.0096946   0.0422797   0.0250727   -4.3386e-05   0.0153023   0.03418   -0.00440768   0.0146554   0.00581603   0.0175963   0.0151433   -4.48144e-05   0.000262244   0.00359386   -0.0267516   -0.0284495   -0.137284   0.00281108   0.00292468   0.014424   7.44215e-05   0.000357263   -0.000372803   -0.00137423   0.000274885   0.000314968   -0.00063479   -0.000723355   0.000743343   0.00317337   -1.79821e-05   0.000626247   -0.00116558   0.000443707   -0.00162673   -0.000904974   0.00680043   0.0981205   0.150986   0.0105175   0.0442749   0.0151898   0.0054844   -0.00609522   -0.0376268   0.0275213   0.0150443   0.00935217   -0.00744492   0.0166213   -0.0272194   0.0579744   0.00518404   -0.00278544   -0.00692645   0.0103008   0.00805822   -0.00562548   -0.00806056   -0.00661924   -0.0308474   0.00246011   -0.0403941   -0.0480047   -0.000617471   
-0.0343273   0.00671657   -0.010622   0.000983299   -0.00916521   -0.00112725   0.00857777   0.00439417   -0.00747859   -0.00647471   -0.00737399   -0.000878522   0.0156643   -0.0118946   -3.17847e-05   -0.00113836   0.00147965   -0.00312207   0.014226   -0.00164117   -0.0152613   -0.0025523   -0.00628371   0.00281382   -0.00725323   -0.00163345   -0.0140841   0.00149154   0.00118187   0.00454551   0.00309177   0.000702936   -0.00123304   -0.00481772   0.00264846   -0.000756697   0.000562817   0.00958143   -0.00410625   0.00420392   -0.00251533   0.0254283   0.00209737   0.0162403   0.0305356   0.00754018   0.0378519   -0.0361055   0.032069   -0.00942394   -0.010406   0.0134499   0.037118   0.0737518   0.0353642   0.0322192   0.0943067   1   0.0625505   0.057919   0.0774006   0.0379377   -0.00472046   0.0491805   0.0590744   0.125285   0.00913255   0.00173997   0.0443813   0.014494   0.0409628   0.0265403   0.0640425   0.0382166   -0.00176937   0.0292769   0.0426052   0.0107259   -0.0310823   -0.0134129   -0.0187715   0.00788589   -0.0179592   0.0206401   -0.045521   -0.0384187   0.0462156   0.0194529   -0.0131449   0.0466815   -0.00844628   0.029442   0.00311488   0.0379036   -0.00382863   -0.0559397   0.042694   0.0165008   0.0601815   0.0324357   -0.0242773   0.0243591   0.0526907   -0.00807889   -0.00245134   -0.0129061   -0.00452466   -0.0245575   0.000654087   0.00122747   0.00303449   -0.0431402   -0.0334674   -0.143018   0.00232089   0.0022158   -0.00376992   6.57516e-05   0.000177393   0.000150335   6.56036e-05   0.000815722   0.000286178   0.000179761   0.00393406   0.00213181   0.00294663   -1.49359e-05   0.000231089   -0.00102496   0.00104636   -0.000169998   0.00241108   0.0583764   0.234072   0.112901   0.023696   0.0372497   -0.0192153   0.0249538   -0.044718   -0.00297322   0.134641   0.0554962   0.0334417   -0.00643653   0.011615   -0.0319371   0.0580271   0.00424073   -0.00312038   -0.0058734   0.00701134   0.00640209   -0.00674253   -0.00746924   -0.00539193   -0.0280725   0.00167113   -0.0939329   -0.0712299   -0.00261488   
-0.00424214   0.0138605   -0.0194898   -0.00124678   -0.0187904   -0.00775243   0.017712   0.0170753   -0.0104432   -0.00808761   -0.00205259   -0.00293754   0.0396976   -0.0181682   -2.07118e-05   -0.00328568   0.00536444   -0.00834783   0.0246877   -0.00490377   -0.0341969   -0.000867976   -0.0143806   0.00384327   -0.00902606   -0.00920171   -0.0200647   0.00794942   0.00202254   0.00630777   0.00218051   0.000626728   -0.00415067   -0.00558938   0.00913159   -0.000775721   -0.0265028   -0.0118609   -0.00388549   0.00293301   -0.00524325   0.0261367   -0.0163475   0.0191037   0.0489386   0.0177875   0.0884456   -0.0530617   0.0596962   0.0342717   0.0400335   0.0183079   0.0396008   0.0740305   0.0245857   -0.00281407   1   0.0943067   0.0786629   0.0361031   0.0746944   0.0160975   0.0161378   0.054441   0.0673186   0.154591   -0.0248863   -0.0353938   0.00634593   -0.0169528   0.00198019   0.00521851   0.0566314   0.0407756   -0.0390837   0.00702356   0.0368197   -0.0157344   -0.10227   -0.0501864   -0.0743469   0.0301419   0.000676374   0.0600194   -0.0497218   -0.0307313   0.0529555   0.0399316   -0.051505   0.0591295   -0.00681477   0.0271079   -0.0166409   0.045044   0.0161186   -0.0756865   0.117311   0.0246375   0.0860524   0.0455998   -0.0125893   0.0190071   0.0589411   -0.0218998   0.00383149   -0.0101935   0.00599743   -0.00949468   6.23093e-05   0.000551939   0.00403193   0.0173539   -0.0316267   -0.135447   0.00299708   0.0017676   0.00548281   0.000118079   0.000669666   8.81699e-05   -0.00120002   0.00148561   0.000857018   8.85177e-05   0.000952355   0.0034838   0.00531719   -1.794e-05   0.000761343   -0.002032   0.000790733   -0.000741801   1.45294e-06   0.0502916   0.237855   0.270464   0.0128509   0.0648102   -0.014196   0.0193736   -0.0436905   -0.0610061   0.0817032   0.0449294   0.0212419   -0.0157195   0.0163677   -0.0224541   0.0530812   0.00591035   -0.00488122   -0.0133051   0.00752534   0.00908537   -0.01026   -0.0146536   -0.0138724   -0.0540942   0.00178079   -0.0639079   -0.146793   -0.00115873   
-0.0186549   -0.00484533   0.00661216   0.00364673   0.0129074   0.00408287   -0.00966798   -0.0191542   0.00562491   0.000297807   -0.00904823   0.00615959   -0.0250907   0.00690562   -4.76362e-05   0.00336233   -0.00534652   0.00501012   -0.00879182   0.00531408   0.0178003   -0.00236614   0.0107347   0.00131753   0.00165237   0.00945956   0.00769542   -0.00902085   -0.000386122   0.00323184   0.00152045   0.000528114   0.00308874   -0.000406219   -0.00895771   -0.00306236   0.0502127   0.0414056   -0.00476114   -0.00138236   0.00217052   -0.00513136   0.0218382   -0.00796704   0.00631129   0.00854902   -0.0437479   0.0141268   -0.0158149   -0.0308259   -0.0405542   0.0155777   0.0319081   0.0303905   0.0463312   1   -0.00281407   0.0322192   0.0100553   0.0536687   0.0244426   0.0529053   -0.00412585   0.0231659   0.0178868   -0.00832699   0.0621861   0.0618694   0.0650856   0.0565438   0.0651023   0.0413062   0.0259372   -0.00319105   0.0550658   0.0389636   0.0156582   0.0417591   0.0876072   0.0499704   0.0706845   -0.020031   -0.0190387   -0.040731   0.0222434   -0.00672965   0.00299172   -0.0129031   0.0538667   -0.000305715   0.00836252   0.0173965   0.0345555   0.00843089   -0.00975221   0.0427885   -0.0694901   0.00825943   -0.0103702   0.00139799   0.00355133   0.0269901   0.0127578   0.0348336   0.00711863   0.0152747   0.00931467   -0.000413523   0.000745455   0.00109015   0.00204609   0.00894805   -0.0313682   -0.16346   0.00184531   0.0035358   0.000617194   -4.51056e-05   -0.000678111   -0.000567718   0.00018343   -0.00202025   -0.000945145   -0.00111035   0.00127197   -0.00364206   -0.00111897   -1.07173e-05   -0.00062045   0.000964573   0.000671202   -0.0015727   0.00294418   -0.0147952   0.0116182   -0.175949   0.0259747   -0.00948912   0.00846094   0.00364106   0.0226161   0.0665959   0.0649708   0.00921858   0.0188012   0.0125825   -0.00972257   -0.029483   0.0135864   0.00266568   0.00160982   0.00929746   0.00461771   0.00418036   0.00340524   0.00783142   0.0121062   0.0256445   0.001129   -0.0609049   0.0837831   -0.00216567   
0.03161   0.00153855   -0.000569168   0.00133736   0.00509135   -0.00247124   -0.00246297   -0.00927674   0.00433395   -0.000342897   -0.00366192   0.00538875   -0.00430126   0.00202961   -4.38801e-05   0.00203515   -0.00258853   0.000398176   -0.000878091   0.00272528   0.00170873   -0.000637864   0.004504   0.00260914   0.00103733   0.0038992   0.00455863   -0.00351333   0.000376071   0.00532144   0.00164266   0.000579563   0.000710762   -0.00135091   -0.0036729   -0.00311172   0.0280931   0.023699   -0.00495841   -0.00339956   -0.000428288   -0.00702602   0.0063858   -0.00765921   0.0241982   0.020518   0.000528636   0.00054215   0.00892299   0.0109911   0.00575352   0.0194475   0.0406412   0.0382823   1   0.0463312   0.0245857   0.0353642   0.0297448   0.0405056   0.0314034   0.037553   0.0178959   0.0311578   0.0268785   0.0171438   0.0376427   0.0386772   0.0340714   0.0351047   0.0324949   0.0265097   0.0178716   0.0153284   0.0277249   0.0225604   0.0132778   0.0201086   0.0342232   0.0270837   0.0350315   0.0142474   0.0118057   0.00225354   0.0262499   0.0123722   0.00547441   -0.00237027   0.00744141   -0.00956766   -0.00973222   -0.00722574   -0.00382748   -0.00762981   -0.00809046   0.032729   -0.0195681   0.000810781   -0.00278998   0.00290433   0.00815452   0.0187437   0.0119551   0.0208836   0.0148842   0.0183711   0.0219604   0.0221286   0.000156916   0.000387146   0.00316694   0.0120591   -0.0353212   -0.167875   0.00266183   0.00410464   0.0101394   4.66557e-06   -0.000260353   -0.00086187   -0.00119732   -0.00173468   -0.000616927   -0.00158347   -0.00179798   -0.00323763   0.000402488   -1.631e-05   -2.43344e-05   0.000107784   0.000360026   -0.00274078   0.000187515   -0.032188   -0.00817758   -0.044782   0.0158349   0.0148218   0.0281314   -0.00452337   0.0319985   0.0159405   0.00419679   -0.00673565   0.00516388   0.00531813   0.00107157   -0.0302543   0.0413872   0.00443912   0.00010968   0.00310114   0.00899861   0.00703163   0.000509933   0.00192292   0.00501207   0.00415557   0.00217011   -0.0633079   0.0689788   -0.000710357   
0.0179872   0.0071913   -0.00879666   0.000662054   -0.00577857   -0.00439496   0.00632209   0.00117527   -0.0022325   -0.00395078   -0.00392662   0.00185564   0.014102   -0.0059295   -3.50955e-05   -0.000241124   0.00114763   -0.00354363   0.0103566   -0.000684139   -0.0132166   -0.00118046   -0.00343489   0.00321206   -0.00345322   -0.000698395   -0.00712064   0.000941053   0.00107381   0.00566879   0.0030195   0.000775686   -0.00112467   -0.00405924   0.00171368   -0.00141224   0.00903366   0.0128095   -0.00493771   -0.000103729   -0.00207097   0.00890332   -0.00336651   0.00452646   0.0366353   0.0187112   0.0378192   -0.0229433   0.0334085   0.0123001   0.0111531   0.0171994   0.0417272   1   0.0382823   0.0303905   0.0740305   0.0737518   0.0562921   0.048799   0.066566   0.0328748   0.0118126   0.0449166   0.0486312   0.0906637   0.0133726   0.0112029   0.0316999   0.017343   0.0278304   0.0233512   0.0438705   0.0433228   0.00396494   0.0243461   0.0333436   0.0112454   -0.0162807   0.00050273   -0.0062194   0.0155121   -0.00668469   0.0140712   -0.0132644   -0.0197336   0.0265386   0.0148857   -0.0157073   0.0248053   -0.0096758   0.0119865   -0.00560112   0.0185533   -0.000795172   -0.0230003   0.0361193   0.0105306   0.039976   0.0236206   -0.00780863   0.0216079   0.0377657   0.000784207   0.009307   0.00150611   0.0108606   0.00297556   0.00025292   0.000677759   0.00385419   -0.0491616   -0.033167   -0.150614   0.00307998   0.00379294   0.00871939   6.02238e-05   0.000118315   -0.000465284   -0.000951954   -3.90847e-05   9.48256e-05   -0.000907732   0.000535256   0.000189199   0.00264162   -1.76498e-05   0.000357924   -0.000764942   0.000673697   -0.00156505   0.000290523   0.0112339   0.127712   0.0883042   0.0189236   0.037402   -0.0064834   0.00971942   -0.0045049   -0.00944178   0.0597179   0.0242583   0.0176508   -0.00355685   0.0144299   -0.0332261   0.0858828   0.00554968   -0.00199637   -0.00404971   0.0108698   0.00866764   -0.00410137   -0.00475065   -0.00312497   -0.0217957   0.0026023   -0.0709685   -0.0346104   -0.00126567   
0.051708   0.00483023   -0.00442508   0.000139242   0.00070592   -0.00555982   0.00152841   -0.00395919   0.00349035   -0.000793414   -0.00102934   0.00475441   0.00668627   -0.000768894   -4.10561e-05   0.0012957   -0.00110023   -0.00208239   0.00349635   0.00138528   -0.00687081   0.000249148   0.00101469   0.00328656   0.000495367   0.000962511   0.0024424   -0.00062962   0.000784808   0.00628497   0.0016758   0.000583899   -0.000563854   -0.00191348   -0.000834624   -0.00300043   0.0168426   0.0145274   -0.00512669   -0.00397009   -0.00190349   -0.00574208   -0.000402017   -0.00599931   0.0331429   0.0265604   0.022651   -0.00837803   0.0246934   0.0329829   0.030783   0.0224781   1   0.0417272   0.0406412   0.0319081   0.0396008   0.037118   0.0390945   0.0332112   0.035731   0.0283772   0.0294063   0.0350255   0.0311859   0.0314179   0.0238061   0.0242227   0.0180064   0.0225832   0.0153178   0.018543   0.0155414   0.0247355   0.0131696   0.0152661   0.013701   0.0112191   0.00641453   0.014771   0.0116459   0.0204567   0.0127037   0.0102269   0.0276372   0.0103826   0.00439351   0.00719416   -0.00827327   -0.00239366   -0.00585486   -0.0056169   -0.00898327   -0.00232527   0.0042662   0.0255038   0.0168002   0.00645153   0.0107918   0.0110592   0.0160025   0.0183389   0.0162737   0.016632   0.020696   0.0215486   0.0285565   0.0319567   -8.83809e-05   0.000115591   0.00372219   0.0141039   -0.0309213   -0.17041   0.0030652   0.004219   0.0186813   3.05539e-05   -3.69972e-05   -0.000953457   -0.00180197   -0.00142545   -0.000360046   -0.0017021   -0.00303552   -0.00271043   0.00147913   -1.90537e-05   0.000278026   -0.0003509   0.000217454   -0.00322465   -0.00115529   -0.0361408   -0.0120603   0.0257112   0.0119269   0.0274855   0.0372707   -0.00704596   0.0327549   -0.0090873   -0.0169827   -0.0114389   0.00041704   0.00127264   0.00645473   -0.0287091   0.0619014   0.00530052   -0.000704685   -0.000303989   0.0106893   0.0083807   -0.0010805   -0.00131689   0.00114284   -0.00787668   0.00256961   -0.0305713   0.0215341   -0.000222565   
0.0525205   0.0030428   -0.00276231   0.00052808   0.00205554   -0.00512538   -1.33305e-05   -0.00309677   0.00228808   -0.000729367   -0.000870905   0.00354512   0.00328544   0.000334273   -3.53775e-05   0.00050936   -0.000772289   -0.00065537   0.00198166   0.000939298   -0.00294111   -2.09532e-05   0.00165114   0.00168412   0.000384895   0.000564489   0.00343334   -0.000787995   0.000382572   0.00394683   0.00139194   0.000413564   -0.00011682   -0.000911424   -0.000433058   -0.00185462   0.00746564   0.00881678   -0.00126092   -0.00373962   0.00216   -0.0210982   -0.0146314   -0.0148547   0.0203351   0.0139636   0.0252762   0.0125713   0.0475064   0.0472806   0.0551741   1   0.0224781   0.0171994   0.0194475   0.0155777   0.0183079   0.0134499   0.0191456   0.0140819   0.0182586   0.0131632   0.050453   0.0166364   0.0139062   0.00633314   0.0126566   0.0125451   0.0069953   0.00828988   0.00354945   0.00990601   0.0059177   0.0559043   0.00800478   0.00537449   0.0083313   0.00688605   0.00166865   0.00273574   -0.0027983   0.0018317   0.00687245   0.00786759   0.0553054   0.0135869   0.0132213   0.0268387   0.0291828   0.0317697   0.0422076   0.0364032   0.0397642   0.0370195   0.0442811   0.0526839   0.0396676   0.0361938   0.0350616   0.0372891   0.0429315   0.0319239   0.0335779   0.0397885   0.0455059   0.0459427   0.058309   0.0612692   -0.000235476   -0.000214558   0.00253353   -0.0156934   -0.023987   -0.0956993   0.00201511   0.00336925   -0.104702   1.76077e-05   -9.39725e-06   -0.000575867   -0.00114817   -0.00103951   -0.000372823   -0.00104117   -0.00202989   -0.00187514   8.59873e-05   -1.1443e-05   0.000262946   -9.01859e-05   0.000250623   -0.00127344   -0.00042402   -0.0475697   -0.0281429   0.00728002   0.00211028   0.0183176   0.0200343   -0.0053617   0.0421894   -0.0168663   -0.0414126   -0.00858255   -0.00667173   0.00202803   0.00805681   -0.0487031   -0.0454796   0.00395434   -0.00038558   0.00108437   0.0102673   0.00667963   -0.000530657   -0.000244688   0.0022992   -0.000690575   0.00246974   0.0106089   -0.0421854   0.00166112   
0.161774   0.0131738   -0.0128692   -0.00409488   -0.00916192   -0.0177258   0.0105055   0.0128071   0.00363124   0.000436444   0.011796   0.00305778   0.037297   -0.0039998   -2.26526e-05   -0.00133598   0.0036884   -0.00864676   0.0119446   -0.00284483   -0.0281896   0.00435489   -0.00747257   0.00361594   0.00204666   -0.00876073   0.00352011   0.00869502   0.00149002   0.00693666   0.00101531   0.000308031   -0.00420632   -0.0013859   0.00842979   -0.0016055   -0.0288625   -0.0246574   -0.00125531   -0.00928047   -0.0022839   -0.032267   -0.0420404   -0.0195134   0.0478228   0.0392872   0.0946531   -0.00291441   0.0929912   0.13803   1   0.0551741   0.030783   0.0111531   0.00575352   -0.0405542   0.0400335   -0.010406   0.0385151   -0.0265669   0.0121894   -0.026456   0.100644   0.0187958   0.0129211   0.0118116   -0.032461   -0.0280641   -0.063843   -0.0337685   -0.070191   -0.0230868   -0.0274215   0.0882682   -0.0373177   -0.0293899   -0.00382321   -0.0286632   -0.0793666   -0.0266136   -0.0602229   0.0572186   0.0603064   0.0683144   0.0875791   0.0578632   0.00285663   0.0517832   -0.0370052   0.0157694   0.0336964   0.000508851   -0.010634   0.0125867   0.0690505   0.0591908   0.135659   0.0323182   0.0423125   0.0423084   0.0742564   0.0174431   0.0225758   0.0266243   0.0711982   0.0653002   0.0901389   0.118567   -0.00150317   -0.00182418   0.00416852   -0.0167723   -0.0181307   -0.0796723   0.00325569   0.00427876   -0.0680259   9.00262e-05   0.000708603   -0.00125607   -0.00385251   -0.000708711   0.00024907   -0.00205999   -0.00910735   -0.00175438   0.00253204   -1.97106e-05   0.00137854   -0.0013218   -0.000657269   -0.00355783   -0.00672328   -0.103003   -0.156654   0.214342   -0.0211317   0.054152   0.0678592   -0.0294601   0.0782322   -0.109528   -0.194732   -0.0575201   -0.0413975   -0.00892114   0.0278405   -0.0415889   0.00494   0.00660781   -0.00205675   -0.0083008   0.0178696   0.0110152   -0.00341049   -0.00858507   -0.0085589   -0.0321991   0.00427815   0.0981726   -0.0965136   0.00486285   
0.149156   0.0116162   -0.0109253   -0.00368338   -0.00705833   -0.0161075   0.00862312   0.00990697   0.00466171   0.000917973   0.0108036   0.00355284   0.0321329   -0.00249742   -2.34288e-05   -0.000747587   0.00280189   -0.00768745   0.00960146   -0.00194888   -0.0243318   0.00416101   -0.00576739   0.00355134   0.00257194   -0.00719387   0.00488946   0.00728003   0.00134107   0.00673532   0.000880528   0.00028405   -0.00367585   -0.00113466   0.00688852   -0.00179436   -0.0208973   -0.0194779   -0.00202751   -0.00899212   -0.00267492   -0.0285027   -0.0339464   -0.0176739   0.0448413   0.0393422   0.0801939   -0.00366521   0.0790591   1   0.13803   0.0472806   0.0329829   0.0123001   0.0109911   -0.0308259   0.0342717   -0.00942394   0.0364709   -0.0206363   0.0114341   -0.0196201   0.0901239   0.0198656   0.0130635   0.00601345   -0.022656   -0.0178801   -0.0545362   -0.0240592   -0.0598555   -0.0171105   -0.0250416   0.0737793   -0.027293   -0.022595   -0.00201302   -0.0205919   -0.0603284   -0.0130534   -0.0405723   0.0625359   0.0661842   0.0682342   0.0818697   0.0643954   0.00446527   0.0471739   -0.0327562   0.00702783   0.0256037   -0.00728715   -0.0157606   0.00266474   0.0572168   0.0578313   0.113922   0.0246618   0.0297635   0.0328692   0.0670996   0.0146585   0.0152603   0.0245959   0.0633244   0.0590783   0.079204   0.106678   -0.00134336   -0.00161662   0.00400651   -0.00839842   -0.0222072   -0.0911426   0.00318091   0.0041863   -0.0338969   7.67368e-05   0.000590802   -0.00126465   -0.00365092   -0.000887686   0.000171694   -0.00206647   -0.00873614   -0.00211283   0.00238983   -1.95083e-05   0.00122522   -0.00111692   -0.000638459   -0.00369059   -0.00633075   -0.0979888   -0.161397   0.180375   -0.0171828   0.0482887   0.0692469   -0.0291605   0.0749411   -0.0947081   -0.179227   -0.0572276   -0.0377036   -0.00696463   0.0242241   -0.0342741   0.019154   0.00623112   -0.00160768   -0.0067685   0.0164281   0.010296   -0.00248624   -0.00702347   -0.00674617   -0.0271761   0.00393479   0.0889571   -0.0632453   0.00407249   
0.0782208   0.00999472   -0.0116582   -0.00171991   -0.00958145   -0.0104535   0.00943923   0.0101845   -0.00252639   -0.00283163   0.00335591   0.000578817   0.0274993   -0.00750552   -2.21599e-05   -0.00171036   0.00314902   -0.00584859   0.0129137   -0.00296878   -0.0215795   0.000988998   -0.00712755   0.00260122   -0.00235031   -0.0057114   -0.00464677   0.00581613   0.00122406   0.00482447   0.0025082   0.000482641   -0.00274498   -0.00297531   0.00644391   -0.000329264   -0.0212925   -0.0126344   -0.00117915   -0.00332317   -0.0013532   -0.011153   -0.0281826   -0.00592708   0.0361044   0.0195094   0.0723095   -0.0118529   1   0.0790591   0.0929912   0.0475064   0.0246934   0.0334085   0.00892299   -0.0158149   0.0596962   0.032069   0.0440307   0.00579912   0.042976   -0.00482152   0.0611801   0.0260128   0.0278925   0.0596403   -0.0209234   -0.0209494   -0.0190433   -0.0198838   -0.0256656   -0.00303676   0.0134368   0.0910012   -0.0237299   -0.00472128   0.0205062   -0.00994251   -0.0605154   -0.0257955   -0.0523958   0.0184434   0.00939855   0.0351397   0.0369981   0.00592043   0.0289866   0.0555224   0.00140121   0.0624244   0.0527874   0.0507059   0.0350998   0.0589045   0.0685272   0.012121   0.119512   0.0498135   0.0745335   0.0605489   0.0468854   0.0318454   0.0515405   0.0242409   0.0538365   0.0419344   0.0585319   0.0639578   -0.000649766   -0.000673308   0.00315873   -0.0813359   -0.0187417   -0.0719314   0.00240101   0.00329303   -0.0670803   7.99944e-05   0.000508687   -0.000509434   -0.0018714   0.000146508   0.000171585   -0.000884879   -0.00279037   0.000308793   0.00160452   -1.48447e-05   0.000933038   -0.00113871   0.000138657   -0.00113543   -0.00244294   -0.0329749   0.0243217   0.170524   -0.00638239   0.0439517   0.0164035   -0.00571282   0.0246726   -0.0662657   -0.0631055   -0.00854841   -0.0121912   -0.00805354   0.0263223   -0.0434383   -0.00891626   0.00494305   -0.00260655   -0.00719321   0.0145786   0.00812933   -0.0051244   -0.00805689   -0.00740391   -0.028828   0.00348687   0.0270139   -0.148644   0.0023258   
0.0542408   0.00114201   0.00374614   0.00463599   0.0149607   -0.00912358   -0.00539763   -0.0106398   0.0112906   0.00311984   0.00253597   0.0097665   -0.0179774   0.0257345   -1.3941e-06   0.000536254   0.00289201   0.00204875   -0.0118146   -0.00189752   0.0162425   -0.00178376   0.0132981   -0.0011861   0.0115929   0.00460111   0.0113277   -0.00511164   -0.000933816   0.000909602   0.000518438   0.000362684   0.00160959   0.00108206   -0.0040804   -0.00241573   0.105204   0.0278815   -0.0533489   -0.0140143   -0.0810802   0.166084   0.286155   0.359789   -0.00872191   0.0629641   0.35159   1   -0.0118529   -0.00366521   -0.00291441   0.0125713   -0.00837803   -0.0229433   0.00054215   0.0141268   -0.0530617   -0.0361055   -0.0305342   -0.00653032   -0.0256064   0.00285235   0.0121164   -0.0168111   -0.0242015   -0.0679911   0.0198712   0.0273305   0.00761505   0.0180206   0.00852075   0.00452784   -0.0226071   0.0027726   0.0277405   0.00253326   -0.013922   0.0136645   0.0584456   0.0314633   0.0439389   -0.0144159   -0.00376904   -0.0342626   0.0488573   0.0128762   -0.0237923   -0.0174427   0.0327932   -0.0235925   0.00856516   -0.00653124   0.015396   -0.0149203   -0.00218114   0.0640263   -0.0542459   -0.00449058   -0.0321883   -0.0134624   0.0156617   0.00430607   -0.015162   0.0247669   0.0123335   0.0200861   0.0255024   0.0332342   0.0046742   0.00010791   0.00550443   0.000198474   -0.00034302   0.0277302   0.00384994   0.00483229   -0.0868979   -4.56314e-05   -0.000520529   -0.00147811   -0.00093597   -0.000205229   0.00104208   -0.00324434   -0.0037463   -0.000552362   0.00540727   5.33649e-06   -0.000374693   0.0013809   -0.000386715   -0.00156307   -0.00283801   0.117689   -0.11065   -0.14174   -0.0390032   0.0044509   -0.14966   -0.09133   -0.112854   0.149177   -0.00853087   -0.186503   -2.62614e-05   0.0111296   -0.00470168   -0.015444   -0.0103526   0.00654621   0.00528058   0.00836268   0.00446755   0.00145692   0.0113132   0.0124583   0.00931385   0.0334221   0.00109008   -0.00427178   0.0789833   -0.0233662   
0.104706   0.0138809   -0.00872458   -0.000817968   -0.0295118   -0.00136502   0.00939719   0.0101929   -0.0073849   -0.00213096   0.00528881   -0.0146162   0.046671   -0.00329973   -1.73548e-05   -0.00226935   0.0120002   -0.0166965   0.0272047   0.00593288   -0.0328088   0.008371   -0.0229564   0.00334322   -0.00948855   -0.01227   -0.0123292   0.00746168   0.00169759   0.00906154   -0.00153638   0.00184155   -0.00540861   -0.00601411   0.00823237   0.00738027   -0.0622072   -0.0472829   0.0205025   0.0131906   0.00945319   0.0769194   0.148477   0.229934   0.0881931   6.89875e-05   1   0.35159   0.0723095   0.0801939   0.0946531   0.0252762   0.022651   0.0378192   0.000528636   -0.0437479   0.0884456   0.0378519   0.0546802   -0.00963065   0.0377661   -0.0207758   0.0488145   0.0294997   0.0362951   0.0974091   -0.0529473   -0.0546929   -0.0457615   -0.0438674   -0.0510141   -0.0244259   0.00765639   0.0570941   -0.0599705   -0.0262758   0.0067414   -0.0427165   -0.127265   -0.0646524   -0.0990298   0.0362608   0.0148776   0.0584562   -0.00213188   -0.010785   0.0121942   0.0274847   -0.0830118   0.021054   -0.015401   -0.00918927   -0.0457522   0.0109716   0.022435   -0.033304   0.132084   0.0102386   0.0594267   0.0306673   0.00964311   0.00240235   0.032086   -0.0221413   0.0205017   0.00798165   0.0378467   0.0446296   -0.00499585   0.00032921   -0.0205094   0.014716   0.00868566   -0.0439409   -0.0113975   0.00480536   -0.0601974   0.000167961   0.000830446   0.00115666   -0.0015153   0.0015632   -2.64371e-05   0.0030996   -0.00251006   0.00395285   0.00185319   -1.62406e-05   0.000966622   -0.000995515   0.00158042   0.00603256   -0.00016132   -0.0631647   0.0775784   0.301863   0.113746   0.0247164   -0.106587   -0.108969   0.0115509   -0.130863   0.0234835   -0.265416   -0.00641903   -0.0141624   0.0264725   -0.0276098   0.0588481   -0.0425585   -0.00282685   -0.0109657   0.00950375   -0.0703664   -0.00700956   -0.00314019   -0.00749348   -0.0642632   0.00223081   -0.0194158   -0.123405   -0.0212528   
0.0652999   -0.013727   0.0295535   -0.0163387   -0.0194934   0.0116586   -0.00858084   0.0621378   -0.0352366   0.0210578   0.0501482   -0.0075657   0.0108398   -0.00919131   -6.3898e-05   0.0132049   0.00884018   0.00174511   -0.0346983   -0.0311886   0.0223093   0.00128131   -0.0127423   -0.000636043   0.030606   -0.0030875   0.00891562   0.0338595   0.00120741   0.0128079   0.00276735   0.00181342   -0.00910283   -0.00169062   -0.00261283   -0.00824064   0.2467   0.159623   0.0317989   0.00373684   0.00411693   0.00439562   0.0306612   0.122236   0.317168   1   6.89875e-05   0.0629641   0.0195094   0.0393422   0.0392872   0.0139636   0.0265604   0.0187112   0.020518   0.00854902   0.0177875   0.00754018   0.0216293   0.00725872   0.0132708   0.00818344   0.027698   0.0178117   0.0132609   0.0040937   0.00710704   0.00881591   -0.00571596   0.00571898   -0.00866779   0.00106168   -0.00624203   0.0183338   0.000815274   -0.00381973   -0.00257524   -0.00619302   -0.0116602   -0.00146388   -0.00704023   0.0199793   0.0208134   0.0150945   0.0301939   0.0177366   -0.0146298   -0.00708875   -0.0285324   -0.0250665   -0.0162744   -0.0277483   -0.0269749   -0.0220417   -0.00094598   0.0256566   0.0149311   -0.00463687   -0.00567638   -0.000294856   0.0157742   0.00295613   -0.000978285   0.00786814   0.0181884   0.0172697   0.0240796   0.0335145   0.000531908   -0.00350258   -0.0269354   0.00623258   0.0084568   -0.12725   -0.0235103   0.00794035   0.0456751   3.76932e-05   -0.000157269   -0.00116854   0.00071528   0.00585587   0.00535301   0.000942287   0.0133161   0.00779952   0.0382773   -2.86966e-05   0.000389489   -0.00113939   -0.00359355   -0.0185274   -0.0109774   0.131376   -0.065249   0.0371195   -0.326616   -0.191907   -0.0983539   0.0863743   -0.0817209   0.0464883   -0.104286   0.152902   -0.0580035   -0.0148979   -0.00191291   -0.0192952   0.027288   -0.0343478   0.00148166   -0.0105584   -0.00542431   -0.0508804   -0.000973831   0.00608537   -0.0348325   0.0739745   -0.00131758   0.0479588   0.0182934   0.0536986   
0.0772813   -0.0413623   0.0857649   -0.0262245   -0.0767846   0.0814077   -0.0431218   0.0734347   -0.0775708   0.0395383   0.0685781   -0.0659851   0.0170868   -0.0251594   -6.24112e-05   0.0267474   0.0183552   -0.0118453   -0.036528   -0.00735964   0.0464115   0.0232529   -0.05908   -0.00178126   0.015912   -0.00613815   0.00728788   0.0465038   0.00159819   0.023178   -0.0055937   0.00613833   -0.0145224   -0.00718419   -0.0144478   0.0141216   0.0941074   0.0544771   0.0353883   0.0166741   0.0626002   -0.22773   -0.0631241   0.0387194   1   0.317168   0.0881931   -0.00872191   0.0361044   0.0448413   0.0478228   0.0203351   0.0331429   0.0366353   0.0241982   0.00631129   0.0489386   0.0305356   0.0386421   0.014985   0.0314182   0.010666   0.0305588   0.0294362   0.0287217   0.044134   -0.002932   -0.00294983   -0.00419571   -0.00103821   -0.00870852   0.000258017   0.00694096   0.0308094   -0.0113448   -0.00483958   0.00399171   -0.0135767   -0.0420201   -0.020947   -0.0337352   0.0153513   0.00676577   0.0179267   0.016892   -0.00342924   -0.0065543   -0.00114032   -0.0406311   -0.00691099   -0.0155123   -0.015844   -0.026239   -0.00536649   0.00493048   0.00604584   0.0456718   0.00387932   0.0200374   0.0132691   0.011347   0.00876359   0.0165337   0.00230659   0.0187766   0.0135089   0.027293   0.0313023   -0.000789703   -0.00238787   -0.0308645   0.0106505   0.0103607   -0.149434   -0.0271643   0.0101156   0.0281275   0.000191102   4.9637e-06   0.00563862   0.00715697   0.00921993   0.00245444   0.0190358   0.0337808   0.014606   0.0358023   -4.67414e-05   -6.45832e-05   7.93329e-07   -0.000526502   -0.00329298   0.00106392   -0.0939401   0.00829366   0.103907   -0.0906615   -0.487746   -0.179625   0.00996105   0.0936618   -0.0680427   -0.0339015   0.0049912   -0.0460396   -0.0251395   0.000516985   -0.026997   0.0366902   -0.0517951   -0.00143001   -0.0127557   -0.0253443   -0.0816655   -0.0143131   0.0284464   -0.0390639   0.0654832   -0.00619079   0.00865176   -0.0257795   -0.0106355   
-0.0675523   -0.0208818   0.0295809   -0.0113832   -0.0300739   0.0399123   -0.0142484   0.0251101   -0.0324851   0.0102077   0.0147002   -0.0296151   0.00292754   -0.0292583   1.76014e-05   0.00796154   -0.000523576   -0.000483624   -0.00824344   0.00178053   0.0129979   0.0076362   -0.0251818   -0.00185249   -0.00622324   -0.00225705   -0.00517091   0.0145481   0.000376526   0.000686058   -0.0032697   0.000980114   -0.00342453   -0.000590871   -0.00397011   0.00754654   0.0755669   -0.0218127   -0.0389478   0.00348904   -0.0573391   0.295935   0.382431   1   0.0387194   0.122236   0.229934   0.359789   -0.00592708   -0.0176739   -0.0195134   -0.0148547   -0.00599931   0.00452646   -0.00765921   -0.00796704   0.0191037   0.0162403   0.00690954   0.00207521   0.00781632   -0.00243333   -0.0209959   0.0019504   0.00765668   0.0322151   -0.00973612   -0.0151863   0.00153122   -0.00894589   0.00244936   -0.00115586   0.0156976   -0.0127496   -0.0116797   0.00194184   0.0091366   -0.00295118   -0.0213305   -0.0130215   -0.0147371   0.00412124   0.000655778   0.0177304   -0.0403374   -0.0079331   0.019955   0.0092169   -0.0068667   0.0170523   -0.00276793   0.00898749   -0.00151108   0.0111567   -0.00391997   -0.045279   0.0143238   0.000801145   0.0142196   0.0038891   -0.0173688   -0.00517401   0.00585124   -0.0170396   -0.0159825   -0.0196074   -0.0273202   -0.0357544   -0.002781   0.000159064   0.00596909   -0.00444019   -0.00296468   0.023569   0.00604901   -0.00469404   0.0455338   4.43143e-05   0.000234627   0.00358999   0.00452821   0.00261359   -0.000821364   0.00953763   0.0156818   0.00417966   0.00106247   -5.23285e-06   -0.000162016   -0.000569477   9.76079e-05   0.00229589   0.00509838   0.506593   0.0829636   0.0497543   0.0133684   -0.178308   0.104543   0.0700377   -0.448388   0.167907   0.00172745   0.126218   0.0156806   -0.0127377   -0.00636366   0.0175729   -0.0124969   0.0119654   -0.00422918   -0.00680272   -0.0192147   0.0221716   -0.0125402   0.000657212   -0.0153904   0.0074403   -0.00465003   0.00641646   -0.0411936   0.0146182   
-0.072355   -0.0158649   0.0179796   -0.0030318   -0.00611991   0.027313   -0.0145277   -0.0103771   -0.00793033   0.00301967   -0.00676861   -0.0146087   -0.0171979   -0.0163087   -1.70968e-06   0.00430249   -0.00841838   0.00340704   -0.00455019   0.013385   0.01447   0.00447465   -0.00688919   -0.000634553   -0.010996   0.00503944   0.00248043   -0.0039835   -0.000435974   -0.00275576   -0.00264399   3.36578e-06   0.00212796   0.00137266   -0.00723408   0.00560757   0.0589423   -0.00685493   -0.0138928   0.031294   0.0457476   0.320357   1   0.382431   -0.0631241   0.0306612   0.148477   0.286155   -0.0281826   -0.0339464   -0.0420404   -0.0146314   -0.000402017   -0.00336651   0.0063858   0.0218382   -0.0163475   0.00209737   -0.00842535   0.0132357   -0.00305573   0.0138853   -0.0249715   -0.00255426   -0.00366111   -0.0168423   0.0228675   0.0200628   0.0223281   0.0177097   0.02407   0.0130489   0.00734775   -0.0264597   0.0195893   0.013561   0.00307975   0.0159701   0.0390609   0.0187555   0.0297965   -0.014328   -0.00861724   -0.0182984   -0.0150051   -0.00243743   0.000743512   -0.00792885   0.0257656   -0.0022552   0.00306254   0.00663909   0.015933   0.000596   -0.00934642   -0.00584812   -0.0419266   -0.00207534   -0.0151831   -0.00794724   -0.00837812   -0.000214723   -0.00750384   0.00402274   -0.0120388   -0.00826928   -0.0255269   -0.0316781   -0.00411989   0.000649961   -0.000975693   -0.00536483   -0.00232957   -0.0213346   -0.000869391   -0.00506391   0.0709629   -2.44971e-05   -0.000137982   0.00248536   0.00294162   -0.00149386   -0.00293773   0.0058224   0.00686181   -0.00267396   -0.0127327   -6.01092e-07   -0.000474391   0.000443736   0.000996385   0.00506172   0.00739395   0.399918   0.00357132   -0.0908314   0.105066   -0.0836625   0.174297   0.0425778   -0.337207   0.153406   -0.00335895   0.100224   -0.00178604   0.00291966   -0.00973059   0.0134167   -0.020274   0.00201152   -0.00266207   0.00390866   -0.01036   0.00870535   -0.00668833   0.00199937   0.00578009   0.00331436   -0.00249317   0.00674344   0.0319814   0.00993049   
-0.097446   0.0219955   -0.049855   0.00883133   0.0316155   -0.0422211   0.0306565   -0.0168826   0.0280508   -0.0220214   -0.0305301   0.03325   0.00590081   -0.0058173   2.04472e-05   -0.013637   -0.00994495   0.00689006   0.0217078   -0.00623416   -0.0345474   -0.0146856   0.0241003   0.00175576   -0.00859251   -0.000499053   -0.0133748   -0.0146236   0.000137588   -0.0112027   0.00469267   -0.00357552   0.00494869   0.00247827   0.0117741   -0.010471   0.101762   0.0864093   0.116169   -0.037055   0.195282   1   0.320357   0.295935   -0.22773   0.00439562   0.0769194   0.166084   -0.011153   -0.0285027   -0.032267   -0.0210982   -0.00574208   0.00890332   -0.00702602   -0.00513136   0.0261367   0.0254283   0.0103552   0.00750169   0.0130438   0.000880027   -0.0309504   0.00464099   0.0120227   0.0443395   -0.00826298   -0.0159791   0.00756594   -0.00749281   0.00895978   0.00188921   0.0241878   -0.0199193   -0.0115454   0.00653087   0.0142822   -1.89705e-05   -0.0214736   -0.0128445   -0.0139379   0.00329844   -0.00269996   0.0186844   -0.0558869   -0.0134968   0.026552   0.0107525   -0.00622091   0.0226063   -0.00457284   0.0128335   -0.000468221   0.0149657   -0.00760265   -0.0610616   0.0131681   0.000612423   0.0178266   0.00420415   -0.0250678   -0.00581702   0.00801838   -0.0221413   -0.0232911   -0.0274563   -0.0390903   -0.0516022   0.00223574   0.00033736   0.0104711   -0.00505535   -0.00357366   0.0201252   0.0044621   -0.00725458   0.0667138   -7.64332e-05   0.000293071   -0.00290082   -0.00328151   -0.00303325   4.20245e-05   -0.00959243   -0.0127021   -0.0047512   -0.0114687   1.67953e-05   0.000353067   -0.00146194   -0.00044394   -0.00294999   -0.00180678   0.433407   0.116541   0.0546679   -0.0321576   0.251283   0.155498   0.0723702   -0.330497   -0.0310145   0.00504841   0.204716   0.00902673   0.00217272   0.00121217   0.023499   -0.00756824   0.0219728   -0.00241484   -0.00207783   0.00995356   0.0430775   0.000560545   -0.0258778   0.00556129   -0.0421768   0.00243831   0.0085272   -0.0516946   0.0175103   
0.00297124   -0.00295347   0.006219   -0.000602632   -0.00306643   0.00537976   -0.00385971   0.00147008   -0.00333784   0.00245416   0.00301561   -0.00384688   -0.00254898   0.00168212   -6.61447e-07   0.00151548   0.0013509   -0.000443564   -0.00306236   0.000596098   0.00556192   0.00137035   -0.00225759   -0.000466052   0.0011413   0.000420392   0.00123531   0.00124191   -0.000107514   0.000920353   -0.00056292   0.000413296   -0.000394025   -0.000271266   -0.00166178   0.00133492   -0.0103616   0.0115905   -0.0272919   0.00249001   1   0.195282   0.0457476   -0.0573391   0.0626002   0.00411693   0.00945319   -0.0810802   -0.0013532   -0.00267492   -0.0022839   0.00216   -0.00190349   -0.00207097   -0.000428288   0.00217052   -0.00524325   -0.00251533   -0.00363637   0.00018465   -0.00219081   0.00109738   0.000884707   -0.00184174   -0.00212172   -0.00533064   0.00245355   0.00285449   0.00286717   0.002532   0.00309358   0.00110898   -0.000586773   0.00124166   0.00361511   0.00128809   -0.000549908   0.00214746   0.00710261   0.00362231   0.00585748   -0.00135113   -0.000362787   -0.00278798   0.00423957   0.000638964   -0.000932697   -0.00273772   0.0035381   -0.00247407   -0.000646822   -0.000960215   0.00108778   -0.00175341   -0.00236094   0.00655619   -0.00823684   -0.00120407   -0.00301624   -0.00168639   -0.000328475   0.00078729   -0.00044494   0.00232083   0.000461216   0.00141611   0.00334211   0.00321529   0.00011513   -4.68278e-05   0.000244042   0.000138662   0.000109262   0.00537219   0.000842442   0.000764241   -0.0231022   4.43323e-06   -7.05299e-05   0.000406559   0.000648628   0.000610341   0.000156438   0.0012212   0.00219354   0.00108305   0.00188806   -4.78464e-07   -0.000110683   0.000268975   9.93378e-05   0.000664427   0.000506385   -0.172342   -0.00287701   -0.0171142   0.00304615   -0.0309121   -0.0318911   -0.0215436   0.435433   -0.111542   -0.00847718   -0.0530325   -0.000665555   0.000218297   -0.00133869   -0.00466276   -0.00225062   -0.000606629   0.00054943   0.000726825   -0.00200714   -0.00307899   0.000440247   0.00370903   -0.000144844   0.00688734   -0.000487183   0.00244533   0.008147   -0.00423586   
-0.0242564   0.000883076   -0.00381539   0.000866424   0.00162232   -0.00100562   0.00228037   -0.00263962   0.00155207   -0.00250367   -0.00461146   0.00101031   -0.00032417   -0.00254669   7.67608e-06   -0.00141612   -0.00140796   0.00071615   0.00314292   0.00101228   -0.00295609   -0.00103512   0.000936715   -8.75413e-05   -0.00304598   -1.10697e-05   -0.00263898   -0.00204541   -4.90677e-05   -0.00196495   2.35415e-05   -0.000378548   0.000719895   0.00028567   0.000931256   0.00012493   0.0455844   0.0897234   -0.00882797   1   0.00249001   -0.037055   0.031294   0.00348904   0.0166741   0.00373684   0.0131906   -0.0140143   -0.00332317   -0.00899212   -0.00928047   -0.00373962   -0.00397009   -0.000103729   -0.00339956   -0.00138236   0.00293301   0.00420392   -0.000409001   0.00096058   0.00115211   -0.000141   -0.00698102   -0.0008591   0.00109906   0.00803607   -0.00171864   -0.00352447   0.00289651   -0.00135742   0.00350419   0.00052622   0.00564142   -0.00361746   -0.00157338   0.00201615   0.00319496   0.000871102   -0.0020567   -0.00165689   -0.000565601   0.000286446   -0.000520734   0.00396588   -0.0117594   -0.00289702   0.00688232   0.00146648   0.000396693   0.00469554   -0.0015884   0.00283994   0.0003942   0.00292138   -0.0034677   -0.0116754   -0.00129934   -0.000755394   0.00303253   5.1032e-05   -0.00695005   -0.0012461   0.00195293   -0.00461249   -0.00579793   -0.0061814   -0.00729687   -0.0105783   0.000182483   0.000288279   0.00366079   -0.00131022   -0.00104341   0.0154417   0.00299594   -0.00167757   -0.00623294   -7.31673e-06   5.03431e-05   0.00014933   0.00020958   -0.000180312   -0.000230989   -5.41461e-05   -5.97382e-05   -0.000117729   -0.00265518   3.49294e-06   -2.53762e-05   -0.000109972   0.000173728   0.00105237   0.00100898   -0.0613352   0.0297424   0.0050476   0.0142761   0.0186056   0.0244581   -0.00947552   -0.0498666   0.298493   -0.00439656   -0.0149698   0.00553682   -0.000118743   -0.000886186   0.00279394   -0.00471467   0.00621472   -0.000619603   -0.000174662   -0.000948181   0.00990464   -0.00088106   -0.00270957   0.00104817   -0.00685113   -0.000225317   0.00368361   -0.00925745   -0.000212356   
-0.00540536   -0.00337096   0.00510601   -0.000788344   -0.00484126   0.00784414   -0.00351197   -0.00143812   -0.00300073   0.00109518   -0.000535486   -0.0062505   -0.000918969   -0.00298959   1.22086e-05   0.000720721   -0.000312004   -0.000796925   0.000747962   0.00412747   0.00195647   0.00227847   -0.00432421   -0.000462517   -0.00355452   -0.000171618   -0.000482464   -0.00022617   -0.000113062   -0.000745365   -0.00127742   0.000181249   9.93669e-05   0.000117513   -0.00101166   0.00292341   0.0333175   0.252939   1   -0.00882797   -0.0272919   0.116169   -0.0138928   -0.0389478   0.0353883   0.0317989   0.0205025   -0.0533489   -0.00117915   -0.00202751   -0.00125531   -0.00126092   -0.00512669   -0.00493771   -0.00495841   -0.00476114   -0.00388549   -0.00410625   -0.00407304   -0.00420711   -0.0039754   -0.00392579   -0.00129557   -0.00398541   -0.00343274   -0.00259835   -0.00347759   -0.00343502   -0.00293828   -0.00314276   -0.00246314   -0.00213704   -0.00148092   -0.00081794   -0.00213067   -0.0013784   -0.000733046   -0.000747277   -0.00102028   -0.000661704   -0.000556671   -3.7003e-05   0.000427082   0.00111679   -0.0018464   0.000600502   0.00177842   0.00189121   0.00167609   0.00214738   0.00171243   0.00177477   0.00139295   0.00124516   0.000624916   -0.00185745   0.000391964   -0.000209849   1.67659e-05   -0.000490205   -0.00102874   -0.00147692   -0.000970202   -0.00159389   -0.00149344   -0.00129083   -0.00107824   -0.00104915   5.31569e-05   0.000631558   0.00533937   -0.00106959   -0.00130343   0.0268849   0.00493455   -0.00122758   -0.0154224   8.13009e-06   4.91709e-05   0.000891919   0.000826514   -4.19906e-05   -0.000739216   0.00206329   0.00163288   5.41809e-05   -0.00346285   1.91395e-06   -7.37982e-05   0.000143215   0.000381371   0.00262298   0.00194448   -0.0813876   0.00173776   0.00100524   0.0392122   -0.025424   0.0188399   -0.0275858   -0.272171   -0.716517   0.00561406   -0.0560369   0.0126045   -0.000612921   -0.000723549   0.00277942   -0.00399307   0.00797214   -0.000609648   0.000177034   -0.00318443   0.0115828   -0.00178696   0.00128486   0.000881   -0.00384426   -0.000771886   -0.00224393   -0.00277567   -0.00283605   
0.0096046   0.016606   -0.0247925   0.010036   0.0347791   -0.0396533   0.0129877   -0.0129637   0.0250646   -0.00760995   -0.00797979   0.0346191   -0.013199   0.0294919   -5.69335e-05   -0.00494363   0.000870916   0.0055809   -0.00462447   -0.0134516   0.000312437   -0.0123893   0.0301739   0.00142382   0.0162101   0.00558506   0.00567885   -0.00952187   -0.000332254   0.00146783   0.00577552   -0.000876793   0.00263114   -2.47737e-05   0.00120097   -0.0129629   0.239799   1   0.252939   0.0897234   0.0115905   0.0864093   -0.00685493   -0.0218127   0.0544771   0.159623   -0.0472829   0.0278815   -0.0126344   -0.0194779   -0.0246574   0.00881678   0.0145274   0.0128095   0.023699   0.0414056   -0.0118609   0.00958143   -0.00142704   0.0265829   0.00808575   0.029011   -0.00289382   0.0090137   0.00487551   -0.0174434   0.035872   0.0368662   0.0367322   0.0331137   0.0361749   0.0206107   0.00797088   -0.00298205   0.0341142   0.0181496   0.00235069   0.0202776   0.0530712   0.0263135   0.0396074   -0.0181354   -0.0154622   -0.0328374   0.018949   -0.00778623   -0.0125532   -0.0228167   0.0236137   -0.0160362   -0.00433897   -0.00274474   0.011752   -0.00703985   -0.0136617   0.0330564   -0.0536979   -0.00187497   -0.0162524   -0.00618332   9.74923e-05   0.0117555   0.00116821   0.0198685   0.00333505   0.00783475   0.0075045   0.00310921   -0.0010743   -0.00271836   -0.0231778   0.00372412   0.00477926   -0.103356   -0.019084   0.00675975   0.00086083   -7.89246e-05   -0.000609077   -0.00436745   -0.00360066   -0.000555135   0.00313208   -0.0107397   -0.00926455   -0.000992475   0.0127719   -4.85438e-07   -0.000149651   0.00051662   -0.000997933   -0.00875178   -0.00688697   -0.020156   -0.0119208   -0.121161   -0.13301   0.14537   -0.166358   0.0616109   -0.0469799   -0.107976   -0.0207261   0.0945582   -0.0666659   0.0130913   -0.002379   -0.0229621   0.00273918   -0.0390962   0.00559883   0.00712443   0.0160721   -0.0659263   0.014696   0.00131601   0.00914201   0.0266542   0.00390494   0.00250905   0.0572804   -0.0175703   
0.0143662   0.0134294   -0.016895   0.0094836   0.0348892   -0.0368776   0.00790097   -0.0103751   0.0233821   -0.0032796   -0.00122479   0.0335927   -0.0188384   0.036684   -6.79461e-05   -0.00241432   0.00301806   0.00560411   -0.0126093   -0.0152306   0.0104001   -0.0113311   0.0308866   0.0010966   0.0223616   0.00710798   0.0111412   -0.00750492   -0.000474607   0.00374835   0.00569249   -0.000420849   0.00184591   -0.000251147   -0.00143677   -0.0129788   1   0.239799   0.0333175   0.0455844   -0.0103616   0.101762   0.0589423   0.0755669   0.0941074   0.2467   -0.0622072   0.105204   -0.0212925   -0.0208973   -0.0288625   0.00746564   0.0168426   0.00903366   0.0280931   0.0502127   -0.0265028   0.000562817   -0.00721603   0.0276655   0.00231424   0.0338235   -0.00311726   0.00741297   0.000281811   -0.0388984   0.0472786   0.0495865   0.0416549   0.0428229   0.041282   0.0242646   0.00218013   -0.00895966   0.0464647   0.0209556   -0.000580383   0.0262464   0.0748298   0.0402545   0.0592504   -0.0122816   -0.00376452   -0.0328046   0.030606   0.00708427   -0.0192785   -0.0313618   0.0275622   -0.0331845   -0.0100391   -0.0159174   0.006566   -0.0219805   -0.0212242   0.0493389   -0.0768491   -0.00848862   -0.0336934   -0.015187   0.00276619   0.00991596   -0.00846589   0.0253488   0.00483279   0.0111673   0.00793279   0.00646494   0.00017107   -0.00415365   -0.0259878   0.00234825   0.00576936   -0.132335   -0.0233735   0.00913748   0.031116   -8.87525e-05   -0.000810177   -0.0044434   -0.00321098   0.000532189   0.0041094   -0.0102925   -0.00717042   0.000733243   0.0194127   -4.10622e-06   -0.00027797   0.00100886   -0.0012449   -0.0099444   -0.00811411   0.131604   -0.0578678   -0.167539   -0.16128   0.108707   -0.230204   0.119684   -0.0639905   0.149377   -0.0949057   0.220982   -0.0745933   0.0151376   -0.00410946   -0.0222071   -0.00035391   -0.044755   0.00748895   0.00923455   0.0147086   -0.0667363   0.0179233   0.0077163   0.00933231   0.0452715   0.00357449   0.041315   0.0912408   0.0218667   
-0.0131789   -0.00145146   0.00907448   0.002967   0.00530234   0.0146533   -0.0144652   -0.0118495   -0.00998605   0.0029482   0.00354395   -0.00662254   0.00268518   -0.00496775   -4.39562e-05   -0.00167427   -0.00153399   0.00296944   0.0140568   0.0193263   0.0276356   0.00191465   -0.00707093   -0.00109023   -0.00296802   0.0185952   0.0172869   -0.00944595   -0.000596825   0.00212894   0.0457573   0.0159829   0.0225386   0.0181545   0.0491292   1   -0.0129788   -0.0129629   0.00292341   0.00012493   0.00133492   -0.010471   0.00560757   0.00754654   0.0141216   -0.00824064   0.00738027   -0.00241573   -0.000329264   -0.00179436   -0.0016055   -0.00185462   -0.00300043   -0.00141224   -0.00311172   -0.00306236   -0.000775721   -0.000756697   -0.00116413   -0.00182367   -0.000105446   -0.00210913   -0.00223172   -0.00177416   -0.00111975   0.00114367   -0.00245744   -0.00242393   -0.00120178   -0.00207373   -0.00118552   -0.00109835   0.000292156   0.00158759   -0.00134364   -0.000582739   0.000814914   -0.000807438   -0.00188439   -0.0010394   -0.000776895   0.00236469   0.00286589   0.0042181   -0.00349662   0.00183296   0.00238879   0.000780576   -0.00115266   0.000343293   -0.000924341   -0.00080308   -0.00134188   -0.000633985   -0.00120087   -0.00436237   0.000271954   -0.00114789   -1.37639e-05   -0.000397642   -0.00230439   -0.00162345   -0.000390595   -0.0022673   -0.00121116   -0.00228892   -0.00271367   -0.00284531   0.000544255   0.00028183   0.00213335   -0.0128827   -0.000663446   0.00935072   0.00131457   0.045384   -0.00061318   0.000441303   -0.00601621   -0.00531298   -0.00355681   -0.00876577   0.00322424   -0.00969115   0.00499587   -0.0284595   0.0444744   -0.000108927   -0.0118005   -0.0076914   -0.0177202   -0.127464   0.00272916   0.00672171   0.00508572   0.00439689   0.0476524   -0.037856   -0.00969865   0.0023972   -0.00944782   -0.00562209   -0.002314   0.00558544   -0.000902834   -0.0228748   -0.150378   0.0114736   -0.00386258   0.000450253   0.000330192   0.0184929   0.0236717   0.000805335   -0.00165789   0.0117293   0.0287705   0.0260764   0.006762   0.00650981   -0.0029102   0.000666383   
-0.0007053   0.00531236   -0.00589439   0.00500929   0.0146504   -0.00307528   0.00358499   -0.00612865   0.00475467   -0.00186992   -0.00244703   0.00797591   0.0106629   -0.00116277   -4.79185e-05   -0.0062458   0.00397458   0.00436604   0.0209365   0.00549752   0.00612187   -0.00222745   -0.00379469   0.000711432   -0.000510503   0.00307117   0.00283005   -0.00646807   -4.89462e-05   0.0196709   0.0334084   0.0233432   0.0300568   0.0376729   1   0.0491292   -0.00143677   0.00120097   -0.00101166   0.000931256   -0.00166178   0.0117741   -0.00723408   -0.00397011   -0.0144478   -0.00261283   0.00823237   -0.0040804   0.00644391   0.00688852   0.00842979   -0.000433058   -0.000834624   0.00171368   -0.0036729   -0.00895771   0.00913159   0.00264846   0.0045827   -0.00393049   0.00260493   -0.00520565   0.00216197   0.00117347   0.00265057   0.0116858   -0.00905023   -0.00957912   -0.0074864   -0.00777218   -0.0078126   -0.00443296   0.00078913   0.00430587   -0.00899991   -0.00398247   0.00110183   -0.00584124   -0.0171704   -0.00861005   -0.0124934   0.00685673   0.00502961   0.0115478   -0.00547875   0.00110687   0.00427676   0.00486681   -0.0104438   0.00343382   -0.00210732   -0.00134775   -0.00642642   0.00101607   0.00182505   -0.00989933   0.0163198   0.000171757   0.00662695   0.00272072   -0.00122775   -0.00206625   0.0023337   -0.00568207   -0.000135584   -0.00225694   -0.000308702   0.000174262   0.000263227   -7.84933e-05   0.0014341   -0.00317539   -7.13631e-05   0.00855808   0.00218266   0.0241798   -0.000188344   0.00067983   -0.00808578   -0.0111341   0.00517009   -0.0213937   -0.00800703   -0.0213319   0.0429366   -0.0429741   0.0220495   5.95339e-05   -0.0117646   -0.00909826   -0.00585576   -0.106089   -0.0214045   0.00113456   0.0131783   0.0405517   -0.0180641   0.0394131   -0.00450433   0.00064431   9.34172e-05   -0.0101646   -0.000522188   0.000372275   -0.00108837   -0.0209339   -0.0400825   0.00591779   0.00232239   -0.00123846   0.00326493   0.0120614   -0.049141   -0.00203234   0.005408   0.00784447   0.0177565   0.0239288   -0.0115891   0.00449987   -0.018218   -1.13948e-05   
-0.00138478   0.000692956   0.000213765   -0.000441777   0.00137309   0.00158276   0.00133904   -0.000703209   -0.000728382   0.00074258   0.000870643   0.00200016   0.000316961   -0.00173279   -1.16788e-05   -0.0010894   0.00282003   0.00206313   0.00745554   0.00192995   -0.00446796   8.2341e-05   -0.00419676   -0.000320992   0.0010512   -0.0114668   -0.00911675   -0.000799824   -0.000102371   0.0455754   0.0236391   0.0405627   0.0490872   1   0.0376729   0.0181545   -0.000251147   -2.47737e-05   0.000117513   0.00028567   -0.000271266   0.00247827   0.00137266   -0.000590871   -0.00718419   -0.00169062   -0.00601411   0.00108206   -0.00297531   -0.00113466   -0.0013859   -0.000911424   -0.00191348   -0.00405924   -0.00135091   -0.000406219   -0.00558938   -0.00481772   -0.00376154   -0.00227356   -0.00449143   -0.00108459   -0.000572059   -0.00254904   -0.00308243   -0.00719978   0.00080172   0.0010393   -0.000916433   0.000416275   -0.000515903   -0.000478595   -0.00266368   -0.00382684   0.00134396   -0.000438569   -0.00181446   0.000854348   0.00424109   0.00248569   0.00350607   -0.000349029   0.00111942   -0.00133404   0.00202121   0.00254183   -0.0012186   -0.000402038   0.00300657   -0.00159045   0.00121665   -0.000398951   0.00121179   -0.00128859   5.97438e-05   0.00329667   -0.00408468   -0.000581951   -0.00344379   -0.00188451   0.00108136   -0.000849045   -0.00275643   0.000904494   -0.000473491   0.000552342   -0.000342594   0.000262407   0.000128101   4.58116e-05   0.00229093   0.00592627   -0.000666062   0.00818707   0.00292241   0.00115966   -0.00113898   0.00114816   -0.00256503   -0.0103722   -0.00822546   -0.00532562   -0.0060493   -0.0189976   0.00500191   -0.00568279   0.017497   -0.000126367   -0.00180945   -0.00263071   0.00555239   -0.0312468   -0.0122319   0.000486554   -0.0111401   -0.010714   -0.00876509   0.00135892   0.00980082   -0.000863683   -0.000992831   0.00280376   -0.00245709   -0.00250358   -0.00114327   0.0140254   0.0858437   0.00244535   -0.00320035   -0.000918558   0.000219159   0.00200613   -0.163011   -0.00149343   0.000240569   0.000362605   0.00219807   0.00782838   -0.0393999   0.00180932   0.0058801   -9.45616e-05   
0.000371044   0.0025907   -0.00330576   -0.00166964   -0.00524204   -0.00618653   0.00285093   -0.000876387   0.00162267   -0.00140476   -0.00147881   0.00182259   -0.00324907   0.00192357   1.4335e-05   0.000997763   -0.00293319   -0.000806215   -0.00510874   0.000328717   -0.000721194   -0.00045475   0.00556285   -0.000269637   0.000295871   0.00345368   0.00201836   -0.00162482   -8.19124e-05   0.0418456   0.0478868   0.0431153   1   0.0490872   0.0300568   0.0225386   0.00184591   0.00263114   9.93669e-05   0.000719895   -0.000394025   0.00494869   0.00212796   -0.00342453   -0.0145224   -0.00910283   -0.00540861   0.00160959   -0.00274498   -0.00367585   -0.00420632   -0.00011682   -0.000563854   -0.00112467   0.000710762   0.00308874   -0.00415067   -0.00123304   -0.00238539   0.00129397   -0.00110352   0.00168277   -0.00151219   -0.00105628   -0.00148597   -0.004606   0.00318686   0.00345448   0.00303121   0.00276511   0.0031803   0.00166001   -0.000166516   -0.00122326   0.00347597   0.00160877   -0.00024788   0.00234722   0.00694064   0.0033101   0.00499529   -0.00309331   -0.00234622   -0.00470282   0.00144126   -0.000786184   -0.00125597   -0.00177562   0.00470976   -0.000776931   0.00116624   0.00111878   0.00313434   6.95931e-05   -0.000751765   0.00315938   -0.00680968   -3.64163e-05   -0.00243809   -0.000989834   -2.43965e-05   0.000701099   -0.000797109   0.0020108   -0.000212557   0.000450296   -0.000404346   -0.00075592   -0.000211927   0.000248656   -0.00100164   -0.00149667   -0.000168295   0.00125011   0.000242705   -0.0154095   -0.00100782   0.00123644   0.0015386   0.00713928   -0.0123277   0.00050874   -0.0052223   0.0201442   -0.0200878   0.00779095   0.00795124   -0.000171072   0.00347646   0.00312561   0.00563315   0.0327092   0.00313844   -0.00186567   -0.00334664   -0.0166816   0.00749293   0.0144201   0.00159156   0.0005809   0.0019741   0.00538578   0.00111124   8.4819e-06   -0.00084945   0.0268378   -0.0176396   -0.00379384   -0.00194053   -0.00163872   -0.00213093   -0.00111916   -0.0999818   -0.00262824   -0.00297716   -0.00665145   -0.000242023   -0.00869705   -0.0244516   -0.00269407   0.00663761   5.21305e-05   
0.00633809   -0.000208118   0.00115411   -0.00144046   -0.00337032   0.00306276   0.00354046   0.00545896   -0.000112789   0.000596913   0.00123671   -0.00185102   -0.000332725   0.000205929   1.12697e-05   0.00150937   -0.000856224   -0.00147229   -0.00402677   -0.000234933   3.97979e-05   0.00127889   0.000586488   1.32764e-05   0.00024597   0.000436017   0.000530406   0.00128987   3.2337e-05   0.0384926   0.0365878   1   0.0431153   0.0405627   0.0233432   0.0159829   -0.000420849   -0.000876793   0.000181249   -0.000378548   0.000413296   -0.00357552   3.36578e-06   0.000980114   0.00613833   0.00181342   0.00184155   0.000362684   0.000482641   0.00028405   0.000308031   0.000413564   0.000583899   0.000775686   0.000579563   0.000528114   0.000626728   0.000702936   0.000551465   0.000608593   0.000750048   0.000442404   0.000373327   0.000514694   0.000468417   0.000676961   0.000271844   0.000352892   0.000407144   0.000342569   0.000333927   0.00028951   0.000299698   0.000684725   0.000204629   0.000261837   0.000224628   0.000165134   0.000103465   0.000105118   -4.65472e-05   -0.000405343   -0.000798957   -0.000810199   0.000383629   -0.000752056   -0.000282723   -0.000111887   -3.48138e-05   0.000165289   3.54339e-05   0.000225846   0.000174604   0.000260124   0.000142757   0.000338589   0.000276032   0.000213746   0.000399563   0.000286517   0.000149753   0.000394023   0.000430945   0.0002643   0.000299958   0.000252647   0.000508693   0.00049389   -0.000107839   -0.000441464   0.000272489   0.000299498   0.000211756   -0.000465798   -0.000890594   -0.0210772   0.000969828   -0.0069733   0.0013537   0.00153916   -0.00409143   0.000230018   -0.00331783   0.00281351   -0.0106405   0.00857474   -0.00149759   1.74779e-05   0.00114592   0.00290634   0.00195904   0.0338888   0.0065725   -0.000840053   0.000637996   0.000207091   0.0045978   -0.00818709   -0.0027638   -0.000165357   0.000613036   -0.000667034   -0.0015568   0.000163491   7.73338e-05   0.00523792   -0.000873619   -0.00637412   0.00181439   0.000653557   0.000669171   -0.00165136   -0.0849572   0.00106985   0.00130934   -0.00100316   -0.00188432   -0.00598157   -0.0211099   -0.00150294   -0.000236211   9.91425e-05   
0.00446089   0.00172685   -0.00452375   -0.000276355   9.76859e-06   -0.00756878   0.000493609   0.000466792   0.00132772   -0.00177654   -0.000502803   0.00238233   -0.00141934   0.00120278   1.91508e-05   0.000699473   -0.00753172   -0.00132223   -0.0110992   -0.00141298   0.0147298   -0.00231949   0.0118162   6.25374e-05   0.00102909   0.0254878   0.0221092   -0.00242122   -9.35985e-05   0.0264   1   0.0365878   0.0478868   0.0236391   0.0334084   0.0457573   0.00569249   0.00577552   -0.00127742   2.35415e-05   -0.00056292   0.00469267   -0.00264399   -0.0032697   -0.0055937   0.00276735   -0.00153638   0.000518438   0.0025082   0.000880528   0.00101531   0.00139194   0.0016758   0.0030195   0.00164266   0.00152045   0.00218051   0.00309177   0.00233213   0.00240506   0.00396564   0.00133748   0.00110417   0.00149012   0.00148841   0.00294583   0.000786129   0.00115793   0.00145973   0.000727734   0.00095743   0.00105582   0.0012896   0.00590371   0.000437415   0.000711864   0.00128677   -7.57105e-05   -0.000398608   -0.00070935   -0.00103707   -0.0012652   -0.00183536   -0.00141697   0.000912499   -0.00197473   -0.000621652   -0.000631115   -0.000661198   0.00023574   -0.000234139   0.000355506   0.000418167   0.000611821   0.0002666   0.000175704   0.000658636   0.000474832   0.00139472   0.00145776   9.3891e-05   0.001192   0.00191413   0.000963589   0.0018707   0.000968276   0.00136514   0.0015073   -8.96411e-06   0.000369389   -0.00134925   -0.0139425   0.000677984   -0.0065684   -0.0015166   -0.0130323   0.00080722   0.00107504   0.00431726   0.00607683   0.00336912   0.00251469   0.00604989   0.0100888   -0.0176751   0.00921677   -0.00389625   0.000184617   0.00539313   0.00474578   0.00136218   0.0508452   0.00546579   -0.00243208   0.00309949   0.00119671   -0.0163266   0.0181118   0.000210066   -0.000383503   0.00392224   0.00190207   0.00324316   -0.000976177   0.000930068   -0.00502445   -0.188911   -0.00527654   0.0015852   -0.00011159   -0.00154133   0.00184391   0.0177925   -0.00021136   -0.00201324   -0.00512702   0.0046824   -0.00605015   0.00441808   -0.00349992   -0.000511711   -0.000269205   
0.0258951   6.73502e-05   0.00599778   0.00292507   0.0158864   0.0241826   0.0212169   0.0201619   0.0075267   0.00283309   0.000538743   -0.00154792   0.00319039   0.00595866   -1.99942e-05   0.00149976   0.00275134   0.00121769   0.000123439   0.00023244   -0.00732508   0.00382702   -0.00331963   0.00188406   -0.000219921   -0.00896231   -0.00542242   0.00575738   1.73405e-05   1   0.0264   0.0384926   0.0418456   0.0455754   0.0196709   0.00212894   0.00374835   0.00146783   -0.000745365   -0.00196495   0.000920353   -0.0112027   -0.00275576   0.000686058   0.023178   0.0128079   0.00906154   0.000909602   0.00482447   0.00673532   0.00693666   0.00394683   0.00628497   0.00566879   0.00532144   0.00323184   0.00630777   0.00454551   0.00570794   0.0035053   0.00445164   0.00298949   0.00554109   0.00484334   0.00425608   0.00445576   0.00180833   0.00181875   0.000632843   0.00160022   2.0793e-05   0.00109101   0.000766772   0.00398733   -0.000139376   7.78783e-05   0.000182847   -0.000928841   -0.00322265   -0.0015354   -0.00313273   0.000246731   -0.000972231   -0.0007863   0.00492864   -0.00146804   -0.00263211   -0.000978523   -0.00422595   -0.00160215   -0.00160015   -0.00179039   -0.00244447   -0.000670125   0.00112622   0.00418208   0.00463526   0.000995147   0.00207904   0.00183645   0.00296349   0.00227701   0.00233323   0.00214697   0.00352286   0.00357471   0.00547862   0.00623297   0.000412903   0.00075337   -0.00555943   0.00752456   0.00192591   -0.0225137   -0.00668777   -0.0696078   0.00577508   0.00116094   0.00175435   0.00738632   0.0200027   0.0163599   0.00853707   0.00756925   0.00190011   0.0182658   -0.0703855   0.000117634   -0.00117857   0.00339007   -0.00628666   0.0285685   0.0107915   -0.0100755   -0.00320608   0.00849236   0.00489689   -0.0149067   -0.00641672   -0.00228912   0.00943576   -0.00460566   -0.00882846   -0.00262365   0.000217465   -0.0396338   0.0657459   -0.0220304   0.00711161   0.00300991   0.0140067   0.000756068   -0.0968365   0.0048782   0.0248841   0.0183658   -0.000937097   0.0128298   -0.022658   -0.00246879   -0.000109924   0.000204399   
0.000745494   -5.36617e-05   -0.000337866   -8.87463e-05   -0.00103835   -0.00189943   -0.00143096   -0.0007165   -0.000146922   -0.000203785   3.44322e-05   -6.44684e-06   0.000707374   -0.000479366   1.12724e-06   0.000229513   0.000627224   -0.000287913   0.00489179   0.00233238   0.00179689   0.00278492   0.00300864   7.10069e-05   -3.23401e-05   -0.000157875   -0.000381797   0.00384683   1   1.73405e-05   -9.35985e-05   3.2337e-05   -8.19124e-05   -0.000102371   -4.89462e-05   -0.000596825   -0.000474607   -0.000332254   -0.000113062   -4.90677e-05   -0.000107514   0.000137588   -0.000435974   0.000376526   0.00159819   0.00120741   0.00169759   -0.000933816   0.00122406   0.00134107   0.00149002   0.000382572   0.000784808   0.00107381   0.000376071   -0.000386122   0.00202254   0.00118187   0.00136244   0.000244951   0.00103131   -2.2961e-05   0.000750149   0.000857771   0.000983865   0.00217265   -0.00063545   -0.000767372   -0.000504125   -0.000555671   -0.000611973   -0.000220305   0.000435847   0.000869404   -0.000969736   -0.000290701   0.000267799   -0.000684932   -0.00227131   -0.00117719   -0.00177199   0.00064405   0.000253857   0.00110468   -0.000293001   -0.000281613   0.000269555   0.00040114   -0.00162227   0.000319738   -0.000463524   -0.000231462   -0.000921704   0.00016979   0.000264708   -0.000850208   0.00229024   0.000179286   0.00111147   0.00058505   8.16533e-05   0.00011076   0.000673335   -0.000392523   0.000306322   8.83298e-05   0.000455084   0.000482777   7.68418e-05   7.25458e-05   0.000132774   0.000345857   0.000229883   -0.00295511   0.00012416   0.0005031   0.000389154   1.23845e-06   -5.03693e-06   0.000874798   0.00105385   -0.00242508   0.00062709   0.00186837   0.00274624   -0.00372639   0.00210651   1.22127e-05   -0.000187607   0.000266651   -0.000224662   0.00314718   0.000725076   0.000275737   0.00196359   0.00546111   -0.00118836   0.000555655   0.00101181   -1.50537e-06   -0.000339423   -0.00156991   0.000135192   0.000131761   0.000148337   -0.00238048   0.00121227   -0.000210988   0.00104827   0.000196346   -0.000757551   -0.00632308   -0.00179797   0.000306647   -0.00139609   -0.000766714   -0.0139241   -0.00104672   -0.000430929   1.86409e-05   -0.00217689   -1.97232e-05   
0.00443523   -0.00824132   0.010136   -0.00472816   -0.015555   -0.00393431   -0.0154554   0.00866763   -0.0121674   0.00444944   0.00743819   -0.00884631   0.00384149   -0.0047711   1.46571e-05   0.00617173   0.00478633   0.003881   0.0567148   0.0316947   0.0271959   0.0377899   0.0377512   -6.75132e-05   0.0012632   -0.00339865   -0.00213524   1   0.00384683   0.00575738   -0.00242122   0.00128987   -0.00162482   -0.000799824   -0.00646807   -0.00944595   -0.00750492   -0.00952187   -0.00022617   -0.00204541   0.00124191   -0.0146236   -0.0039835   0.0145481   0.0465038   0.0338595   0.00746168   -0.00511164   0.00581613   0.00728003   0.00869502   -0.000787995   -0.00062962   0.000941053   -0.00351333   -0.00902085   0.00794942   0.00149154   0.0040036   -0.00435693   0.00165325   -0.00560833   0.00241313   0.000831904   0.00192287   0.0097744   -0.00884714   -0.00911714   -0.00824026   -0.00762753   -0.00844329   -0.00447597   -0.000192295   0.00287057   -0.00883274   -0.00390639   0.0006318   -0.00524188   -0.0157909   -0.00734629   -0.0117078   0.00553959   0.00308559   0.00854552   -0.00449939   0.000200604   0.00306578   0.00557291   -0.00895216   0.00412102   -0.000511654   -0.000105862   -0.00492644   0.00176686   0.00318739   -0.00879061   0.0167873   0.000743966   0.00628978   0.00260867   -5.99182e-05   -0.00192128   0.00158482   -0.00522223   -0.000106579   -0.00172377   -0.000220579   0.000712099   0.00147648   0.0014846   0.00276919   0.000620984   -0.000265801   0.0129374   0.00337054   -0.00242801   0.0013342   8.59093e-05   1.14221e-05   0.00898494   0.00872172   0.0160652   -0.00952941   0.0216598   0.0236194   0.0375746   -0.0432807   3.53731e-05   -0.00106573   0.000829552   -7.88157e-05   0.0105573   0.0105491   0.0145964   0.0082639   0.0386829   -0.0501424   -0.0618845   0.015711   -0.00239172   -0.0148689   -0.0111241   0.00154797   -0.00131278   0.00386435   -0.0166859   0.00705209   0.00321307   0.0072866   0.00498403   -0.00502194   -0.0839821   -0.0224825   0.00792792   -0.0105039   -0.00204882   -0.184712   0.0230485   -0.00538475   -0.000714325   -0.0177613   -0.00065909   
0.0193217   -0.00465841   0.00573516   -0.000428542   -0.000142817   -0.00122139   -0.00754954   -0.00555616   0.00297896   0.0027931   8.48105e-05   0.000397437   -0.00661632   0.00399141   -4.19411e-06   0.0133442   0.0171548   0.0281161   -0.00665511   0.00235223   0.0193169   0.000324657   0.00604922   0.00029048   0.00279812   0.0181012   1   -0.00213524   -0.000381797   -0.00542242   0.0221092   0.000530406   0.00201836   -0.00911675   0.00283005   0.0172869   0.0111412   0.00567885   -0.000482464   -0.00263898   0.00123531   -0.0133748   0.00248043   -0.00517091   0.00728788   0.00891562   -0.0123292   0.0113277   -0.00464677   0.00488946   0.00352011   0.00343334   0.0024424   -0.00712064   0.00455863   0.00769542   -0.0200647   -0.0140841   -0.00797422   -0.00119569   -0.00835852   0.00249842   0.00697756   -0.00408455   -0.0084055   -0.0302493   0.0112758   0.0141424   0.000926702   0.00850107   0.000802812   0.0024548   -0.0113688   0.00151612   0.0115221   0.000278062   -0.00629348   0.00443832   0.0229453   0.0131297   0.0174201   -0.00135006   0.005374   -0.00939688   0.0226788   0.0122471   -0.0128849   -0.0078046   0.00844442   -0.0159499   0.000820365   -0.00897309   0.00121598   -0.0118288   -0.000721017   0.0273354   -0.0208587   -0.00342397   -0.017398   -0.00663139   0.00981746   0.000478617   -0.0094165   0.0111098   0.00778359   0.0106996   0.00890205   0.0146394   0.000302939   0.000111784   0.00123983   -0.00880565   0.000967585   -0.0172311   0.000709128   -0.00585665   0.00624495   1.66095e-05   -0.00101431   -0.00584218   0.00595978   0.00269448   0.00104103   -0.0250856   0.0172959   0.0060861   -0.0156507   7.5485e-05   -0.00294292   -0.00049824   -0.00349102   0.0122238   -0.00403951   -0.0254473   -0.0680333   -0.0541293   -0.00084497   -0.0187271   0.0108942   -0.00804386   0.0221785   0.00887224   -0.03079   -0.0161398   -0.00564796   0.00731712   -0.113918   -0.0051215   -0.00539864   0.00120409   -0.000210225   0.00305884   0.0630792   0.00202081   -0.000246197   0.00314277   0.00979359   -0.0258952   0.0151058   0.0139546   0.039554   0.000333345   
-0.00419789   -0.00350436   0.000900285   0.000284454   -0.00110271   -0.00568604   -0.0064811   -0.00671776   0.00350082   -0.000596592   -0.00309394   0.00071827   -0.00762102   0.00237252   4.53042e-06   0.00705196   0.00629246   0.0140021   -0.00880363   1.58644e-05   0.0167426   -0.000827957   0.00813667   4.74572e-06   0.000438572   1   0.0181012   -0.00339865   -0.000157875   -0.00896231   0.0254878   0.000436017   0.00345368   -0.0114668   0.00307117   0.0185952   0.00710798   0.00558506   -0.000171618   -1.10697e-05   0.000420392   -0.000499053   0.00503944   -0.00225705   -0.00613815   -0.0030875   -0.01227   0.00460111   -0.0057114   -0.00719387   -0.00876073   0.000564489   0.000962511   -0.000698395   0.0038992   0.00945956   -0.00920171   -0.00163345   -0.00403684   0.00490555   -0.000657761   0.00559307   -0.0021803   -0.00103667   -0.0025293   -0.011032   0.00953766   0.0103959   0.00831767   0.00824158   0.00840402   0.00504029   -0.000253374   -0.000628709   0.00969316   0.00461005   -0.000149593   0.00619047   0.0181712   0.00915409   0.0132314   -0.00677024   -0.00500297   -0.011735   0.0057288   -0.00112307   -0.00439659   -0.00539257   0.0102493   -0.0040669   0.00147621   0.000737777   0.00618285   -0.00165765   -0.00246904   0.00978701   -0.0174343   -0.000675416   -0.00692685   -0.0026037   0.000719188   0.00220372   -0.00195647   0.00590897   0.000877363   0.00236566   0.00037568   0.000162801   -0.00513858   -0.00400701   3.44125e-05   -0.009985   0.000269824   -0.0110341   -0.00236376   0.0123908   -0.00083139   1.10015e-05   0.00074626   0.00242887   0.00354975   -0.00386005   0.00216414   0.00648007   0.0109859   -0.00952422   -0.00415377   2.48433e-05   0.00308179   0.00209168   0.00178416   0.0229245   0.00463818   -0.00374627   -0.0126834   -0.041836   0.0056301   -0.00293609   0.00457149   -0.000250791   0.00418849   0.0132297   0.00466608   -0.000984656   0.000981335   0.00111107   -0.126664   -0.00132401   -0.00113902   -0.000575953   -0.00192368   0.000673372   0.0626391   -0.000920977   -0.0029511   -0.00172053   0.005692   -0.0190107   0.0149979   -0.00299436   0.0191154   -0.000210674   
0.0167907   0.00268011   -0.000768264   -0.00174038   0.00517457   -0.00126761   0.00307585   0.00764715   -0.002907   0.00192243   0.00835338   0.00500611   -0.00144941   0.000136143   -4.42759e-06   0.00576849   0.00702127   0.0110718   -0.00449069   -0.00209319   0.00459046   -0.00098102   0.00386407   -0.000827515   1   0.000438572   0.00279812   0.0012632   -3.23401e-05   -0.000219921   0.00102909   0.00024597   0.000295871   0.0010512   -0.000510503   -0.00296802   0.0223616   0.0162101   -0.00355452   -0.00304598   0.0011413   -0.00859251   -0.010996   -0.00622324   0.015912   0.030606   -0.00948855   0.0115929   -0.00235031   0.00257194   0.00204666   0.000384895   0.000495367   -0.00345322   0.00103733   0.00165237   -0.00902606   -0.00725323   -0.00400444   -0.00178077   -0.00415891   -0.000254132   0.00274913   -0.00202544   -0.00408475   -0.0130122   0.0033599   0.0051729   -0.00105929   0.00314462   -0.000946874   0.000450263   -0.00553287   -0.00101945   0.0046981   0.000396194   -0.0023736   0.00283808   0.0105065   0.00786491   0.00872002   0.000481556   0.00121569   -0.00577193   0.00945001   0.00459018   -0.00583034   -0.00194107   0.00359442   -0.00600186   0.000876732   -0.00356746   0.000172602   -0.00509348   0.000195727   0.011068   -0.00692306   -0.00170596   -0.00741618   -0.00355452   0.00419208   -0.000337323   -0.00505063   0.00345282   0.00226782   0.00355315   0.00336097   0.00632963   0.000156863   0.000433715   -0.00426081   0.000360275   0.000126499   0.00161074   -0.00195682   -0.00623906   0.00309769   -2.77646e-05   0.000351971   0.000647395   -0.00542598   -0.00099807   0.006396   -0.00148187   -0.0277398   -0.00756333   0.0338291   3.82566e-05   0.000486074   -0.000413336   -0.00279392   -0.000879666   -0.00202154   -0.0171163   -0.0312919   -0.0195774   -0.0674115   -0.0011588   -0.0113491   -0.00705513   0.020964   0.00826136   -0.0105587   -0.0124272   0.00124998   0.00317831   0.0059852   -0.00208298   0.0112397   0.00354251   0.00101553   -0.00136503   0.00363358   0.00571147   0.00214184   -0.00115273   0.00139423   -0.00387447   0.000886717   0.00442117   0.0141618   -0.00062453   
0.00525594   0.000377447   -0.00152296   0.000920427   0.00241829   8.92308e-05   0.00539426   0.0016803   0.0049879   -0.00071079   -0.00254014   0.00155228   0.00163285   0.00195959   -6.84928e-06   -0.000707862   0.000773598   0.000877936   0.00209976   -0.000406726   -0.00145406   0.000182082   0.000447075   1   -0.000827515   4.74572e-06   0.00029048   -6.75132e-05   7.10069e-05   0.00188406   6.25374e-05   1.32764e-05   -0.000269637   -0.000320992   0.000711432   -0.00109023   0.0010966   0.00142382   -0.000462517   -8.75413e-05   -0.000466052   0.00175576   -0.000634553   -0.00185249   -0.00178126   -0.000636043   0.00334322   -0.0011861   0.00260122   0.00355134   0.00361594   0.00168412   0.00328656   0.00321206   0.00260914   0.00131753   0.00384327   0.00281382   0.00338836   0.00186053   0.00278416   0.00139213   0.00270233   0.00266747   0.00245065   0.00321187   0.000669007   0.000580605   0.000136275   0.000581368   -0.000187209   0.000524885   0.000724585   0.00239449   -0.000396951   0.000133106   0.000486501   -0.000542756   -0.00223608   -0.000861625   -0.00182755   0.00091145   0.000120376   0.000516376   0.00184205   -0.000437523   -0.000938834   -0.000269692   -0.00297174   -0.00092575   -0.00138997   -0.0013978   -0.00202609   -0.000713589   0.000227473   0.00117574   0.00286988   0.000171911   0.00114418   0.000856884   0.0011149   0.000904099   0.00118234   0.000570946   0.00159521   0.00147966   0.00237512   0.00280808   5.87891e-05   -0.00255506   -0.00279387   0.000975358   0.000971447   -0.0137977   0.00010115   -0.000705862   0.00168206   1.80318e-05   0.000138793   0.000213652   0.00355773   -0.00108972   -0.00758281   -0.000309245   0.014079   -0.00181739   -0.0155317   6.01325e-05   -0.00341537   -0.000793895   -0.00138011   0.00194636   -0.00187823   -0.00417509   -0.000653487   0.006549   0.00406567   0.0112283   0.00190554   -0.000355466   0.00381571   -0.00224762   -0.0024264   -0.00082282   -0.000579404   -0.00088424   -0.000153549   -0.00298165   0.00485363   -3.37176e-05   0.00216012   3.92152e-05   0.00349145   -6.34567e-05   0.00420062   0.00182777   0.0013919   0.00178405   0.000839164   0.000677809   -0.000868229   6.59766e-05   
0.00218796   0.00869307   -0.0190191   0.0047759   0.0163976   -0.0299564   0.00295214   -0.0124248   0.0172954   -0.00767942   -0.0098264   0.0169523   -0.00975768   0.0136313   1.44258e-05   -0.000374085   -0.00342366   0.00626435   0.0575386   0.0367835   0.0261521   0.0297877   1   0.000447075   0.00386407   0.00813667   0.00604922   0.0377512   0.00300864   -0.00331963   0.0118162   0.000586488   0.00556285   -0.00419676   -0.00379469   -0.00707093   0.0308866   0.0301739   -0.00432421   0.000936715   -0.00225759   0.0241003   -0.00688919   -0.0251818   -0.05908   -0.0127423   -0.0229564   0.0132981   -0.00712755   -0.00576739   -0.00747257   0.00165114   0.00101469   -0.00343489   0.004504   0.0107347   -0.0143806   -0.00628371   -0.00683052   0.00350966   -0.00446011   0.00574512   -0.000403385   -0.00240966   -0.00488708   -0.0191929   0.0115716   0.0130206   0.00789484   0.00978351   0.00807869   0.004938   -0.00367395   -0.00267055   0.0120006   0.00386688   -0.00266316   0.00671356   0.0227625   0.0115343   0.0166734   -0.00716917   -0.00348026   -0.0135367   0.0113839   0.00203416   -0.00739157   -0.00714248   0.0125565   -0.0075133   0.00225424   -0.000998133   0.00676104   -0.00398739   -0.00214708   0.016914   -0.021808   -0.00103709   -0.0108365   -0.00420537   0.00348711   0.00224809   -0.00438718   0.00855958   0.0024076   0.00490459   0.00288527   0.00379284   -0.00266768   -0.00225799   -0.00215048   -0.00295919   0.000285249   -0.0141004   -0.00197643   0.0115816   -0.000970055   1.03431e-05   -7.72835e-05   0.00900574   -0.00742539   0.0107984   -0.00370814   0.0194144   -0.029937   0.0220317   -0.0124931   -0.00013003   -0.000156776   0.000186178   0.0116761   0.0249241   0.0292123   -0.0262893   -0.0292887   -0.0544866   -0.037108   0.102782   -0.0111819   -0.003077   0.0315735   0.0219433   -0.00190451   -0.0101356   -0.00232556   -0.000682995   -0.0374789   -0.00151696   -0.00547724   -0.00447747   -0.00111849   -0.0724207   0.0203271   -0.00720115   0.00156347   -0.00905026   -0.150353   0.0061196   0.0049202   -0.000786737   0.0281598   -0.00043419   
0.00630629   -0.00479609   0.00748162   -0.00315227   -0.00423226   0.0246817   0.0190999   0.0243515   0.00568136   0.00314552   0.00402452   -0.00834239   0.000215429   -0.00129378   1.07879e-05   0.00346318   0.00339832   0.00327666   0.0603105   0.0494704   0.0421612   1   0.0297877   0.000182082   -0.00098102   -0.000827957   0.000324657   0.0377899   0.00278492   0.00382702   -0.00231949   0.00127889   -0.00045475   8.2341e-05   -0.00222745   0.00191465   -0.0113311   -0.0123893   0.00227847   -0.00103512   0.00137035   -0.0146856   0.00447465   0.0076362   0.0232529   0.00128131   0.008371   -0.00178376   0.000988998   0.00416101   0.00435489   -2.09532e-05   0.000249148   -0.00118046   -0.000637864   -0.00236614   -0.000867976   -0.0025523   -1.27456e-05   -0.0023107   -0.00135697   -0.00187916   0.00238909   -0.000397121   -0.000861439   -0.00223481   -0.00133211   -0.000945906   -0.00337555   -0.00126126   -0.00338617   -0.00140852   -0.00241352   0.000534754   -0.00111145   -0.0013689   -0.00088606   -0.00095759   -0.00148181   0.000509646   -0.000310988   0.00375293   0.00402325   0.00301612   0.00265064   0.0039275   -0.00108352   0.000595168   -0.00294096   -0.00265913   -0.0012517   -0.00338183   -0.00340606   -0.00311013   0.000151763   0.00190556   0.00220163   -0.00127073   -0.00180824   -0.0011257   0.00157575   -0.00120208   -0.00194631   -0.000469111   0.00101337   0.00106755   0.00149882   0.00319416   -0.00445494   -0.00254296   0.000747908   0.000814653   0.000165263   0.00154937   -0.000798803   -0.00024475   0.00260946   3.90012e-05   0.00101906   0.00229513   -0.00555968   -0.0116005   -0.000373481   -5.09393e-05   -0.00387981   -0.0203295   0.000947298   2.58967e-05   0.000432739   -0.00799303   0.0199482   0.00731912   0.0351859   1.91359e-05   -0.01152   0.00572639   0.0344481   -0.0449847   0.00235579   -0.000817256   -0.00403134   -0.00785203   -0.0132464   -0.000329951   -0.00238613   0.00620474   0.0119384   -6.69569e-05   0.00436893   0.00166837   0.00824824   -0.0582438   0.00392353   0.00275041   0.0147794   0.00517796   -0.117798   0.0196757   0.000938647   0.00775142   0.00123463   0.0006464   
-0.0213817   -0.0177099   0.0226526   -0.00624514   -0.000872343   0.0503046   0.0261158   0.0390823   0.00764992   0.00942376   0.00982478   -0.0104761   -0.016638   -0.00499116   9.98629e-06   0.00457028   0.00175605   0.00847807   0.0516454   0.0568225   1   0.0421612   0.0261521   -0.00145406   0.00459046   0.0167426   0.0193169   0.0271959   0.00179689   -0.00732508   0.0147298   3.97979e-05   -0.000721194   -0.00446796   0.00612187   0.0276356   0.0104001   0.000312437   0.00195647   -0.00295609   0.00556192   -0.0345474   0.01447   0.0129979   0.0464115   0.0223093   -0.0328088   0.0162425   -0.0215795   -0.0243318   -0.0281896   -0.00294111   -0.00687081   -0.0132166   0.00170873   0.0178003   -0.0341969   -0.0152613   -0.0203486   0.00395954   -0.0134587   0.00847158   -0.0111335   -0.0106264   -0.0138971   -0.0393746   0.0205107   0.0224403   0.017027   0.0172008   0.0183705   0.0090789   -0.00524452   -0.0125893   0.0233575   0.00853658   -0.0042853   0.0147637   0.0479523   0.0230977   0.0357062   -0.0166372   -0.00818964   -0.0259938   0.0108641   0.00257509   -0.00860003   -0.0123547   0.0315478   -0.00940276   0.00706828   0.00346126   0.0185876   -0.00385489   -0.0061334   0.0229726   -0.0491402   -0.00236505   -0.0215278   -0.00961486   0.000560212   0.00188632   -0.00981832   0.012962   -0.00202324   0.00277027   -0.00449109   -0.00563877   0.00014183   -0.000768189   0.00252162   -0.0100138   -0.00215125   0.00937319   0.00255998   0.0110595   -0.00348677   -7.00735e-05   0.00100008   -0.0224883   0.00321006   -0.0427014   0.0131936   -0.0512924   0.0254544   -0.084986   0.0427832   9.5942e-06   0.00383668   -0.0128775   0.0227763   0.00205434   0.0297598   0.00505898   -0.0383387   -0.117704   0.000926316   -0.12336   -1.19876e-05   -0.00236016   -0.00474732   0.0331979   0.0114529   -0.00136029   0.00661016   0.0266079   -0.0917137   0.00417854   -0.0245654   0.00463764   0.0152134   -0.0392905   0.0587707   0.00755658   0.0267532   0.0139261   -0.0782882   0.0663642   0.0140425   -0.00310353   0.051186   -0.000664902   
-0.000319947   0.00722781   0.00518423   0.000642452   0.0181159   0.0588555   0.0436888   0.0225589   -0.000611205   0.00322098   0.00449733   -0.00574335   -0.000358242   -0.00236398   -2.91536e-05   0.00128112   -0.000215611   0.0120339   0.101636   1   0.0568225   0.0494704   0.0367835   -0.000406726   -0.00209319   1.58644e-05   0.00235223   0.0316947   0.00233238   0.00023244   -0.00141298   -0.000234933   0.000328717   0.00192995   0.00549752   0.0193263   -0.0152306   -0.0134516   0.00412747   0.00101228   0.000596098   -0.00623416   0.013385   0.00178053   -0.00735964   -0.0311886   0.00593288   -0.00189752   -0.00296878   -0.00194888   -0.00284483   0.000939298   0.00138528   -0.000684139   0.00272528   0.00531408   -0.00490377   -0.00164117   -0.00186656   0.00221804   -0.00139318   0.00326272   0.000261084   -0.000168613   -0.00115521   -0.00719431   0.00569049   0.00583018   0.00388935   0.0046142   0.00396849   0.00242704   -0.000923174   -0.00133725   0.00519035   0.00181982   -0.000934238   0.0026756   0.00909884   0.00458287   0.00707404   -0.00144669   0.000721959   -0.0032711   0.00475652   0.00235002   -0.00268938   -0.00369922   0.00363128   -0.00471964   -0.000890727   -0.00231623   0.000856283   -0.00321111   -0.00221784   0.00720642   -0.00989125   -0.00121923   -0.00513756   -0.00218845   0.00112274   0.000806003   -0.00184686   0.00352623   0.00101136   0.00221505   0.00138759   0.00167377   0.00135605   0.000229045   -0.00149808   0.000840318   0.000521854   -0.0124024   -0.00123095   -0.00975918   0.00141648   -5.19621e-05   0.00327457   -0.009233   -0.0297931   0.0015287   0.0113795   -0.0168948   -0.0864894   -0.00473303   0.0432096   3.24937e-05   0.00625954   -0.00910201   -0.00537884   -0.0454005   -0.0235255   -0.00471498   -0.0118292   -0.0219743   0.0998823   -0.0170361   -0.000575998   0.00273251   -0.00150534   -0.0021531   -0.013216   0.0041782   -0.00571591   0.0377945   0.0105776   -0.00366965   -0.00446606   -0.0024309   0.0181384   -0.0532758   0.0411402   -0.00377541   0.032111   0.0159583   -0.103691   0.0495879   0.00984008   0.00602512   0.0130799   0.00139218   
0.00416982   0.016231   -0.0119517   0.00699419   0.0227813   0.0245129   0.0392896   0.00118032   0.00625614   -0.00350124   -0.00732768   0.00957589   0.0188032   -0.00106481   -6.94978e-05   -0.00668114   0.0116191   0.0156868   1   0.101636   0.0516454   0.0603105   0.0575386   0.00209976   -0.00449069   -0.00880363   -0.00665511   0.0567148   0.00489179   0.000123439   -0.0110992   -0.00402677   -0.00510874   0.00745554   0.0209365   0.0140568   -0.0126093   -0.00462447   0.000747962   0.00314292   -0.00306236   0.0217078   -0.00455019   -0.00824344   -0.036528   -0.0346983   0.0272047   -0.0118146   0.0129137   0.00960146   0.0119446   0.00198166   0.00349635   0.0103566   -0.000878091   -0.00879182   0.0246877   0.014226   0.0136096   0.000444522   0.0107625   -0.00282378   0.00335759   0.00752788   0.0108585   0.0305368   -0.0120584   -0.0144352   -0.00608379   -0.0101118   -0.00697961   -0.00432405   0.00764721   0.00772818   -0.0143821   -0.00424165   0.00414407   -0.00946704   -0.0316407   -0.017889   -0.0242621   0.00784165   0.00335194   0.0178639   -0.0124829   -0.00500475   0.00897874   0.00650989   -0.0186099   0.00876145   -0.00495971   0.000576623   -0.00963875   0.00564861   0.00204326   -0.0194263   0.02851   0.00247821   0.0166501   0.00771513   -0.00399006   -0.000173414   0.00957408   -0.00866259   -0.0005037   -0.00413852   0.000179991   -0.00204312   0.00113836   0.00172342   -0.00291054   0.0054585   0.00131674   -0.0102593   -0.0030391   -0.0234558   0.00104853   -0.000104662   -0.000688651   -0.0289391   -0.00592314   -0.00217366   -0.00256725   -0.0574789   0.00664382   -0.02899   0.0173401   4.10073e-05   0.00140035   0.000668751   -0.0276479   -0.0786229   -0.0930218   -0.000502131   0.046368   0.0717282   0.0588251   0.0812689   -0.0221135   0.006499   -0.000267138   -0.0216455   0.000411596   0.0104975   -0.00397332   0.0282488   0.0466266   -0.00783176   0.000568225   -0.00434266   0.0130327   -0.0957846   0.0203612   -0.00695684   0.0229797   0.0138283   -0.198864   0.0642281   0.00483859   -0.000335465   -0.0355407   0.00109231   
-0.00965621   0.000703128   0.00139533   0.00124844   0.0164111   0.0183072   0.0213101   0.0120975   0.00241733   0.001269   -0.000603238   0.00407915   -0.00266059   0.00171929   -2.67635e-05   0.111689   0.190383   1   0.0156868   0.0120339   0.00847807   0.00327666   0.00626435   0.000877936   0.0110718   0.0140021   0.0281161   0.003881   -0.000287913   0.00121769   -0.00132223   -0.00147229   -0.000806215   0.00206313   0.00436604   0.00296944   0.00560411   0.0055809   -0.000796925   0.00071615   -0.000443564   0.00689006   0.00340704   -0.000483624   -0.0118453   0.00174511   -0.0166965   0.00204875   -0.00584859   -0.00768745   -0.00864676   -0.00065537   -0.00208239   -0.00354363   0.000398176   0.00501012   -0.00834783   -0.00312207   -0.00532117   0.00152009   -0.00352915   0.00249863   -0.00361487   -0.00287717   -0.00344506   -0.00934516   0.00541934   0.00552912   0.00507203   0.00425418   0.00548416   0.00254713   -0.000602033   -0.00386067   0.00560011   0.00222758   -0.00116139   0.00358799   0.0117478   0.00462924   0.00800541   -0.00657855   -0.00417063   -0.00791616   0.00151858   -0.00129069   -0.00167481   -0.00292369   0.00953969   -0.000526176   0.00309573   0.00316982   0.00689269   0.00117674   -0.000809245   0.00487314   -0.0125436   0.000449382   -0.00424184   -0.00155381   -8.01721e-05   0.00101685   -0.0015426   0.00363496   -0.000828007   0.000603887   -0.00170779   -0.00274712   0.000876347   0.00138027   -0.000665959   -0.000829186   -0.000771876   0.00389025   0.000491172   0.00534617   -0.00348365   -2.49124e-05   -0.00509664   0.00180542   -0.0055134   0.0153579   -0.0171033   0.00809277   0.000835181   0.0157942   -0.0318923   3.67893e-05   -0.00874245   -8.86782e-05   -0.00501848   -0.0375587   -0.0367463   0.00604806   -0.00497509   -0.0314345   -0.0303959   0.00300594   0.0192898   -2.35331e-05   -0.00458057   0.0128451   0.0124066   -0.00100433   0.00242988   0.0134782   -0.00200072   0.000423817   -0.0111113   -0.00119034   0.00961573   -0.0262412   0.0123518   -0.00199838   0.0174774   0.00916702   0.0278927   -0.345902   0.00295592   -0.00669529   0.0119089   -0.000782906   
0.0070527   -0.000364834   0.00246271   0.00109145   -0.00575973   -0.00667972   -0.00544787   -0.00470654   0.00187893   0.000832597   -0.000808792   0.000577038   0.00578352   0.00179737   -1.36814e-05   0.0866754   1   0.190383   0.0116191   -0.000215611   0.00175605   0.00339832   -0.00342366   0.000773598   0.00702127   0.00629246   0.0171548   0.00478633   0.000627224   0.00275134   -0.00753172   -0.000856224   -0.00293319   0.00282003   0.00397458   -0.00153399   0.00301806   0.000870916   -0.000312004   -0.00140796   0.0013509   -0.00994495   -0.00841838   -0.000523576   0.0183552   0.00884018   0.0120002   0.00289201   0.00314902   0.00280189   0.0036884   -0.000772289   -0.00110023   0.00114763   -0.00258853   -0.00534652   0.00536444   0.00147965   0.00213953   -0.00245043   0.00137219   -0.00302488   0.000127281   0.000669229   0.00166181   0.00751319   -0.00575321   -0.00588572   -0.00383028   -0.00433065   -0.00394629   -0.00259805   0.000894651   0.00100874   -0.00481186   -0.00192494   0.000960082   -0.00279123   -0.00939175   -0.00419342   -0.00637404   0.0043626   0.00244092   0.0063688   -0.0043254   7.9815e-06   0.00305775   0.00289519   -0.00571815   0.00257399   -0.00130336   -0.000483502   -0.00372995   0.000856165   0.000553783   -0.00673469   0.00931923   1.44962e-05   0.00416306   0.0012614   -0.00162557   -0.00132971   0.00134203   -0.00408019   -0.00116427   -0.00257365   -0.000976097   -0.00114326   -0.000237463   -0.000424607   0.00219597   0.00220213   -0.000170508   0.00890851   0.00113565   -0.02174   0.00210847   -1.83416e-05   0.00760176   -0.00116749   0.0160989   -0.0182608   0.00744697   -0.00293754   0.0513797   -0.0358917   -0.00221383   -0.000161766   0.0146409   -0.000328153   -0.00626504   -0.0144724   -0.0142054   -0.00545884   0.0109384   0.0236571   0.00317842   -0.00724359   -0.0364717   -0.000377118   0.00735023   -0.00733996   -0.00565787   0.00116866   0.000530316   -0.00496029   0.0282803   -0.00120453   0.00495285   0.00258   -0.000948743   -0.0230766   -0.014774   0.00425171   -0.00250303   0.00455639   0.00432511   -0.297683   -0.00355612   0.00281819   -0.0121026   0.000419483   
0.00428882   -0.0038597   0.00888236   -0.00326594   -0.00809274   0.00457821   -0.0118792   0.000968665   -0.0104848   0.00357782   0.00668716   -0.0068878   -0.00296827   -0.00382074   4.23102e-06   1   0.0866754   0.111689   -0.00668114   0.00128112   0.00457028   0.00346318   -0.000374085   -0.000707862   0.00576849   0.00705196   0.0133442   0.00617173   0.000229513   0.00149976   0.000699473   0.00150937   0.000997763   -0.0010894   -0.0062458   -0.00167427   -0.00241432   -0.00494363   0.000720721   -0.00141612   0.00151548   -0.013637   0.00430249   0.00796154   0.0267474   0.0132049   -0.00226935   0.000536254   -0.00171036   -0.000747587   -0.00133598   0.00050936   0.0012957   -0.000241124   0.00203515   0.00336233   -0.00328568   -0.00113836   -0.00104871   0.00151423   -0.00058874   0.00188037   0.000519965   5.21568e-07   -0.000879898   -0.00487822   0.00360125   0.00401997   0.00207635   0.00304305   0.00211965   0.00165473   -0.000930527   -0.00064022   0.00336534   0.00143452   -0.000483654   0.0022099   0.00653515   0.00384267   0.00482048   -0.00199264   -0.00160263   -0.00472217   0.00366797   0.000121654   -0.00261006   -0.0017118   0.0031166   -0.00215157   0.000564422   -0.000364199   0.00164234   -0.00123655   -0.000317803   0.0050388   -0.00529594   -0.000265926   -0.0029653   -0.00115398   0.0014344   0.000824193   -0.00127246   0.0024849   0.000874059   0.00175583   0.00115301   0.00169996   -0.000851815   0.000113074   0.000623784   0.000258795   0.000295278   -0.00511915   -0.000644646   -0.0087833   0.00130863   2.79369e-05   -0.0030156   0.00801023   -0.00208558   -0.000806578   -7.49055e-05   0.0189839   -0.021312   0.0130685   0.0143101   8.98415e-05   -0.0077171   -0.000100664   -0.000941167   0.0124282   0.0124393   0.00315393   -0.00973945   -0.013895   -0.00111715   -0.0495601   0.0115675   -0.00152212   -0.00470427   0.00222323   -0.00100907   -0.00122843   0.00161929   -0.00332753   -8.48699e-05   -0.00396331   0.00320508   0.0025924   -0.00325197   -0.0170957   -0.00377991   0.00416531   -0.00689968   -0.000614373   -0.0029463   -0.180137   -0.000897985   -0.00110914   0.00766213   -0.000167552   
-0.000274961   -2.75176e-05   -1.03209e-05   -4.50252e-06   -4.86504e-05   8.53763e-06   4.12498e-05   8.58987e-05   3.31136e-05   -1.039e-05   3.42143e-06   -2.98656e-05   -2.71464e-05   -1.08794e-06   1   4.23102e-06   -1.36814e-05   -2.67635e-05   -6.94978e-05   -2.91536e-05   9.98629e-06   1.07879e-05   1.44258e-05   -6.84928e-06   -4.42759e-06   4.53042e-06   -4.19411e-06   1.46571e-05   1.12724e-06   -1.99942e-05   1.91508e-05   1.12697e-05   1.4335e-05   -1.16788e-05   -4.79185e-05   -4.39562e-05   -6.79461e-05   -5.69335e-05   1.22086e-05   7.67608e-06   -6.61447e-07   2.04472e-05   -1.70968e-06   1.76014e-05   -6.24112e-05   -6.3898e-05   -1.73548e-05   -1.3941e-06   -2.21599e-05   -2.34288e-05   -2.26526e-05   -3.53775e-05   -4.10561e-05   -3.50955e-05   -4.38801e-05   -4.76362e-05   -2.07118e-05   -3.17847e-05   -2.84987e-05   -3.88572e-05   -2.98424e-05   -3.69238e-05   -3.51188e-05   -2.79378e-05   -2.29365e-05   -6.19886e-06   -3.88376e-05   -3.74948e-05   -3.07599e-05   -3.03649e-05   -2.6722e-05   -2.10985e-05   -9.64183e-06   -4.00647e-05   -2.15909e-05   -1.0702e-05   -1.11377e-06   -4.01289e-06   -1.75303e-05   -7.28602e-07   -5.73252e-06   1.58866e-05   9.35413e-06   1.88611e-05   -4.75865e-05   7.83331e-06   2.23265e-05   2.63949e-05   6.31412e-06   2.51854e-05   1.41752e-05   1.41897e-05   3.87796e-06   1.06482e-05   5.45656e-06   -5.46013e-05   2.32319e-05   -2.9767e-06   2.56518e-06   -8.26512e-06   -1.74717e-05   -2.23239e-05   -1.75156e-05   -3.28376e-05   -2.97869e-05   -3.39741e-05   -4.36821e-05   -4.53524e-05   0.000409292   0.000410204   0.000398669   -2.50312e-05   -1.61852e-05   0.000134536   0.000389407   0.000183564   -3.55626e-05   3.00118e-07   0.000202017   -1.94136e-05   -2.4257e-05   -9.14273e-06   -6.43358e-07   -4.19741e-05   -9.80365e-05   -7.03898e-06   2.5969e-05   1.69766e-08   -1.71055e-05   0.000113045   6.96255e-05   0.000406534   0.00021605   7.89232e-05   2.65657e-05   5.65568e-05   -3.40526e-06   -4.96845e-05   -5.85484e-05   5.34024e-06   -8.07e-05   -1.65578e-05   -3.01088e-05   2.5959e-06   -1.82891e-05   1.22561e-05   -5.53673e-05   0.000353069   2.14913e-05   -1.25321e-05   -3.68203e-05   -4.65954e-05   -0.000105473   -1.9965e-05   -4.25035e-05   -9.04143e-05   -5.25715e-05   -0.000175801   -2.51503e-05   4.39724e-06   -5.59569e-05   1.88557e-06   
0.0208153   0.0105241   -0.00204301   0.0189835   0.0311638   6.68095e-05   0.0274371   0.00824298   0.0427272   -0.00347575   -0.0132231   0.0138133   -0.00267065   1   -1.08794e-06   -0.00382074   0.00179737   0.00171929   -0.00106481   -0.00236398   -0.00499116   -0.00129378   0.0136313   0.00195959   0.000136143   0.00237252   0.00399141   -0.0047711   -0.000479366   0.00595866   0.00120278   0.000205929   0.00192357   -0.00173279   -0.00116277   -0.00496775   0.036684   0.0294919   -0.00298959   -0.00254669   0.00168212   -0.0058173   -0.0163087   -0.0292583   -0.0251594   -0.00919131   -0.00329973   0.0257345   -0.00750552   -0.00249742   -0.0039998   0.000334273   -0.000768894   -0.0059295   0.00202961   0.00690562   -0.0181682   -0.0118946   -0.0093156   -0.000840745   -0.00743409   0.00265218   0.000669087   -0.00407264   -0.00720977   -0.023828   0.00905575   0.0118926   0.00404204   0.00877757   0.00432646   0.00285662   -0.0073288   -0.00381413   0.0124055   0.0027367   -0.00349542   0.00704651   0.024248   0.0155131   0.0202739   -6.54752e-05   0.0029441   -0.00959625   0.0142978   0.00839742   -0.00837633   -0.00691344   0.00957432   -0.0120234   -0.000195646   -0.00679644   0.00132255   -0.00974299   -0.00380195   0.0193265   -0.0216074   -0.00404372   -0.01489   -0.00752434   0.0039389   -0.000259782   -0.00841273   0.00666673   0.00204942   0.00409537   0.00357704   0.00662099   0.000620534   -0.000559602   0.000317119   -0.00098573   0.00013726   -0.00372263   -0.00053725   -0.00669689   0.00545865   4.72849e-05   0.000335678   0.0115186   0.00274232   0.00529976   -0.0172598   0.0278342   0.0315315   0.0150464   -0.0702031   2.76682e-07   0.00068016   -0.00428991   0.00238467   -0.00773747   0.022242   -0.0526164   -0.0446867   -0.0510275   0.0245154   0.0726424   -0.089821   -0.00570632   0.057993   0.0134108   -0.0329631   -0.0122695   -0.00655527   0.000668065   -0.00495007   -0.00227522   0.00779514   -0.000156822   -0.0197415   0.00439367   0.0140284   9.37852e-05   -0.0685562   0.0102868   0.00692718   0.00978881   0.00338474   0.0153712   0.0303579   0.00135114   
0.0378913   0.0341829   0.0260131   0.0516762   -0.00270997   -0.00150693   0.0158403   0.0140157   0.00147341   0.00234073   0.00374114   0.0118949   1   -0.00267065   -2.71464e-05   -0.00296827   0.00578352   -0.00266059   0.0188032   -0.000358242   -0.016638   0.000215429   -0.00975768   0.00163285   -0.00144941   -0.00762102   -0.00661632   0.00384149   0.000707374   0.00319039   -0.00141934   -0.000332725   -0.00324907   0.000316961   0.0106629   0.00268518   -0.0188384   -0.013199   -0.000918969   -0.00032417   -0.00254898   0.00590081   -0.0171979   0.00292754   0.0170868   0.0108398   0.046671   -0.0179774   0.0274993   0.0321329   0.037297   0.00328544   0.00668627   0.014102   -0.00430126   -0.0250907   0.0396976   0.0156643   0.0236594   -0.00772642   0.0152016   -0.0130644   0.0146883   0.0112095   0.0150934   0.0457467   -0.0273731   -0.0290674   -0.0240842   -0.0231629   -0.0258451   -0.0128251   0.00405897   0.018139   -0.0299563   -0.0121659   0.00452008   -0.0194762   -0.0603648   -0.0288542   -0.0447177   0.0226962   0.0131744   0.0345754   -0.0118592   -3.15899e-05   0.0101468   0.0158066   -0.0400889   0.0102124   -0.00869889   -0.00602336   -0.0242922   0.00303464   0.00809431   -0.0276441   0.0617312   0.0020982   0.0251987   0.0113347   0.000124283   -0.00357643   0.010665   -0.0163979   0.00358099   -0.00293993   0.006051   0.00883127   0.000322398   0.000389358   -0.0038499   0.00456385   0.00241496   0.000448876   -0.00320755   -0.042633   0.00823526   4.34525e-05   -0.010216   -0.00237589   0.00393013   -0.00458253   -0.0156181   -0.0119641   0.0128434   -0.00520041   0.0125017   -4.51307e-06   -0.0143567   -0.0205214   -0.00850391   -0.0256296   -0.0208739   0.00159518   0.0390515   0.147879   -0.0127702   0.0357515   -0.00440119   -0.000296026   -0.00365002   -0.0462147   -0.0191872   0.000869862   -0.00387084   0.00503691   0.0169131   -0.0138158   0.0284888   0.0020516   -0.0249005   -0.00170004   0.0171615   0.00323773   -0.0275337   -0.120107   -0.00116747   -0.00897143   0.00410282   0.00810445   -0.0623528   0.000697578   
0.0189438   0.030172   -0.00448737   0.0370865   0.0248884   -0.0298135   0.0194363   -0.00840622   0.0247385   -0.00624665   -0.0107217   1   0.0118949   0.0138133   -2.98656e-05   -0.0068878   0.000577038   0.00407915   0.00957589   -0.00574335   -0.0104761   -0.00834239   0.0169523   0.00155228   0.00500611   0.00071827   0.000397437   -0.00884631   -6.44684e-06   -0.00154792   0.00238233   -0.00185102   0.00182259   0.00200016   0.00797591   -0.00662254   0.0335927   0.0346191   -0.0062505   0.00101031   -0.00384688   0.03325   -0.0146087   -0.0296151   -0.0659851   -0.0075657   -0.0146162   0.0097665   0.000578817   0.00355284   0.00305778   0.00354512   0.00475441   0.00185564   0.00538875   0.00615959   -0.00293754   -0.000878522   0.000603476   0.00312022   0.000641334   0.00382061   0.00466294   0.00192764   0.00013571   -0.00680156   0.00594989   0.0069842   0.0027214   0.00514628   0.00236352   0.00252122   -0.00220811   0.00230461   0.00512612   0.00145769   -0.00132552   0.00234097   0.0082012   0.00490333   0.00569933   -0.00219477   -0.00165483   -0.00677663   0.00998516   0.000791614   -0.00592088   -0.00355231   0.00223357   -0.00520028   -8.292e-05   -0.00249202   0.00066859   -0.00314468   0.000173641   0.0116859   -0.0058876   -0.000130937   -0.00412322   -0.00100966   0.00438305   0.00228728   -0.00111015   0.00534981   0.00405113   0.00522768   0.005936   0.00765299   5.33109e-05   0.000351787   -0.00382857   0.00194475   0.00144584   -0.0205741   -0.00194614   -0.0258299   0.00141568   -6.36382e-05   0.000694748   0.00125285   0.00376167   -0.0146715   0.00986523   0.000163524   0.0102128   -0.0251146   0.00232814   4.45512e-06   0.00049163   -0.0128544   -0.00622931   -0.0213593   -0.0182464   -0.0299614   -0.0205028   -0.0174972   -0.0642546   0.139447   -0.00841699   -0.00404904   0.0364454   0.0131424   -0.0044394   -0.0123558   -0.00281822   0.0175373   0.00525242   -0.0113243   0.0064369   -0.00454375   -0.0126437   0.00504482   0.0195332   -0.00736915   -0.00769424   -0.0732736   0.00876852   0.00746993   0.00471862   -0.00119122   0.0131307   -0.000606064   
0.0206096   -0.00215507   0.0144096   -0.00772558   -0.0070157   0.023516   -0.00440869   0.0210655   -0.0259171   0.00899638   1   -0.0107217   0.00374114   -0.0132231   3.42143e-06   0.00668716   -0.000808792   -0.000603238   -0.00732768   0.00449733   0.00982478   0.00402452   -0.0098264   -0.00254014   0.00835338   -0.00309394   8.48105e-05   0.00743819   3.44322e-05   0.000538743   -0.000502803   0.00123671   -0.00147881   0.000870643   -0.00244703   0.00354395   -0.00122479   -0.00797979   -0.000535486   -0.00461146   0.00301561   -0.0305301   -0.00676861   0.0147002   0.0685781   0.0501482   0.00528881   0.00253597   0.00335591   0.0108036   0.011796   -0.000870905   -0.00102934   -0.00392662   -0.00366192   -0.00904823   -0.00205259   -0.00737399   -0.000686381   -0.00774003   -0.00379275   -0.0071557   0.00548915   -0.00208357   -0.00304019   -0.00451911   -0.00645137   -0.00494595   -0.010955   -0.0055362   -0.0109634   -0.00493345   -0.00675575   0.00170158   -0.00494779   -0.00436818   -0.00221591   -0.00311856   -0.00629577   0.000223624   -0.00328111   0.00806233   0.00711448   0.00552231   0.00512985   0.00729078   -0.00245766   0.00391808   -0.00661343   -0.003066   -0.000397158   -0.00531058   -0.00640413   -0.00483274   0.00300583   0.00219689   0.0102021   -0.00180736   -0.00216679   -0.001651   0.0042131   -0.00324073   -0.00451413   -0.0023895   0.00213974   0.00179325   0.00300409   0.0074444   0.000304621   0.000559025   0.000174317   0.000515823   -0.000289561   0.0184297   0.00424997   -0.0118355   0.00509248   -1.4594e-05   0.000346175   0.00154078   -0.0101549   0.0034496   0.0121931   0.00498196   -0.0708593   0.00525065   0.0701958   -3.38523e-06   0.000674934   -0.0053656   -0.00260594   -0.00760944   -0.00316933   0.00141598   -0.0266858   0.0213222   -0.0614757   -0.0929619   0.00920323   -0.00770295   -0.00254157   -0.00972031   -0.0178953   -0.0103808   0.00177311   -0.00645608   0.0131207   0.00131289   0.0164274   0.00783108   -0.000459413   0.000190691   0.00106502   0.0125876   -0.00329503   0.000996308   -0.00220312   0.0108245   0.000248104   0.00922737   -0.00306279   -0.000441427   
0.0110636   -0.001358   0.0211688   0.00678023   -0.00539851   0.0175276   -0.00408161   0.00925548   -0.00982791   1   0.00899638   -0.00624665   0.00234073   -0.00347575   -1.039e-05   0.00357782   0.000832597   0.001269   -0.00350124   0.00322098   0.00942376   0.00314552   -0.00767942   -0.00071079   0.00192243   -0.000596592   0.0027931   0.00444944   -0.000203785   0.00283309   -0.00177654   0.000596913   -0.00140476   0.00074258   -0.00186992   0.0029482   -0.0032796   -0.00760995   0.00109518   -0.00250367   0.00245416   -0.0220214   0.00301967   0.0102077   0.0395383   0.0210578   -0.00213096   0.00311984   -0.00283163   0.000917973   0.000436444   -0.000729367   -0.000793414   -0.00395078   -0.000342897   0.000297807   -0.00808761   -0.00647471   -0.0040413   -0.00219345   -0.00414436   -0.00105112   0.00117466   -0.00255155   -0.00403827   -0.0108311   0.002128   0.00341388   -0.00139009   0.00187329   -0.00111906   5.63644e-05   -0.00444873   -0.00170567   0.00329155   0.000310444   -0.00177796   0.0023765   0.00849776   0.00646387   0.00722578   0.000530565   0.00122657   -0.00419748   0.00614276   0.00394094   -0.00394515   -0.00092417   0.00333398   -0.00424954   0.000945103   -0.00245219   0.000397687   -0.00388958   3.52321e-05   0.00740169   -0.00578182   -0.00162459   -0.00618553   -0.0031861   0.00272741   -0.000867611   -0.00454634   0.00203658   0.000951709   0.00208611   0.00135703   0.00365979   0.000359756   0.000377199   0.00250649   -0.000357981   -0.000268942   0.0085838   -0.0015309   -0.0177028   0.00238257   1.14894e-05   0.000387562   -0.000233689   0.000428908   0.00436324   0.000274852   -0.00412107   0.000476765   0.00862386   -9.84709e-05   -3.54986e-06   -0.000628156   -0.00823117   -0.00435841   -0.0123548   -0.00760337   0.000792481   -0.0241482   -0.0155773   -0.00764942   -0.0719254   0.00967355   -0.00378184   -0.00311175   0.000609189   -0.0108373   -0.00492654   0.000363771   0.0036386   0.000828288   -0.00280751   0.0085824   0.00395427   -0.00341049   0.00256025   0.001841   0.0063936   -0.00459063   -0.0165109   0.000411719   0.0202402   0.000431519   0.0040823   0.0106094   -1.93931e-05   
0.0159469   0.0100609   -0.0146407   0.0236302   0.0458306   0.015345   0.0930703   0.0593639   1   -0.00982791   -0.0259171   0.0247385   0.00147341   0.0427272   3.31136e-05   -0.0104848   0.00187893   0.00241733   0.00625614   -0.000611205   0.00764992   0.00568136   0.0172954   0.0049879   -0.002907   0.00350082   0.00297896   -0.0121674   -0.000146922   0.0075267   0.00132772   -0.000112789   0.00162267   -0.000728382   0.00475467   -0.00998605   0.0233821   0.0250646   -0.00300073   0.00155207   -0.00333784   0.0280508   -0.00793033   -0.0324851   -0.0775708   -0.0352366   -0.0073849   0.0112906   -0.00252639   0.00466171   0.00363124   0.00228808   0.00349035   -0.0022325   0.00433395   0.00562491   -0.0104432   -0.00747859   -0.00328716   0.000242653   -0.00383771   0.00253868   0.00548022   -0.000558126   -0.00354136   -0.0167717   0.00755371   0.00946884   0.00106657   0.00661334   0.00102306   0.00210479   -0.00633776   -3.18909e-05   0.00811229   0.00141587   -0.00291357   0.00411937   0.0153029   0.0109321   0.0130723   0.00239236   0.00458395   -0.0053099   0.0149838   0.00834126   -0.0083196   -0.0051128   0.00264598   -0.0118459   -0.00216828   -0.00845691   -0.00278676   -0.00994178   -0.00225075   0.0178446   -0.0124439   -0.0035507   -0.011498   -0.00539878   0.00570923   0.000208803   -0.00636172   0.0060154   0.00423334   0.0062537   0.00656535   0.0105075   -0.00223178   -8.23537e-05   -0.00387953   0.000604411   0.0012517   -0.0189251   -0.00381903   0.0169004   0.00274843   7.43702e-05   0.00126541   -0.00330357   0.0202979   -0.0412902   -0.0299071   -0.00816587   0.0941984   -0.0738026   -0.0964348   -7.01589e-06   0.00449969   0.00985191   0.0186047   0.0217872   0.0985237   -0.0417276   -0.0433676   -0.0296462   0.0192929   0.138974   -0.0237043   -0.00323111   0.0433784   0.00833191   -0.0262733   -0.0121729   -0.0102324   0.022368   0.0011732   -7.28643e-05   0.0114553   -0.00687021   -0.0264219   0.0142206   0.0257531   -0.0109405   -0.0734372   0.0052911   0.0274087   -0.000592247   0.00621563   0.0160441   0.0242223   0.000902774   
-0.00768303   -0.00268053   0.0166709   0.000147812   0.0281789   0.130921   0.17885   1   0.0593639   0.00925548   0.0210655   -0.00840622   0.0140157   0.00824298   8.58987e-05   0.000968665   -0.00470654   0.0120975   0.00118032   0.0225589   0.0390823   0.0243515   -0.0124248   0.0016803   0.00764715   -0.00671776   -0.00555616   0.00866763   -0.0007165   0.0201619   0.000466792   0.00545896   -0.000876387   -0.000703209   -0.00612865   -0.0118495   -0.0103751   -0.0129637   -0.00143812   -0.00263962   0.00147008   -0.0168826   -0.0103771   0.0251101   0.0734347   0.0621378   0.0101929   -0.0106398   0.0101845   0.00990697   0.0128071   -0.00309677   -0.00395919   0.00117527   -0.00927674   -0.0191542   0.0170753   0.00439417   0.00714368   -0.00893439   0.00303416   -0.0116122   0.00106105   0.0007218   0.00405773   0.0231174   -0.0192105   -0.0206506   -0.0152848   -0.0165807   -0.0154522   -0.00924229   0.00200639   0.00360203   -0.0189331   -0.00774021   0.00209198   -0.0110119   -0.0339431   -0.0172374   -0.0252   0.0104687   0.00597203   0.0197373   -0.0150417   -0.00108556   0.00981841   0.0117444   -0.0172055   0.0112336   -0.000962712   0.00203486   -0.00873408   0.00597616   0.00530923   -0.0235115   0.0333278   0.00182457   0.0147353   0.00583639   -0.00338944   -0.00438789   0.00453796   -0.0125015   -0.00288189   -0.00653211   -0.00405579   -0.00417753   -0.00284346   -7.42951e-05   0.00644837   0.00142643   -0.00130448   0.0322822   0.00628922   0.0229152   -0.00124186   0.000245498   0.00317008   -0.0010529   -0.0136098   -0.0166339   -0.0140484   0.000404886   -0.0448874   -0.0300397   -0.0696423   -2.8776e-05   0.00572689   0.0111369   0.0244734   0.0409253   0.11483   0.0346115   0.0326456   0.0796262   -0.11673   -0.091532   0.0253105   -0.00220323   -0.0320814   -0.0182627   0.018504   0.00143224   0.0101895   0.0844613   0.0294222   0.0142838   0.00502574   0.00819897   -0.01632   0.031166   0.0428916   0.0129641   -0.0251431   0.00946351   0.0480448   0.0495239   0.0103447   -0.0017439   -0.0405724   -0.00175604   
-0.00192006   0.0211106   -0.0160056   0.012653   0.0724913   0.133031   1   0.17885   0.0930703   -0.00408161   -0.00440869   0.0194363   0.0158403   0.0274371   4.12498e-05   -0.0118792   -0.00544787   0.0213101   0.0392896   0.0436888   0.0261158   0.0190999   0.00295214   0.00539426   0.00307585   -0.0064811   -0.00754954   -0.0154554   -0.00143096   0.0212169   0.000493609   0.00354046   0.00285093   0.00133904   0.00358499   -0.0144652   0.00790097   0.0129877   -0.00351197   0.00228037   -0.00385971   0.0306565   -0.0145277   -0.0142484   -0.0431218   -0.00858084   0.00939719   -0.00539763   0.00943923   0.00862312   0.0105055   -1.33305e-05   0.00152841   0.00632209   -0.00246297   -0.00966798   0.017712   0.00857777   0.00948342   -0.00205946   0.00677066   -0.00451397   0.00264449   0.00473472   0.0070872   0.0222471   -0.0112708   -0.012677   -0.00751715   -0.00917796   -0.00798399   -0.0045656   0.00440779   0.00454411   -0.0120883   -0.00369642   0.00313748   -0.00704654   -0.0245496   -0.0120146   -0.0178596   0.0084822   0.00384334   0.0143114   -0.00978009   -0.00234651   0.00682494   0.00667956   -0.0152951   0.00656307   -0.00384147   -0.000546503   -0.00894059   0.00311844   0.00186516   -0.0157555   0.0240507   0.00098578   0.0118752   0.00474326   -0.00291422   -0.00149095   0.00548554   -0.0083085   -0.00128703   -0.00399943   -0.000574867   -0.00126769   -0.000795403   -0.00175401   -0.000374043   0.00426962   0.0005175   0.000156057   0.000184034   0.0253912   -0.00156184   0.0002076   0.00171849   0.00776337   -0.00965221   -0.0326237   -0.0178239   0.0139289   -0.0543278   -0.0580785   -0.100082   -2.77399e-05   0.00345592   0.00484841   0.0107228   0.0462485   0.00716627   -0.00263788   0.0300575   0.0602318   -0.0413658   0.106282   -0.011957   0.00202014   0.00755288   -0.0102764   0.0087557   0.0015015   -0.000154733   0.124533   0.0463251   0.00701647   0.0107194   -0.00339011   0.00819367   0.0564775   0.0784025   -0.00555527   0.0250643   0.0197934   0.0930537   0.0658474   0.0188968   0.00258091   -0.0292264   -0.000361593   
-0.0320958   -0.00965464   0.0489578   0.0176153   0.086147   1   0.133031   0.130921   0.015345   0.0175276   0.023516   -0.0298135   -0.00150693   6.68095e-05   8.53763e-06   0.00457821   -0.00667972   0.0183072   0.0245129   0.0588555   0.0503046   0.0246817   -0.0299564   8.92308e-05   -0.00126761   -0.00568604   -0.00122139   -0.00393431   -0.00189943   0.0241826   -0.00756878   0.00306276   -0.00618653   0.00158276   -0.00307528   0.0146533   -0.0368776   -0.0396533   0.00784414   -0.00100562   0.00537976   -0.0422211   0.027313   0.0399123   0.0814077   0.0116586   -0.00136502   -0.00912358   -0.0104535   -0.0161075   -0.0177258   -0.00512538   -0.00555982   -0.00439496   -0.00247124   0.00408287   -0.00775243   -0.00112725   -0.00682765   0.00190065   -0.00369123   0.00219957   -0.0105628   -0.00401117   -0.00337256   -0.00489871   0.00442195   0.0034607   0.00741186   0.00391493   0.00851474   0.0031849   0.00331275   -0.00989259   0.00544959   0.00457989   0.00137193   0.00580754   0.0131055   0.00606944   0.0102451   -0.00668373   -0.005966   -0.00751419   -0.00822116   -0.00404937   0.00315807   -0.00128545   0.0116793   0.00352781   0.00278759   0.00609358   0.00818943   0.00353955   -0.00337093   -0.00443074   -0.0146069   -0.000254132   -0.00292245   -0.00251063   -0.0055883   -0.000321808   -0.0013968   -0.000400494   -0.00666274   -0.00520551   -0.00903042   -0.0125361   0.00229441   -0.00062999   0.00470707   0.00120424   -0.00202422   0.0184836   0.00460415   0.0270093   -0.0052369   0.0001035   -0.00194262   -0.00450552   -0.0254928   -0.0056649   -0.00794879   -0.0209943   -0.105619   0.00795054   -0.0368794   -3.39298e-05   -0.00111393   0.000259379   -0.0120069   0.024455   -0.0594986   0.0438114   0.0152044   -0.0311162   0.0699217   -0.197654   0.0336514   0.00545623   -0.0513638   0.00201937   0.0208598   0.0160297   0.0072021   -0.0799371   0.0447212   0.011651   -0.00686813   0.00536036   0.00127176   0.0505193   0.050834   0.00863297   -0.00732984   0.063745   0.0753563   0.0894996   0.012156   -0.00533811   0.00511487   4.10333e-06   
0.000310675   0.0211278   -0.0040904   0.0460564   1   0.086147   0.0724913   0.0281789   0.0458306   -0.00539851   -0.0070157   0.0248884   -0.00270997   0.0311638   -4.86504e-05   -0.00809274   -0.00575973   0.0164111   0.0227813   0.0181159   -0.000872343   -0.00423226   0.0163976   0.00241829   0.00517457   -0.00110271   -0.000142817   -0.015555   -0.00103835   0.0158864   9.76859e-06   -0.00337032   -0.00524204   0.00137309   0.0146504   0.00530234   0.0348892   0.0347791   -0.00484126   0.00162232   -0.00306643   0.0316155   -0.00611991   -0.0300739   -0.0767846   -0.0194934   -0.0295118   0.0149607   -0.00958145   -0.00705833   -0.00916192   0.00205554   0.00070592   -0.00577857   0.00509135   0.0129074   -0.0187904   -0.00916521   -0.00937796   0.0033507   -0.00749011   0.00673455   -0.00040306   -0.00368089   -0.00671959   -0.0255455   0.0143245   0.0157454   0.00914722   0.0117087   0.00954159   0.00560362   -0.00531067   -0.00529146   0.0144744   0.00400829   -0.00432199   0.00768598   0.02768   0.0134773   0.0202553   -0.00857768   -0.00274901   -0.0152004   0.0143485   0.00401745   -0.00896937   -0.00901267   0.0156432   -0.00989696   0.00279687   -0.00166204   0.00817631   -0.00532278   -0.00269345   0.0216322   -0.0276481   -0.0013571   -0.0141351   -0.00557009   0.00469532   0.00241083   -0.00603519   0.0107996   0.00282629   0.00639233   0.00359426   0.00464732   -0.000252529   -0.00136742   -0.00310937   0.00238961   0.000177963   -0.0168996   -0.00175178   0.0126046   -0.00179036   -9.76899e-05   -0.00449398   -0.00228341   -0.0169247   -0.00477954   -0.0194465   -0.000866018   -0.0676463   -0.00442064   -0.0270288   -1.41849e-05   -0.0118565   -0.00577618   -0.0246294   -0.0189008   -0.061344   -0.0300476   -0.0383988   -0.0688058   -0.0409247   0.126066   -0.00558322   -0.00333275   0.0355564   0.0266461   -0.00186695   -0.0120545   -0.00340171   -0.236589   0.0349895   -0.0022133   -0.0133632   -0.00625226   -0.006786   0.0279564   0.0582557   -0.0100713   -0.0391329   0.0591855   0.0431229   0.0498257   0.0139505   0.00114899   0.036355   -0.000528374   
-0.00260151   0.078829   0.10473   1   0.0460564   0.0176153   0.012653   0.000147812   0.0236302   0.00678023   -0.00772558   0.0370865   0.0516762   0.0189835   -4.50252e-06   -0.00326594   0.00109145   0.00124844   0.00699419   0.000642452   -0.00624514   -0.00315227   0.0047759   0.000920427   -0.00174038   0.000284454   -0.000428542   -0.00472816   -8.87463e-05   0.00292507   -0.000276355   -0.00144046   -0.00166964   -0.000441777   0.00500929   0.002967   0.0094836   0.010036   -0.000788344   0.000866424   -0.000602632   0.00883133   -0.0030318   -0.0113832   -0.0262245   -0.0163387   -0.000817968   0.00463599   -0.00171991   -0.00368338   -0.00409488   0.00052808   0.000139242   0.000662054   0.00133736   0.00364673   -0.00124678   0.000983299   -0.00087867   0.00227979   0.000328329   0.00263399   -0.00168809   0.000237429   0.000257994   -0.00107611   0.00290871   0.00276771   0.00404634   0.00268693   0.00403694   0.00177691   0.00133234   -0.000915014   0.00296088   0.00148883   0.000184946   0.00152902   0.00431974   0.00123957   0.00301092   -0.00237763   -0.0015416   -0.00223144   -1.92165e-05   -0.00117806   -6.15931e-06   -0.00225682   0.00297619   -0.00049067   -4.99291e-05   0.000749826   0.00200653   0.000402637   -0.00151255   0.00150344   -0.00567425   0.00015473   -0.000843085   -0.000236377   -0.000992929   0.00102044   0.000661603   0.0015109   -0.000384754   -0.000189237   -0.000413448   -0.00161419   -0.000175743   0.00036461   -0.00104682   0.000374224   0.000138821   -0.00707872   -0.00264813   -4.46386e-05   -0.000387451   -3.24662e-05   0.000439692   -0.00130237   -0.000612227   0.00435171   -0.00437502   -0.000510772   0.00907116   -0.00343352   -0.0166082   -5.34706e-07   0.00268755   -0.0021576   -0.00767118   -0.00915849   -0.0161513   -0.0116437   0.00424149   -0.0123214   0.0212115   0.048777   -0.027051   0.0014841   0.0138498   0.00504656   0.00045074   0.00140198   -0.00132029   -0.0717389   0.00350325   -0.00159169   -0.00613872   -0.00224946   -0.0765329   0.0023591   0.00928841   -0.00354101   -0.0710864   -0.367802   0.00433616   0.00175298   0.00221014   -0.000558607   0.00431493   0.000388354   
-0.00116504   0.0278128   1   0.10473   -0.0040904   0.0489578   -0.0160056   0.0166709   -0.0146407   0.0211688   0.0144096   -0.00448737   0.0260131   -0.00204301   -1.03209e-05   0.00888236   0.00246271   0.00139533   -0.0119517   0.00518423   0.0226526   0.00748162   -0.0190191   -0.00152296   -0.000768264   0.000900285   0.00573516   0.010136   -0.000337866   0.00599778   -0.00452375   0.00115411   -0.00330576   0.000213765   -0.00589439   0.00907448   -0.016895   -0.0247925   0.00510601   -0.00381539   0.006219   -0.049855   0.0179796   0.0295809   0.0857649   0.0295535   -0.00872458   0.00374614   -0.0116582   -0.0109253   -0.0128692   -0.00276231   -0.00442508   -0.00879666   -0.000569168   0.00661216   -0.0194898   -0.010622   -0.0116212   -0.000316385   -0.00881233   0.00211154   -0.00517653   -0.00667115   -0.0087356   -0.0226965   0.00906352   0.0104993   0.00580934   0.00764515   0.0067387   0.00353296   -0.00464969   -0.00785102   0.0111396   0.00386102   -0.00265197   0.00784257   0.0250123   0.0137015   0.0192492   -0.00702043   -0.00354527   -0.0138734   0.00638442   0.00267108   -0.00520562   -0.00475829   0.0159416   -0.00506547   0.00425519   0.00120832   0.00881805   -0.00295596   -0.00225306   0.0121406   -0.0234659   -0.00180532   -0.0122844   -0.00601021   0.00122267   -0.000129537   -0.00706027   0.00575198   -0.00143321   0.00138835   -0.0025365   -0.00190451   -0.00246466   -0.000490703   0.00367863   -0.00217885   -0.00146987   0.0177145   0.0042181   -0.0264842   0.00055854   2.76749e-05   -0.000915982   0.00414166   0.00609685   0.0030431   -0.00912965   0.00996387   0.0301129   0.0119185   -0.0164803   -6.99233e-06   -0.00436597   -0.0121538   -0.00805228   -0.015851   -0.0132058   0.0177942   -0.0280326   -0.057515   0.0302196   -0.185373   0.020543   -0.00232227   -0.0237611   0.00838171   -0.00348537   0.000979731   0.00399771   -0.0227753   -0.00689893   -0.00353246   -0.00345273   0.00737096   -0.0440394   0.00184638   -0.00546052   0.0119448   -0.0559348   -0.226435   -0.00558786   0.0403827   -0.00134863   -0.000927845   0.0257108   3.82739e-05   
0.0257485   1   0.0278128   0.078829   0.0211278   -0.00965464   0.0211106   -0.00268053   0.0100609   -0.001358   -0.00215507   0.030172   0.0341829   0.0105241   -2.75176e-05   -0.0038597   -0.000364834   0.000703128   0.016231   0.00722781   -0.0177099   -0.00479609   0.00869307   0.000377447   0.00268011   -0.00350436   -0.00465841   -0.00824132   -5.36617e-05   6.73502e-05   0.00172685   -0.000208118   0.0025907   0.000692956   0.00531236   -0.00145146   0.0134294   0.016606   -0.00337096   0.000883076   -0.00295347   0.0219955   -0.0158649   -0.0208818   -0.0413623   -0.013727   0.0138809   0.00114201   0.00999472   0.0116162   0.0131738   0.0030428   0.00483023   0.0071913   0.00153855   -0.00484533   0.0138605   0.00671657   0.00912823   -5.18535e-05   0.00685576   -0.00173578   0.00652761   0.00561707   0.00638323   0.0150079   -0.00647711   -0.00665043   -0.00550499   -0.00500417   -0.00635372   -0.00270342   0.00177249   0.00744817   -0.00749721   -0.00285977   0.00166193   -0.00527058   -0.0171061   -0.00785395   -0.0127909   0.00649714   0.00281296   0.00854897   -0.000617667   -0.00107129   0.00145961   0.00339807   -0.0128526   0.00180348   -0.00348986   -0.00275187   -0.00796483   0.000265961   0.00222432   -0.00517047   0.0183939   0.000867835   0.00786934   0.0038349   0.00105431   0.000313957   0.00424256   -0.0034477   0.00262039   0.000616052   0.00458899   0.00559632   0.000627635   0.000778705   -0.00197111   0.0036602   0.00169312   -0.011592   -0.00396441   -0.0466485   0.00409518   -2.4829e-05   0.00169153   0.00854706   -0.00805914   -0.00288914   0.0116575   0.02236   -0.0658133   0.00982931   0.0409076   3.51457e-06   -0.000482173   -0.0219666   -0.0098103   -0.0290232   -0.0226159   -0.0230159   0.0103629   0.0433452   -0.00785716   0.111637   -0.0317055   -0.000690982   0.0264693   -0.00995045   -0.0124683   -0.00380162   -0.00459297   0.0204969   0.0207067   -0.0142067   0.0137689   -0.00287036   -0.0315994   0.00539296   0.0265851   -0.00457825   -0.0337619   -0.17073   0.0127021   -0.00949132   0.00640423   0.00156485   -0.016986   0.000538164   
1   0.0257485   -0.00116504   -0.00260151   0.000310675   -0.0320958   -0.00192006   -0.00768303   0.0159469   0.0110636   0.0206096   0.0189438   0.0378913   0.0208153   -0.000274961   0.00428882   0.0070527   -0.00965621   0.00416982   -0.000319947   -0.0213817   0.00630629   0.00218796   0.00525594   0.0167907   -0.00419789   0.0193217   0.00443523   0.000745494   0.0258951   0.00446089   0.00633809   0.000371044   -0.00138478   -0.0007053   -0.0131789   0.0143662   0.0096046   -0.00540536   -0.0242564   0.00297124   -0.097446   -0.072355   -0.0675523   0.0772813   0.0652999   0.104706   0.0542408   0.0782208   0.149156   0.161774   0.0525205   0.051708   0.0179872   0.03161   -0.0186549   -0.00424214   -0.0343273   0.0283614   -0.0183182   0.0149567   -0.0211556   0.117841   0.0183624   -0.00451655   -0.0483814   -0.0106114   0.017006   -0.0657869   -0.00440617   -0.0733209   -0.0150756   -0.0634153   0.100349   -0.00725152   -0.0202527   -0.0182152   -0.00981784   -0.00674975   0.0300829   -0.0094426   0.0198005   -0.00835425   -0.0551584   0.150275   0.015238   -0.083519   0.00925904   -0.0431052   -0.0427367   0.00948056   -0.0388846   -0.0309034   -0.037342   0.0500354   0.129555   0.0825923   0.0027994   -0.0135291   0.00496735   0.0849207   0.0146492   -0.0144377   0.0371121   0.0766013   0.0782797   0.115371   0.169596   -0.00267616   -0.00397414   0.00839073   0.0432182   0.0217912   0.157567   0.00702971   0.0297103   0.121731   0.000307261   0.000396761   -0.00479541   -0.00769307   -0.00462353   -0.000847043   -0.00848465   -0.0132587   -0.0101129   0.00751995   -3.3596e-05   0.00241593   -0.000168578   -0.000530785   -0.0125162   -0.0100351   -0.252906   -0.344525   0.0992908   -0.0279228   0.0603669   0.0296182   -0.0719138   0.220176   -0.0955706   -0.419288   -0.140675   -0.0851591   0.00795509   0.0473775   -0.81451   0.285533   0.013445   0.00251104   0.000402151   0.0874319   0.0227386   0.00491506   0.0137941   0.000884389   0.00447629   0.0210572   -0.0709255   0.0381267   0.0103219   


NLL
26910047.25507

